accused_id,name,age,age_group,gender,address_district_id,address_taluk,occupation,prior_offense_count,first_offense_date,last_offense_date,risk_score,risk_score_updated_at,created_at,updated_at,created_by,updated_by
ACC-00001,Indrajit Uppal,52,46-55,MALE,42963000000035032,Mandya Taluk HQ,"Scientist, physiological",1,2024-05-10,2024-05-10,,,2026-07-15 14:36:44,2026-07-15 14:36:44,SYSTEM_SEED,SYSTEM_SEED
ACC-00002,Prakash Hegde,19,18-25,MALE,42963000000035035,Ramanagara West,"Surveyor, insurance",1,2024-09-17,2024-09-17,,,2026-07-15 14:36:44,2026-07-15 14:36:44,SYSTEM_SEED,SYSTEM_SEED
ACC-00003,Udant Prasad,44,36-45,MALE,42963000000035016,Bengaluru Urban Taluk HQ,"Nurse, adult",1,2022-05-18,2022-05-18,,,2026-07-15 14:36:44,2026-07-15 14:36:44,SYSTEM_SEED,SYSTEM_SEED
ACC-00004,Prakash Poojary,32,26-35,MALE,42963000000035023,Davanagere Rural,"Psychologist, educational",2,2023-11-29,2023-12-30,,,2026-07-15 14:36:44,2026-07-15 14:36:44,SYSTEM_SEED,SYSTEM_SEED
ACC-00005,Orinder Bakshi,42,36-45,MALE,42963000000035032,Mandya Taluk HQ,Radiation protection practitioner,1,2023-05-29,2023-05-29,,,2026-07-15 14:36:44,2026-07-15 14:36:44,SYSTEM_SEED,SYSTEM_SEED
ACC-00006,Gangamma Shetty,49,46-55,FEMALE,42963000000035016,Bengaluru Urban South,Civil Service fast streamer,2,2022-05-09,2023-12-11,,,2026-07-15 14:36:44,2026-07-15 14:36:44,SYSTEM_SEED,SYSTEM_SEED
ACC-00007,Gopalakrishna Gowda,22,18-25,MALE,42963000000035029,Kodagu West,Hotel manager,1,2023-01-25,2023-01-25,,,2026-07-15 14:36:44,2026-07-15 14:36:44,SYSTEM_SEED,SYSTEM_SEED
ACC-00008,Chaman D’Alia,27,26-35,FEMALE,42963000000035016,Bengaluru Urban West,Curator,1,2024-12-03,2024-12-03,,,2026-07-15 14:36:44,2026-07-15 14:36:44,SYSTEM_SEED,SYSTEM_SEED
ACC-00009,Prakash Achar,29,26-35,MALE,42963000000035032,Mandya South,Magazine features editor,1,2025-07-29,2025-07-29,,,2026-07-15 14:36:44,2026-07-15 14:36:44,SYSTEM_SEED,SYSTEM_SEED
ACC-00010,Sureshgowda Nayak,40,36-45,MALE,42963000000035037,Tumakuru South,Insurance underwriter,1,2023-12-13,2023-12-13,,,2026-07-15 14:36:44,2026-07-15 14:36:44,SYSTEM_SEED,SYSTEM_SEED
ACC-00011,Vasatika Jhaveri,34,26-35,FEMALE,42963000000035035,Ramanagara Taluk HQ,"Scientist, research (life sciences)",1,2025-10-24,2025-10-24,,,2026-07-15 14:36:44,2026-07-15 14:36:44,SYSTEM_SEED,SYSTEM_SEED
ACC-00012,Owen Soni,18,18-25,MALE,42963000000035037,Tumakuru Rural,Chief Strategy Officer,1,2023-04-11,2023-04-11,,,2026-07-15 14:36:44,2026-07-15 14:36:44,SYSTEM_SEED,SYSTEM_SEED
ACC-00013,Sunandamma Kulkarni,27,26-35,FEMALE,42963000000035021,Chitradurga Taluk HQ,Primary school teacher,1,2023-12-04,2023-12-04,,,2026-07-15 14:36:44,2026-07-15 14:36:44,SYSTEM_SEED,SYSTEM_SEED
ACC-00014,Odika Bhavsar,25,18-25,FEMALE,42963000000035027,Haveri South,Hydrologist,1,2025-09-23,2025-09-23,,,2026-07-15 14:36:44,2026-07-15 14:36:44,SYSTEM_SEED,SYSTEM_SEED
ACC-00015,Dakshesh Bajaj,27,26-35,MALE,42963000000035015,Bengaluru Rural North,Lobbyist,1,2024-10-28,2024-10-28,,,2026-07-15 14:36:44,2026-07-15 14:36:44,SYSTEM_SEED,SYSTEM_SEED
ACC-00016,Fitan Kohli,42,36-45,MALE,42963000000035022,Dakshina Kannada East,"Scientist, clinical (histocompatibility and immunogenetics)",2,2022-03-23,2022-09-02,,,2026-07-15 14:36:44,2026-07-15 14:36:44,SYSTEM_SEED,SYSTEM_SEED
ACC-00017,Fariq Narayanan,62,56-65,MALE,42963000000035041,Yadgir Rural,"Surveyor, minerals",1,2025-04-23,2025-04-23,,,2026-07-15 14:36:44,2026-07-15 14:36:44,SYSTEM_SEED,SYSTEM_SEED
ACC-00018,Vihaan Kata,39,36-45,MALE,42963000000035016,Bengaluru Urban North,Ophthalmologist,1,2023-07-09,2023-07-09,,,2026-07-15 14:36:44,2026-07-15 14:36:44,SYSTEM_SEED,SYSTEM_SEED
ACC-00019,Girik Sankaran,42,36-45,MALE,42963000000035023,Davanagere West,Occupational hygienist,1,2021-07-19,2021-07-19,,,2026-07-15 14:36:44,2026-07-15 14:36:44,SYSTEM_SEED,SYSTEM_SEED
ACC-00020,Hardik Sengupta,49,46-55,MALE,42963000000035026,Hassan East,"Therapist, drama",1,2023-06-18,2023-06-18,,,2026-07-15 14:36:44,2026-07-15 14:36:44,SYSTEM_SEED,SYSTEM_SEED
ACC-00021,Saumya Agrawal,23,18-25,FEMALE,42963000000035028,Kalaburagi West,"Engineer, site",2,2021-11-17,2023-10-31,,,2026-07-15 14:36:44,2026-07-15 14:36:44,SYSTEM_SEED,SYSTEM_SEED
ACC-00022,Gopalakrishna Poojary,62,56-65,MALE,42963000000035035,Ramanagara South,"Engineer, land",1,2021-10-08,2021-10-08,,,2026-07-15 14:36:44,2026-07-15 14:36:44,SYSTEM_SEED,SYSTEM_SEED
ACC-00023,Bhavika Chaudry,18,18-25,FEMALE,42963000000035017,Bidar South,Software engineer,1,2023-11-24,2023-11-24,,,2026-07-15 14:36:44,2026-07-15 14:36:44,SYSTEM_SEED,SYSTEM_SEED
ACC-00024,Harish Gowda,53,46-55,MALE,42963000000035024,Dharwad South,"Embryologist, clinical",1,2024-04-10,2024-04-10,,,2026-07-15 14:36:44,2026-07-15 14:36:44,SYSTEM_SEED,SYSTEM_SEED
ACC-00025,Nicholas Hegde,41,36-45,MALE,42963000000035036,Shivamogga North,"Programmer, systems",1,2025-09-27,2025-09-27,,,2026-07-15 14:36:44,2026-07-15 14:36:44,SYSTEM_SEED,SYSTEM_SEED
ACC-00026,Karan Suri,36,36-45,MALE,42963000000035024,Dharwad West,"Secretary, company",1,2025-03-23,2025-03-23,,,2026-07-15 14:36:44,2026-07-15 14:36:44,SYSTEM_SEED,SYSTEM_SEED
ACC-00027,Rishi Ramanathan,44,36-45,MALE,42963000000035018,Chamarajanagar Taluk HQ,Theatre manager,1,2025-08-18,2025-08-18,,,2026-07-15 14:36:44,2026-07-15 14:36:44,SYSTEM_SEED,SYSTEM_SEED
ACC-00028,Owen Pandey,65,56-65,MALE,42963000000035016,Bengaluru Urban Rural,"Programmer, systems",1,2022-12-01,2022-12-01,,,2026-07-15 14:36:44,2026-07-15 14:36:44,SYSTEM_SEED,SYSTEM_SEED
ACC-00029,Shivakumar Rai,27,26-35,MALE,42963000000035022,Dakshina Kannada Taluk HQ,Waste management officer,1,2022-12-29,2022-12-29,,,2026-07-15 14:36:44,2026-07-15 14:36:44,SYSTEM_SEED,SYSTEM_SEED
ACC-00030,Neha Chad,62,56-65,FEMALE,42963000000035015,Bengaluru Rural East,Contractor,1,2023-09-22,2023-09-22,,,2026-07-15 14:36:44,2026-07-15 14:36:44,SYSTEM_SEED,SYSTEM_SEED
ACC-00031,Raghavendra Naik,56,56-65,MALE,42963000000035037,Tumakuru Taluk HQ,Intelligence analyst,2,2021-03-08,2025-10-18,,,2026-07-15 14:36:44,2026-07-15 14:36:44,SYSTEM_SEED,SYSTEM_SEED
ACC-00032,Jagdish Mody,33,26-35,MALE,42963000000035014,Belagavi East,Commercial horticulturist,1,2021-09-24,2021-09-24,,,2026-07-15 14:36:44,2026-07-15 14:36:44,SYSTEM_SEED,SYSTEM_SEED
ACC-00033,Rachit Dhaliwal,27,26-35,MALE,42963000000035033,Mysuru North,Sales promotion account executive,1,2022-07-15,2022-07-15,,,2026-07-15 14:36:44,2026-07-15 14:36:44,SYSTEM_SEED,SYSTEM_SEED
ACC-00034,Ubika Devi,65,56-65,FEMALE,42963000000035025,Gadag East,"Teacher, special educational needs",1,2024-07-10,2024-07-10,,,2026-07-15 14:36:44,2026-07-15 14:36:44,SYSTEM_SEED,SYSTEM_SEED
ACC-00035,Siddharth Grewal,44,36-45,MALE,42963000000035033,Mysuru Rural,"Radiographer, therapeutic",1,2025-09-26,2025-09-26,,,2026-07-15 14:36:44,2026-07-15 14:36:44,SYSTEM_SEED,SYSTEM_SEED
ACC-00036,Chandrashekar Nayak,62,56-65,MALE,42963000000035012,Bagalkot Taluk HQ,Soil scientist,1,2021-10-14,2021-10-14,,,2026-07-15 14:36:44,2026-07-15 14:36:44,SYSTEM_SEED,SYSTEM_SEED
ACC-00037,Fiyaz Suri,56,56-65,MALE,42963000000035033,Mysuru Taluk HQ,Homeopath,2,2023-03-28,2024-08-13,,,2026-07-15 14:36:44,2026-07-15 14:36:44,SYSTEM_SEED,SYSTEM_SEED
ACC-00038,Idika Murty,43,36-45,FEMALE,42963000000035036,Shivamogga East,"Production designer, theatre/television/film",2,2022-11-19,2025-07-01,,,2026-07-15 14:36:44,2026-07-15 14:36:44,SYSTEM_SEED,SYSTEM_SEED
ACC-00039,Yashodamma Bhat,53,46-55,FEMALE,42963000000035033,Mysuru South,Water quality scientist,1,2025-10-15,2025-10-15,,,2026-07-15 14:36:44,2026-07-15 14:36:44,SYSTEM_SEED,SYSTEM_SEED
ACC-00040,Praneel Andra,63,56-65,MALE,42963000000035018,Chamarajanagar South,Radio producer,2,2025-08-28,2025-12-31,,,2026-07-15 14:36:44,2026-07-15 14:36:44,SYSTEM_SEED,SYSTEM_SEED
ACC-00041,Gunbir Rajagopalan,23,18-25,MALE,42963000000035025,Gadag North,"Surveyor, planning and development",1,2025-05-20,2025-05-20,,,2026-07-15 14:36:44,2026-07-15 14:36:44,SYSTEM_SEED,SYSTEM_SEED
ACC-00042,Tara Swamy,65,56-65,FEMALE,42963000000035017,Bidar North,Pathologist,1,2025-08-07,2025-08-07,,,2026-07-15 14:36:44,2026-07-15 14:36:44,SYSTEM_SEED,SYSTEM_SEED
ACC-00043,Yash Ganesh,43,36-45,MALE,42963000000035016,Bengaluru Urban West,Charity fundraiser,2,2021-10-13,2025-11-11,,,2026-07-15 14:36:44,2026-07-15 14:36:44,SYSTEM_SEED,SYSTEM_SEED
ACC-00044,Imaran Master,56,56-65,MALE,42963000000035036,Shivamogga East,Amenity horticulturist,2,2021-12-20,2024-09-10,,,2026-07-15 14:36:44,2026-07-15 14:36:44,SYSTEM_SEED,SYSTEM_SEED
ACC-00045,Jeevika Yogi,48,46-55,FEMALE,42963000000035021,Chitradurga East,Homeopath,1,2024-05-15,2024-05-15,,,2026-07-15 14:36:44,2026-07-15 14:36:44,SYSTEM_SEED,SYSTEM_SEED
ACC-00046,Shivakumar Poojary,28,26-35,MALE,42963000000035014,Belagavi South,Dispensing optician,2,2023-03-22,2023-05-29,,,2026-07-15 14:36:44,2026-07-15 14:36:44,SYSTEM_SEED,SYSTEM_SEED
ACC-00047,Puttaswamy Gowda,24,18-25,MALE,42963000000035015,Bengaluru Rural North,"Programmer, systems",1,2023-07-14,2023-07-14,,,2026-07-15 14:36:44,2026-07-15 14:36:44,SYSTEM_SEED,SYSTEM_SEED
ACC-00048,Lakshmamma Achar,36,36-45,FEMALE,42963000000035016,Bengaluru Urban Taluk HQ,Systems developer,1,2025-12-30,2025-12-30,,,2026-07-15 14:36:44,2026-07-15 14:36:44,SYSTEM_SEED,SYSTEM_SEED
ACC-00049,Chandrashekar Poojary,37,36-45,MALE,42963000000035017,Bidar South,Research scientist (life sciences),2,2021-03-07,2025-11-20,,,2026-07-15 14:36:44,2026-07-15 14:36:44,SYSTEM_SEED,SYSTEM_SEED
ACC-00050,Deepa Loyal,23,18-25,FEMALE,42963000000035042,Vijayanagara West,Speech and language therapist,1,2022-11-05,2022-11-05,,,2026-07-15 14:36:44,2026-07-15 14:36:44,SYSTEM_SEED,SYSTEM_SEED
ACC-00051,Prakash Gowda,48,46-55,MALE,42963000000035013,Ballari South,Medical technical officer,1,2023-01-28,2023-01-28,,,2026-07-15 14:36:44,2026-07-15 14:36:44,SYSTEM_SEED,SYSTEM_SEED
ACC-00052,Thomas Kamdar,36,36-45,MALE,42963000000035041,Yadgir South,"Physicist, medical",1,2024-02-29,2024-02-29,,,2026-07-15 14:36:44,2026-07-15 14:36:44,SYSTEM_SEED,SYSTEM_SEED
ACC-00053,Jatin Mishra,43,36-45,MALE,42963000000035033,Mysuru Rural,Amenity horticulturist,2,2021-05-11,2022-01-19,,,2026-07-15 14:36:44,2026-07-15 14:36:44,SYSTEM_SEED,SYSTEM_SEED
ACC-00054,Karan Pall,61,56-65,MALE,42963000000035015,Bengaluru Rural Rural,Chartered loss adjuster,1,2025-11-20,2025-11-20,,,2026-07-15 14:36:44,2026-07-15 14:36:44,SYSTEM_SEED,SYSTEM_SEED
ACC-00055,Dhriti Khalsa,50,46-55,FEMALE,42963000000035015,Bengaluru Rural North,"Engineer, manufacturing systems",2,2022-07-08,2024-02-16,,,2026-07-15 14:36:44,2026-07-15 14:36:44,SYSTEM_SEED,SYSTEM_SEED
ACC-00056,Yashodamma Kulkarni,19,18-25,FEMALE,42963000000035028,Kalaburagi Taluk HQ,Theatre stage manager,1,2024-05-18,2024-05-18,,,2026-07-15 14:36:44,2026-07-15 14:36:44,SYSTEM_SEED,SYSTEM_SEED
ACC-00057,Upadhriti Gandhi,36,36-45,FEMALE,42963000000035016,Bengaluru Urban Taluk HQ,Warden/ranger,1,2023-08-28,2023-08-28,,,2026-07-15 14:36:44,2026-07-15 14:36:44,SYSTEM_SEED,SYSTEM_SEED
ACC-00058,Ishanvi Jhaveri,58,56-65,FEMALE,42963000000035015,Bengaluru Rural North,Barrister's clerk,1,2024-01-16,2024-01-16,,,2026-07-15 14:36:44,2026-07-15 14:36:44,SYSTEM_SEED,SYSTEM_SEED
ACC-00059,Logan Yohannan,61,56-65,MALE,42963000000035030,Kolar North,Dispensing optician,1,2021-02-10,2021-02-10,,,2026-07-15 14:36:44,2026-07-15 14:36:44,SYSTEM_SEED,SYSTEM_SEED
ACC-00060,Mugdha Mann,50,46-55,FEMALE,42963000000035025,Gadag Rural,"Teacher, primary school",1,2023-08-16,2023-08-16,,,2026-07-15 14:36:44,2026-07-15 14:36:44,SYSTEM_SEED,SYSTEM_SEED
ACC-00061,Jagadish Rai,51,46-55,MALE,42963000000035040,Vijayapura South,"Geologist, engineering",1,2023-12-08,2023-12-08,,,2026-07-15 14:36:44,2026-07-15 14:36:44,SYSTEM_SEED,SYSTEM_SEED
ACC-00062,Ekansh Sabharwal,41,36-45,MALE,42963000000035029,Kodagu Taluk HQ,Barrister's clerk,1,2022-09-03,2022-09-03,,,2026-07-15 14:36:44,2026-07-15 14:36:44,SYSTEM_SEED,SYSTEM_SEED
ACC-00063,Lokesh Achar,63,56-65,MALE,42963000000035033,Mysuru West,Health and safety inspector,1,2022-08-29,2022-08-29,,,2026-07-15 14:36:44,2026-07-15 14:36:44,SYSTEM_SEED,SYSTEM_SEED
ACC-00064,Dominic Krish,22,18-25,MALE,42963000000035041,Yadgir East,Dancer,1,2021-09-20,2021-09-20,,,2026-07-15 14:36:44,2026-07-15 14:36:44,SYSTEM_SEED,SYSTEM_SEED
ACC-00065,Prakash Bhat,24,18-25,MALE,42963000000035035,Ramanagara Taluk HQ,IT technical support officer,1,2022-03-19,2022-03-19,,,2026-07-15 14:36:44,2026-07-15 14:36:44,SYSTEM_SEED,SYSTEM_SEED
ACC-00066,Prakash Naik,49,46-55,MALE,42963000000035015,Bengaluru Rural Taluk HQ,Firefighter,1,2024-05-21,2024-05-21,,,2026-07-15 14:36:44,2026-07-15 14:36:44,SYSTEM_SEED,SYSTEM_SEED
ACC-00067,Gopalakrishna Naik,35,26-35,MALE,42963000000035027,Haveri Rural,"Nurse, learning disability",1,2023-09-24,2023-09-24,,,2026-07-15 14:36:44,2026-07-15 14:36:44,SYSTEM_SEED,SYSTEM_SEED
ACC-00068,Ekta Luthra,47,46-55,FEMALE,42963000000035018,Chamarajanagar South,Patent examiner,1,2024-09-11,2024-09-11,,,2026-07-15 14:36:44,2026-07-15 14:36:44,SYSTEM_SEED,SYSTEM_SEED
ACC-00069,Harish Achar,46,46-55,MALE,42963000000035030,Kolar East,Mining engineer,1,2022-03-27,2022-03-27,,,2026-07-15 14:36:44,2026-07-15 14:36:44,SYSTEM_SEED,SYSTEM_SEED
ACC-00070,Shivakumar Kulkarni,20,18-25,MALE,42963000000035022,Dakshina Kannada West,Production engineer,1,2024-08-19,2024-08-19,,,2026-07-15 14:36:44,2026-07-15 14:36:44,SYSTEM_SEED,SYSTEM_SEED
ACC-00071,Girijamma Rai,61,56-65,FEMALE,42963000000035016,Bengaluru Urban South,Call centre manager,1,2021-09-27,2021-09-27,,,2026-07-15 14:36:44,2026-07-15 14:36:44,SYSTEM_SEED,SYSTEM_SEED
ACC-00072,Saksham Varma,23,18-25,MALE,42963000000035032,Mandya South,Health physicist,2,2025-04-27,2025-08-21,,,2026-07-15 14:36:44,2026-07-15 14:36:44,SYSTEM_SEED,SYSTEM_SEED
ACC-00073,Utkarsh Sura,61,56-65,MALE,42963000000035013,Ballari Taluk HQ,Land,1,2025-06-08,2025-06-08,,,2026-07-15 14:36:44,2026-07-15 14:36:44,SYSTEM_SEED,SYSTEM_SEED
ACC-00074,Chakradhar Shanker,65,56-65,MALE,42963000000035034,Raichur West,Materials engineer,2,2024-02-10,2025-11-28,,,2026-07-15 14:36:44,2026-07-15 14:36:44,SYSTEM_SEED,SYSTEM_SEED
ACC-00075,Savitramma Naik,18,18-25,FEMALE,42963000000035016,Bengaluru Urban West,Biomedical scientist,1,2022-06-01,2022-06-01,,,2026-07-15 14:36:44,2026-07-15 14:36:44,SYSTEM_SEED,SYSTEM_SEED
ACC-00076,Sujathamma Nayak,43,36-45,FEMALE,42963000000035037,Tumakuru Taluk HQ,Social researcher,1,2022-08-03,2022-08-03,,,2026-07-15 14:36:44,2026-07-15 14:36:44,SYSTEM_SEED,SYSTEM_SEED
ACC-00077,Ikbal Sanghvi,40,36-45,MALE,42963000000035024,Dharwad East,"Engineer, mining",1,2022-01-05,2022-01-05,,,2026-07-15 14:36:44,2026-07-15 14:36:44,SYSTEM_SEED,SYSTEM_SEED
ACC-00078,Lipika Naidu,24,18-25,FEMALE,42963000000035014,Belagavi East,Herpetologist,1,2023-11-11,2023-11-11,,,2026-07-15 14:36:44,2026-07-15 14:36:44,SYSTEM_SEED,SYSTEM_SEED
ACC-00079,Puttaswamy Rai,45,36-45,MALE,42963000000035017,Bidar West,Leisure centre manager,2,2023-10-31,2025-06-20,,,2026-07-15 14:36:44,2026-07-15 14:36:44,SYSTEM_SEED,SYSTEM_SEED
ACC-00080,Xavier Oza,49,46-55,MALE,42963000000035017,Bidar Taluk HQ,Art therapist,1,2021-03-19,2021-03-19,,,2026-07-15 14:36:44,2026-07-15 14:36:44,SYSTEM_SEED,SYSTEM_SEED
ACC-00081,Chandran Sharaf,35,26-35,MALE,42963000000035024,Dharwad East,"Administrator, sports",1,2023-04-19,2023-04-19,,,2026-07-15 14:36:44,2026-07-15 14:36:44,SYSTEM_SEED,SYSTEM_SEED
ACC-00082,Chandrashekar Achar,27,26-35,MALE,42963000000035030,Kolar East,Company secretary,2,2023-08-15,2024-02-29,,,2026-07-15 14:36:44,2026-07-15 14:36:44,SYSTEM_SEED,SYSTEM_SEED
ACC-00083,Shivakumar Devadiga,21,18-25,MALE,42963000000035040,Vijayapura North,"Designer, industrial/product",2,2021-05-27,2023-09-21,,,2026-07-15 14:36:44,2026-07-15 14:36:44,SYSTEM_SEED,SYSTEM_SEED
ACC-00084,Shivakumar Shetty,21,18-25,MALE,42963000000035017,Bidar South,Prison officer,1,2023-06-30,2023-06-30,,,2026-07-15 14:36:44,2026-07-15 14:36:44,SYSTEM_SEED,SYSTEM_SEED
ACC-00085,Nagaraj Reddy,58,56-65,MALE,42963000000035016,Bengaluru Urban Taluk HQ,"Programmer, multimedia",1,2023-04-17,2023-04-17,,,2026-07-15 14:36:44,2026-07-15 14:36:44,SYSTEM_SEED,SYSTEM_SEED
ACC-00086,Upadhriti Jain,37,36-45,FEMALE,42963000000035037,Tumakuru East,Consulting civil engineer,1,2021-09-04,2021-09-04,,,2026-07-15 14:36:44,2026-07-15 14:36:44,SYSTEM_SEED,SYSTEM_SEED
ACC-00087,Fariq Mahal,51,46-55,MALE,42963000000035017,Bidar North,Chief Financial Officer,1,2021-07-28,2021-07-28,,,2026-07-15 14:36:44,2026-07-15 14:36:44,SYSTEM_SEED,SYSTEM_SEED
ACC-00088,Jeremiah Butala,21,18-25,MALE,42963000000035015,Bengaluru Rural South,Meteorologist,1,2025-06-24,2025-06-24,,,2026-07-15 14:36:44,2026-07-15 14:36:44,SYSTEM_SEED,SYSTEM_SEED
ACC-00089,Shivakumar Devadiga,37,36-45,MALE,42963000000035016,Bengaluru Urban East,Diagnostic radiographer,1,2025-03-08,2025-03-08,,,2026-07-15 14:36:44,2026-07-15 14:36:44,SYSTEM_SEED,SYSTEM_SEED
ACC-00090,Shanthakumari Rai,52,46-55,FEMALE,42963000000035032,Mandya Rural,Associate Professor,1,2021-12-17,2021-12-17,,,2026-07-15 14:36:44,2026-07-15 14:36:44,SYSTEM_SEED,SYSTEM_SEED
ACC-00091,Channabasappa Poojary,54,46-55,MALE,42963000000035022,Dakshina Kannada Taluk HQ,Occupational hygienist,1,2025-07-16,2025-07-16,,,2026-07-15 14:36:44,2026-07-15 14:36:44,SYSTEM_SEED,SYSTEM_SEED
ACC-00092,Jackson Sanghvi,64,56-65,MALE,42963000000035031,Koppal South,"Chemist, analytical",1,2023-04-19,2023-04-19,,,2026-07-15 14:36:44,2026-07-15 14:36:44,SYSTEM_SEED,SYSTEM_SEED
ACC-00093,Aadi Kala,60,56-65,MALE,42963000000035042,Vijayanagara Rural,Publishing rights manager,1,2023-11-21,2023-11-21,,,2026-07-15 14:36:44,2026-07-15 14:36:44,SYSTEM_SEED,SYSTEM_SEED
ACC-00094,Siddalingaiah Naik,65,56-65,MALE,42963000000035033,Mysuru East,Careers adviser,1,2025-01-19,2025-01-19,,,2026-07-15 14:36:44,2026-07-15 14:36:44,SYSTEM_SEED,SYSTEM_SEED
ACC-00095,Jeevika Venkataraman,38,36-45,FEMALE,42963000000035016,Bengaluru Urban East,"Producer, television/film/video",1,2023-08-17,2023-08-17,,,2026-07-15 14:36:44,2026-07-15 14:36:44,SYSTEM_SEED,SYSTEM_SEED
ACC-00096,Sujathamma Kulkarni,34,26-35,FEMALE,42963000000035025,Gadag North,Acupuncturist,1,2024-06-27,2024-06-27,,,2026-07-15 14:36:44,2026-07-15 14:36:44,SYSTEM_SEED,SYSTEM_SEED
ACC-00097,Onveer Dara,58,56-65,MALE,42963000000035024,Dharwad Taluk HQ,"Pharmacist, hospital",1,2022-07-21,2022-07-21,,,2026-07-15 14:36:44,2026-07-15 14:36:44,SYSTEM_SEED,SYSTEM_SEED
ACC-00098,William Bobal,20,18-25,MALE,42963000000035017,Bidar East,Estate manager/land agent,1,2023-10-02,2023-10-02,,,2026-07-15 14:36:44,2026-07-15 14:36:44,SYSTEM_SEED,SYSTEM_SEED
ACC-00099,Ravindranath Poojary,62,56-65,MALE,42963000000035026,Hassan South,Music therapist,2,2021-09-02,2021-12-13,,,2026-07-15 14:36:44,2026-07-15 14:36:44,SYSTEM_SEED,SYSTEM_SEED
ACC-00100,Charan Chauhan,31,26-35,MALE,42963000000035041,Yadgir West,Intelligence analyst,1,2022-08-18,2022-08-18,,,2026-07-15 14:36:44,2026-07-15 14:36:44,SYSTEM_SEED,SYSTEM_SEED
ACC-00101,Prakash Shetty,18,18-25,MALE,42963000000035022,Dakshina Kannada West,Mental health nurse,1,2025-07-10,2025-07-10,,,2026-07-15 14:36:44,2026-07-15 14:36:44,SYSTEM_SEED,SYSTEM_SEED
ACC-00102,Ekapad Raja,25,18-25,MALE,42963000000035032,Mandya East,Contracting civil engineer,1,2023-03-31,2023-03-31,,,2026-07-15 14:36:44,2026-07-15 14:36:44,SYSTEM_SEED,SYSTEM_SEED
ACC-00103,Vasanthamma Reddy,44,36-45,FEMALE,42963000000035023,Davanagere West,Customer service manager,1,2025-10-21,2025-10-21,,,2026-07-15 14:36:44,2026-07-15 14:36:44,SYSTEM_SEED,SYSTEM_SEED
ACC-00104,Shanthakumari Rai,39,36-45,FEMALE,42963000000035016,Bengaluru Urban North,Broadcast presenter,1,2021-01-03,2021-01-03,,,2026-07-15 14:36:44,2026-07-15 14:36:44,SYSTEM_SEED,SYSTEM_SEED
ACC-00105,Gayathri Sarraf,53,46-55,FEMALE,42963000000035028,Kalaburagi East,Make,1,2025-08-15,2025-08-15,,,2026-07-15 14:36:44,2026-07-15 14:36:44,SYSTEM_SEED,SYSTEM_SEED
ACC-00106,Faqid Sabharwal,36,36-45,MALE,42963000000035036,Shivamogga East,Warden/ranger,1,2025-02-01,2025-02-01,,,2026-07-15 14:36:44,2026-07-15 14:36:44,SYSTEM_SEED,SYSTEM_SEED
ACC-00107,Ikbal Chadha,58,56-65,MALE,42963000000035019,Chikballapur Taluk HQ,Chiropodist,1,2025-02-09,2025-02-09,,,2026-07-15 14:36:44,2026-07-15 14:36:44,SYSTEM_SEED,SYSTEM_SEED
ACC-00108,Akkamahadevi Achar,23,18-25,FEMALE,42963000000035035,Ramanagara East,Counselling psychologist,1,2023-09-11,2023-09-11,,,2026-07-15 14:36:44,2026-07-15 14:36:44,SYSTEM_SEED,SYSTEM_SEED
ACC-00109,Rehaan Panchal,24,18-25,MALE,42963000000035024,Dharwad West,"Pilot, airline",2,2023-09-05,2025-12-20,,,2026-07-15 14:36:44,2026-07-15 14:36:44,SYSTEM_SEED,SYSTEM_SEED
ACC-00110,Ekaraj Kota,24,18-25,MALE,42963000000035030,Kolar Taluk HQ,Health and safety inspector,1,2025-02-17,2025-02-17,,,2026-07-15 14:36:44,2026-07-15 14:36:44,SYSTEM_SEED,SYSTEM_SEED
ACC-00111,Jeet Mane,60,56-65,MALE,42963000000035020,Chikkamagaluru North,Aid worker,1,2023-12-13,2023-12-13,,,2026-07-15 14:36:44,2026-07-15 14:36:44,SYSTEM_SEED,SYSTEM_SEED
ACC-00112,Sureshgowda Hegde,47,46-55,MALE,42963000000035026,Hassan South,Illustrator,1,2023-08-22,2023-08-22,,,2026-07-15 14:36:44,2026-07-15 14:36:44,SYSTEM_SEED,SYSTEM_SEED
ACC-00113,Yochana Upadhyay,47,46-55,FEMALE,42963000000035023,Davanagere Rural,Energy engineer,2,2023-08-17,2024-10-27,,,2026-07-15 14:36:44,2026-07-15 14:36:44,SYSTEM_SEED,SYSTEM_SEED
ACC-00114,Neelima Bhagat,65,56-65,FEMALE,42963000000035022,Dakshina Kannada North,Film/video editor,1,2024-10-30,2024-10-30,,,2026-07-15 14:36:44,2026-07-15 14:36:44,SYSTEM_SEED,SYSTEM_SEED
ACC-00115,Sanya Chowdhury,50,46-55,FEMALE,42963000000035019,Chikballapur South,Financial adviser,1,2022-01-01,2022-01-01,,,2026-07-15 14:36:44,2026-07-15 14:36:44,SYSTEM_SEED,SYSTEM_SEED
ACC-00116,Bimala Wable,37,36-45,FEMALE,42963000000035036,Shivamogga East,"Administrator, charities/voluntary organisations",1,2025-10-18,2025-10-18,,,2026-07-15 14:36:44,2026-07-15 14:36:44,SYSTEM_SEED,SYSTEM_SEED
ACC-00117,Nathan Deo,61,56-65,MALE,42963000000035018,Chamarajanagar East,Naval architect,1,2025-10-03,2025-10-03,,,2026-07-15 14:36:44,2026-07-15 14:36:44,SYSTEM_SEED,SYSTEM_SEED
ACC-00118,Raghavendra Kulkarni,20,18-25,MALE,42963000000035012,Bagalkot West,"Teacher, adult education",1,2022-05-21,2022-05-21,,,2026-07-15 14:36:44,2026-07-15 14:36:44,SYSTEM_SEED,SYSTEM_SEED
ACC-00119,Yashodamma Reddy,65,56-65,FEMALE,42963000000035028,Kalaburagi North,Petroleum engineer,1,2022-02-03,2022-02-03,,,2026-07-15 14:36:44,2026-07-15 14:36:44,SYSTEM_SEED,SYSTEM_SEED
ACC-00120,Ravindranath Kulkarni,53,46-55,MALE,42963000000035041,Yadgir Taluk HQ,Medical secretary,2,2024-12-07,2025-03-21,,,2026-07-15 14:36:44,2026-07-15 14:36:44,SYSTEM_SEED,SYSTEM_SEED
ACC-00121,Vrishti Bora,54,46-55,FEMALE,42963000000035023,Davanagere East,Adult guidance worker,1,2023-11-30,2023-11-30,,,2026-07-15 14:36:44,2026-07-15 14:36:44,SYSTEM_SEED,SYSTEM_SEED
ACC-00122,Advika Lala,64,56-65,FEMALE,42963000000035016,Bengaluru Urban West,"Engineer, structural",1,2024-02-03,2024-02-03,,,2026-07-15 14:36:44,2026-07-15 14:36:44,SYSTEM_SEED,SYSTEM_SEED
ACC-00123,Jagadish Bhat,28,26-35,MALE,42963000000035024,Dharwad Taluk HQ,Archaeologist,1,2021-11-16,2021-11-16,,,2026-07-15 14:36:44,2026-07-15 14:36:44,SYSTEM_SEED,SYSTEM_SEED
ACC-00124,Nagaveni Kulkarni,58,56-65,FEMALE,42963000000035027,Haveri West,Best boy,1,2022-07-18,2022-07-18,,,2026-07-15 14:36:44,2026-07-15 14:36:44,SYSTEM_SEED,SYSTEM_SEED
ACC-00125,Gopalakrishna Gowda,28,26-35,MALE,42963000000035040,Vijayapura East,Occupational therapist,1,2021-11-12,2021-11-12,,,2026-07-15 14:36:44,2026-07-15 14:36:44,SYSTEM_SEED,SYSTEM_SEED
ACC-00126,Zashil Sagar,18,18-25,MALE,42963000000035029,Kodagu Taluk HQ,Pharmacologist,1,2023-08-17,2023-08-17,,,2026-07-15 14:36:44,2026-07-15 14:36:44,SYSTEM_SEED,SYSTEM_SEED
ACC-00127,Benjamin Yadav,57,56-65,MALE,42963000000035033,Mysuru Taluk HQ,Soil scientist,1,2022-01-19,2022-01-19,,,2026-07-15 14:36:44,2026-07-15 14:36:44,SYSTEM_SEED,SYSTEM_SEED
ACC-00128,Liam Chacko,54,46-55,MALE,42963000000035022,Dakshina Kannada North,Insurance claims handler,1,2025-01-01,2025-01-01,,,2026-07-15 14:36:44,2026-07-15 14:36:44,SYSTEM_SEED,SYSTEM_SEED
ACC-00129,Harsh Dugal,47,46-55,MALE,42963000000035030,Kolar North,Software engineer,1,2025-07-22,2025-07-22,,,2026-07-15 14:36:44,2026-07-15 14:36:44,SYSTEM_SEED,SYSTEM_SEED
ACC-00130,Lokesh Bhat,33,26-35,MALE,42963000000035030,Kolar North,"Journalist, newspaper",1,2023-12-20,2023-12-20,,,2026-07-15 14:36:44,2026-07-15 14:36:44,SYSTEM_SEED,SYSTEM_SEED
ACC-00131,Bhavini Mukherjee,64,56-65,FEMALE,42963000000035034,Raichur South,Press sub,1,2025-03-13,2025-03-13,,,2026-07-15 14:36:44,2026-07-15 14:36:44,SYSTEM_SEED,SYSTEM_SEED
ACC-00132,Jagadish Nayak,60,56-65,MALE,42963000000035014,Belagavi Taluk HQ,Field trials officer,2,2024-10-15,2025-08-11,,,2026-07-15 14:36:44,2026-07-15 14:36:44,SYSTEM_SEED,SYSTEM_SEED
ACC-00133,Jason Chadha,58,56-65,MALE,42963000000035042,Vijayanagara Taluk HQ,Politician's assistant,1,2024-01-08,2024-01-08,,,2026-07-15 14:36:44,2026-07-15 14:36:44,SYSTEM_SEED,SYSTEM_SEED
ACC-00134,Jagadish Shetty,47,46-55,MALE,42963000000035040,Vijayapura South,Commercial art gallery manager,1,2025-11-01,2025-11-01,,,2026-07-15 14:36:44,2026-07-15 14:36:44,SYSTEM_SEED,SYSTEM_SEED
ACC-00135,Ayaan More,29,26-35,MALE,42963000000035015,Bengaluru Rural South,Economist,1,2021-12-19,2021-12-19,,,2026-07-15 14:36:44,2026-07-15 14:36:44,SYSTEM_SEED,SYSTEM_SEED
ACC-00136,Abha Devan,31,26-35,FEMALE,42963000000035022,Dakshina Kannada Taluk HQ,"Administrator, arts",1,2022-08-14,2022-08-14,,,2026-07-15 14:36:44,2026-07-15 14:36:44,SYSTEM_SEED,SYSTEM_SEED
ACC-00137,Yuvraj Palan,44,36-45,MALE,42963000000035014,Belagavi Taluk HQ,"Scientist, research (medical)",1,2023-06-17,2023-06-17,,,2026-07-15 14:36:44,2026-07-15 14:36:44,SYSTEM_SEED,SYSTEM_SEED
ACC-00138,Puttaswamy Nayak,31,26-35,MALE,42963000000035032,Mandya East,"Scientist, forensic",1,2024-08-12,2024-08-12,,,2026-07-15 14:36:44,2026-07-15 14:36:44,SYSTEM_SEED,SYSTEM_SEED
ACC-00139,Kariyappa Nayak,28,26-35,MALE,42963000000035016,Bengaluru Urban West,Futures trader,1,2021-09-07,2021-09-07,,,2026-07-15 14:36:44,2026-07-15 14:36:44,SYSTEM_SEED,SYSTEM_SEED
ACC-00140,Pushpalatha Rai,58,56-65,FEMALE,42963000000035029,Kodagu East,Dietitian,1,2024-12-14,2024-12-14,,,2026-07-15 14:36:44,2026-07-15 14:36:44,SYSTEM_SEED,SYSTEM_SEED
ACC-00141,Thimmakka Urs,57,56-65,FEMALE,42963000000035028,Kalaburagi South,Meteorologist,1,2023-06-16,2023-06-16,,,2026-07-15 14:36:44,2026-07-15 14:36:44,SYSTEM_SEED,SYSTEM_SEED
ACC-00142,Akkamahadevi Bhat,25,18-25,FEMALE,42963000000035017,Bidar West,Computer games developer,1,2023-08-28,2023-08-28,,,2026-07-15 14:36:44,2026-07-15 14:36:44,SYSTEM_SEED,SYSTEM_SEED
ACC-00143,Lokesh Gowda,27,26-35,MALE,42963000000035017,Bidar South,Geophysical data processor,1,2024-03-06,2024-03-06,,,2026-07-15 14:36:44,2026-07-15 14:36:44,SYSTEM_SEED,SYSTEM_SEED
ACC-00144,Alexander Nayak,26,26-35,MALE,42963000000035017,Bidar North,"Pilot, airline",1,2023-09-20,2023-09-20,,,2026-07-15 14:36:44,2026-07-15 14:36:44,SYSTEM_SEED,SYSTEM_SEED
ACC-00145,Gopalakrishna Rai,35,26-35,MALE,42963000000035019,Chikballapur Rural,Glass blower/designer,2,2024-02-19,2025-01-04,,,2026-07-15 14:36:44,2026-07-15 14:36:44,SYSTEM_SEED,SYSTEM_SEED
ACC-00146,Karan Bose,53,46-55,MALE,42963000000035030,Kolar East,Research scientist (maths),1,2023-09-23,2023-09-23,,,2026-07-15 14:36:44,2026-07-15 14:36:44,SYSTEM_SEED,SYSTEM_SEED
ACC-00147,Lokesh Shetty,45,36-45,MALE,42963000000035025,Gadag North,"Programmer, applications",1,2022-06-07,2022-06-07,,,2026-07-15 14:36:44,2026-07-15 14:36:44,SYSTEM_SEED,SYSTEM_SEED
ACC-00148,Ayaan Tata,30,26-35,MALE,42963000000035032,Mandya South,Tax adviser,1,2024-11-26,2024-11-26,,,2026-07-15 14:36:44,2026-07-15 14:36:44,SYSTEM_SEED,SYSTEM_SEED
ACC-00149,Raksha Dugar,43,36-45,FEMALE,42963000000035015,Bengaluru Rural West,Freight forwarder,2,2024-11-26,2025-03-24,,,2026-07-15 14:36:44,2026-07-15 14:36:44,SYSTEM_SEED,SYSTEM_SEED
ACC-00150,Sunandamma Reddy,37,36-45,FEMALE,42963000000035016,Bengaluru Urban East,"Civil engineer, contracting",1,2023-03-03,2023-03-03,,,2026-07-15 14:36:44,2026-07-15 14:36:44,SYSTEM_SEED,SYSTEM_SEED
ACC-00151,Pushpalatha Achar,45,36-45,FEMALE,42963000000035028,Kalaburagi Taluk HQ,"Teacher, secondary school",1,2021-09-24,2021-09-24,,,2026-07-15 14:36:44,2026-07-15 14:36:44,SYSTEM_SEED,SYSTEM_SEED
ACC-00152,Raghavendra Rai,56,56-65,MALE,42963000000035022,Dakshina Kannada Rural,Commercial art gallery manager,1,2024-10-14,2024-10-14,,,2026-07-15 14:36:44,2026-07-15 14:36:44,SYSTEM_SEED,SYSTEM_SEED
ACC-00153,Yashoda Agate,22,18-25,FEMALE,42963000000035024,Dharwad West,Armed forces operational officer,1,2025-01-13,2025-01-13,,,2026-07-15 14:36:44,2026-07-15 14:36:44,SYSTEM_SEED,SYSTEM_SEED
ACC-00154,Thimmaiah Rai,34,26-35,MALE,42963000000035028,Kalaburagi East,"Administrator, charities/voluntary organisations",2,2023-05-28,2024-08-22,,,2026-07-15 14:36:44,2026-07-15 14:36:44,SYSTEM_SEED,SYSTEM_SEED
ACC-00155,Aradhana Sodhi,19,18-25,FEMALE,42963000000035016,Bengaluru Urban East,Medical physicist,1,2023-11-02,2023-11-02,,,2026-07-15 14:36:44,2026-07-15 14:36:44,SYSTEM_SEED,SYSTEM_SEED
ACC-00156,Raghavendra Rai,29,26-35,MALE,42963000000035022,Dakshina Kannada North,Music therapist,1,2022-03-17,2022-03-17,,,2026-07-15 14:36:44,2026-07-15 14:36:44,SYSTEM_SEED,SYSTEM_SEED
ACC-00157,Akkamahadevi Urs,38,36-45,FEMALE,42963000000035016,Bengaluru Urban South,Dealer,1,2021-06-02,2021-06-02,,,2026-07-15 14:36:44,2026-07-15 14:36:44,SYSTEM_SEED,SYSTEM_SEED
ACC-00158,Andrew Saini,31,26-35,MALE,42963000000035024,Dharwad North,Environmental manager,1,2022-03-17,2022-03-17,,,2026-07-15 14:36:44,2026-07-15 14:36:44,SYSTEM_SEED,SYSTEM_SEED
ACC-00159,Lokesh Bhat,53,46-55,MALE,42963000000035014,Belagavi North,IT technical support officer,2,2021-10-15,2023-08-07,,,2026-07-15 14:36:44,2026-07-15 14:36:44,SYSTEM_SEED,SYSTEM_SEED
ACC-00160,Turvi Nagarajan,24,18-25,FEMALE,42963000000035027,Haveri Rural,Geoscientist,1,2021-03-10,2021-03-10,,,2026-07-15 14:36:44,2026-07-15 14:36:44,SYSTEM_SEED,SYSTEM_SEED
ACC-00161,Quincy Dar,22,18-25,MALE,42963000000035027,Haveri Rural,Retail buyer,1,2023-12-04,2023-12-04,,,2026-07-15 14:36:44,2026-07-15 14:36:44,SYSTEM_SEED,SYSTEM_SEED
ACC-00162,Lokesh Gowda,45,36-45,MALE,42963000000035021,Chitradurga East,Associate Professor,1,2022-04-07,2022-04-07,,,2026-07-15 14:36:44,2026-07-15 14:36:44,SYSTEM_SEED,SYSTEM_SEED
ACC-00163,Harish Hegde,49,46-55,MALE,42963000000035013,Ballari East,Editorial assistant,1,2022-05-26,2022-05-26,,,2026-07-15 14:36:44,2026-07-15 14:36:44,SYSTEM_SEED,SYSTEM_SEED
ACC-00164,Arin Rattan,28,26-35,MALE,42963000000035028,Kalaburagi North,Broadcast presenter,1,2021-01-24,2021-01-24,,,2026-07-15 14:36:44,2026-07-15 14:36:44,SYSTEM_SEED,SYSTEM_SEED
ACC-00165,Yallappa Gowda,54,46-55,MALE,42963000000035012,Bagalkot East,"Psychologist, occupational",1,2025-01-08,2025-01-08,,,2026-07-15 14:36:44,2026-07-15 14:36:44,SYSTEM_SEED,SYSTEM_SEED
ACC-00166,Nachiket Narang,36,36-45,MALE,42963000000035016,Bengaluru Urban Taluk HQ,Chartered legal executive (England and Wales),1,2025-07-15,2025-07-15,,,2026-07-15 14:36:44,2026-07-15 14:36:44,SYSTEM_SEED,SYSTEM_SEED
ACC-00167,Basavaraj Hegde,52,46-55,MALE,42963000000035039,Uttara Kannada East,Surgeon,2,2024-09-14,2025-11-25,,,2026-07-15 14:36:44,2026-07-15 14:36:44,SYSTEM_SEED,SYSTEM_SEED
ACC-00168,Aayush Pillay,24,18-25,MALE,42963000000035036,Shivamogga South,"Engineer, control and instrumentation",1,2021-01-23,2021-01-23,,,2026-07-15 14:36:44,2026-07-15 14:36:44,SYSTEM_SEED,SYSTEM_SEED
ACC-00169,Chandrakala Bhat,35,26-35,FEMALE,42963000000035021,Chitradurga South,"Horticulturist, amenity",1,2024-06-28,2024-06-28,,,2026-07-15 14:36:44,2026-07-15 14:36:44,SYSTEM_SEED,SYSTEM_SEED
ACC-00170,Siddalingaiah Devadiga,49,46-55,MALE,42963000000035029,Kodagu Rural,"Surveyor, rural practice",1,2021-05-10,2021-05-10,,,2026-07-15 14:36:44,2026-07-15 14:36:44,SYSTEM_SEED,SYSTEM_SEED
ACC-00171,Keya Shetty,25,18-25,FEMALE,42963000000035036,Shivamogga Taluk HQ,"Merchandiser, retail",2,2021-12-06,2023-06-26,,,2026-07-15 14:36:44,2026-07-15 14:36:44,SYSTEM_SEED,SYSTEM_SEED
ACC-00172,Indira Korpal,19,18-25,FEMALE,42963000000035018,Chamarajanagar North,Dentist,1,2021-12-04,2021-12-04,,,2026-07-15 14:36:44,2026-07-15 14:36:44,SYSTEM_SEED,SYSTEM_SEED
ACC-00173,Samarth Bajwa,24,18-25,MALE,42963000000035042,Vijayanagara Rural,"Exhibitions officer, museum/gallery",1,2025-09-25,2025-09-25,,,2026-07-15 14:36:44,2026-07-15 14:36:44,SYSTEM_SEED,SYSTEM_SEED
ACC-00174,Raghavendra Kulkarni,45,36-45,MALE,42963000000035018,Chamarajanagar West,Special educational needs teacher,1,2021-08-20,2021-08-20,,,2026-07-15 14:36:44,2026-07-15 14:36:44,SYSTEM_SEED,SYSTEM_SEED
ACC-00175,Aayush Nayak,18,18-25,MALE,42963000000035040,Vijayapura South,Accommodation manager,1,2024-09-05,2024-09-05,,,2026-07-15 14:36:44,2026-07-15 14:36:44,SYSTEM_SEED,SYSTEM_SEED
ACC-00176,Mitesh Chawla,20,18-25,MALE,42963000000035015,Bengaluru Rural Taluk HQ,"Engineer, land",1,2025-12-03,2025-12-03,,,2026-07-15 14:36:44,2026-07-15 14:36:44,SYSTEM_SEED,SYSTEM_SEED
ACC-00177,Shaurya Swamy,34,26-35,MALE,42963000000035021,Chitradurga East,Best boy,1,2022-06-20,2022-06-20,,,2026-07-15 14:36:44,2026-07-15 14:36:44,SYSTEM_SEED,SYSTEM_SEED
ACC-00178,Logan Chander,35,26-35,MALE,42963000000035032,Mandya West,Armed forces logistics/support/administrative officer,1,2024-01-22,2024-01-22,,,2026-07-15 14:36:44,2026-07-15 14:36:44,SYSTEM_SEED,SYSTEM_SEED
ACC-00179,Jagadish Setty,47,46-55,MALE,42963000000035016,Bengaluru Urban West,Exhibition designer,1,2024-06-29,2024-06-29,,,2026-07-15 14:36:44,2026-07-15 14:36:44,SYSTEM_SEED,SYSTEM_SEED
ACC-00180,Quincy Shanker,44,36-45,MALE,42963000000035030,Kolar West,Chartered accountant,1,2023-12-16,2023-12-16,,,2026-07-15 14:36:44,2026-07-15 14:36:44,SYSTEM_SEED,SYSTEM_SEED
ACC-00181,Zayyan Deol,51,46-55,MALE,42963000000035018,Chamarajanagar East,"Nurse, mental health",2,2021-08-21,2024-09-09,,,2026-07-15 14:36:44,2026-07-15 14:36:44,SYSTEM_SEED,SYSTEM_SEED
ACC-00182,Azaan Saran,35,26-35,MALE,42963000000035021,Chitradurga North,"Conservator, furniture",1,2024-10-10,2024-10-10,,,2026-07-15 14:36:44,2026-07-15 14:36:44,SYSTEM_SEED,SYSTEM_SEED
ACC-00183,Gopalakrishna Rai,23,18-25,MALE,42963000000035019,Chikballapur West,Fast food restaurant manager,2,2022-05-14,2025-03-06,,,2026-07-15 14:36:44,2026-07-15 14:36:44,SYSTEM_SEED,SYSTEM_SEED
ACC-00184,Kalpit Murty,33,26-35,MALE,42963000000035031,Koppal North,"Nurse, learning disability",1,2024-07-15,2024-07-15,,,2026-07-15 14:36:44,2026-07-15 14:36:44,SYSTEM_SEED,SYSTEM_SEED
ACC-00185,Nathan Sethi,62,56-65,MALE,42963000000035014,Belagavi Taluk HQ,Glass blower/designer,2,2022-12-30,2025-09-23,,,2026-07-15 14:36:44,2026-07-15 14:36:44,SYSTEM_SEED,SYSTEM_SEED
ACC-00186,Savitramma Poojary,31,26-35,FEMALE,42963000000035012,Bagalkot East,Facilities manager,1,2025-02-21,2025-02-21,,,2026-07-15 14:36:44,2026-07-15 14:36:44,SYSTEM_SEED,SYSTEM_SEED
ACC-00187,Isha Deshpande,24,18-25,FEMALE,42963000000035022,Dakshina Kannada West,Television/film/video producer,1,2022-06-30,2022-06-30,,,2026-07-15 14:36:44,2026-07-15 14:36:44,SYSTEM_SEED,SYSTEM_SEED
ACC-00188,Faras Cherian,50,46-55,MALE,42963000000035037,Tumakuru South,"Development worker, international aid",1,2023-12-28,2023-12-28,,,2026-07-15 14:36:44,2026-07-15 14:36:44,SYSTEM_SEED,SYSTEM_SEED
ACC-00189,Thimmaiah Hegde,63,56-65,MALE,42963000000035024,Dharwad North,"Production assistant, television",1,2021-03-11,2021-03-11,,,2026-07-15 14:36:44,2026-07-15 14:36:44,SYSTEM_SEED,SYSTEM_SEED
ACC-00190,Siddalingaiah Kulkarni,32,26-35,MALE,42963000000035039,Uttara Kannada West,"Psychologist, prison and probation services",1,2023-06-11,2023-06-11,,,2026-07-15 14:36:44,2026-07-15 14:36:44,SYSTEM_SEED,SYSTEM_SEED
ACC-00191,Samar Dara,50,46-55,MALE,42963000000035017,Bidar Taluk HQ,Social worker,1,2022-11-07,2022-11-07,,,2026-07-15 14:36:44,2026-07-15 14:36:44,SYSTEM_SEED,SYSTEM_SEED
ACC-00192,Hemang Seth,35,26-35,MALE,42963000000035023,Davanagere West,Insurance account manager,1,2021-08-16,2021-08-16,,,2026-07-15 14:36:44,2026-07-15 14:36:44,SYSTEM_SEED,SYSTEM_SEED
ACC-00193,Kevin Dar,59,56-65,MALE,42963000000035015,Bengaluru Rural Taluk HQ,Chemical engineer,2,2022-11-06,2025-03-16,,,2026-07-15 14:36:44,2026-07-15 14:36:44,SYSTEM_SEED,SYSTEM_SEED
ACC-00194,Siddalingaiah Naik,65,56-65,MALE,42963000000035015,Bengaluru Rural South,"Designer, industrial/product",1,2025-10-07,2025-10-07,,,2026-07-15 14:36:44,2026-07-15 14:36:44,SYSTEM_SEED,SYSTEM_SEED
ACC-00195,Anusha Kale,19,18-25,FEMALE,42963000000035024,Dharwad South,Land,2,2024-12-03,2025-07-01,,,2026-07-15 14:36:44,2026-07-15 14:36:44,SYSTEM_SEED,SYSTEM_SEED
ACC-00196,Chakradev Kothari,34,26-35,MALE,42963000000035016,Bengaluru Urban South,Market researcher,1,2022-02-03,2022-02-03,,,2026-07-15 14:36:44,2026-07-15 14:36:44,SYSTEM_SEED,SYSTEM_SEED
ACC-00197,Shanthakumari Bhat,45,36-45,FEMALE,42963000000035017,Bidar South,Occupational hygienist,2,2022-12-12,2023-07-02,,,2026-07-15 14:36:44,2026-07-15 14:36:44,SYSTEM_SEED,SYSTEM_SEED
ACC-00198,Chandrashekar Nayak,21,18-25,MALE,42963000000035024,Dharwad East,Scientific laboratory technician,1,2023-04-19,2023-04-19,,,2026-07-15 14:36:44,2026-07-15 14:36:44,SYSTEM_SEED,SYSTEM_SEED
ACC-00199,Lokesh Reddy,64,56-65,MALE,42963000000035040,Vijayapura North,Artist,2,2025-02-01,2025-07-09,,,2026-07-15 14:36:44,2026-07-15 14:36:44,SYSTEM_SEED,SYSTEM_SEED
ACC-00200,Leena Ghosh,56,56-65,FEMALE,42963000000035019,Chikballapur West,Airline pilot,1,2024-09-13,2024-09-13,,,2026-07-15 14:36:44,2026-07-15 14:36:44,SYSTEM_SEED,SYSTEM_SEED
ACC-00201,Mahadevi Hegde,45,36-45,FEMALE,42963000000035015,Bengaluru Rural North,Ophthalmologist,1,2025-09-23,2025-09-23,,,2026-07-15 14:36:44,2026-07-15 14:36:44,SYSTEM_SEED,SYSTEM_SEED
ACC-00202,Nagaraj Poojary,25,18-25,MALE,42963000000035014,Belagavi Taluk HQ,Production manager,1,2021-03-26,2021-03-26,,,2026-07-15 14:36:44,2026-07-15 14:36:44,SYSTEM_SEED,SYSTEM_SEED
ACC-00203,Girijamma Urs,52,46-55,FEMALE,42963000000035015,Bengaluru Rural Rural,"Surveyor, commercial/residential",2,2021-10-18,2022-11-19,,,2026-07-15 14:36:44,2026-07-15 14:36:44,SYSTEM_SEED,SYSTEM_SEED
ACC-00204,Nagaraj Devadiga,43,36-45,MALE,42963000000035022,Dakshina Kannada North,Statistician,1,2024-01-05,2024-01-05,,,2026-07-15 14:36:44,2026-07-15 14:36:44,SYSTEM_SEED,SYSTEM_SEED
ACC-00205,Prakash Urs,28,26-35,MALE,42963000000035034,Raichur West,Fisheries officer,1,2025-05-18,2025-05-18,,,2026-07-15 14:36:44,2026-07-15 14:36:44,SYSTEM_SEED,SYSTEM_SEED
ACC-00206,Thimmaiah Urs,36,36-45,MALE,42963000000035033,Mysuru West,Chief Marketing Officer,1,2025-04-29,2025-04-29,,,2026-07-15 14:36:44,2026-07-15 14:36:44,SYSTEM_SEED,SYSTEM_SEED
ACC-00207,Charan Dey,48,46-55,MALE,42963000000035033,Mysuru Rural,Community development worker,1,2023-01-11,2023-01-11,,,2026-07-15 14:36:44,2026-07-15 14:36:44,SYSTEM_SEED,SYSTEM_SEED
ACC-00208,Azaan Kapadia,33,26-35,MALE,42963000000035016,Bengaluru Urban North,"Conservator, furniture",1,2025-12-26,2025-12-26,,,2026-07-15 14:36:44,2026-07-15 14:36:44,SYSTEM_SEED,SYSTEM_SEED
ACC-00209,Sai Pradhan,29,26-35,MALE,42963000000035021,Chitradurga Taluk HQ,Chartered accountant,1,2023-01-01,2023-01-01,,,2026-07-15 14:36:44,2026-07-15 14:36:44,SYSTEM_SEED,SYSTEM_SEED
ACC-00210,Kariyappa Shetty,60,56-65,MALE,42963000000035024,Dharwad Taluk HQ,Television floor manager,1,2025-07-27,2025-07-27,,,2026-07-15 14:36:44,2026-07-15 14:36:44,SYSTEM_SEED,SYSTEM_SEED
ACC-00211,Bishakha Bains,28,26-35,FEMALE,42963000000035032,Mandya West,Bookseller,1,2024-12-14,2024-12-14,,,2026-07-15 14:36:44,2026-07-15 14:36:44,SYSTEM_SEED,SYSTEM_SEED
ACC-00212,Vamakshi Dave,40,36-45,FEMALE,42963000000035041,Yadgir East,Chief Executive Officer,1,2023-09-04,2023-09-04,,,2026-07-15 14:36:44,2026-07-15 14:36:44,SYSTEM_SEED,SYSTEM_SEED
ACC-00213,Akkamahadevi Achar,33,26-35,FEMALE,42963000000035024,Dharwad Rural,Learning disability nurse,2,2021-11-03,2023-06-03,,,2026-07-15 14:36:44,2026-07-15 14:36:44,SYSTEM_SEED,SYSTEM_SEED
ACC-00214,Ansh Shenoy,36,36-45,MALE,42963000000035036,Shivamogga North,Arts administrator,1,2021-05-28,2021-05-28,,,2026-07-15 14:36:44,2026-07-15 14:36:44,SYSTEM_SEED,SYSTEM_SEED
ACC-00215,Puttaswamy Devadiga,27,26-35,MALE,42963000000035033,Mysuru East,Dispensing optician,1,2023-01-02,2023-01-02,,,2026-07-15 14:36:44,2026-07-15 14:36:44,SYSTEM_SEED,SYSTEM_SEED
ACC-00216,Rudra Taneja,65,56-65,MALE,42963000000035022,Dakshina Kannada Rural,Air traffic controller,1,2021-10-20,2021-10-20,,,2026-07-15 14:36:44,2026-07-15 14:36:44,SYSTEM_SEED,SYSTEM_SEED
ACC-00217,Tanay Gera,49,46-55,MALE,42963000000035018,Chamarajanagar South,Manufacturing systems engineer,1,2023-06-26,2023-06-26,,,2026-07-15 14:36:44,2026-07-15 14:36:44,SYSTEM_SEED,SYSTEM_SEED
ACC-00218,Girik Maharaj,37,36-45,MALE,42963000000035033,Mysuru Rural,Health service manager,1,2024-09-30,2024-09-30,,,2026-07-15 14:36:44,2026-07-15 14:36:44,SYSTEM_SEED,SYSTEM_SEED
ACC-00219,Thimmakka Urs,56,56-65,FEMALE,42963000000035024,Dharwad Rural,Product designer,1,2022-02-23,2022-02-23,,,2026-07-15 14:36:44,2026-07-15 14:36:44,SYSTEM_SEED,SYSTEM_SEED
ACC-00220,Anay Korpal,19,18-25,MALE,42963000000035016,Bengaluru Urban North,Hotel manager,1,2024-04-23,2024-04-23,,,2026-07-15 14:36:44,2026-07-15 14:36:44,SYSTEM_SEED,SYSTEM_SEED
ACC-00221,Akkamahadevi Poojary,60,56-65,FEMALE,42963000000035042,Vijayanagara West,Research scientist (physical sciences),1,2025-05-31,2025-05-31,,,2026-07-15 14:36:44,2026-07-15 14:36:44,SYSTEM_SEED,SYSTEM_SEED
ACC-00222,Wriddhish Bhat,65,56-65,MALE,42963000000035032,Mandya North,Chartered loss adjuster,2,2022-04-19,2025-01-01,,,2026-07-15 14:36:44,2026-07-15 14:36:44,SYSTEM_SEED,SYSTEM_SEED
ACC-00223,Rehaan Devan,65,56-65,MALE,42963000000035015,Bengaluru Rural East,Personnel officer,1,2022-08-26,2022-08-26,,,2026-07-15 14:36:44,2026-07-15 14:36:44,SYSTEM_SEED,SYSTEM_SEED
ACC-00224,Veeranna Devadiga,58,56-65,MALE,42963000000035015,Bengaluru Rural West,"Engineer, communications",1,2021-04-21,2021-04-21,,,2026-07-15 14:36:44,2026-07-15 14:36:44,SYSTEM_SEED,SYSTEM_SEED
ACC-00225,Aditya Raja,29,26-35,MALE,42963000000035019,Chikballapur South,Mechanical engineer,1,2022-05-02,2022-05-02,,,2026-07-15 14:36:44,2026-07-15 14:36:44,SYSTEM_SEED,SYSTEM_SEED
ACC-00226,Xavier Padmanabhan,43,36-45,MALE,42963000000035028,Kalaburagi South,Systems developer,2,2023-12-06,2025-01-12,,,2026-07-15 14:36:44,2026-07-15 14:36:44,SYSTEM_SEED,SYSTEM_SEED
ACC-00227,Rishi Madan,37,36-45,MALE,42963000000035017,Bidar Rural,Education administrator,1,2021-08-28,2021-08-28,,,2026-07-15 14:36:44,2026-07-15 14:36:44,SYSTEM_SEED,SYSTEM_SEED
ACC-00228,Siddalingaiah Achar,39,36-45,MALE,42963000000035036,Shivamogga South,Agricultural engineer,2,2021-12-11,2021-12-27,,,2026-07-15 14:36:44,2026-07-15 14:36:44,SYSTEM_SEED,SYSTEM_SEED
ACC-00229,Jagadish Devadiga,36,36-45,MALE,42963000000035015,Bengaluru Rural Rural,"Investment banker, operational",2,2022-03-03,2022-04-05,,,2026-07-15 14:36:44,2026-07-15 14:36:44,SYSTEM_SEED,SYSTEM_SEED
ACC-00230,Veeranna Nayak,27,26-35,MALE,42963000000035025,Gadag North,"Therapist, speech and language",1,2025-04-27,2025-04-27,,,2026-07-15 14:36:44,2026-07-15 14:36:44,SYSTEM_SEED,SYSTEM_SEED
ACC-00231,Parvatamma Gowda,37,36-45,FEMALE,42963000000035024,Dharwad East,English as a foreign language teacher,1,2022-01-17,2022-01-17,,,2026-07-15 14:36:44,2026-07-15 14:36:44,SYSTEM_SEED,SYSTEM_SEED
ACC-00232,Logan Bhardwaj,20,18-25,MALE,42963000000035017,Bidar Taluk HQ,Public house manager,1,2022-01-07,2022-01-07,,,2026-07-15 14:36:44,2026-07-15 14:36:44,SYSTEM_SEED,SYSTEM_SEED
ACC-00233,Raghavendra Nayak,21,18-25,MALE,42963000000035024,Dharwad Taluk HQ,Senior tax professional/tax inspector,2,2022-10-16,2024-11-03,,,2026-07-15 14:36:44,2026-07-15 14:36:44,SYSTEM_SEED,SYSTEM_SEED
ACC-00234,Prakash Setty,21,18-25,MALE,42963000000035018,Chamarajanagar West,Materials engineer,1,2024-08-18,2024-08-18,,,2026-07-15 14:36:44,2026-07-15 14:36:44,SYSTEM_SEED,SYSTEM_SEED
ACC-00235,Fariq Chaudhry,60,56-65,MALE,42963000000035041,Yadgir Taluk HQ,Firefighter,1,2022-11-20,2022-11-20,,,2026-07-15 14:36:44,2026-07-15 14:36:44,SYSTEM_SEED,SYSTEM_SEED
ACC-00236,Kiaan Walla,63,56-65,MALE,42963000000035019,Chikballapur North,Banker,1,2022-01-11,2022-01-11,,,2026-07-15 14:36:44,2026-07-15 14:36:44,SYSTEM_SEED,SYSTEM_SEED
ACC-00237,Manjunath Gowda,45,36-45,MALE,42963000000035028,Kalaburagi East,English as a foreign language teacher,2,2021-03-03,2021-08-10,,,2026-07-15 14:36:44,2026-07-15 14:36:44,SYSTEM_SEED,SYSTEM_SEED
ACC-00238,Raagini Ghose,40,36-45,FEMALE,42963000000035018,Chamarajanagar East,"Editor, commissioning",1,2021-04-22,2021-04-22,,,2026-07-15 14:36:44,2026-07-15 14:36:44,SYSTEM_SEED,SYSTEM_SEED
ACC-00239,Nathan Parmer,45,36-45,MALE,42963000000035022,Dakshina Kannada South,"Therapist, art",1,2023-06-11,2023-06-11,,,2026-07-15 14:36:44,2026-07-15 14:36:44,SYSTEM_SEED,SYSTEM_SEED
ACC-00240,Shanthakumari Nayak,37,36-45,FEMALE,42963000000035028,Kalaburagi South,Air broker,1,2022-10-28,2022-10-28,,,2026-07-15 14:36:44,2026-07-15 14:36:44,SYSTEM_SEED,SYSTEM_SEED
ACC-00241,Ekavir Guha,55,46-55,MALE,42963000000035016,Bengaluru Urban South,"Research officer, government",1,2023-11-14,2023-11-14,,,2026-07-15 14:36:44,2026-07-15 14:36:44,SYSTEM_SEED,SYSTEM_SEED
ACC-00242,Parvatamma Hegde,26,26-35,FEMALE,42963000000035023,Davanagere South,Special effects artist,1,2024-05-05,2024-05-05,,,2026-07-15 14:36:44,2026-07-15 14:36:44,SYSTEM_SEED,SYSTEM_SEED
ACC-00243,Gagan Swaminathan,54,46-55,MALE,42963000000035040,Vijayapura North,Applications developer,1,2025-10-02,2025-10-02,,,2026-07-15 14:36:44,2026-07-15 14:36:44,SYSTEM_SEED,SYSTEM_SEED
ACC-00244,Ayaan Kaul,42,36-45,MALE,42963000000035034,Raichur Taluk HQ,Town planner,2,2022-04-09,2025-05-21,,,2026-07-15 14:36:44,2026-07-15 14:36:44,SYSTEM_SEED,SYSTEM_SEED
ACC-00245,Advaith Vyas,26,26-35,MALE,42963000000035025,Gadag West,Purchasing manager,1,2024-05-02,2024-05-02,,,2026-07-15 14:36:44,2026-07-15 14:36:44,SYSTEM_SEED,SYSTEM_SEED
ACC-00246,Oni Jaggi,61,56-65,FEMALE,42963000000035033,Mysuru East,"Conservator, furniture",1,2025-07-12,2025-07-12,,,2026-07-15 14:36:44,2026-07-15 14:36:44,SYSTEM_SEED,SYSTEM_SEED
ACC-00247,Gaurang Naik,47,46-55,MALE,42963000000035023,Davanagere Taluk HQ,Barrister's clerk,1,2023-03-31,2023-03-31,,,2026-07-15 14:36:44,2026-07-15 14:36:44,SYSTEM_SEED,SYSTEM_SEED
ACC-00248,Ethan Dhar,53,46-55,MALE,42963000000035013,Ballari Taluk HQ,Clinical psychologist,2,2024-06-25,2025-11-07,,,2026-07-15 14:36:44,2026-07-15 14:36:44,SYSTEM_SEED,SYSTEM_SEED
ACC-00249,Manjunath Achar,26,26-35,MALE,42963000000035029,Kodagu West,Secondary school teacher,1,2024-08-19,2024-08-19,,,2026-07-15 14:36:44,2026-07-15 14:36:44,SYSTEM_SEED,SYSTEM_SEED
ACC-00250,Bina Prakash,41,36-45,FEMALE,42963000000035016,Bengaluru Urban West,Occupational hygienist,1,2023-09-02,2023-09-02,,,2026-07-15 14:36:44,2026-07-15 14:36:44,SYSTEM_SEED,SYSTEM_SEED
ACC-00251,Pahal Mittal,36,36-45,FEMALE,42963000000035014,Belagavi North,IT trainer,1,2023-01-15,2023-01-15,,,2026-07-15 14:36:44,2026-07-15 14:36:44,SYSTEM_SEED,SYSTEM_SEED
ACC-00252,Farhan Sarkar,43,36-45,MALE,42963000000035031,Koppal West,"Radiographer, therapeutic",2,2021-12-03,2022-12-21,,,2026-07-15 14:36:44,2026-07-15 14:36:44,SYSTEM_SEED,SYSTEM_SEED
ACC-00253,Nagaraj Kulkarni,47,46-55,MALE,42963000000035036,Shivamogga Rural,Investment analyst,2,2022-07-03,2023-02-14,,,2026-07-15 14:36:44,2026-07-15 14:36:44,SYSTEM_SEED,SYSTEM_SEED
ACC-00254,Prakash Achar,24,18-25,MALE,42963000000035022,Dakshina Kannada East,Ecologist,1,2024-08-06,2024-08-06,,,2026-07-15 14:36:44,2026-07-15 14:36:44,SYSTEM_SEED,SYSTEM_SEED
ACC-00255,Yallappa Nayak,62,56-65,MALE,42963000000035021,Chitradurga West,"Surveyor, planning and development",1,2024-01-26,2024-01-26,,,2026-07-15 14:36:44,2026-07-15 14:36:44,SYSTEM_SEED,SYSTEM_SEED
ACC-00256,Isaac Gill,65,56-65,MALE,42963000000035033,Mysuru West,Multimedia specialist,1,2022-05-28,2022-05-28,,,2026-07-15 14:36:44,2026-07-15 14:36:44,SYSTEM_SEED,SYSTEM_SEED
ACC-00257,Manan Datta,27,26-35,MALE,42963000000035027,Haveri North,"Editor, film/video",1,2023-07-10,2023-07-10,,,2026-07-15 14:36:44,2026-07-15 14:36:44,SYSTEM_SEED,SYSTEM_SEED
ACC-00258,Rohan Bali,32,26-35,MALE,42963000000035038,Udupi North,"Education officer, environmental",1,2021-09-13,2021-09-13,,,2026-07-15 14:36:44,2026-07-15 14:36:44,SYSTEM_SEED,SYSTEM_SEED
ACC-00259,Indrajit Chawla,37,36-45,MALE,42963000000035029,Kodagu Taluk HQ,Research scientist (maths),1,2022-04-11,2022-04-11,,,2026-07-15 14:36:44,2026-07-15 14:36:44,SYSTEM_SEED,SYSTEM_SEED
ACC-00260,Gopalakrishna Gowda,49,46-55,MALE,42963000000035029,Kodagu North,Counsellor,2,2024-01-21,2024-04-13,,,2026-07-15 14:36:44,2026-07-15 14:36:44,SYSTEM_SEED,SYSTEM_SEED
ACC-00261,Balvan Khanna,56,56-65,MALE,42963000000035038,Udupi North,"Loss adjuster, chartered",1,2021-09-02,2021-09-02,,,2026-07-15 14:36:44,2026-07-15 14:36:44,SYSTEM_SEED,SYSTEM_SEED
ACC-00262,Thimmaiah Devadiga,31,26-35,MALE,42963000000035015,Bengaluru Rural East,IT consultant,2,2023-12-28,2024-10-15,,,2026-07-15 14:36:44,2026-07-15 14:36:44,SYSTEM_SEED,SYSTEM_SEED
ACC-00263,Sureshgowda Naik,21,18-25,MALE,42963000000035040,Vijayapura North,Diplomatic Services operational officer,1,2025-09-05,2025-09-05,,,2026-07-15 14:36:44,2026-07-15 14:36:44,SYSTEM_SEED,SYSTEM_SEED
ACC-00264,Oliver Sekhon,52,46-55,MALE,42963000000035019,Chikballapur East,"Administrator, arts",1,2024-02-09,2024-02-09,,,2026-07-15 14:36:44,2026-07-15 14:36:44,SYSTEM_SEED,SYSTEM_SEED
ACC-00265,Henry Krish,60,56-65,MALE,42963000000035029,Kodagu Rural,Broadcast journalist,2,2021-09-17,2023-09-24,,,2026-07-15 14:36:44,2026-07-15 14:36:44,SYSTEM_SEED,SYSTEM_SEED
ACC-00266,Kabir Chokshi,19,18-25,MALE,42963000000035016,Bengaluru Urban Rural,Accommodation manager,1,2025-04-21,2025-04-21,,,2026-07-15 14:36:44,2026-07-15 14:36:44,SYSTEM_SEED,SYSTEM_SEED
ACC-00267,Reyansh Sarma,33,26-35,MALE,42963000000035016,Bengaluru Urban West,Personnel officer,2,2022-04-02,2024-11-08,,,2026-07-15 14:36:44,2026-07-15 14:36:44,SYSTEM_SEED,SYSTEM_SEED
ACC-00268,Harish Achar,30,26-35,MALE,42963000000035024,Dharwad East,Dietitian,1,2022-09-11,2022-09-11,,,2026-07-15 14:36:44,2026-07-15 14:36:44,SYSTEM_SEED,SYSTEM_SEED
ACC-00269,Harish Devadiga,41,36-45,MALE,42963000000035031,Koppal East,Patent attorney,1,2024-09-30,2024-09-30,,,2026-07-15 14:36:44,2026-07-15 14:36:44,SYSTEM_SEED,SYSTEM_SEED
ACC-00270,Gangamma Achar,45,36-45,FEMALE,42963000000035016,Bengaluru Urban East,"Research officer, government",1,2025-11-28,2025-11-28,,,2026-07-15 14:36:44,2026-07-15 14:36:44,SYSTEM_SEED,SYSTEM_SEED
ACC-00271,Girijamma Devadiga,18,18-25,FEMALE,42963000000035028,Kalaburagi Taluk HQ,Multimedia specialist,1,2024-01-24,2024-01-24,,,2026-07-15 14:36:44,2026-07-15 14:36:44,SYSTEM_SEED,SYSTEM_SEED
ACC-00272,Raghav Chaudhuri,40,36-45,MALE,42963000000035041,Yadgir Rural,Quality manager,1,2023-06-07,2023-06-07,,,2026-07-15 14:36:44,2026-07-15 14:36:44,SYSTEM_SEED,SYSTEM_SEED
ACC-00273,Finn Seth,47,46-55,MALE,42963000000035019,Chikballapur South,"Buyer, retail",1,2024-09-02,2024-09-02,,,2026-07-15 14:36:44,2026-07-15 14:36:44,SYSTEM_SEED,SYSTEM_SEED
ACC-00274,Manan Bahri,50,46-55,MALE,42963000000035037,Tumakuru South,"Investment banker, operational",1,2025-07-01,2025-07-01,,,2026-07-15 14:36:44,2026-07-15 14:36:44,SYSTEM_SEED,SYSTEM_SEED
ACC-00275,Damini Borah,63,56-65,FEMALE,42963000000035025,Gadag North,"Lighting technician, broadcasting/film/video",1,2023-09-23,2023-09-23,,,2026-07-15 14:36:44,2026-07-15 14:36:44,SYSTEM_SEED,SYSTEM_SEED
ACC-00276,Riya Dyal,59,56-65,FEMALE,42963000000035016,Bengaluru Urban West,Cabin crew,1,2024-03-31,2024-03-31,,,2026-07-15 14:36:44,2026-07-15 14:36:44,SYSTEM_SEED,SYSTEM_SEED
ACC-00277,Omkaar Subramanian,39,36-45,MALE,42963000000035024,Dharwad North,Airline pilot,1,2024-08-28,2024-08-28,,,2026-07-15 14:36:44,2026-07-15 14:36:44,SYSTEM_SEED,SYSTEM_SEED
ACC-00278,Fitan Saraf,35,26-35,MALE,42963000000035034,Raichur East,"Designer, graphic",1,2024-02-01,2024-02-01,,,2026-07-15 14:36:44,2026-07-15 14:36:44,SYSTEM_SEED,SYSTEM_SEED
ACC-00279,Chandresh Narula,22,18-25,MALE,42963000000035039,Uttara Kannada East,"Engineer, land",1,2025-02-19,2025-02-19,,,2026-07-15 14:36:44,2026-07-15 14:36:44,SYSTEM_SEED,SYSTEM_SEED
ACC-00280,Thimmaiah Setty,48,46-55,MALE,42963000000035029,Kodagu Rural,Energy manager,1,2022-04-06,2022-04-06,,,2026-07-15 14:36:44,2026-07-15 14:36:44,SYSTEM_SEED,SYSTEM_SEED
ACC-00281,Libni Manda,51,46-55,FEMALE,42963000000035018,Chamarajanagar West,Human resources officer,1,2025-12-24,2025-12-24,,,2026-07-15 14:36:44,2026-07-15 14:36:44,SYSTEM_SEED,SYSTEM_SEED
ACC-00282,Chanakya Bawa,55,46-55,MALE,42963000000035022,Dakshina Kannada East,"Nurse, learning disability",1,2021-08-30,2021-08-30,,,2026-07-15 14:36:44,2026-07-15 14:36:44,SYSTEM_SEED,SYSTEM_SEED
ACC-00283,Faraj Bhagat,22,18-25,MALE,42963000000035013,Ballari North,Media planner,1,2022-06-27,2022-06-27,,,2026-07-15 14:36:44,2026-07-15 14:36:44,SYSTEM_SEED,SYSTEM_SEED
ACC-00284,Sunandamma Rai,32,26-35,FEMALE,42963000000035015,Bengaluru Rural North,"Accountant, chartered certified",1,2024-08-08,2024-08-08,,,2026-07-15 14:36:44,2026-07-15 14:36:44,SYSTEM_SEED,SYSTEM_SEED
ACC-00285,Kaveri Urs,64,56-65,FEMALE,42963000000035034,Raichur East,Physiotherapist,1,2025-01-10,2025-01-10,,,2026-07-15 14:36:44,2026-07-15 14:36:44,SYSTEM_SEED,SYSTEM_SEED
ACC-00286,Nagaveni Hegde,44,36-45,FEMALE,42963000000035039,Uttara Kannada Taluk HQ,Chartered loss adjuster,1,2021-01-20,2021-01-20,,,2026-07-15 14:36:44,2026-07-15 14:36:44,SYSTEM_SEED,SYSTEM_SEED
ACC-00287,Wriddhish Iyengar,65,56-65,MALE,42963000000035014,Belagavi West,Chief Strategy Officer,1,2022-11-23,2022-11-23,,,2026-07-15 14:36:44,2026-07-15 14:36:44,SYSTEM_SEED,SYSTEM_SEED
ACC-00288,Harshil Garde,58,56-65,MALE,42963000000035036,Shivamogga South,"Horticulturist, amenity",1,2023-03-28,2023-03-28,,,2026-07-15 14:36:44,2026-07-15 14:36:44,SYSTEM_SEED,SYSTEM_SEED
ACC-00289,Yashodamma Bhat,24,18-25,FEMALE,42963000000035032,Mandya North,Ceramics designer,2,2021-12-20,2025-12-24,,,2026-07-15 14:36:44,2026-07-15 14:36:44,SYSTEM_SEED,SYSTEM_SEED
ACC-00290,Dalbir Morar,30,26-35,MALE,42963000000035018,Chamarajanagar South,Occupational therapist,1,2022-09-03,2022-09-03,,,2026-07-15 14:36:44,2026-07-15 14:36:44,SYSTEM_SEED,SYSTEM_SEED
ACC-00291,Thimmaiah Setty,32,26-35,MALE,42963000000035017,Bidar North,Public affairs consultant,1,2025-11-06,2025-11-06,,,2026-07-15 14:36:44,2026-07-15 14:36:44,SYSTEM_SEED,SYSTEM_SEED
ACC-00292,Libni Chand,23,18-25,FEMALE,42963000000035028,Kalaburagi Rural,Sport and exercise psychologist,1,2022-07-24,2022-07-24,,,2026-07-15 14:36:44,2026-07-15 14:36:44,SYSTEM_SEED,SYSTEM_SEED
ACC-00293,George Prabhakar,24,18-25,MALE,42963000000035017,Bidar Taluk HQ,Museum/gallery curator,1,2024-12-13,2024-12-13,,,2026-07-15 14:36:44,2026-07-15 14:36:44,SYSTEM_SEED,SYSTEM_SEED
ACC-00294,Idika Sehgal,41,36-45,FEMALE,42963000000035033,Mysuru Taluk HQ,Armed forces operational officer,1,2021-10-19,2021-10-19,,,2026-07-15 14:36:44,2026-07-15 14:36:44,SYSTEM_SEED,SYSTEM_SEED
ACC-00295,Thomas Shroff,39,36-45,MALE,42963000000035017,Bidar Rural,General practice doctor,2,2022-09-18,2024-07-04,,,2026-07-15 14:36:44,2026-07-15 14:36:44,SYSTEM_SEED,SYSTEM_SEED
ACC-00296,Lokesh Achar,59,56-65,MALE,42963000000035025,Gadag East,Equities trader,1,2025-08-21,2025-08-21,,,2026-07-15 14:36:44,2026-07-15 14:36:44,SYSTEM_SEED,SYSTEM_SEED
ACC-00297,Bhavani Dora,50,46-55,FEMALE,42963000000035022,Dakshina Kannada West,Chief Strategy Officer,1,2025-03-11,2025-03-11,,,2026-07-15 14:36:44,2026-07-15 14:36:44,SYSTEM_SEED,SYSTEM_SEED
ACC-00298,Orinder Sachdev,26,26-35,MALE,42963000000035034,Raichur Rural,Theme park manager,2,2021-01-25,2025-01-06,,,2026-07-15 14:36:44,2026-07-15 14:36:44,SYSTEM_SEED,SYSTEM_SEED
ACC-00299,Azaan Ram,42,36-45,MALE,42963000000035037,Tumakuru North,"Scientist, research (medical)",1,2021-07-18,2021-07-18,,,2026-07-15 14:36:44,2026-07-15 14:36:44,SYSTEM_SEED,SYSTEM_SEED
ACC-00300,Manjunath Gowda,51,46-55,MALE,42963000000035020,Chikkamagaluru West,Personal assistant,1,2025-10-27,2025-10-27,,,2026-07-15 14:36:44,2026-07-15 14:36:44,SYSTEM_SEED,SYSTEM_SEED
ACC-00301,Parvatamma Kulkarni,52,46-55,FEMALE,42963000000035021,Chitradurga South,Social worker,2,2021-10-08,2022-12-30,,,2026-07-15 14:36:44,2026-07-15 14:36:44,SYSTEM_SEED,SYSTEM_SEED
ACC-00302,Kariyappa Shetty,42,36-45,MALE,42963000000035032,Mandya Taluk HQ,Public relations officer,1,2023-03-12,2023-03-12,,,2026-07-15 14:36:44,2026-07-15 14:36:44,SYSTEM_SEED,SYSTEM_SEED
ACC-00303,Wazir Mistry,52,46-55,MALE,42963000000035027,Haveri West,Careers information officer,1,2024-06-22,2024-06-22,,,2026-07-15 14:36:44,2026-07-15 14:36:44,SYSTEM_SEED,SYSTEM_SEED
ACC-00304,Anika Thakkar,50,46-55,FEMALE,42963000000035021,Chitradurga West,"Teacher, English as a foreign language",1,2022-01-16,2022-01-16,,,2026-07-15 14:36:44,2026-07-15 14:36:44,SYSTEM_SEED,SYSTEM_SEED
ACC-00305,Darpan Sen,62,56-65,MALE,42963000000035038,Udupi South,Early years teacher,1,2024-11-25,2024-11-25,,,2026-07-15 14:36:44,2026-07-15 14:36:44,SYSTEM_SEED,SYSTEM_SEED
ACC-00306,Nagaveni Poojary,59,56-65,FEMALE,42963000000035013,Ballari South,Diplomatic Services operational officer,1,2021-11-29,2021-11-29,,,2026-07-15 14:36:44,2026-07-15 14:36:44,SYSTEM_SEED,SYSTEM_SEED
ACC-00307,Inaya Date,21,18-25,FEMALE,42963000000035016,Bengaluru Urban Rural,Archivist,1,2025-11-20,2025-11-20,,,2026-07-15 14:36:44,2026-07-15 14:36:44,SYSTEM_SEED,SYSTEM_SEED
ACC-00308,Balveer Saran,39,36-45,MALE,42963000000035039,Uttara Kannada Taluk HQ,"Engineer, drilling",1,2021-04-12,2021-04-12,,,2026-07-15 14:36:44,2026-07-15 14:36:44,SYSTEM_SEED,SYSTEM_SEED
ACC-00309,Leela Nagarajan,33,26-35,FEMALE,42963000000035024,Dharwad West,Broadcast engineer,1,2022-10-27,2022-10-27,,,2026-07-15 14:36:44,2026-07-15 14:36:44,SYSTEM_SEED,SYSTEM_SEED
ACC-00310,Rishi Ranganathan,57,56-65,MALE,42963000000035032,Mandya Taluk HQ,Sub,1,2022-04-06,2022-04-06,,,2026-07-15 14:36:44,2026-07-15 14:36:44,SYSTEM_SEED,SYSTEM_SEED
ACC-00311,Manya Venkatesh,40,36-45,FEMALE,42963000000035042,Vijayanagara West,Proofreader,2,2023-03-15,2025-06-06,,,2026-07-15 14:36:44,2026-07-15 14:36:44,SYSTEM_SEED,SYSTEM_SEED
ACC-00312,Veeranna Devadiga,65,56-65,MALE,42963000000035029,Kodagu North,"Administrator, charities/voluntary organisations",1,2022-04-09,2022-04-09,,,2026-07-15 14:36:44,2026-07-15 14:36:44,SYSTEM_SEED,SYSTEM_SEED
ACC-00313,Sureshgowda Bhat,35,26-35,MALE,42963000000035033,Mysuru North,Youth worker,1,2023-09-23,2023-09-23,,,2026-07-15 14:36:44,2026-07-15 14:36:44,SYSTEM_SEED,SYSTEM_SEED
ACC-00314,Daksh Sachdeva,59,56-65,MALE,42963000000035022,Dakshina Kannada North,Dealer,1,2024-01-30,2024-01-30,,,2026-07-15 14:36:44,2026-07-15 14:36:44,SYSTEM_SEED,SYSTEM_SEED
ACC-00315,Lokesh Bhat,19,18-25,MALE,42963000000035040,Vijayapura West,Data scientist,1,2025-12-08,2025-12-08,,,2026-07-15 14:36:44,2026-07-15 14:36:44,SYSTEM_SEED,SYSTEM_SEED
ACC-00316,Chatresh Chaudhuri,42,36-45,MALE,42963000000035032,Mandya West,Higher education lecturer,1,2022-02-01,2022-02-01,,,2026-07-15 14:36:44,2026-07-15 14:36:44,SYSTEM_SEED,SYSTEM_SEED
ACC-00317,Tripti Lalla,48,46-55,FEMALE,42963000000035014,Belagavi Rural,Music therapist,1,2023-01-21,2023-01-21,,,2026-07-15 14:36:44,2026-07-15 14:36:44,SYSTEM_SEED,SYSTEM_SEED
ACC-00318,Warjas Barad,26,26-35,MALE,42963000000035023,Davanagere North,Drilling engineer,1,2023-06-03,2023-06-03,,,2026-07-15 14:36:44,2026-07-15 14:36:44,SYSTEM_SEED,SYSTEM_SEED
ACC-00319,Saksham Dhawan,25,18-25,MALE,42963000000035024,Dharwad South,Water engineer,1,2022-08-07,2022-08-07,,,2026-07-15 14:36:44,2026-07-15 14:36:44,SYSTEM_SEED,SYSTEM_SEED
ACC-00320,Anirudh Randhawa,40,36-45,MALE,42963000000035017,Bidar Taluk HQ,Learning disability nurse,2,2022-12-27,2025-08-29,,,2026-07-15 14:36:44,2026-07-15 14:36:44,SYSTEM_SEED,SYSTEM_SEED
ACC-00321,Arya Soman,33,26-35,FEMALE,42963000000035018,Chamarajanagar North,Geophysical data processor,1,2021-08-03,2021-08-03,,,2026-07-15 14:36:44,2026-07-15 14:36:44,SYSTEM_SEED,SYSTEM_SEED
ACC-00322,Aishani Nazareth,44,36-45,FEMALE,42963000000035033,Mysuru West,Immunologist,2,2022-04-11,2025-02-26,,,2026-07-15 14:36:44,2026-07-15 14:36:44,SYSTEM_SEED,SYSTEM_SEED
ACC-00323,Logan Swamy,54,46-55,MALE,42963000000035013,Ballari Rural,Chief Technology Officer,1,2024-08-07,2024-08-07,,,2026-07-15 14:36:44,2026-07-15 14:36:44,SYSTEM_SEED,SYSTEM_SEED
ACC-00324,Jagadish Devadiga,33,26-35,MALE,42963000000035035,Ramanagara North,Estate agent,1,2023-10-29,2023-10-29,,,2026-07-15 14:36:44,2026-07-15 14:36:44,SYSTEM_SEED,SYSTEM_SEED
ACC-00325,Mahadevi Shetty,36,36-45,FEMALE,42963000000035013,Ballari North,Contractor,1,2021-02-26,2021-02-26,,,2026-07-15 14:36:44,2026-07-15 14:36:44,SYSTEM_SEED,SYSTEM_SEED
ACC-00326,Timothy Nagi,56,56-65,MALE,42963000000035022,Dakshina Kannada Rural,Geophysical data processor,1,2021-01-28,2021-01-28,,,2026-07-15 14:36:44,2026-07-15 14:36:44,SYSTEM_SEED,SYSTEM_SEED
ACC-00327,Chanchal Guha,22,18-25,FEMALE,42963000000035014,Belagavi North,Private music teacher,1,2022-08-20,2022-08-20,,,2026-07-15 14:36:44,2026-07-15 14:36:44,SYSTEM_SEED,SYSTEM_SEED
ACC-00328,Samar Sundaram,49,46-55,MALE,42963000000035033,Mysuru North,"Scientist, clinical (histocompatibility and immunogenetics)",1,2025-07-09,2025-07-09,,,2026-07-15 14:36:44,2026-07-15 14:36:44,SYSTEM_SEED,SYSTEM_SEED
ACC-00329,Ayaan Varma,46,46-55,MALE,42963000000035033,Mysuru West,"Designer, interior/spatial",1,2023-05-24,2023-05-24,,,2026-07-15 14:36:44,2026-07-15 14:36:44,SYSTEM_SEED,SYSTEM_SEED
ACC-00330,Nagaveni Rai,36,36-45,FEMALE,42963000000035037,Tumakuru Rural,Brewing technologist,1,2025-07-25,2025-07-25,,,2026-07-15 14:36:44,2026-07-15 14:36:44,SYSTEM_SEED,SYSTEM_SEED
ACC-00331,Shivakumar Urs,52,46-55,MALE,42963000000035024,Dharwad West,Insurance risk surveyor,1,2022-06-13,2022-06-13,,,2026-07-15 14:36:44,2026-07-15 14:36:44,SYSTEM_SEED,SYSTEM_SEED
ACC-00332,Jagadish Kulkarni,49,46-55,MALE,42963000000035019,Chikballapur West,Risk manager,1,2023-10-12,2023-10-12,,,2026-07-15 14:36:44,2026-07-15 14:36:44,SYSTEM_SEED,SYSTEM_SEED
ACC-00333,Ekansh Viswanathan,32,26-35,MALE,42963000000035020,Chikkamagaluru Taluk HQ,"Teacher, adult education",1,2023-02-05,2023-02-05,,,2026-07-15 14:36:44,2026-07-15 14:36:44,SYSTEM_SEED,SYSTEM_SEED
ACC-00334,Gabriel Hans,41,36-45,MALE,42963000000035033,Mysuru Taluk HQ,"Engineer, control and instrumentation",1,2024-09-22,2024-09-22,,,2026-07-15 14:36:44,2026-07-15 14:36:44,SYSTEM_SEED,SYSTEM_SEED
ACC-00335,Jeet Bali,33,26-35,MALE,42963000000035032,Mandya East,"Programmer, multimedia",1,2021-04-25,2021-04-25,,,2026-07-15 14:36:44,2026-07-15 14:36:44,SYSTEM_SEED,SYSTEM_SEED
ACC-00336,Pranit Issac,25,18-25,MALE,42963000000035012,Bagalkot South,Graphic designer,1,2023-07-02,2023-07-02,,,2026-07-15 14:36:44,2026-07-15 14:36:44,SYSTEM_SEED,SYSTEM_SEED
ACC-00337,Chandrakala Gowda,35,26-35,FEMALE,42963000000035028,Kalaburagi South,"Merchandiser, retail",1,2021-07-25,2021-07-25,,,2026-07-15 14:36:44,2026-07-15 14:36:44,SYSTEM_SEED,SYSTEM_SEED
ACC-00338,Ravindranath Reddy,57,56-65,MALE,42963000000035022,Dakshina Kannada East,"Psychologist, forensic",2,2025-06-03,2025-08-18,,,2026-07-15 14:36:44,2026-07-15 14:36:44,SYSTEM_SEED,SYSTEM_SEED
ACC-00339,Shivakumar Bhat,20,18-25,MALE,42963000000035018,Chamarajanagar Taluk HQ,Risk analyst,1,2024-09-05,2024-09-05,,,2026-07-15 14:36:44,2026-07-15 14:36:44,SYSTEM_SEED,SYSTEM_SEED
ACC-00340,David Balasubramanian,60,56-65,MALE,42963000000035020,Chikkamagaluru South,Financial controller,2,2021-07-21,2023-10-12,,,2026-07-15 14:36:44,2026-07-15 14:36:44,SYSTEM_SEED,SYSTEM_SEED
ACC-00341,Yash Sehgal,19,18-25,MALE,42963000000035039,Uttara Kannada South,"Editor, film/video",1,2024-02-19,2024-02-19,,,2026-07-15 14:36:44,2026-07-15 14:36:44,SYSTEM_SEED,SYSTEM_SEED
ACC-00342,Parth Padmanabhan,34,26-35,MALE,42963000000035035,Ramanagara Taluk HQ,"Development worker, community",1,2025-01-04,2025-01-04,,,2026-07-15 14:36:44,2026-07-15 14:36:44,SYSTEM_SEED,SYSTEM_SEED
ACC-00343,Chandani Mane,39,36-45,FEMALE,42963000000035033,Mysuru East,Air broker,1,2021-09-27,2021-09-27,,,2026-07-15 14:36:44,2026-07-15 14:36:44,SYSTEM_SEED,SYSTEM_SEED
ACC-00344,Aryan Gaba,64,56-65,MALE,42963000000035040,Vijayapura Taluk HQ,"Teacher, music",1,2025-06-26,2025-06-26,,,2026-07-15 14:36:44,2026-07-15 14:36:44,SYSTEM_SEED,SYSTEM_SEED
ACC-00345,Indrajit Kar,53,46-55,MALE,42963000000035022,Dakshina Kannada Rural,"Engineer, maintenance",1,2022-11-30,2022-11-30,,,2026-07-15 14:36:44,2026-07-15 14:36:44,SYSTEM_SEED,SYSTEM_SEED
ACC-00346,Samarth Varghese,36,36-45,MALE,42963000000035037,Tumakuru East,Advertising account planner,1,2022-12-26,2022-12-26,,,2026-07-15 14:36:44,2026-07-15 14:36:44,SYSTEM_SEED,SYSTEM_SEED
ACC-00347,Warjas Deo,45,36-45,MALE,42963000000035027,Haveri West,Early years teacher,1,2024-08-17,2024-08-17,,,2026-07-15 14:36:44,2026-07-15 14:36:44,SYSTEM_SEED,SYSTEM_SEED
ACC-00348,Manjunath Naik,34,26-35,MALE,42963000000035016,Bengaluru Urban Taluk HQ,Tourist information centre manager,1,2022-10-27,2022-10-27,,,2026-07-15 14:36:44,2026-07-15 14:36:44,SYSTEM_SEED,SYSTEM_SEED
ACC-00349,Isaac Krishnan,35,26-35,MALE,42963000000035034,Raichur Taluk HQ,Translator,1,2024-11-23,2024-11-23,,,2026-07-15 14:36:44,2026-07-15 14:36:44,SYSTEM_SEED,SYSTEM_SEED
ACC-00350,Yallappa Reddy,33,26-35,MALE,42963000000035033,Mysuru Taluk HQ,Industrial/product designer,1,2023-07-14,2023-07-14,,,2026-07-15 14:36:44,2026-07-15 14:36:44,SYSTEM_SEED,SYSTEM_SEED
ACC-00351,Nagaraj Setty,57,56-65,MALE,42963000000035019,Chikballapur Rural,Haematologist,1,2023-01-06,2023-01-06,,,2026-07-15 14:36:44,2026-07-15 14:36:44,SYSTEM_SEED,SYSTEM_SEED
ACC-00352,Puttaswamy Kulkarni,56,56-65,MALE,42963000000035012,Bagalkot South,Pharmacologist,1,2022-05-13,2022-05-13,,,2026-07-15 14:36:44,2026-07-15 14:36:44,SYSTEM_SEED,SYSTEM_SEED
ACC-00353,Akkamahadevi Devadiga,29,26-35,FEMALE,42963000000035024,Dharwad Taluk HQ,Mudlogger,2,2023-03-29,2024-01-28,,,2026-07-15 14:36:44,2026-07-15 14:36:44,SYSTEM_SEED,SYSTEM_SEED
ACC-00354,Victor Krishnan,40,36-45,MALE,42963000000035024,Dharwad North,Engineering geologist,1,2025-11-08,2025-11-08,,,2026-07-15 14:36:44,2026-07-15 14:36:44,SYSTEM_SEED,SYSTEM_SEED
ACC-00355,Nidhi Verma,44,36-45,FEMALE,42963000000035014,Belagavi South,Youth worker,1,2022-12-19,2022-12-19,,,2026-07-15 14:36:44,2026-07-15 14:36:44,SYSTEM_SEED,SYSTEM_SEED
ACC-00356,Dalaja Amble,57,56-65,FEMALE,42963000000035026,Hassan East,Sales promotion account executive,1,2021-03-28,2021-03-28,,,2026-07-15 14:36:44,2026-07-15 14:36:44,SYSTEM_SEED,SYSTEM_SEED
ACC-00357,Lohit Misra,29,26-35,MALE,42963000000035018,Chamarajanagar South,Clinical cytogeneticist,2,2023-02-28,2024-03-27,,,2026-07-15 14:36:44,2026-07-15 14:36:44,SYSTEM_SEED,SYSTEM_SEED
ACC-00358,Azad Nayar,49,46-55,MALE,42963000000035016,Bengaluru Urban North,Health and safety inspector,1,2021-05-05,2021-05-05,,,2026-07-15 14:36:44,2026-07-15 14:36:44,SYSTEM_SEED,SYSTEM_SEED
ACC-00359,Bhagyalakshmi Naik,57,56-65,FEMALE,42963000000035031,Koppal Rural,"Journalist, broadcasting",1,2024-07-12,2024-07-12,,,2026-07-15 14:36:44,2026-07-15 14:36:44,SYSTEM_SEED,SYSTEM_SEED
ACC-00360,Kalpit Misra,50,46-55,MALE,42963000000035037,Tumakuru Taluk HQ,Emergency planning/management officer,1,2025-05-18,2025-05-18,,,2026-07-15 14:36:44,2026-07-15 14:36:44,SYSTEM_SEED,SYSTEM_SEED
ACC-00361,Nagaraj Shetty,53,46-55,MALE,42963000000035033,Mysuru Taluk HQ,Dealer,1,2021-02-13,2021-02-13,,,2026-07-15 14:36:44,2026-07-15 14:36:44,SYSTEM_SEED,SYSTEM_SEED
ACC-00362,Ayush Raval,61,56-65,MALE,42963000000035036,Shivamogga West,IT consultant,1,2025-09-29,2025-09-29,,,2026-07-15 14:36:44,2026-07-15 14:36:44,SYSTEM_SEED,SYSTEM_SEED
ACC-00363,Gangamma Hegde,63,56-65,FEMALE,42963000000035013,Ballari West,Counselling psychologist,2,2023-03-19,2023-06-14,,,2026-07-15 14:36:44,2026-07-15 14:36:44,SYSTEM_SEED,SYSTEM_SEED
ACC-00364,Lakshmamma Rai,46,46-55,FEMALE,42963000000035016,Bengaluru Urban West,Agricultural engineer,1,2022-12-05,2022-12-05,,,2026-07-15 14:36:44,2026-07-15 14:36:44,SYSTEM_SEED,SYSTEM_SEED
ACC-00365,Manbir Lad,41,36-45,MALE,42963000000035036,Shivamogga Taluk HQ,Personal assistant,2,2021-12-08,2023-05-22,,,2026-07-15 14:36:44,2026-07-15 14:36:44,SYSTEM_SEED,SYSTEM_SEED
ACC-00366,Basavaraj Rai,59,56-65,MALE,42963000000035023,Davanagere West,Ophthalmologist,1,2023-03-25,2023-03-25,,,2026-07-15 14:36:44,2026-07-15 14:36:44,SYSTEM_SEED,SYSTEM_SEED
ACC-00367,Andrew Gupta,41,36-45,MALE,42963000000035022,Dakshina Kannada Rural,Lobbyist,1,2023-08-24,2023-08-24,,,2026-07-15 14:36:44,2026-07-15 14:36:44,SYSTEM_SEED,SYSTEM_SEED
ACC-00368,Wazir Parmer,41,36-45,MALE,42963000000035024,Dharwad West,"Runner, broadcasting/film/video",1,2024-05-11,2024-05-11,,,2026-07-15 14:36:44,2026-07-15 14:36:44,SYSTEM_SEED,SYSTEM_SEED
ACC-00369,Jagadish Achar,19,18-25,MALE,42963000000035016,Bengaluru Urban Taluk HQ,Hydrologist,1,2022-09-20,2022-09-20,,,2026-07-15 14:36:44,2026-07-15 14:36:44,SYSTEM_SEED,SYSTEM_SEED
ACC-00370,Gautam Memon,24,18-25,MALE,42963000000035029,Kodagu West,Chief Strategy Officer,1,2021-07-06,2021-07-06,,,2026-07-15 14:36:44,2026-07-15 14:36:44,SYSTEM_SEED,SYSTEM_SEED
ACC-00371,Eesha Kuruvilla,63,56-65,FEMALE,42963000000035034,Raichur West,"Surveyor, land/geomatics",1,2025-08-12,2025-08-12,,,2026-07-15 14:36:44,2026-07-15 14:36:44,SYSTEM_SEED,SYSTEM_SEED
ACC-00372,Yallappa Gowda,63,56-65,MALE,42963000000035022,Dakshina Kannada Rural,"Education officer, museum",2,2024-07-05,2025-12-30,,,2026-07-15 14:36:44,2026-07-15 14:36:44,SYSTEM_SEED,SYSTEM_SEED
ACC-00373,Chaitanya Kapadia,64,56-65,MALE,42963000000035016,Bengaluru Urban Rural,Marine scientist,2,2021-04-12,2024-01-16,,,2026-07-15 14:36:44,2026-07-15 14:36:44,SYSTEM_SEED,SYSTEM_SEED
ACC-00374,Mitesh Salvi,23,18-25,MALE,42963000000035041,Yadgir North,Learning disability nurse,1,2022-12-08,2022-12-08,,,2026-07-15 14:36:44,2026-07-15 14:36:44,SYSTEM_SEED,SYSTEM_SEED
ACC-00375,Kalpit Menon,54,46-55,MALE,42963000000035024,Dharwad West,"Psychologist, educational",1,2025-06-02,2025-06-02,,,2026-07-15 14:36:44,2026-07-15 14:36:44,SYSTEM_SEED,SYSTEM_SEED
ACC-00376,Wahab Bera,64,56-65,MALE,42963000000035023,Davanagere West,Television production assistant,1,2022-05-02,2022-05-02,,,2026-07-15 14:36:44,2026-07-15 14:36:44,SYSTEM_SEED,SYSTEM_SEED
ACC-00377,Warinder Hayer,21,18-25,MALE,42963000000035029,Kodagu West,"Restaurant manager, fast food",1,2023-07-12,2023-07-12,,,2026-07-15 14:36:44,2026-07-15 14:36:44,SYSTEM_SEED,SYSTEM_SEED
ACC-00378,Yallappa Shetty,46,46-55,MALE,42963000000035021,Chitradurga North,Communications engineer,1,2022-11-01,2022-11-01,,,2026-07-15 14:36:44,2026-07-15 14:36:44,SYSTEM_SEED,SYSTEM_SEED
ACC-00379,Manthan Sachdev,39,36-45,MALE,42963000000035018,Chamarajanagar South,Audiological scientist,1,2022-09-24,2022-09-24,,,2026-07-15 14:36:44,2026-07-15 14:36:44,SYSTEM_SEED,SYSTEM_SEED
ACC-00380,Ekantika Iyer,32,26-35,FEMALE,42963000000035024,Dharwad Taluk HQ,"Lighting technician, broadcasting/film/video",2,2022-01-03,2023-04-20,,,2026-07-15 14:36:44,2026-07-15 14:36:44,SYSTEM_SEED,SYSTEM_SEED
ACC-00381,Vasudha Dhar,62,56-65,FEMALE,42963000000035018,Chamarajanagar East,Interpreter,1,2023-06-29,2023-06-29,,,2026-07-15 14:36:44,2026-07-15 14:36:44,SYSTEM_SEED,SYSTEM_SEED
ACC-00382,Banjeet Sura,41,36-45,MALE,42963000000035014,Belagavi Taluk HQ,Learning mentor,1,2023-04-21,2023-04-21,,,2026-07-15 14:36:44,2026-07-15 14:36:44,SYSTEM_SEED,SYSTEM_SEED
ACC-00383,Naksh Bhardwaj,41,36-45,MALE,42963000000035030,Kolar East,"Accountant, chartered management",1,2022-02-02,2022-02-02,,,2026-07-15 14:36:44,2026-07-15 14:36:44,SYSTEM_SEED,SYSTEM_SEED
ACC-00384,Laksh Kadakia,44,36-45,MALE,42963000000035018,Chamarajanagar North,Dispensing optician,1,2023-03-25,2023-03-25,,,2026-07-15 14:36:44,2026-07-15 14:36:44,SYSTEM_SEED,SYSTEM_SEED
ACC-00385,Yash Chakrabarti,52,46-55,MALE,42963000000035018,Chamarajanagar Rural,"Conservation officer, nature",1,2025-09-12,2025-09-12,,,2026-07-15 14:36:44,2026-07-15 14:36:44,SYSTEM_SEED,SYSTEM_SEED
ACC-00386,Upadhriti Raval,55,46-55,FEMALE,42963000000035031,Koppal South,"Pilot, airline",1,2023-10-07,2023-10-07,,,2026-07-15 14:36:44,2026-07-15 14:36:44,SYSTEM_SEED,SYSTEM_SEED
ACC-00387,Shivakumar Bhat,39,36-45,MALE,42963000000035021,Chitradurga North,Publishing rights manager,1,2024-09-02,2024-09-02,,,2026-07-15 14:36:44,2026-07-15 14:36:44,SYSTEM_SEED,SYSTEM_SEED
ACC-00388,Aarnav Barad,54,46-55,MALE,42963000000035024,Dharwad North,"Social research officer, government",1,2022-12-24,2022-12-24,,,2026-07-15 14:36:44,2026-07-15 14:36:44,SYSTEM_SEED,SYSTEM_SEED
ACC-00389,Gangamma Reddy,29,26-35,FEMALE,42963000000035037,Tumakuru South,"Engineer, communications",2,2023-06-24,2025-10-13,,,2026-07-15 14:36:44,2026-07-15 14:36:44,SYSTEM_SEED,SYSTEM_SEED
ACC-00390,Abhimanyu Nagy,53,46-55,MALE,42963000000035033,Mysuru Taluk HQ,Set designer,1,2022-11-06,2022-11-06,,,2026-07-15 14:36:44,2026-07-15 14:36:44,SYSTEM_SEED,SYSTEM_SEED
ACC-00391,Aditya Agrawal,26,26-35,MALE,42963000000035037,Tumakuru Taluk HQ,Fish farm manager,1,2024-12-01,2024-12-01,,,2026-07-15 14:36:44,2026-07-15 14:36:44,SYSTEM_SEED,SYSTEM_SEED
ACC-00392,Thimmaiah Kulkarni,62,56-65,MALE,42963000000035016,Bengaluru Urban West,Equities trader,1,2025-10-13,2025-10-13,,,2026-07-15 14:36:44,2026-07-15 14:36:44,SYSTEM_SEED,SYSTEM_SEED
ACC-00393,Savitramma Urs,42,36-45,FEMALE,42963000000035039,Uttara Kannada West,Local government officer,1,2024-03-13,2024-03-13,,,2026-07-15 14:36:44,2026-07-15 14:36:44,SYSTEM_SEED,SYSTEM_SEED
ACC-00394,Puttaswamy Achar,33,26-35,MALE,42963000000035033,Mysuru West,Insurance underwriter,1,2021-05-05,2021-05-05,,,2026-07-15 14:36:44,2026-07-15 14:36:44,SYSTEM_SEED,SYSTEM_SEED
ACC-00395,Charan Rajagopal,57,56-65,MALE,42963000000035015,Bengaluru Rural Taluk HQ,Retail manager,1,2024-11-24,2024-11-24,,,2026-07-15 14:36:44,2026-07-15 14:36:44,SYSTEM_SEED,SYSTEM_SEED
ACC-00396,Geetika Bhattacharyya,65,56-65,FEMALE,42963000000035039,Uttara Kannada East,Armed forces technical officer,1,2024-08-06,2024-08-06,,,2026-07-15 14:36:44,2026-07-15 14:36:44,SYSTEM_SEED,SYSTEM_SEED
ACC-00397,Maanav Shah,58,56-65,MALE,42963000000035024,Dharwad South,"Scientist, product/process development",1,2025-02-26,2025-02-26,,,2026-07-15 14:36:44,2026-07-15 14:36:44,SYSTEM_SEED,SYSTEM_SEED
ACC-00398,Teerth Desai,48,46-55,MALE,42963000000035032,Mandya Rural,"Lighting technician, broadcasting/film/video",1,2025-12-24,2025-12-24,,,2026-07-15 14:36:44,2026-07-15 14:36:44,SYSTEM_SEED,SYSTEM_SEED
ACC-00399,Praneel Guha,55,46-55,MALE,42963000000035039,Uttara Kannada Taluk HQ,"Development worker, international aid",1,2025-11-11,2025-11-11,,,2026-07-15 14:36:44,2026-07-15 14:36:44,SYSTEM_SEED,SYSTEM_SEED
ACC-00400,Aditya Kari,27,26-35,MALE,42963000000035038,Udupi South,Environmental manager,1,2024-04-17,2024-04-17,,,2026-07-15 14:36:44,2026-07-15 14:36:44,SYSTEM_SEED,SYSTEM_SEED
ACC-00401,Siddalingaiah Naik,61,56-65,MALE,42963000000035030,Kolar West,"Conservator, museum/gallery",1,2021-10-12,2021-10-12,,,2026-07-15 14:36:44,2026-07-15 14:36:44,SYSTEM_SEED,SYSTEM_SEED
ACC-00402,Alka Thaman,64,56-65,FEMALE,42963000000035028,Kalaburagi Taluk HQ,"Doctor, general practice",1,2021-09-09,2021-09-09,,,2026-07-15 14:36:44,2026-07-15 14:36:44,SYSTEM_SEED,SYSTEM_SEED
ACC-00403,Yashodamma Bhat,32,26-35,FEMALE,42963000000035020,Chikkamagaluru West,Community pharmacist,1,2022-02-02,2022-02-02,,,2026-07-15 14:36:44,2026-07-15 14:36:44,SYSTEM_SEED,SYSTEM_SEED
ACC-00404,Anirudh Prashad,55,46-55,MALE,42963000000035025,Gadag South,Freight forwarder,1,2023-04-04,2023-04-04,,,2026-07-15 14:36:44,2026-07-15 14:36:44,SYSTEM_SEED,SYSTEM_SEED
ACC-00405,Arjun Chokshi,38,36-45,MALE,42963000000035022,Dakshina Kannada North,Advertising account planner,1,2023-01-15,2023-01-15,,,2026-07-15 14:36:44,2026-07-15 14:36:44,SYSTEM_SEED,SYSTEM_SEED
ACC-00406,Dalbir Saha,20,18-25,MALE,42963000000035035,Ramanagara Rural,"Producer, radio",1,2022-10-11,2022-10-11,,,2026-07-15 14:36:44,2026-07-15 14:36:44,SYSTEM_SEED,SYSTEM_SEED
ACC-00407,Girijamma Rai,31,26-35,FEMALE,42963000000035023,Davanagere Taluk HQ,Museum/gallery conservator,1,2023-12-14,2023-12-14,,,2026-07-15 14:36:44,2026-07-15 14:36:44,SYSTEM_SEED,SYSTEM_SEED
ACC-00408,Nagaraj Devadiga,40,36-45,MALE,42963000000035020,Chikkamagaluru East,Community pharmacist,1,2022-09-22,2022-09-22,,,2026-07-15 14:36:44,2026-07-15 14:36:44,SYSTEM_SEED,SYSTEM_SEED
ACC-00409,Nagaraj Achar,32,26-35,MALE,42963000000035038,Udupi Taluk HQ,Sports development officer,1,2025-08-15,2025-08-15,,,2026-07-15 14:36:44,2026-07-15 14:36:44,SYSTEM_SEED,SYSTEM_SEED
ACC-00410,Lokesh Bhat,32,26-35,MALE,42963000000035031,Koppal West,Forensic psychologist,1,2021-04-08,2021-04-08,,,2026-07-15 14:36:44,2026-07-15 14:36:44,SYSTEM_SEED,SYSTEM_SEED
ACC-00411,Faraj Jha,28,26-35,MALE,42963000000035013,Ballari West,Acupuncturist,1,2021-12-03,2021-12-03,,,2026-07-15 14:36:44,2026-07-15 14:36:44,SYSTEM_SEED,SYSTEM_SEED
ACC-00412,Basavaraj Rai,52,46-55,MALE,42963000000035034,Raichur North,Illustrator,1,2025-04-11,2025-04-11,,,2026-07-15 14:36:44,2026-07-15 14:36:44,SYSTEM_SEED,SYSTEM_SEED
ACC-00413,Chandresh Venkatesh,36,36-45,MALE,42963000000035040,Vijayapura Rural,Geophysicist/field seismologist,1,2024-12-16,2024-12-16,,,2026-07-15 14:36:44,2026-07-15 14:36:44,SYSTEM_SEED,SYSTEM_SEED
ACC-00414,Ubika Cheema,46,46-55,FEMALE,42963000000035025,Gadag South,Sales promotion account executive,1,2025-11-20,2025-11-20,,,2026-07-15 14:36:44,2026-07-15 14:36:44,SYSTEM_SEED,SYSTEM_SEED
ACC-00415,Lohit Comar,25,18-25,MALE,42963000000035033,Mysuru Taluk HQ,Claims inspector/assessor,1,2024-02-12,2024-02-12,,,2026-07-15 14:36:44,2026-07-15 14:36:44,SYSTEM_SEED,SYSTEM_SEED
ACC-00416,Hardik Iyengar,46,46-55,MALE,42963000000035038,Udupi Taluk HQ,General practice doctor,2,2022-02-03,2024-10-30,,,2026-07-15 14:36:44,2026-07-15 14:36:44,SYSTEM_SEED,SYSTEM_SEED
ACC-00417,Praneel Rout,26,26-35,MALE,42963000000035042,Vijayanagara Taluk HQ,Hotel manager,1,2021-10-04,2021-10-04,,,2026-07-15 14:36:44,2026-07-15 14:36:44,SYSTEM_SEED,SYSTEM_SEED
ACC-00418,Anusha Taneja,40,36-45,FEMALE,42963000000035035,Ramanagara North,"Engineer, maintenance (IT)",1,2022-09-27,2022-09-27,,,2026-07-15 14:36:44,2026-07-15 14:36:44,SYSTEM_SEED,SYSTEM_SEED
ACC-00419,Puttaswamy Shetty,64,56-65,MALE,42963000000035014,Belagavi East,Quarry manager,1,2025-01-26,2025-01-26,,,2026-07-15 14:36:44,2026-07-15 14:36:44,SYSTEM_SEED,SYSTEM_SEED
ACC-00420,Jacob Agate,58,56-65,MALE,42963000000035033,Mysuru Taluk HQ,"Administrator, Civil Service",2,2023-07-18,2024-08-16,,,2026-07-15 14:36:44,2026-07-15 14:36:44,SYSTEM_SEED,SYSTEM_SEED
ACC-00421,Christopher Tak,63,56-65,MALE,42963000000035032,Mandya Taluk HQ,Database administrator,1,2022-07-09,2022-07-09,,,2026-07-15 14:36:44,2026-07-15 14:36:44,SYSTEM_SEED,SYSTEM_SEED
ACC-00422,Yashodhara Borde,45,36-45,FEMALE,42963000000035015,Bengaluru Rural West,Chiropractor,1,2021-07-28,2021-07-28,,,2026-07-15 14:36:44,2026-07-15 14:36:44,SYSTEM_SEED,SYSTEM_SEED
ACC-00423,Jack Shan,38,36-45,MALE,42963000000035017,Bidar Rural,Housing manager/officer,1,2021-08-09,2021-08-09,,,2026-07-15 14:36:44,2026-07-15 14:36:44,SYSTEM_SEED,SYSTEM_SEED
ACC-00424,Vincent Bedi,20,18-25,MALE,42963000000035040,Vijayapura North,Chiropodist,1,2025-04-23,2025-04-23,,,2026-07-15 14:36:44,2026-07-15 14:36:44,SYSTEM_SEED,SYSTEM_SEED
ACC-00425,Anmol Mannan,26,26-35,MALE,42963000000035028,Kalaburagi North,Media buyer,1,2023-03-08,2023-03-08,,,2026-07-15 14:36:44,2026-07-15 14:36:44,SYSTEM_SEED,SYSTEM_SEED
ACC-00426,Tanay D’Alia,61,56-65,MALE,42963000000035017,Bidar East,Chief of Staff,1,2022-06-18,2022-06-18,,,2026-07-15 14:36:44,2026-07-15 14:36:44,SYSTEM_SEED,SYSTEM_SEED
ACC-00427,Lokesh Nayak,29,26-35,MALE,42963000000035033,Mysuru Taluk HQ,Armed forces technical officer,2,2021-01-18,2025-12-21,,,2026-07-15 14:36:44,2026-07-15 14:36:44,SYSTEM_SEED,SYSTEM_SEED
ACC-00428,Ekapad Garde,51,46-55,MALE,42963000000035037,Tumakuru Taluk HQ,Land/geomatics surveyor,1,2024-02-16,2024-02-16,,,2026-07-15 14:36:44,2026-07-15 14:36:44,SYSTEM_SEED,SYSTEM_SEED
ACC-00429,Urvashi Loyal,45,36-45,FEMALE,42963000000035014,Belagavi North,Chief Financial Officer,1,2021-06-15,2021-06-15,,,2026-07-15 14:36:44,2026-07-15 14:36:44,SYSTEM_SEED,SYSTEM_SEED
ACC-00430,Onveer Goswami,63,56-65,MALE,42963000000035016,Bengaluru Urban South,Clothing/textile technologist,1,2022-02-25,2022-02-25,,,2026-07-15 14:36:44,2026-07-15 14:36:44,SYSTEM_SEED,SYSTEM_SEED
ACC-00431,Ryan Shan,57,56-65,MALE,42963000000035022,Dakshina Kannada Rural,Glass blower/designer,1,2021-11-11,2021-11-11,,,2026-07-15 14:36:44,2026-07-15 14:36:44,SYSTEM_SEED,SYSTEM_SEED
ACC-00432,William Sama,40,36-45,MALE,42963000000035024,Dharwad North,Dietitian,2,2023-11-02,2025-09-04,,,2026-07-15 14:36:44,2026-07-15 14:36:44,SYSTEM_SEED,SYSTEM_SEED
ACC-00433,Ekaja Bhargava,37,36-45,FEMALE,42963000000035036,Shivamogga Rural,"Designer, jewellery",1,2025-12-02,2025-12-02,,,2026-07-15 14:36:44,2026-07-15 14:36:44,SYSTEM_SEED,SYSTEM_SEED
ACC-00434,Sathvik Subramanian,49,46-55,MALE,42963000000035024,Dharwad West,"Teacher, adult education",1,2021-11-07,2021-11-07,,,2026-07-15 14:36:44,2026-07-15 14:36:44,SYSTEM_SEED,SYSTEM_SEED
ACC-00435,Manjunath Hegde,40,36-45,MALE,42963000000035026,Hassan South,Primary school teacher,1,2025-12-17,2025-12-17,,,2026-07-15 14:36:44,2026-07-15 14:36:44,SYSTEM_SEED,SYSTEM_SEED
ACC-00436,Shivakumar Hegde,44,36-45,MALE,42963000000035041,Yadgir North,"Education officer, community",2,2023-04-21,2025-06-02,,,2026-07-15 14:36:44,2026-07-15 14:36:44,SYSTEM_SEED,SYSTEM_SEED
ACC-00437,Praneel Balakrishnan,47,46-55,MALE,42963000000035041,Yadgir South,"Conservator, furniture",1,2022-09-25,2022-09-25,,,2026-07-15 14:36:44,2026-07-15 14:36:44,SYSTEM_SEED,SYSTEM_SEED
ACC-00438,Sunandamma Kulkarni,62,56-65,FEMALE,42963000000035022,Dakshina Kannada East,Radiation protection practitioner,2,2022-06-13,2025-05-24,,,2026-07-15 14:36:44,2026-07-15 14:36:44,SYSTEM_SEED,SYSTEM_SEED
ACC-00439,Prakash Shetty,56,56-65,MALE,42963000000035023,Davanagere West,Ranger/warden,1,2025-08-28,2025-08-28,,,2026-07-15 14:36:44,2026-07-15 14:36:44,SYSTEM_SEED,SYSTEM_SEED
ACC-00440,Samesh Sastry,31,26-35,MALE,42963000000035038,Udupi Taluk HQ,Armed forces training and education officer,1,2025-07-15,2025-07-15,,,2026-07-15 14:36:44,2026-07-15 14:36:44,SYSTEM_SEED,SYSTEM_SEED
ACC-00441,Puttaswamy Reddy,53,46-55,MALE,42963000000035033,Mysuru East,Biomedical scientist,1,2022-08-31,2022-08-31,,,2026-07-15 14:36:44,2026-07-15 14:36:44,SYSTEM_SEED,SYSTEM_SEED
ACC-00442,Bhagyalakshmi Shetty,46,46-55,FEMALE,42963000000035023,Davanagere East,Games developer,2,2024-01-15,2024-09-15,,,2026-07-15 14:36:44,2026-07-15 14:36:44,SYSTEM_SEED,SYSTEM_SEED
ACC-00443,Abeer Vohra,64,56-65,MALE,42963000000035017,Bidar Taluk HQ,Technical author,1,2022-03-09,2022-03-09,,,2026-07-15 14:36:44,2026-07-15 14:36:44,SYSTEM_SEED,SYSTEM_SEED
ACC-00444,Kaveri Bhat,37,36-45,FEMALE,42963000000035024,Dharwad North,Systems analyst,1,2022-01-03,2022-01-03,,,2026-07-15 14:36:44,2026-07-15 14:36:44,SYSTEM_SEED,SYSTEM_SEED
ACC-00445,Omkaar Venkataraman,58,56-65,MALE,42963000000035015,Bengaluru Rural West,"Scientist, research (medical)",1,2024-04-15,2024-04-15,,,2026-07-15 14:36:44,2026-07-15 14:36:44,SYSTEM_SEED,SYSTEM_SEED
ACC-00446,Tarak Kothari,39,36-45,MALE,42963000000035016,Bengaluru Urban Rural,Race relations officer,2,2022-02-08,2025-09-17,,,2026-07-15 14:36:44,2026-07-15 14:36:44,SYSTEM_SEED,SYSTEM_SEED
ACC-00447,Puttaswamy Rai,19,18-25,MALE,42963000000035034,Raichur West,Logistics and distribution manager,1,2021-07-14,2021-07-14,,,2026-07-15 14:36:44,2026-07-15 14:36:44,SYSTEM_SEED,SYSTEM_SEED
ACC-00448,Falan Bhagat,22,18-25,MALE,42963000000035031,Koppal South,"Administrator, arts",1,2024-06-15,2024-06-15,,,2026-07-15 14:36:44,2026-07-15 14:36:44,SYSTEM_SEED,SYSTEM_SEED
ACC-00449,Veeranna Reddy,52,46-55,MALE,42963000000035017,Bidar Rural,"Designer, graphic",1,2021-04-25,2021-04-25,,,2026-07-15 14:36:44,2026-07-15 14:36:44,SYSTEM_SEED,SYSTEM_SEED
ACC-00450,Rathnamma Rai,32,26-35,FEMALE,42963000000035020,Chikkamagaluru East,Risk analyst,1,2022-09-08,2022-09-08,,,2026-07-15 14:36:44,2026-07-15 14:36:44,SYSTEM_SEED,SYSTEM_SEED
ACC-00451,Akkamahadevi Gowda,31,26-35,FEMALE,42963000000035026,Hassan Taluk HQ,"Psychotherapist, child",1,2022-12-27,2022-12-27,,,2026-07-15 14:36:44,2026-07-15 14:36:44,SYSTEM_SEED,SYSTEM_SEED
ACC-00452,Sunandamma Gowda,51,46-55,FEMALE,42963000000035015,Bengaluru Rural North,Research scientist (life sciences),1,2025-09-08,2025-09-08,,,2026-07-15 14:36:44,2026-07-15 14:36:44,SYSTEM_SEED,SYSTEM_SEED
ACC-00453,Manjunath Gowda,36,36-45,MALE,42963000000035020,Chikkamagaluru South,Diagnostic radiographer,1,2024-02-24,2024-02-24,,,2026-07-15 14:36:44,2026-07-15 14:36:44,SYSTEM_SEED,SYSTEM_SEED
ACC-00454,Yatan Nagi,65,56-65,MALE,42963000000035016,Bengaluru Urban Rural,Financial adviser,1,2024-11-02,2024-11-02,,,2026-07-15 14:36:44,2026-07-15 14:36:44,SYSTEM_SEED,SYSTEM_SEED
ACC-00455,Maya Bedi,43,36-45,FEMALE,42963000000035016,Bengaluru Urban South,"Runner, broadcasting/film/video",1,2022-06-19,2022-06-19,,,2026-07-15 14:36:44,2026-07-15 14:36:44,SYSTEM_SEED,SYSTEM_SEED
ACC-00456,Ranbir Rau,23,18-25,MALE,42963000000035014,Belagavi Rural,Farm manager,1,2021-06-19,2021-06-19,,,2026-07-15 14:36:44,2026-07-15 14:36:44,SYSTEM_SEED,SYSTEM_SEED
ACC-00457,Veeranna Achar,64,56-65,MALE,42963000000035023,Davanagere North,Careers information officer,1,2021-06-21,2021-06-21,,,2026-07-15 14:36:44,2026-07-15 14:36:44,SYSTEM_SEED,SYSTEM_SEED
ACC-00458,Tristan Sem,24,18-25,MALE,42963000000035033,Mysuru North,Chartered management accountant,2,2021-04-02,2022-08-29,,,2026-07-15 14:36:44,2026-07-15 14:36:44,SYSTEM_SEED,SYSTEM_SEED
ACC-00459,Vansha Mutti,56,56-65,FEMALE,42963000000035037,Tumakuru East,Commissioning editor,1,2024-09-08,2024-09-08,,,2026-07-15 14:36:44,2026-07-15 14:36:44,SYSTEM_SEED,SYSTEM_SEED
ACC-00460,Siddalingaiah Poojary,50,46-55,MALE,42963000000035033,Mysuru Taluk HQ,Research scientist (medical),2,2022-10-05,2024-04-21,,,2026-07-15 14:36:44,2026-07-15 14:36:44,SYSTEM_SEED,SYSTEM_SEED
ACC-00461,Dalaja Raval,34,26-35,FEMALE,42963000000035041,Yadgir East,Passenger transport manager,1,2024-01-28,2024-01-28,,,2026-07-15 14:36:44,2026-07-15 14:36:44,SYSTEM_SEED,SYSTEM_SEED
ACC-00462,Shanthakumari Bhat,36,36-45,FEMALE,42963000000035023,Davanagere South,Animal technologist,1,2023-04-25,2023-04-25,,,2026-07-15 14:36:44,2026-07-15 14:36:44,SYSTEM_SEED,SYSTEM_SEED
ACC-00463,Chandani Modi,48,46-55,FEMALE,42963000000035020,Chikkamagaluru West,Rural practice surveyor,1,2021-07-29,2021-07-29,,,2026-07-15 14:36:44,2026-07-15 14:36:44,SYSTEM_SEED,SYSTEM_SEED
ACC-00464,Vedant Om,33,26-35,MALE,42963000000035022,Dakshina Kannada Rural,Medical physicist,2,2021-06-02,2022-01-04,,,2026-07-15 14:36:44,2026-07-15 14:36:44,SYSTEM_SEED,SYSTEM_SEED
ACC-00465,Isaac Sha,43,36-45,MALE,42963000000035041,Yadgir Rural,Learning disability nurse,1,2021-04-24,2021-04-24,,,2026-07-15 14:36:44,2026-07-15 14:36:44,SYSTEM_SEED,SYSTEM_SEED
ACC-00466,Qabil Sethi,24,18-25,MALE,42963000000035024,Dharwad Taluk HQ,Clothing/textile technologist,1,2021-05-10,2021-05-10,,,2026-07-15 14:36:44,2026-07-15 14:36:44,SYSTEM_SEED,SYSTEM_SEED
ACC-00467,Indrajit Agate,43,36-45,MALE,42963000000035033,Mysuru East,Licensed conveyancer,1,2024-02-28,2024-02-28,,,2026-07-15 14:36:44,2026-07-15 14:36:44,SYSTEM_SEED,SYSTEM_SEED
ACC-00468,Jagadish Setty,54,46-55,MALE,42963000000035015,Bengaluru Rural Rural,Marine scientist,1,2025-08-26,2025-08-26,,,2026-07-15 14:36:44,2026-07-15 14:36:44,SYSTEM_SEED,SYSTEM_SEED
ACC-00469,Sureshgowda Achar,23,18-25,MALE,42963000000035015,Bengaluru Rural North,"Horticulturist, amenity",1,2024-10-20,2024-10-20,,,2026-07-15 14:36:44,2026-07-15 14:36:44,SYSTEM_SEED,SYSTEM_SEED
ACC-00470,Chatresh Bath,23,18-25,MALE,42963000000035016,Bengaluru Urban East,"Development worker, international aid",1,2021-11-30,2021-11-30,,,2026-07-15 14:36:44,2026-07-15 14:36:44,SYSTEM_SEED,SYSTEM_SEED
ACC-00471,Ekaraj Rout,51,46-55,MALE,42963000000035033,Mysuru North,Clinical biochemist,1,2025-04-25,2025-04-25,,,2026-07-15 14:36:44,2026-07-15 14:36:44,SYSTEM_SEED,SYSTEM_SEED
ACC-00472,Prakash Urs,21,18-25,MALE,42963000000035033,Mysuru South,Forest/woodland manager,1,2021-01-03,2021-01-03,,,2026-07-15 14:36:44,2026-07-15 14:36:44,SYSTEM_SEED,SYSTEM_SEED
ACC-00473,Girindra Dara,27,26-35,MALE,42963000000035013,Ballari West,"Nurse, learning disability",1,2023-04-08,2023-04-08,,,2026-07-15 14:36:44,2026-07-15 14:36:44,SYSTEM_SEED,SYSTEM_SEED
ACC-00474,Lokesh Setty,44,36-45,MALE,42963000000035037,Tumakuru West,"Engineer, structural",1,2021-07-27,2021-07-27,,,2026-07-15 14:36:44,2026-07-15 14:36:44,SYSTEM_SEED,SYSTEM_SEED
ACC-00475,Manjunath Rai,49,46-55,MALE,42963000000035026,Hassan East,"Programmer, systems",1,2022-02-09,2022-02-09,,,2026-07-15 14:36:44,2026-07-15 14:36:44,SYSTEM_SEED,SYSTEM_SEED
ACC-00476,Omkaar Chokshi,63,56-65,MALE,42963000000035024,Dharwad Rural,Patent examiner,1,2023-04-10,2023-04-10,,,2026-07-15 14:36:44,2026-07-15 14:36:44,SYSTEM_SEED,SYSTEM_SEED
ACC-00477,Chandrakala Reddy,64,56-65,FEMALE,42963000000035014,Belagavi North,Armed forces training and education officer,1,2024-09-14,2024-09-14,,,2026-07-15 14:36:44,2026-07-15 14:36:44,SYSTEM_SEED,SYSTEM_SEED
ACC-00478,Varenya Shankar,18,18-25,FEMALE,42963000000035016,Bengaluru Urban North,Theme park manager,1,2022-09-29,2022-09-29,,,2026-07-15 14:36:44,2026-07-15 14:36:44,SYSTEM_SEED,SYSTEM_SEED
ACC-00479,Zaid Agrawal,30,26-35,MALE,42963000000035024,Dharwad Taluk HQ,Set designer,2,2021-10-30,2022-03-09,,,2026-07-15 14:36:44,2026-07-15 14:36:44,SYSTEM_SEED,SYSTEM_SEED
ACC-00480,Tarak Subramanian,45,36-45,MALE,42963000000035024,Dharwad West,Rural practice surveyor,1,2025-01-07,2025-01-07,,,2026-07-15 14:36:44,2026-07-15 14:36:44,SYSTEM_SEED,SYSTEM_SEED
ACC-00481,Gabriel Dave,49,46-55,MALE,42963000000035016,Bengaluru Urban East,Civil Service administrator,1,2021-05-25,2021-05-25,,,2026-07-15 14:36:44,2026-07-15 14:36:44,SYSTEM_SEED,SYSTEM_SEED
ACC-00482,Prakash Urs,43,36-45,MALE,42963000000035012,Bagalkot Rural,Naval architect,1,2022-09-27,2022-09-27,,,2026-07-15 14:36:44,2026-07-15 14:36:44,SYSTEM_SEED,SYSTEM_SEED
ACC-00483,Zayyan Rajagopalan,35,26-35,MALE,42963000000035025,Gadag South,Personal assistant,1,2024-06-29,2024-06-29,,,2026-07-15 14:36:44,2026-07-15 14:36:44,SYSTEM_SEED,SYSTEM_SEED
ACC-00484,Thimmaiah Nayak,54,46-55,MALE,42963000000035030,Kolar North,Transport planner,1,2025-12-28,2025-12-28,,,2026-07-15 14:36:44,2026-07-15 14:36:44,SYSTEM_SEED,SYSTEM_SEED
ACC-00485,Channabasappa Shetty,57,56-65,MALE,42963000000035041,Yadgir East,Fish farm manager,2,2021-03-10,2022-09-20,,,2026-07-15 14:36:44,2026-07-15 14:36:44,SYSTEM_SEED,SYSTEM_SEED
ACC-00486,Jayamma Naik,47,46-55,FEMALE,42963000000035017,Bidar West,Graphic designer,1,2025-01-02,2025-01-02,,,2026-07-15 14:36:44,2026-07-15 14:36:44,SYSTEM_SEED,SYSTEM_SEED
ACC-00487,Shivakumar Naik,63,56-65,MALE,42963000000035036,Shivamogga North,Occupational therapist,1,2021-03-02,2021-03-02,,,2026-07-15 14:36:44,2026-07-15 14:36:44,SYSTEM_SEED,SYSTEM_SEED
ACC-00488,Nandini Sethi,48,46-55,FEMALE,42963000000035014,Belagavi South,Contracting civil engineer,2,2022-02-27,2024-01-28,,,2026-07-15 14:36:44,2026-07-15 14:36:44,SYSTEM_SEED,SYSTEM_SEED
ACC-00489,Triveni Vala,62,56-65,FEMALE,42963000000035017,Bidar West,Hydrographic surveyor,1,2021-08-05,2021-08-05,,,2026-07-15 14:36:44,2026-07-15 14:36:44,SYSTEM_SEED,SYSTEM_SEED
ACC-00490,Siddalingaiah Achar,47,46-55,MALE,42963000000035021,Chitradurga North,Sports development officer,1,2025-11-09,2025-11-09,,,2026-07-15 14:36:44,2026-07-15 14:36:44,SYSTEM_SEED,SYSTEM_SEED
ACC-00491,Janani Iyer,22,18-25,FEMALE,42963000000035022,Dakshina Kannada North,"Engineer, manufacturing systems",1,2021-02-27,2021-02-27,,,2026-07-15 14:36:44,2026-07-15 14:36:44,SYSTEM_SEED,SYSTEM_SEED
ACC-00492,Orinder Deo,40,36-45,MALE,42963000000035029,Kodagu South,"Editor, magazine features",1,2021-03-08,2021-03-08,,,2026-07-15 14:36:44,2026-07-15 14:36:44,SYSTEM_SEED,SYSTEM_SEED
ACC-00493,Dalbir Pandey,36,36-45,MALE,42963000000035035,Ramanagara West,"Surveyor, planning and development",1,2025-03-13,2025-03-13,,,2026-07-15 14:36:44,2026-07-15 14:36:44,SYSTEM_SEED,SYSTEM_SEED
ACC-00494,Sathvik Walla,64,56-65,MALE,42963000000035020,Chikkamagaluru East,Higher education lecturer,1,2024-09-29,2024-09-29,,,2026-07-15 14:36:44,2026-07-15 14:36:44,SYSTEM_SEED,SYSTEM_SEED
ACC-00495,Abha Virk,34,26-35,FEMALE,42963000000035027,Haveri North,Clinical biochemist,1,2025-03-10,2025-03-10,,,2026-07-15 14:36:44,2026-07-15 14:36:44,SYSTEM_SEED,SYSTEM_SEED
ACC-00496,Lokesh Shetty,22,18-25,MALE,42963000000035028,Kalaburagi North,Agricultural consultant,1,2024-10-25,2024-10-25,,,2026-07-15 14:36:44,2026-07-15 14:36:44,SYSTEM_SEED,SYSTEM_SEED
ACC-00497,Thimmaiah Achar,34,26-35,MALE,42963000000035027,Haveri Rural,Museum/gallery curator,1,2021-03-12,2021-03-12,,,2026-07-15 14:36:44,2026-07-15 14:36:44,SYSTEM_SEED,SYSTEM_SEED
ACC-00498,Avi Bhalla,42,36-45,MALE,42963000000035021,Chitradurga West,"Engineer, communications",1,2024-05-27,2024-05-27,,,2026-07-15 14:36:44,2026-07-15 14:36:44,SYSTEM_SEED,SYSTEM_SEED
ACC-00499,Faris Mangat,56,56-65,MALE,42963000000035019,Chikballapur West,Fitness centre manager,1,2024-05-07,2024-05-07,,,2026-07-15 14:36:44,2026-07-15 14:36:44,SYSTEM_SEED,SYSTEM_SEED
ACC-00500,Basavaraj Setty,60,56-65,MALE,42963000000035039,Uttara Kannada North,Dancer,1,2021-11-04,2021-11-04,,,2026-07-15 14:36:44,2026-07-15 14:36:44,SYSTEM_SEED,SYSTEM_SEED
ACC-00501,Manbir Jani,31,26-35,MALE,42963000000035015,Bengaluru Rural North,Special educational needs teacher,1,2021-11-15,2021-11-15,,,2026-07-15 14:36:44,2026-07-15 14:36:44,SYSTEM_SEED,SYSTEM_SEED
ACC-00502,Praneel Sethi,27,26-35,MALE,42963000000035016,Bengaluru Urban South,"Civil engineer, consulting",1,2023-01-19,2023-01-19,,,2026-07-15 14:36:44,2026-07-15 14:36:44,SYSTEM_SEED,SYSTEM_SEED
ACC-00503,Thimmakka Setty,22,18-25,FEMALE,42963000000035038,Udupi East,Warden/ranger,1,2024-11-10,2024-11-10,,,2026-07-15 14:36:44,2026-07-15 14:36:44,SYSTEM_SEED,SYSTEM_SEED
ACC-00504,Thimmakka Setty,45,36-45,FEMALE,42963000000035031,Koppal Taluk HQ,"Surveyor, planning and development",1,2021-09-12,2021-09-12,,,2026-07-15 14:36:44,2026-07-15 14:36:44,SYSTEM_SEED,SYSTEM_SEED
ACC-00505,Ravindranath Urs,33,26-35,MALE,42963000000035027,Haveri East,Environmental manager,1,2022-10-26,2022-10-26,,,2026-07-15 14:36:44,2026-07-15 14:36:44,SYSTEM_SEED,SYSTEM_SEED
ACC-00506,Kashish Vaidya,40,36-45,FEMALE,42963000000035021,Chitradurga West,Holiday representative,1,2021-11-15,2021-11-15,,,2026-07-15 14:36:44,2026-07-15 14:36:44,SYSTEM_SEED,SYSTEM_SEED
ACC-00507,Rayaan Ram,23,18-25,MALE,42963000000035038,Udupi North,Pension scheme manager,1,2023-10-02,2023-10-02,,,2026-07-15 14:36:44,2026-07-15 14:36:44,SYSTEM_SEED,SYSTEM_SEED
ACC-00508,Avni Arya,58,56-65,FEMALE,42963000000035036,Shivamogga East,Food technologist,2,2021-01-03,2024-03-15,,,2026-07-15 14:36:44,2026-07-15 14:36:44,SYSTEM_SEED,SYSTEM_SEED
ACC-00509,Timothy Kar,53,46-55,MALE,42963000000035024,Dharwad South,Mental health nurse,1,2023-01-19,2023-01-19,,,2026-07-15 14:36:44,2026-07-15 14:36:44,SYSTEM_SEED,SYSTEM_SEED
ACC-00510,Gunbir Menon,61,56-65,MALE,42963000000035016,Bengaluru Urban Rural,"Production assistant, radio",1,2025-10-25,2025-10-25,,,2026-07-15 14:36:44,2026-07-15 14:36:44,SYSTEM_SEED,SYSTEM_SEED
ACC-00511,Baljiwan Grover,40,36-45,MALE,42963000000035016,Bengaluru Urban East,Early years teacher,1,2023-12-06,2023-12-06,,,2026-07-15 14:36:44,2026-07-15 14:36:44,SYSTEM_SEED,SYSTEM_SEED
ACC-00512,Saanvi Baria,60,56-65,FEMALE,42963000000035022,Dakshina Kannada West,Phytotherapist,1,2025-05-16,2025-05-16,,,2026-07-15 14:36:44,2026-07-15 14:36:44,SYSTEM_SEED,SYSTEM_SEED
ACC-00513,Libni De,53,46-55,FEMALE,42963000000035037,Tumakuru North,"Designer, multimedia",1,2024-05-14,2024-05-14,,,2026-07-15 14:36:44,2026-07-15 14:36:44,SYSTEM_SEED,SYSTEM_SEED
ACC-00514,Aahana Narayanan,42,36-45,FEMALE,42963000000035022,Dakshina Kannada Taluk HQ,"Psychologist, prison and probation services",1,2022-11-03,2022-11-03,,,2026-07-15 14:36:44,2026-07-15 14:36:44,SYSTEM_SEED,SYSTEM_SEED
ACC-00515,Anmol Dube,30,26-35,MALE,42963000000035024,Dharwad Taluk HQ,IT trainer,2,2023-02-14,2024-04-13,,,2026-07-15 14:36:44,2026-07-15 14:36:44,SYSTEM_SEED,SYSTEM_SEED
ACC-00516,Raghavendra Shetty,55,46-55,MALE,42963000000035021,Chitradurga West,"Therapist, speech and language",1,2023-09-05,2023-09-05,,,2026-07-15 14:36:44,2026-07-15 14:36:44,SYSTEM_SEED,SYSTEM_SEED
ACC-00517,Nagaraj Nayak,18,18-25,MALE,42963000000035029,Kodagu East,Arts development officer,1,2024-08-26,2024-08-26,,,2026-07-15 14:36:44,2026-07-15 14:36:44,SYSTEM_SEED,SYSTEM_SEED
ACC-00518,Yatan Parmar,43,36-45,MALE,42963000000035013,Ballari South,"Buyer, industrial",1,2024-07-19,2024-07-19,,,2026-07-15 14:36:44,2026-07-15 14:36:44,SYSTEM_SEED,SYSTEM_SEED
ACC-00519,Imaran Gour,35,26-35,MALE,42963000000035029,Kodagu Taluk HQ,"Scientist, research (life sciences)",1,2023-09-20,2023-09-20,,,2026-07-15 14:36:44,2026-07-15 14:36:44,SYSTEM_SEED,SYSTEM_SEED
ACC-00520,Zayyan Dutta,63,56-65,MALE,42963000000035040,Vijayapura Rural,Pathologist,1,2021-06-05,2021-06-05,,,2026-07-15 14:36:44,2026-07-15 14:36:44,SYSTEM_SEED,SYSTEM_SEED
ACC-00521,Charita Palla,47,46-55,FEMALE,42963000000035024,Dharwad Rural,Environmental consultant,1,2022-12-02,2022-12-02,,,2026-07-15 14:36:44,2026-07-15 14:36:44,SYSTEM_SEED,SYSTEM_SEED
ACC-00522,Basavaraj Achar,52,46-55,MALE,42963000000035035,Ramanagara Rural,"Engineer, production",1,2024-05-03,2024-05-03,,,2026-07-15 14:36:44,2026-07-15 14:36:44,SYSTEM_SEED,SYSTEM_SEED
ACC-00523,Jagadish Hegde,27,26-35,MALE,42963000000035033,Mysuru East,Learning disability nurse,1,2021-05-23,2021-05-23,,,2026-07-15 14:36:44,2026-07-15 14:36:44,SYSTEM_SEED,SYSTEM_SEED
ACC-00524,Radha Memon,25,18-25,FEMALE,42963000000035014,Belagavi Taluk HQ,Engineering geologist,1,2024-08-14,2024-08-14,,,2026-07-15 14:36:44,2026-07-15 14:36:44,SYSTEM_SEED,SYSTEM_SEED
ACC-00525,Aayush Contractor,38,36-45,MALE,42963000000035015,Bengaluru Rural North,Logistics and distribution manager,1,2022-10-20,2022-10-20,,,2026-07-15 14:36:44,2026-07-15 14:36:44,SYSTEM_SEED,SYSTEM_SEED
ACC-00526,Puttaswamy Urs,59,56-65,MALE,42963000000035029,Kodagu North,Product designer,1,2022-01-16,2022-01-16,,,2026-07-15 14:36:44,2026-07-15 14:36:44,SYSTEM_SEED,SYSTEM_SEED
ACC-00527,Basavaraj Nayak,55,46-55,MALE,42963000000035033,Mysuru East,Financial adviser,1,2023-02-07,2023-02-07,,,2026-07-15 14:36:44,2026-07-15 14:36:44,SYSTEM_SEED,SYSTEM_SEED
ACC-00528,Anmol Nagi,44,36-45,MALE,42963000000035036,Shivamogga Taluk HQ,Museum/gallery curator,1,2024-05-15,2024-05-15,,,2026-07-15 14:36:44,2026-07-15 14:36:44,SYSTEM_SEED,SYSTEM_SEED
ACC-00529,Reyansh Kunda,30,26-35,MALE,42963000000035035,Ramanagara Rural,"Sound technician, broadcasting/film/video",1,2021-06-01,2021-06-01,,,2026-07-15 14:36:44,2026-07-15 14:36:44,SYSTEM_SEED,SYSTEM_SEED
ACC-00530,Amaira Varughese,35,26-35,FEMALE,42963000000035014,Belagavi South,Minerals surveyor,1,2024-10-15,2024-10-15,,,2026-07-15 14:36:44,2026-07-15 14:36:44,SYSTEM_SEED,SYSTEM_SEED
ACC-00531,Yagnesh Bassi,56,56-65,MALE,42963000000035017,Bidar North,Housing manager/officer,1,2025-03-25,2025-03-25,,,2026-07-15 14:36:44,2026-07-15 14:36:44,SYSTEM_SEED,SYSTEM_SEED
ACC-00532,Oeshi Varkey,58,56-65,FEMALE,42963000000035033,Mysuru Taluk HQ,Charity fundraiser,1,2023-01-07,2023-01-07,,,2026-07-15 14:36:44,2026-07-15 14:36:44,SYSTEM_SEED,SYSTEM_SEED
ACC-00533,Puttaswamy Devadiga,37,36-45,MALE,42963000000035019,Chikballapur West,Chief Operating Officer,1,2021-03-31,2021-03-31,,,2026-07-15 14:36:44,2026-07-15 14:36:44,SYSTEM_SEED,SYSTEM_SEED
ACC-00534,Aarush Bhatti,62,56-65,MALE,42963000000035014,Belagavi Taluk HQ,"Engineer, materials",2,2024-05-05,2025-10-30,,,2026-07-15 14:36:44,2026-07-15 14:36:44,SYSTEM_SEED,SYSTEM_SEED
ACC-00535,Chandrakala Naik,25,18-25,FEMALE,42963000000035039,Uttara Kannada South,"Engineer, production",1,2024-02-17,2024-02-17,,,2026-07-15 14:36:44,2026-07-15 14:36:44,SYSTEM_SEED,SYSTEM_SEED
ACC-00536,Kariyappa Setty,55,46-55,MALE,42963000000035029,Kodagu Taluk HQ,Photographer,1,2024-12-23,2024-12-23,,,2026-07-15 14:36:44,2026-07-15 14:36:44,SYSTEM_SEED,SYSTEM_SEED
ACC-00537,Harshil Yogi,31,26-35,MALE,42963000000035030,Kolar Rural,"Presenter, broadcasting",1,2025-04-22,2025-04-22,,,2026-07-15 14:36:44,2026-07-15 14:36:44,SYSTEM_SEED,SYSTEM_SEED
ACC-00538,Ganga Bajwa,33,26-35,FEMALE,42963000000035020,Chikkamagaluru North,Psychiatric nurse,1,2024-08-03,2024-08-03,,,2026-07-15 14:36:44,2026-07-15 14:36:44,SYSTEM_SEED,SYSTEM_SEED
ACC-00539,Chandrashekar Reddy,65,56-65,MALE,42963000000035033,Mysuru Rural,Learning disability nurse,1,2022-04-03,2022-04-03,,,2026-07-15 14:36:44,2026-07-15 14:36:44,SYSTEM_SEED,SYSTEM_SEED
ACC-00540,Puttaswamy Reddy,36,36-45,MALE,42963000000035016,Bengaluru Urban North,Applications developer,1,2024-07-22,2024-07-22,,,2026-07-15 14:36:44,2026-07-15 14:36:44,SYSTEM_SEED,SYSTEM_SEED
ACC-00541,Prakash Shetty,30,26-35,MALE,42963000000035019,Chikballapur Rural,Chartered loss adjuster,1,2022-10-07,2022-10-07,,,2026-07-15 14:36:44,2026-07-15 14:36:44,SYSTEM_SEED,SYSTEM_SEED
ACC-00542,Avi Gokhale,46,46-55,MALE,42963000000035019,Chikballapur West,Food technologist,1,2022-11-23,2022-11-23,,,2026-07-15 14:36:44,2026-07-15 14:36:44,SYSTEM_SEED,SYSTEM_SEED
ACC-00543,Ishaan Kuruvilla,41,36-45,MALE,42963000000035022,Dakshina Kannada East,Orthoptist,1,2021-06-03,2021-06-03,,,2026-07-15 14:36:44,2026-07-15 14:36:44,SYSTEM_SEED,SYSTEM_SEED
ACC-00544,Yallappa Reddy,58,56-65,MALE,42963000000035032,Mandya North,Network engineer,1,2024-08-09,2024-08-09,,,2026-07-15 14:36:44,2026-07-15 14:36:44,SYSTEM_SEED,SYSTEM_SEED
ACC-00545,Tanmayi Sant,52,46-55,FEMALE,42963000000035027,Haveri East,Interpreter,2,2022-10-25,2024-07-10,,,2026-07-15 14:36:44,2026-07-15 14:36:44,SYSTEM_SEED,SYSTEM_SEED
ACC-00546,Robert Dani,40,36-45,MALE,42963000000035030,Kolar South,Social researcher,1,2023-09-25,2023-09-25,,,2026-07-15 14:36:44,2026-07-15 14:36:44,SYSTEM_SEED,SYSTEM_SEED
ACC-00547,Azad Bath,31,26-35,MALE,42963000000035022,Dakshina Kannada West,"Buyer, industrial",1,2025-05-01,2025-05-01,,,2026-07-15 14:36:44,2026-07-15 14:36:44,SYSTEM_SEED,SYSTEM_SEED
ACC-00548,Lakshmamma Shetty,65,56-65,FEMALE,42963000000035034,Raichur North,Materials engineer,1,2024-02-16,2024-02-16,,,2026-07-15 14:36:44,2026-07-15 14:36:44,SYSTEM_SEED,SYSTEM_SEED
ACC-00549,Mohini Mitra,47,46-55,FEMALE,42963000000035019,Chikballapur West,Training and development officer,1,2022-01-02,2022-01-02,,,2026-07-15 14:36:44,2026-07-15 14:36:44,SYSTEM_SEED,SYSTEM_SEED
ACC-00550,Megha Sarma,60,56-65,FEMALE,42963000000035030,Kolar East,Museum/gallery curator,1,2022-01-16,2022-01-16,,,2026-07-15 14:36:44,2026-07-15 14:36:44,SYSTEM_SEED,SYSTEM_SEED
ACC-00551,Alexander Som,55,46-55,MALE,42963000000035021,Chitradurga Rural,"Designer, graphic",1,2022-03-23,2022-03-23,,,2026-07-15 14:36:44,2026-07-15 14:36:44,SYSTEM_SEED,SYSTEM_SEED
ACC-00552,Gangamma Nayak,55,46-55,FEMALE,42963000000035039,Uttara Kannada South,"Social research officer, government",1,2021-03-18,2021-03-18,,,2026-07-15 14:36:44,2026-07-15 14:36:44,SYSTEM_SEED,SYSTEM_SEED
ACC-00553,Ekansh Raman,18,18-25,MALE,42963000000035016,Bengaluru Urban South,Sports administrator,1,2021-11-29,2021-11-29,,,2026-07-15 14:36:44,2026-07-15 14:36:44,SYSTEM_SEED,SYSTEM_SEED
ACC-00554,Raghavendra Shetty,59,56-65,MALE,42963000000035039,Uttara Kannada North,Hotel manager,2,2021-06-29,2022-09-25,,,2026-07-15 14:36:44,2026-07-15 14:36:44,SYSTEM_SEED,SYSTEM_SEED
ACC-00555,Neha Prakash,47,46-55,FEMALE,42963000000035026,Hassan East,"Administrator, arts",2,2024-03-21,2024-06-22,,,2026-07-15 14:36:44,2026-07-15 14:36:44,SYSTEM_SEED,SYSTEM_SEED
ACC-00556,David Barman,57,56-65,MALE,42963000000035024,Dharwad East,"Accountant, chartered public finance",1,2021-01-17,2021-01-17,,,2026-07-15 14:36:44,2026-07-15 14:36:44,SYSTEM_SEED,SYSTEM_SEED
ACC-00557,Brijesh Mody,64,56-65,MALE,42963000000035022,Dakshina Kannada South,"Engineer, materials",1,2022-08-27,2022-08-27,,,2026-07-15 14:36:44,2026-07-15 14:36:44,SYSTEM_SEED,SYSTEM_SEED
ACC-00558,Savitramma Shetty,64,56-65,FEMALE,42963000000035022,Dakshina Kannada Taluk HQ,Local government officer,2,2023-08-13,2024-08-16,,,2026-07-15 14:36:44,2026-07-15 14:36:44,SYSTEM_SEED,SYSTEM_SEED
ACC-00559,Samuel Vala,32,26-35,MALE,42963000000035033,Mysuru West,Curator,1,2022-03-03,2022-03-03,,,2026-07-15 14:36:44,2026-07-15 14:36:44,SYSTEM_SEED,SYSTEM_SEED
ACC-00560,George Kant,24,18-25,MALE,42963000000035023,Davanagere West,Warehouse manager,1,2023-04-01,2023-04-01,,,2026-07-15 14:36:44,2026-07-15 14:36:44,SYSTEM_SEED,SYSTEM_SEED
ACC-00561,Kariyappa Shetty,43,36-45,MALE,42963000000035028,Kalaburagi West,Forensic psychologist,1,2021-03-23,2021-03-23,,,2026-07-15 14:36:44,2026-07-15 14:36:44,SYSTEM_SEED,SYSTEM_SEED
ACC-00562,Yashodamma Setty,62,56-65,FEMALE,42963000000035040,Vijayapura North,"Engineer, biomedical",1,2021-03-20,2021-03-20,,,2026-07-15 14:36:44,2026-07-15 14:36:44,SYSTEM_SEED,SYSTEM_SEED
ACC-00563,Gautam Bhagat,26,26-35,MALE,42963000000035031,Koppal Taluk HQ,Stage manager,1,2024-11-24,2024-11-24,,,2026-07-15 14:36:44,2026-07-15 14:36:44,SYSTEM_SEED,SYSTEM_SEED
ACC-00564,Balhaar Mannan,23,18-25,MALE,42963000000035021,Chitradurga South,Broadcast engineer,1,2025-08-14,2025-08-14,,,2026-07-15 14:36:44,2026-07-15 14:36:44,SYSTEM_SEED,SYSTEM_SEED
ACC-00565,Chandran Hora,47,46-55,MALE,42963000000035022,Dakshina Kannada Rural,Telecommunications researcher,1,2023-07-22,2023-07-22,,,2026-07-15 14:36:44,2026-07-15 14:36:44,SYSTEM_SEED,SYSTEM_SEED
ACC-00566,Prakash Hegde,27,26-35,MALE,42963000000035017,Bidar North,"Radiographer, therapeutic",1,2025-01-12,2025-01-12,,,2026-07-15 14:36:44,2026-07-15 14:36:44,SYSTEM_SEED,SYSTEM_SEED
ACC-00567,Pranav Dave,33,26-35,MALE,42963000000035037,Tumakuru Rural,Farm manager,1,2024-02-06,2024-02-06,,,2026-07-15 14:36:44,2026-07-15 14:36:44,SYSTEM_SEED,SYSTEM_SEED
ACC-00568,Lucky Boase,33,26-35,MALE,42963000000035016,Bengaluru Urban South,"Engineer, biomedical",2,2021-08-16,2025-11-02,,,2026-07-15 14:36:44,2026-07-15 14:36:44,SYSTEM_SEED,SYSTEM_SEED
ACC-00569,Sureshgowda Bhat,18,18-25,MALE,42963000000035024,Dharwad Rural,"Investment banker, corporate",1,2022-09-09,2022-09-09,,,2026-07-15 14:36:44,2026-07-15 14:36:44,SYSTEM_SEED,SYSTEM_SEED
ACC-00570,Umang Narasimhan,43,36-45,MALE,42963000000035032,Mandya Rural,Warehouse manager,1,2025-12-22,2025-12-22,,,2026-07-15 14:36:44,2026-07-15 14:36:44,SYSTEM_SEED,SYSTEM_SEED
ACC-00571,Faraj Patla,42,36-45,MALE,42963000000035036,Shivamogga Taluk HQ,Interpreter,1,2021-02-01,2021-02-01,,,2026-07-15 14:36:44,2026-07-15 14:36:44,SYSTEM_SEED,SYSTEM_SEED
ACC-00572,Frado Agrawal,42,36-45,MALE,42963000000035016,Bengaluru Urban North,Intelligence analyst,1,2023-12-29,2023-12-29,,,2026-07-15 14:36:44,2026-07-15 14:36:44,SYSTEM_SEED,SYSTEM_SEED
ACC-00573,Indrajit Sarin,43,36-45,MALE,42963000000035033,Mysuru Rural,Health and safety inspector,1,2022-08-04,2022-08-04,,,2026-07-15 14:36:44,2026-07-15 14:36:44,SYSTEM_SEED,SYSTEM_SEED
ACC-00574,Ekani Narula,64,56-65,FEMALE,42963000000035037,Tumakuru West,Quantity surveyor,2,2023-10-25,2024-02-08,,,2026-07-15 14:36:44,2026-07-15 14:36:44,SYSTEM_SEED,SYSTEM_SEED
ACC-00575,Vansha Parmer,22,18-25,FEMALE,42963000000035022,Dakshina Kannada West,Industrial/product designer,1,2021-07-01,2021-07-01,,,2026-07-15 14:36:44,2026-07-15 14:36:44,SYSTEM_SEED,SYSTEM_SEED
ACC-00576,Chatura Gill,19,18-25,MALE,42963000000035017,Bidar North,Training and development officer,2,2021-02-17,2024-10-30,,,2026-07-15 14:36:44,2026-07-15 14:36:44,SYSTEM_SEED,SYSTEM_SEED
ACC-00577,Logan Dey,41,36-45,MALE,42963000000035022,Dakshina Kannada Taluk HQ,Solicitor,1,2025-12-15,2025-12-15,,,2026-07-15 14:36:44,2026-07-15 14:36:44,SYSTEM_SEED,SYSTEM_SEED
ACC-00578,Gopalakrishna Nayak,57,56-65,MALE,42963000000035028,Kalaburagi North,"Engineer, chemical",1,2025-08-21,2025-08-21,,,2026-07-15 14:36:44,2026-07-15 14:36:44,SYSTEM_SEED,SYSTEM_SEED
ACC-00579,Prakash Reddy,26,26-35,MALE,42963000000035024,Dharwad Taluk HQ,General practice doctor,2,2024-11-05,2025-08-01,,,2026-07-15 14:36:44,2026-07-15 14:36:44,SYSTEM_SEED,SYSTEM_SEED
ACC-00580,Jayamma Shetty,39,36-45,FEMALE,42963000000035022,Dakshina Kannada South,Camera operator,1,2022-11-15,2022-11-15,,,2026-07-15 14:36:44,2026-07-15 14:36:44,SYSTEM_SEED,SYSTEM_SEED
ACC-00581,Adya Tripathi,42,36-45,FEMALE,42963000000035031,Koppal South,Airline pilot,1,2021-11-14,2021-11-14,,,2026-07-15 14:36:44,2026-07-15 14:36:44,SYSTEM_SEED,SYSTEM_SEED
ACC-00582,Thimmakka Kulkarni,44,36-45,FEMALE,42963000000035016,Bengaluru Urban Taluk HQ,Television camera operator,1,2023-02-23,2023-02-23,,,2026-07-15 14:36:44,2026-07-15 14:36:44,SYSTEM_SEED,SYSTEM_SEED
ACC-00583,Harish Nayak,47,46-55,MALE,42963000000035035,Ramanagara East,Technical sales engineer,1,2021-01-10,2021-01-10,,,2026-07-15 14:36:44,2026-07-15 14:36:44,SYSTEM_SEED,SYSTEM_SEED
ACC-00584,Thimmakka Reddy,18,18-25,FEMALE,42963000000035016,Bengaluru Urban Rural,Ophthalmologist,1,2023-09-04,2023-09-04,,,2026-07-15 14:36:44,2026-07-15 14:36:44,SYSTEM_SEED,SYSTEM_SEED
ACC-00585,Andrew Lad,47,46-55,MALE,42963000000035012,Bagalkot Rural,Speech and language therapist,1,2023-03-24,2023-03-24,,,2026-07-15 14:36:44,2026-07-15 14:36:44,SYSTEM_SEED,SYSTEM_SEED
ACC-00586,Shanthakumari Shetty,43,36-45,FEMALE,42963000000035023,Davanagere Rural,"Solicitor, Scotland",2,2025-03-13,2025-12-24,,,2026-07-15 14:36:44,2026-07-15 14:36:44,SYSTEM_SEED,SYSTEM_SEED
ACC-00587,Falguni Pau,58,56-65,FEMALE,42963000000035016,Bengaluru Urban East,"Nurse, children's",1,2021-12-06,2021-12-06,,,2026-07-15 14:36:44,2026-07-15 14:36:44,SYSTEM_SEED,SYSTEM_SEED
ACC-00588,Maanav Desai,50,46-55,MALE,42963000000035022,Dakshina Kannada South,"Psychologist, forensic",1,2024-12-23,2024-12-23,,,2026-07-15 14:36:44,2026-07-15 14:36:44,SYSTEM_SEED,SYSTEM_SEED
ACC-00589,Kariyappa Reddy,52,46-55,MALE,42963000000035041,Yadgir West,Retail banker,1,2025-03-24,2025-03-24,,,2026-07-15 14:36:44,2026-07-15 14:36:44,SYSTEM_SEED,SYSTEM_SEED
ACC-00590,Akkamahadevi Rai,42,36-45,FEMALE,42963000000035037,Tumakuru Rural,"Sales professional, IT",1,2023-09-23,2023-09-23,,,2026-07-15 14:36:44,2026-07-15 14:36:44,SYSTEM_SEED,SYSTEM_SEED
ACC-00591,Sneha Patla,55,46-55,FEMALE,42963000000035018,Chamarajanagar West,Retail buyer,1,2024-06-29,2024-06-29,,,2026-07-15 14:36:44,2026-07-15 14:36:44,SYSTEM_SEED,SYSTEM_SEED
ACC-00592,Jagdish Gandhi,64,56-65,MALE,42963000000035037,Tumakuru East,"Scientist, audiological",1,2021-10-18,2021-10-18,,,2026-07-15 14:36:44,2026-07-15 14:36:44,SYSTEM_SEED,SYSTEM_SEED
ACC-00593,Udant Dutta,36,36-45,MALE,42963000000035013,Ballari East,Editorial assistant,1,2022-10-08,2022-10-08,,,2026-07-15 14:36:44,2026-07-15 14:36:44,SYSTEM_SEED,SYSTEM_SEED
ACC-00594,Warhi Parmer,41,36-45,FEMALE,42963000000035014,Belagavi South,Architect,2,2022-08-30,2023-02-14,,,2026-07-15 14:36:44,2026-07-15 14:36:44,SYSTEM_SEED,SYSTEM_SEED
ACC-00595,Widisha Kata,34,26-35,FEMALE,42963000000035023,Davanagere Taluk HQ,Biomedical scientist,1,2022-05-22,2022-05-22,,,2026-07-15 14:36:44,2026-07-15 14:36:44,SYSTEM_SEED,SYSTEM_SEED
ACC-00596,Shanthakumari Gowda,52,46-55,FEMALE,42963000000035019,Chikballapur East,"Geneticist, molecular",1,2022-09-26,2022-09-26,,,2026-07-15 14:36:44,2026-07-15 14:36:44,SYSTEM_SEED,SYSTEM_SEED
ACC-00597,Harish Rai,38,36-45,MALE,42963000000035020,Chikkamagaluru Rural,Merchant navy officer,1,2021-11-03,2021-11-03,,,2026-07-15 14:36:44,2026-07-15 14:36:44,SYSTEM_SEED,SYSTEM_SEED
ACC-00598,Kaveri Hegde,20,18-25,FEMALE,42963000000035026,Hassan West,Facilities manager,1,2021-08-16,2021-08-16,,,2026-07-15 14:36:44,2026-07-15 14:36:44,SYSTEM_SEED,SYSTEM_SEED
ACC-00599,Sunandamma Reddy,24,18-25,FEMALE,42963000000035016,Bengaluru Urban South,Archivist,1,2021-09-15,2021-09-15,,,2026-07-15 14:36:44,2026-07-15 14:36:44,SYSTEM_SEED,SYSTEM_SEED
ACC-00600,Pranit Rama,40,36-45,MALE,42963000000035041,Yadgir North,"Psychotherapist, child",1,2024-01-10,2024-01-10,,,2026-07-15 14:36:44,2026-07-15 14:36:44,SYSTEM_SEED,SYSTEM_SEED
ACC-00601,Aradhana Baral,64,56-65,FEMALE,42963000000035035,Ramanagara Taluk HQ,Jewellery designer,1,2023-05-23,2023-05-23,,,2026-07-15 14:36:44,2026-07-15 14:36:44,SYSTEM_SEED,SYSTEM_SEED
ACC-00602,Girijamma Urs,22,18-25,FEMALE,42963000000035021,Chitradurga Rural,"Civil engineer, contracting",1,2022-04-26,2022-04-26,,,2026-07-15 14:36:44,2026-07-15 14:36:44,SYSTEM_SEED,SYSTEM_SEED
ACC-00603,Karan Ghosh,24,18-25,MALE,42963000000035022,Dakshina Kannada Taluk HQ,Mudlogger,1,2022-03-26,2022-03-26,,,2026-07-15 14:36:44,2026-07-15 14:36:44,SYSTEM_SEED,SYSTEM_SEED
ACC-00604,Qadim Brahmbhatt,39,36-45,MALE,42963000000035040,Vijayapura East,"Scientist, forensic",1,2023-01-08,2023-01-08,,,2026-07-15 14:36:44,2026-07-15 14:36:44,SYSTEM_SEED,SYSTEM_SEED
ACC-00605,Raghav Kapoor,43,36-45,MALE,42963000000035012,Bagalkot South,"Scientist, clinical (histocompatibility and immunogenetics)",1,2022-06-05,2022-06-05,,,2026-07-15 14:36:44,2026-07-15 14:36:44,SYSTEM_SEED,SYSTEM_SEED
ACC-00606,Patrick Pai,64,56-65,MALE,42963000000035030,Kolar East,"Radiographer, therapeutic",1,2024-08-01,2024-08-01,,,2026-07-15 14:36:44,2026-07-15 14:36:44,SYSTEM_SEED,SYSTEM_SEED
ACC-00607,Aarush Thaker,25,18-25,MALE,42963000000035034,Raichur South,Corporate treasurer,2,2023-01-05,2023-03-31,,,2026-07-15 14:36:44,2026-07-15 14:36:44,SYSTEM_SEED,SYSTEM_SEED
ACC-00608,Fitan Karpe,57,56-65,MALE,42963000000035025,Gadag North,Camera operator,1,2021-02-03,2021-02-03,,,2026-07-15 14:36:44,2026-07-15 14:36:44,SYSTEM_SEED,SYSTEM_SEED
ACC-00609,Sunandamma Poojary,62,56-65,FEMALE,42963000000035034,Raichur East,"Scientist, audiological",1,2024-01-26,2024-01-26,,,2026-07-15 14:36:44,2026-07-15 14:36:44,SYSTEM_SEED,SYSTEM_SEED
ACC-00610,Hitesh Doctor,35,26-35,MALE,42963000000035033,Mysuru South,"Embryologist, clinical",1,2021-06-27,2021-06-27,,,2026-07-15 14:36:44,2026-07-15 14:36:44,SYSTEM_SEED,SYSTEM_SEED
ACC-00611,Pratyush Dani,50,46-55,MALE,42963000000035031,Koppal North,Event organiser,1,2021-04-04,2021-04-04,,,2026-07-15 14:36:44,2026-07-15 14:36:44,SYSTEM_SEED,SYSTEM_SEED
ACC-00612,Lokesh Gowda,61,56-65,MALE,42963000000035020,Chikkamagaluru East,Patent examiner,1,2023-06-11,2023-06-11,,,2026-07-15 14:36:44,2026-07-15 14:36:44,SYSTEM_SEED,SYSTEM_SEED
ACC-00613,Girijamma Setty,60,56-65,FEMALE,42963000000035016,Bengaluru Urban Rural,Lawyer,1,2024-08-05,2024-08-05,,,2026-07-15 14:36:44,2026-07-15 14:36:44,SYSTEM_SEED,SYSTEM_SEED
ACC-00614,Pushpalatha Poojary,38,36-45,FEMALE,42963000000035015,Bengaluru Rural Taluk HQ,Clothing/textile technologist,1,2024-10-31,2024-10-31,,,2026-07-15 14:36:44,2026-07-15 14:36:44,SYSTEM_SEED,SYSTEM_SEED
ACC-00615,Wriddhish Srinivas,57,56-65,MALE,42963000000035020,Chikkamagaluru East,"Engineer, materials",1,2022-03-23,2022-03-23,,,2026-07-15 14:36:44,2026-07-15 14:36:44,SYSTEM_SEED,SYSTEM_SEED
ACC-00616,Samesh Bains,55,46-55,MALE,42963000000035023,Davanagere West,Financial planner,1,2024-09-16,2024-09-16,,,2026-07-15 14:36:44,2026-07-15 14:36:44,SYSTEM_SEED,SYSTEM_SEED
ACC-00617,Devansh Dyal,42,36-45,MALE,42963000000035024,Dharwad South,Contractor,1,2021-01-09,2021-01-09,,,2026-07-15 14:36:44,2026-07-15 14:36:44,SYSTEM_SEED,SYSTEM_SEED
ACC-00618,Falak Bhalla,39,36-45,FEMALE,42963000000035021,Chitradurga North,Dietitian,1,2022-01-09,2022-01-09,,,2026-07-15 14:36:44,2026-07-15 14:36:44,SYSTEM_SEED,SYSTEM_SEED
ACC-00619,Gautam Varughese,47,46-55,MALE,42963000000035037,Tumakuru West,"Optician, dispensing",1,2023-02-14,2023-02-14,,,2026-07-15 14:36:44,2026-07-15 14:36:44,SYSTEM_SEED,SYSTEM_SEED
ACC-00620,Savitramma Gowda,62,56-65,FEMALE,42963000000035016,Bengaluru Urban Rural,Tour manager,2,2024-04-16,2024-10-31,,,2026-07-15 14:36:44,2026-07-15 14:36:44,SYSTEM_SEED,SYSTEM_SEED
ACC-00621,Lucky Chada,54,46-55,MALE,42963000000035041,Yadgir West,"Engineer, technical sales",1,2024-06-02,2024-06-02,,,2026-07-15 14:36:44,2026-07-15 14:36:44,SYSTEM_SEED,SYSTEM_SEED
ACC-00622,Vrishti Subramaniam,40,36-45,FEMALE,42963000000035014,Belagavi West,"Doctor, hospital",1,2021-07-22,2021-07-22,,,2026-07-15 14:36:44,2026-07-15 14:36:44,SYSTEM_SEED,SYSTEM_SEED
ACC-00623,Samesh Dhar,41,36-45,MALE,42963000000035020,Chikkamagaluru East,Television floor manager,1,2023-10-08,2023-10-08,,,2026-07-15 14:36:44,2026-07-15 14:36:44,SYSTEM_SEED,SYSTEM_SEED
ACC-00624,Yallappa Naik,61,56-65,MALE,42963000000035024,Dharwad West,"Education officer, environmental",1,2022-09-11,2022-09-11,,,2026-07-15 14:36:44,2026-07-15 14:36:44,SYSTEM_SEED,SYSTEM_SEED
ACC-00625,Geetika Oommen,40,36-45,FEMALE,42963000000035027,Haveri Taluk HQ,Professor Emeritus,1,2021-01-06,2021-01-06,,,2026-07-15 14:36:44,2026-07-15 14:36:44,SYSTEM_SEED,SYSTEM_SEED
ACC-00626,Ishwar Radhakrishnan,36,36-45,MALE,42963000000035027,Haveri North,Musician,1,2025-04-22,2025-04-22,,,2026-07-15 14:36:44,2026-07-15 14:36:44,SYSTEM_SEED,SYSTEM_SEED
ACC-00627,Channabasappa Kulkarni,42,36-45,MALE,42963000000035039,Uttara Kannada Taluk HQ,Consulting civil engineer,1,2024-12-23,2024-12-23,,,2026-07-15 14:36:44,2026-07-15 14:36:44,SYSTEM_SEED,SYSTEM_SEED
ACC-00628,Harish Achar,24,18-25,MALE,42963000000035022,Dakshina Kannada South,Clinical embryologist,2,2021-06-01,2023-11-19,,,2026-07-15 14:36:44,2026-07-15 14:36:44,SYSTEM_SEED,SYSTEM_SEED
ACC-00629,Isha Virk,29,26-35,FEMALE,42963000000035037,Tumakuru Rural,Retail merchandiser,1,2024-11-29,2024-11-29,,,2026-07-15 14:36:44,2026-07-15 14:36:44,SYSTEM_SEED,SYSTEM_SEED
ACC-00630,Lakshmamma Reddy,43,36-45,FEMALE,42963000000035026,Hassan West,Personnel officer,2,2025-04-17,2025-05-15,,,2026-07-15 14:36:44,2026-07-15 14:36:44,SYSTEM_SEED,SYSTEM_SEED
ACC-00631,Harish Nayak,35,26-35,MALE,42963000000035021,Chitradurga Rural,Dealer,1,2023-09-28,2023-09-28,,,2026-07-15 14:36:44,2026-07-15 14:36:44,SYSTEM_SEED,SYSTEM_SEED
ACC-00632,Veeranna Bhat,58,56-65,MALE,42963000000035033,Mysuru East,Trading standards officer,1,2023-11-02,2023-11-02,,,2026-07-15 14:36:44,2026-07-15 14:36:44,SYSTEM_SEED,SYSTEM_SEED
ACC-00633,Hema Soni,32,26-35,FEMALE,42963000000035037,Tumakuru East,Volunteer coordinator,1,2024-03-03,2024-03-03,,,2026-07-15 14:36:44,2026-07-15 14:36:44,SYSTEM_SEED,SYSTEM_SEED
ACC-00634,Zayan Dalal,36,36-45,MALE,42963000000035035,Ramanagara North,Chief Financial Officer,1,2024-02-08,2024-02-08,,,2026-07-15 14:36:44,2026-07-15 14:36:44,SYSTEM_SEED,SYSTEM_SEED
ACC-00635,Dhruv Zacharia,43,36-45,MALE,42963000000035020,Chikkamagaluru South,Accommodation manager,1,2021-07-31,2021-07-31,,,2026-07-15 14:36:44,2026-07-15 14:36:44,SYSTEM_SEED,SYSTEM_SEED
ACC-00636,Shivansh Prabhakar,47,46-55,MALE,42963000000035031,Koppal Taluk HQ,Armed forces logistics/support/administrative officer,2,2023-08-13,2024-03-02,,,2026-07-15 14:36:44,2026-07-15 14:36:44,SYSTEM_SEED,SYSTEM_SEED
ACC-00637,Ishwar Subramaniam,42,36-45,MALE,42963000000035027,Haveri East,Museum/gallery curator,1,2023-10-02,2023-10-02,,,2026-07-15 14:36:44,2026-07-15 14:36:44,SYSTEM_SEED,SYSTEM_SEED
ACC-00638,Mahadevi Naik,44,36-45,FEMALE,42963000000035017,Bidar West,Maintenance engineer,1,2022-03-13,2022-03-13,,,2026-07-15 14:36:44,2026-07-15 14:36:44,SYSTEM_SEED,SYSTEM_SEED
ACC-00639,Yallappa Urs,57,56-65,MALE,42963000000035024,Dharwad East,Theme park manager,1,2025-08-07,2025-08-07,,,2026-07-15 14:36:44,2026-07-15 14:36:44,SYSTEM_SEED,SYSTEM_SEED
ACC-00640,Yashodamma Nayak,19,18-25,FEMALE,42963000000035021,Chitradurga East,Teaching laboratory technician,2,2021-12-23,2023-03-15,,,2026-07-15 14:36:44,2026-07-15 14:36:44,SYSTEM_SEED,SYSTEM_SEED
ACC-00641,Channabasappa Setty,61,56-65,MALE,42963000000035015,Bengaluru Rural Rural,Chief Technology Officer,1,2021-10-01,2021-10-01,,,2026-07-15 14:36:44,2026-07-15 14:36:44,SYSTEM_SEED,SYSTEM_SEED
ACC-00642,Ekani Kumar,42,36-45,FEMALE,42963000000035026,Hassan North,Publishing rights manager,1,2023-11-29,2023-11-29,,,2026-07-15 14:36:44,2026-07-15 14:36:44,SYSTEM_SEED,SYSTEM_SEED
ACC-00643,Benjamin Mander,47,46-55,MALE,42963000000035022,Dakshina Kannada North,"Therapist, sports",1,2021-03-19,2021-03-19,,,2026-07-15 14:36:44,2026-07-15 14:36:44,SYSTEM_SEED,SYSTEM_SEED
ACC-00644,Kabir Gulati,48,46-55,MALE,42963000000035040,Vijayapura South,"Accountant, chartered public finance",1,2021-12-27,2021-12-27,,,2026-07-15 14:36:44,2026-07-15 14:36:44,SYSTEM_SEED,SYSTEM_SEED
ACC-00645,Daniel Venkatesh,26,26-35,MALE,42963000000035020,Chikkamagaluru North,Actor,1,2025-12-19,2025-12-19,,,2026-07-15 14:36:44,2026-07-15 14:36:44,SYSTEM_SEED,SYSTEM_SEED
ACC-00646,Girijamma Devadiga,54,46-55,FEMALE,42963000000035024,Dharwad North,Mining engineer,1,2021-09-15,2021-09-15,,,2026-07-15 14:36:44,2026-07-15 14:36:44,SYSTEM_SEED,SYSTEM_SEED
ACC-00647,Nisha Rege,29,26-35,FEMALE,42963000000035041,Yadgir Taluk HQ,Medical illustrator,2,2022-05-08,2022-11-02,,,2026-07-15 14:36:44,2026-07-15 14:36:44,SYSTEM_SEED,SYSTEM_SEED
ACC-00648,Faras Sandhu,56,56-65,MALE,42963000000035036,Shivamogga North,Textile designer,1,2025-05-09,2025-05-09,,,2026-07-15 14:36:44,2026-07-15 14:36:44,SYSTEM_SEED,SYSTEM_SEED
ACC-00649,Kalpit Wason,33,26-35,MALE,42963000000035024,Dharwad Taluk HQ,Pharmacologist,1,2022-04-17,2022-04-17,,,2026-07-15 14:36:44,2026-07-15 14:36:44,SYSTEM_SEED,SYSTEM_SEED
ACC-00650,Lakshit Ranganathan,65,56-65,MALE,42963000000035013,Ballari West,"Engineer, electronics",1,2024-05-20,2024-05-20,,,2026-07-15 14:36:44,2026-07-15 14:36:44,SYSTEM_SEED,SYSTEM_SEED
ACC-00651,Shivakumar Shetty,48,46-55,MALE,42963000000035037,Tumakuru Rural,Patent attorney,1,2025-04-19,2025-04-19,,,2026-07-15 14:36:44,2026-07-15 14:36:44,SYSTEM_SEED,SYSTEM_SEED
ACC-00652,Gaurav Prabhakar,52,46-55,MALE,42963000000035016,Bengaluru Urban Rural,"Surveyor, land/geomatics",1,2024-10-26,2024-10-26,,,2026-07-15 14:36:44,2026-07-15 14:36:44,SYSTEM_SEED,SYSTEM_SEED
ACC-00653,Lajita Mohanty,52,46-55,FEMALE,42963000000035033,Mysuru Rural,Technical brewer,1,2025-05-22,2025-05-22,,,2026-07-15 14:36:44,2026-07-15 14:36:44,SYSTEM_SEED,SYSTEM_SEED
ACC-00654,Bhagyalakshmi Rai,21,18-25,FEMALE,42963000000035020,Chikkamagaluru East,Local government officer,1,2021-01-27,2021-01-27,,,2026-07-15 14:36:44,2026-07-15 14:36:44,SYSTEM_SEED,SYSTEM_SEED
ACC-00655,Ekapad Dani,63,56-65,MALE,42963000000035040,Vijayapura East,Event organiser,1,2022-08-14,2022-08-14,,,2026-07-15 14:36:44,2026-07-15 14:36:44,SYSTEM_SEED,SYSTEM_SEED
ACC-00656,Nagaraj Setty,45,36-45,MALE,42963000000035034,Raichur West,Product manager,1,2021-12-20,2021-12-20,,,2026-07-15 14:36:44,2026-07-15 14:36:44,SYSTEM_SEED,SYSTEM_SEED
ACC-00657,Pushpalatha Naik,25,18-25,FEMALE,42963000000035033,Mysuru North,"Designer, television/film set",1,2021-09-05,2021-09-05,,,2026-07-15 14:36:44,2026-07-15 14:36:44,SYSTEM_SEED,SYSTEM_SEED
ACC-00658,Gopalakrishna Devadiga,48,46-55,MALE,42963000000035017,Bidar Rural,Chiropodist,1,2021-05-09,2021-05-09,,,2026-07-15 14:36:44,2026-07-15 14:36:44,SYSTEM_SEED,SYSTEM_SEED
ACC-00659,Sai Nigam,49,46-55,MALE,42963000000035033,Mysuru South,Statistician,1,2023-10-26,2023-10-26,,,2026-07-15 14:36:44,2026-07-15 14:36:44,SYSTEM_SEED,SYSTEM_SEED
ACC-00660,Siddalingaiah Urs,36,36-45,MALE,42963000000035032,Mandya South,Visual merchandiser,2,2021-10-08,2024-07-22,,,2026-07-15 14:36:44,2026-07-15 14:36:44,SYSTEM_SEED,SYSTEM_SEED
ACC-00661,Jagadish Naik,54,46-55,MALE,42963000000035019,Chikballapur West,Associate Professor,1,2025-08-03,2025-08-03,,,2026-07-15 14:36:44,2026-07-15 14:36:44,SYSTEM_SEED,SYSTEM_SEED
ACC-00662,Robert Ahluwalia,36,36-45,MALE,42963000000035013,Ballari West,"Chemist, analytical",1,2025-08-29,2025-08-29,,,2026-07-15 14:36:44,2026-07-15 14:36:44,SYSTEM_SEED,SYSTEM_SEED
ACC-00663,Kariyappa Achar,41,36-45,MALE,42963000000035033,Mysuru Rural,Dance movement psychotherapist,1,2021-02-11,2021-02-11,,,2026-07-15 14:36:44,2026-07-15 14:36:44,SYSTEM_SEED,SYSTEM_SEED
ACC-00664,Teerth Chakrabarti,37,36-45,MALE,42963000000035024,Dharwad South,Bonds trader,1,2025-07-01,2025-07-01,,,2026-07-15 14:36:44,2026-07-15 14:36:44,SYSTEM_SEED,SYSTEM_SEED
ACC-00665,Indrajit Prabhakar,27,26-35,MALE,42963000000035033,Mysuru North,Cartographer,1,2024-01-29,2024-01-29,,,2026-07-15 14:36:44,2026-07-15 14:36:44,SYSTEM_SEED,SYSTEM_SEED
ACC-00666,Mahadevi Gowda,56,56-65,FEMALE,42963000000035020,Chikkamagaluru North,Transport planner,1,2021-02-01,2021-02-01,,,2026-07-15 14:36:44,2026-07-15 14:36:44,SYSTEM_SEED,SYSTEM_SEED
ACC-00667,Rehaan Rattan,55,46-55,MALE,42963000000035020,Chikkamagaluru South,Visual merchandiser,2,2022-08-13,2023-12-12,,,2026-07-15 14:36:44,2026-07-15 14:36:44,SYSTEM_SEED,SYSTEM_SEED
ACC-00668,Ayush Gill,41,36-45,MALE,42963000000035033,Mysuru West,"Research officer, trade union",1,2025-09-09,2025-09-09,,,2026-07-15 14:36:44,2026-07-15 14:36:44,SYSTEM_SEED,SYSTEM_SEED
ACC-00669,Abdul Jaggi,43,36-45,MALE,42963000000035024,Dharwad South,"Scientist, marine",1,2022-12-16,2022-12-16,,,2026-07-15 14:36:44,2026-07-15 14:36:44,SYSTEM_SEED,SYSTEM_SEED
ACC-00670,Gunbir Bandi,59,56-65,MALE,42963000000035016,Bengaluru Urban South,Tour manager,2,2023-03-23,2025-09-13,,,2026-07-15 14:36:44,2026-07-15 14:36:44,SYSTEM_SEED,SYSTEM_SEED
ACC-00671,Frado Banik,51,46-55,MALE,42963000000035022,Dakshina Kannada East,Media buyer,1,2025-10-18,2025-10-18,,,2026-07-15 14:36:44,2026-07-15 14:36:44,SYSTEM_SEED,SYSTEM_SEED
ACC-00672,Aadi Dugar,59,56-65,MALE,42963000000035016,Bengaluru Urban North,Chartered legal executive (England and Wales),1,2022-02-20,2022-02-20,,,2026-07-15 14:36:44,2026-07-15 14:36:44,SYSTEM_SEED,SYSTEM_SEED
ACC-00673,Gopalakrishna Rai,48,46-55,MALE,42963000000035038,Udupi North,Health and safety adviser,2,2021-04-19,2023-02-08,,,2026-07-15 14:36:44,2026-07-15 14:36:44,SYSTEM_SEED,SYSTEM_SEED
ACC-00674,Channabasappa Setty,37,36-45,MALE,42963000000035017,Bidar Rural,Office manager,1,2025-11-28,2025-11-28,,,2026-07-15 14:36:44,2026-07-15 14:36:44,SYSTEM_SEED,SYSTEM_SEED
ACC-00675,Siddalingaiah Achar,25,18-25,MALE,42963000000035030,Kolar Rural,Manufacturing engineer,1,2021-04-19,2021-04-19,,,2026-07-15 14:36:44,2026-07-15 14:36:44,SYSTEM_SEED,SYSTEM_SEED
ACC-00676,Samaksh Iyer,18,18-25,MALE,42963000000035036,Shivamogga West,"Scientist, marine",1,2024-06-05,2024-06-05,,,2026-07-15 14:36:44,2026-07-15 14:36:44,SYSTEM_SEED,SYSTEM_SEED
ACC-00677,Bhagyalakshmi Reddy,32,26-35,FEMALE,42963000000035033,Mysuru Rural,"Administrator, local government",1,2023-11-12,2023-11-12,,,2026-07-15 14:36:44,2026-07-15 14:36:44,SYSTEM_SEED,SYSTEM_SEED
ACC-00678,Chakradev Mane,24,18-25,MALE,42963000000035041,Yadgir South,"Surveyor, land/geomatics",1,2025-05-23,2025-05-23,,,2026-07-15 14:36:44,2026-07-15 14:36:44,SYSTEM_SEED,SYSTEM_SEED
ACC-00679,Prisha Malhotra,53,46-55,FEMALE,42963000000035041,Yadgir West,Equities trader,1,2022-08-22,2022-08-22,,,2026-07-15 14:36:44,2026-07-15 14:36:44,SYSTEM_SEED,SYSTEM_SEED
ACC-00680,Yashodamma Bhat,23,18-25,FEMALE,42963000000035041,Yadgir North,Trading standards officer,1,2021-01-10,2021-01-10,,,2026-07-15 14:36:44,2026-07-15 14:36:44,SYSTEM_SEED,SYSTEM_SEED
ACC-00681,Vasana Raval,33,26-35,FEMALE,42963000000035018,Chamarajanagar Rural,"Teacher, special educational needs",1,2023-01-30,2023-01-30,,,2026-07-15 14:36:44,2026-07-15 14:36:44,SYSTEM_SEED,SYSTEM_SEED
ACC-00682,Siddalingaiah Naik,59,56-65,MALE,42963000000035037,Tumakuru Taluk HQ,"Accountant, chartered management",1,2024-06-19,2024-06-19,,,2026-07-15 14:36:44,2026-07-15 14:36:44,SYSTEM_SEED,SYSTEM_SEED
ACC-00683,Lokesh Urs,56,56-65,MALE,42963000000035019,Chikballapur Taluk HQ,Games developer,1,2024-05-28,2024-05-28,,,2026-07-15 14:36:44,2026-07-15 14:36:44,SYSTEM_SEED,SYSTEM_SEED
ACC-00684,Mahadevi Poojary,26,26-35,FEMALE,42963000000035025,Gadag West,Economist,2,2022-04-14,2024-09-18,,,2026-07-15 14:36:44,2026-07-15 14:36:44,SYSTEM_SEED,SYSTEM_SEED
ACC-00685,Chandrashekar Rai,55,46-55,MALE,42963000000035024,Dharwad Rural,Optometrist,2,2023-07-14,2025-09-08,,,2026-07-15 14:36:44,2026-07-15 14:36:44,SYSTEM_SEED,SYSTEM_SEED
ACC-00686,Gopalakrishna Devadiga,22,18-25,MALE,42963000000035017,Bidar North,Risk manager,1,2021-02-17,2021-02-17,,,2026-07-15 14:36:44,2026-07-15 14:36:44,SYSTEM_SEED,SYSTEM_SEED
ACC-00687,Sureshgowda Shetty,24,18-25,MALE,42963000000035026,Hassan West,Clinical biochemist,1,2025-03-09,2025-03-09,,,2026-07-15 14:36:44,2026-07-15 14:36:44,SYSTEM_SEED,SYSTEM_SEED
ACC-00688,Zayan Menon,18,18-25,MALE,42963000000035028,Kalaburagi Taluk HQ,"Librarian, public",1,2022-08-13,2022-08-13,,,2026-07-15 14:36:44,2026-07-15 14:36:44,SYSTEM_SEED,SYSTEM_SEED
ACC-00689,Kabir Yogi,64,56-65,MALE,42963000000035038,Udupi North,"Teacher, special educational needs",1,2021-11-14,2021-11-14,,,2026-07-15 14:36:44,2026-07-15 14:36:44,SYSTEM_SEED,SYSTEM_SEED
ACC-00690,Timothy Purohit,55,46-55,MALE,42963000000035035,Ramanagara East,"Surveyor, quantity",2,2021-06-15,2022-11-24,,,2026-07-15 14:36:44,2026-07-15 14:36:44,SYSTEM_SEED,SYSTEM_SEED
ACC-00691,Keya Nori,18,18-25,FEMALE,42963000000035018,Chamarajanagar South,Proofreader,1,2025-10-21,2025-10-21,,,2026-07-15 14:36:44,2026-07-15 14:36:44,SYSTEM_SEED,SYSTEM_SEED
ACC-00692,Sunandamma Bhat,49,46-55,FEMALE,42963000000035030,Kolar South,Psychiatrist,1,2024-09-11,2024-09-11,,,2026-07-15 14:36:44,2026-07-15 14:36:44,SYSTEM_SEED,SYSTEM_SEED
ACC-00693,Wridesh Dada,59,56-65,MALE,42963000000035020,Chikkamagaluru North,Further education lecturer,1,2022-08-22,2022-08-22,,,2026-07-15 14:36:44,2026-07-15 14:36:44,SYSTEM_SEED,SYSTEM_SEED
ACC-00694,Sai Kannan,39,36-45,FEMALE,42963000000035019,Chikballapur South,Event organiser,1,2021-08-15,2021-08-15,,,2026-07-15 14:36:44,2026-07-15 14:36:44,SYSTEM_SEED,SYSTEM_SEED
ACC-00695,Samuel Pandit,58,56-65,MALE,42963000000035024,Dharwad North,"Scientist, clinical (histocompatibility and immunogenetics)",2,2021-08-01,2024-11-10,,,2026-07-15 14:36:44,2026-07-15 14:36:44,SYSTEM_SEED,SYSTEM_SEED
ACC-00696,Lekha Kothari,49,46-55,FEMALE,42963000000035012,Bagalkot West,Holiday representative,1,2025-11-26,2025-11-26,,,2026-07-15 14:36:44,2026-07-15 14:36:44,SYSTEM_SEED,SYSTEM_SEED
ACC-00697,Shanthakumari Nayak,48,46-55,FEMALE,42963000000035024,Dharwad South,Chief Financial Officer,1,2023-10-20,2023-10-20,,,2026-07-15 14:36:44,2026-07-15 14:36:44,SYSTEM_SEED,SYSTEM_SEED
ACC-00698,Onveer Borra,24,18-25,MALE,42963000000035039,Uttara Kannada Rural,"Surveyor, building",1,2025-08-06,2025-08-06,,,2026-07-15 14:36:44,2026-07-15 14:36:44,SYSTEM_SEED,SYSTEM_SEED
ACC-00699,Harish Setty,61,56-65,MALE,42963000000035026,Hassan North,"Editor, magazine features",1,2023-07-09,2023-07-09,,,2026-07-15 14:36:44,2026-07-15 14:36:44,SYSTEM_SEED,SYSTEM_SEED
ACC-00700,Thimmaiah Devadiga,31,26-35,MALE,42963000000035020,Chikkamagaluru Taluk HQ,Publishing copy,1,2021-04-06,2021-04-06,,,2026-07-15 14:36:44,2026-07-15 14:36:44,SYSTEM_SEED,SYSTEM_SEED
ACC-00701,Peter Kamdar,61,56-65,MALE,42963000000035020,Chikkamagaluru West,"Teacher, secondary school",2,2023-10-26,2023-12-26,,,2026-07-15 14:36:44,2026-07-15 14:36:44,SYSTEM_SEED,SYSTEM_SEED
ACC-00702,Savitramma Setty,61,56-65,FEMALE,42963000000035016,Bengaluru Urban North,Geophysical data processor,1,2022-07-04,2022-07-04,,,2026-07-15 14:36:44,2026-07-15 14:36:44,SYSTEM_SEED,SYSTEM_SEED
ACC-00703,Thimmakka Devadiga,28,26-35,FEMALE,42963000000035029,Kodagu Rural,"Education officer, museum",1,2021-10-14,2021-10-14,,,2026-07-15 14:36:44,2026-07-15 14:36:44,SYSTEM_SEED,SYSTEM_SEED
ACC-00704,Zaid Iyengar,56,56-65,MALE,42963000000035034,Raichur South,Farm manager,1,2022-07-28,2022-07-28,,,2026-07-15 14:36:44,2026-07-15 14:36:44,SYSTEM_SEED,SYSTEM_SEED
ACC-00705,Kevin Jhaveri,32,26-35,MALE,42963000000035040,Vijayapura South,Estate manager/land agent,1,2021-06-03,2021-06-03,,,2026-07-15 14:36:44,2026-07-15 14:36:44,SYSTEM_SEED,SYSTEM_SEED
ACC-00706,Raghavendra Kulkarni,41,36-45,MALE,42963000000035016,Bengaluru Urban Rural,"Engineer, electrical",1,2022-07-11,2022-07-11,,,2026-07-15 14:36:44,2026-07-15 14:36:44,SYSTEM_SEED,SYSTEM_SEED
ACC-00707,Pranav Dugal,38,36-45,MALE,42963000000035024,Dharwad East,Clinical biochemist,1,2023-06-01,2023-06-01,,,2026-07-15 14:36:44,2026-07-15 14:36:44,SYSTEM_SEED,SYSTEM_SEED
ACC-00708,Balveer Tailor,44,36-45,MALE,42963000000035012,Bagalkot Taluk HQ,Visual merchandiser,1,2025-12-14,2025-12-14,,,2026-07-15 14:36:44,2026-07-15 14:36:44,SYSTEM_SEED,SYSTEM_SEED
ACC-00709,Ansh Subramaniam,44,36-45,MALE,42963000000035022,Dakshina Kannada East,Meteorologist,1,2022-12-30,2022-12-30,,,2026-07-15 14:36:44,2026-07-15 14:36:44,SYSTEM_SEED,SYSTEM_SEED
ACC-00710,Xiti Maharaj,35,26-35,FEMALE,42963000000035012,Bagalkot North,Recycling officer,1,2023-06-11,2023-06-11,,,2026-07-15 14:36:44,2026-07-15 14:36:44,SYSTEM_SEED,SYSTEM_SEED
ACC-00711,Raghavendra Gowda,60,56-65,MALE,42963000000035033,Mysuru South,"Education officer, museum",1,2023-03-19,2023-03-19,,,2026-07-15 14:36:44,2026-07-15 14:36:44,SYSTEM_SEED,SYSTEM_SEED
ACC-00712,Veeranna Urs,45,36-45,MALE,42963000000035034,Raichur North,Sales promotion account executive,1,2021-01-15,2021-01-15,,,2026-07-15 14:36:44,2026-07-15 14:36:44,SYSTEM_SEED,SYSTEM_SEED
ACC-00713,Rushil Kapadia,31,26-35,MALE,42963000000035029,Kodagu South,Technical author,1,2021-04-06,2021-04-06,,,2026-07-15 14:36:44,2026-07-15 14:36:44,SYSTEM_SEED,SYSTEM_SEED
ACC-00714,Sureshgowda Urs,24,18-25,MALE,42963000000035014,Belagavi West,"Conservation officer, historic buildings",1,2022-12-21,2022-12-21,,,2026-07-15 14:36:44,2026-07-15 14:36:44,SYSTEM_SEED,SYSTEM_SEED
ACC-00715,Siddharth Sridhar,48,46-55,MALE,42963000000035041,Yadgir Rural,"Sound technician, broadcasting/film/video",1,2024-01-01,2024-01-01,,,2026-07-15 14:36:44,2026-07-15 14:36:44,SYSTEM_SEED,SYSTEM_SEED
ACC-00716,Zayan Palan,42,36-45,MALE,42963000000035032,Mandya East,"Nurse, mental health",2,2024-09-07,2025-03-01,,,2026-07-15 14:36:44,2026-07-15 14:36:44,SYSTEM_SEED,SYSTEM_SEED
ACC-00717,Veer Dara,33,26-35,MALE,42963000000035019,Chikballapur East,"Scientist, marine",1,2022-04-22,2022-04-22,,,2026-07-15 14:36:44,2026-07-15 14:36:44,SYSTEM_SEED,SYSTEM_SEED
ACC-00718,Nakul Anand,21,18-25,MALE,42963000000035015,Bengaluru Rural South,"Administrator, charities/voluntary organisations",1,2023-06-24,2023-06-24,,,2026-07-15 14:36:44,2026-07-15 14:36:44,SYSTEM_SEED,SYSTEM_SEED
ACC-00719,Sachi Chaudhuri,52,46-55,FEMALE,42963000000035022,Dakshina Kannada Taluk HQ,"Journalist, magazine",1,2025-01-09,2025-01-09,,,2026-07-15 14:36:44,2026-07-15 14:36:44,SYSTEM_SEED,SYSTEM_SEED
ACC-00720,Kai Grover,48,46-55,MALE,42963000000035016,Bengaluru Urban South,Sports therapist,1,2023-02-28,2023-02-28,,,2026-07-15 14:36:44,2026-07-15 14:36:44,SYSTEM_SEED,SYSTEM_SEED
ACC-00721,Jagadish Achar,64,56-65,MALE,42963000000035023,Davanagere South,General practice doctor,1,2025-08-20,2025-08-20,,,2026-07-15 14:36:44,2026-07-15 14:36:44,SYSTEM_SEED,SYSTEM_SEED
ACC-00722,Mahadevi Rai,54,46-55,FEMALE,42963000000035017,Bidar West,Fast food restaurant manager,1,2025-02-17,2025-02-17,,,2026-07-15 14:36:44,2026-07-15 14:36:44,SYSTEM_SEED,SYSTEM_SEED
ACC-00723,Thimmaiah Kulkarni,52,46-55,MALE,42963000000035033,Mysuru South,Geophysical data processor,2,2024-05-15,2025-11-05,,,2026-07-15 14:36:44,2026-07-15 14:36:44,SYSTEM_SEED,SYSTEM_SEED
ACC-00724,Pavani Pau,62,56-65,FEMALE,42963000000035012,Bagalkot Taluk HQ,Educational psychologist,2,2021-02-12,2024-09-22,,,2026-07-15 14:36:44,2026-07-15 14:36:44,SYSTEM_SEED,SYSTEM_SEED
ACC-00725,Raghavendra Setty,62,56-65,MALE,42963000000035033,Mysuru East,Research scientist (physical sciences),1,2022-03-23,2022-03-23,,,2026-07-15 14:36:44,2026-07-15 14:36:44,SYSTEM_SEED,SYSTEM_SEED
ACC-00726,Siddalingaiah Poojary,65,56-65,MALE,42963000000035038,Udupi East,Photographer,1,2022-09-04,2022-09-04,,,2026-07-15 14:36:44,2026-07-15 14:36:44,SYSTEM_SEED,SYSTEM_SEED
ACC-00727,Shaurya Pradhan,41,36-45,MALE,42963000000035021,Chitradurga Rural,Medical sales representative,2,2021-01-23,2024-01-18,,,2026-07-15 14:36:44,2026-07-15 14:36:44,SYSTEM_SEED,SYSTEM_SEED
ACC-00728,Logan Seshadri,34,26-35,MALE,42963000000035018,Chamarajanagar Taluk HQ,Education administrator,1,2022-10-21,2022-10-21,,,2026-07-15 14:36:44,2026-07-15 14:36:44,SYSTEM_SEED,SYSTEM_SEED
ACC-00729,Ishwar Chaudhry,26,26-35,MALE,42963000000035016,Bengaluru Urban East,Geophysicist/field seismologist,1,2021-06-13,2021-06-13,,,2026-07-15 14:36:44,2026-07-15 14:36:44,SYSTEM_SEED,SYSTEM_SEED
ACC-00730,Tarak Raj,49,46-55,MALE,42963000000035034,Raichur Taluk HQ,"Engineer, building services",2,2024-03-01,2024-11-04,,,2026-07-15 14:36:44,2026-07-15 14:36:44,SYSTEM_SEED,SYSTEM_SEED
ACC-00731,Falguni Solanki,50,46-55,FEMALE,42963000000035022,Dakshina Kannada Taluk HQ,Acupuncturist,2,2023-02-16,2023-10-19,,,2026-07-15 14:36:44,2026-07-15 14:36:44,SYSTEM_SEED,SYSTEM_SEED
ACC-00732,Veeranna Devadiga,50,46-55,MALE,42963000000035037,Tumakuru South,"Editor, commissioning",1,2023-07-06,2023-07-06,,,2026-07-15 14:36:44,2026-07-15 14:36:44,SYSTEM_SEED,SYSTEM_SEED
ACC-00733,Gopalakrishna Achar,54,46-55,MALE,42963000000035022,Dakshina Kannada Taluk HQ,"Pharmacist, community",2,2025-03-28,2025-05-24,,,2026-07-15 14:36:44,2026-07-15 14:36:44,SYSTEM_SEED,SYSTEM_SEED
ACC-00734,Ekalinga Varughese,53,46-55,MALE,42963000000035034,Raichur West,"Social research officer, government",2,2022-08-11,2022-11-04,,,2026-07-15 14:36:44,2026-07-15 14:36:44,SYSTEM_SEED,SYSTEM_SEED
ACC-00735,Widisha Mital,23,18-25,FEMALE,42963000000035027,Haveri Rural,Fitness centre manager,1,2023-11-09,2023-11-09,,,2026-07-15 14:36:44,2026-07-15 14:36:44,SYSTEM_SEED,SYSTEM_SEED
ACC-00736,Rushil Chaudhary,30,26-35,MALE,42963000000035033,Mysuru East,"Development worker, community",1,2023-09-22,2023-09-22,,,2026-07-15 14:36:44,2026-07-15 14:36:44,SYSTEM_SEED,SYSTEM_SEED
ACC-00737,Janaki Kumar,35,26-35,FEMALE,42963000000035024,Dharwad Rural,Publishing copy,1,2023-08-08,2023-08-08,,,2026-07-15 14:36:44,2026-07-15 14:36:44,SYSTEM_SEED,SYSTEM_SEED
ACC-00738,Yallappa Rai,27,26-35,MALE,42963000000035030,Kolar East,Chief Operating Officer,1,2024-07-12,2024-07-12,,,2026-07-15 14:36:44,2026-07-15 14:36:44,SYSTEM_SEED,SYSTEM_SEED
ACC-00739,Oviya Lad,51,46-55,FEMALE,42963000000035034,Raichur East,Media planner,1,2025-04-09,2025-04-09,,,2026-07-15 14:36:44,2026-07-15 14:36:44,SYSTEM_SEED,SYSTEM_SEED
ACC-00740,Girijamma Kulkarni,19,18-25,FEMALE,42963000000035022,Dakshina Kannada East,Media buyer,1,2021-10-18,2021-10-18,,,2026-07-15 14:36:44,2026-07-15 14:36:44,SYSTEM_SEED,SYSTEM_SEED
ACC-00741,Jagadish Shetty,19,18-25,MALE,42963000000035012,Bagalkot North,"Surveyor, minerals",1,2025-02-15,2025-02-15,,,2026-07-15 14:36:44,2026-07-15 14:36:44,SYSTEM_SEED,SYSTEM_SEED
ACC-00742,Siddalingaiah Nayak,55,46-55,MALE,42963000000035031,Koppal Rural,"Surveyor, hydrographic",1,2024-10-02,2024-10-02,,,2026-07-15 14:36:44,2026-07-15 14:36:44,SYSTEM_SEED,SYSTEM_SEED
ACC-00743,Orinder Bahri,30,26-35,MALE,42963000000035033,Mysuru South,Paramedic,2,2022-12-21,2024-09-24,,,2026-07-15 14:36:44,2026-07-15 14:36:44,SYSTEM_SEED,SYSTEM_SEED
ACC-00744,Jagadish Poojary,63,56-65,MALE,42963000000035037,Tumakuru South,Community development worker,1,2022-07-23,2022-07-23,,,2026-07-15 14:36:44,2026-07-15 14:36:44,SYSTEM_SEED,SYSTEM_SEED
ACC-00745,Hardik Yohannan,29,26-35,MALE,42963000000035015,Bengaluru Rural Taluk HQ,Ecologist,1,2021-06-08,2021-06-08,,,2026-07-15 14:36:44,2026-07-15 14:36:44,SYSTEM_SEED,SYSTEM_SEED
ACC-00746,Peter Nair,26,26-35,MALE,42963000000035026,Hassan South,"Sales professional, IT",1,2024-12-28,2024-12-28,,,2026-07-15 14:36:44,2026-07-15 14:36:44,SYSTEM_SEED,SYSTEM_SEED
ACC-00747,Vansha Brar,38,36-45,FEMALE,42963000000035040,Vijayapura North,Museum/gallery curator,1,2024-05-13,2024-05-13,,,2026-07-15 14:36:44,2026-07-15 14:36:44,SYSTEM_SEED,SYSTEM_SEED
ACC-00748,Vincent Dhillon,37,36-45,MALE,42963000000035016,Bengaluru Urban North,Diplomatic Services operational officer,1,2023-11-16,2023-11-16,,,2026-07-15 14:36:44,2026-07-15 14:36:44,SYSTEM_SEED,SYSTEM_SEED
ACC-00749,Sujathamma Hegde,31,26-35,FEMALE,42963000000035033,Mysuru East,Leisure centre manager,1,2024-03-16,2024-03-16,,,2026-07-15 14:36:44,2026-07-15 14:36:44,SYSTEM_SEED,SYSTEM_SEED
ACC-00750,Tanmayi Bora,19,18-25,FEMALE,42963000000035024,Dharwad Rural,Cartographer,1,2022-11-17,2022-11-17,,,2026-07-15 14:36:44,2026-07-15 14:36:44,SYSTEM_SEED,SYSTEM_SEED
ACC-00751,Pavani Kari,31,26-35,FEMALE,42963000000035022,Dakshina Kannada East,Interior and spatial designer,1,2021-08-06,2021-08-06,,,2026-07-15 14:36:44,2026-07-15 14:36:44,SYSTEM_SEED,SYSTEM_SEED
ACC-00752,Harish Hegde,30,26-35,MALE,42963000000035017,Bidar North,Investment analyst,1,2025-08-01,2025-08-01,,,2026-07-15 14:36:44,2026-07-15 14:36:44,SYSTEM_SEED,SYSTEM_SEED
ACC-00753,Kiaan Rana,50,46-55,MALE,42963000000035039,Uttara Kannada Taluk HQ,Geoscientist,1,2024-12-01,2024-12-01,,,2026-07-15 14:36:44,2026-07-15 14:36:44,SYSTEM_SEED,SYSTEM_SEED
ACC-00754,Sureshgowda Urs,28,26-35,MALE,42963000000035033,Mysuru West,"Producer, television/film/video",2,2021-08-19,2023-06-24,,,2026-07-15 14:36:44,2026-07-15 14:36:44,SYSTEM_SEED,SYSTEM_SEED
ACC-00755,Lokesh Poojary,40,36-45,MALE,42963000000035033,Mysuru Taluk HQ,Medical laboratory scientific officer,2,2021-10-12,2025-04-05,,,2026-07-15 14:36:44,2026-07-15 14:36:44,SYSTEM_SEED,SYSTEM_SEED
ACC-00756,Harish Devadiga,50,46-55,MALE,42963000000035022,Dakshina Kannada Taluk HQ,Theatre manager,1,2022-12-15,2022-12-15,,,2026-07-15 14:36:44,2026-07-15 14:36:44,SYSTEM_SEED,SYSTEM_SEED
ACC-00757,Triveni Ganesh,18,18-25,FEMALE,42963000000035022,Dakshina Kannada Taluk HQ,Educational psychologist,1,2023-07-01,2023-07-01,,,2026-07-15 14:36:44,2026-07-15 14:36:44,SYSTEM_SEED,SYSTEM_SEED
ACC-00758,Chandrakala Reddy,40,36-45,FEMALE,42963000000035022,Dakshina Kannada Rural,Advice worker,2,2024-11-26,2025-09-14,,,2026-07-15 14:36:44,2026-07-15 14:36:44,SYSTEM_SEED,SYSTEM_SEED
ACC-00759,Jacob Krishnamurthy,37,36-45,MALE,42963000000035018,Chamarajanagar Rural,Cartographer,1,2025-01-19,2025-01-19,,,2026-07-15 14:36:44,2026-07-15 14:36:44,SYSTEM_SEED,SYSTEM_SEED
ACC-00760,Fiyaz Ranganathan,59,56-65,MALE,42963000000035035,Ramanagara Taluk HQ,"Civil engineer, contracting",1,2022-06-17,2022-06-17,,,2026-07-15 14:36:44,2026-07-15 14:36:44,SYSTEM_SEED,SYSTEM_SEED
ACC-00761,Azad Solanki,35,26-35,MALE,42963000000035033,Mysuru Taluk HQ,Sports therapist,2,2024-03-12,2024-06-03,,,2026-07-15 14:36:44,2026-07-15 14:36:44,SYSTEM_SEED,SYSTEM_SEED
ACC-00762,Basavaraj Naik,27,26-35,MALE,42963000000035036,Shivamogga West,Audiological scientist,2,2024-11-03,2025-12-03,,,2026-07-15 14:36:44,2026-07-15 14:36:44,SYSTEM_SEED,SYSTEM_SEED
ACC-00763,Rushil Viswanathan,27,26-35,MALE,42963000000035016,Bengaluru Urban Taluk HQ,Charity officer,1,2021-12-31,2021-12-31,,,2026-07-15 14:36:44,2026-07-15 14:36:44,SYSTEM_SEED,SYSTEM_SEED
ACC-00764,Prakash Rai,21,18-25,MALE,42963000000035028,Kalaburagi West,Civil Service administrator,2,2023-10-06,2025-03-31,,,2026-07-15 14:36:44,2026-07-15 14:36:44,SYSTEM_SEED,SYSTEM_SEED
ACC-00765,Faras Chad,44,36-45,MALE,42963000000035035,Ramanagara North,Newspaper journalist,1,2022-07-01,2022-07-01,,,2026-07-15 14:36:44,2026-07-15 14:36:44,SYSTEM_SEED,SYSTEM_SEED
ACC-00766,Ishwar Kota,51,46-55,MALE,42963000000035041,Yadgir Rural,Herpetologist,1,2023-10-11,2023-10-11,,,2026-07-15 14:36:44,2026-07-15 14:36:44,SYSTEM_SEED,SYSTEM_SEED
ACC-00767,Dev Deep,29,26-35,MALE,42963000000035022,Dakshina Kannada North,Secretary/administrator,1,2023-05-16,2023-05-16,,,2026-07-15 14:36:44,2026-07-15 14:36:44,SYSTEM_SEED,SYSTEM_SEED
ACC-00768,Raghavendra Kulkarni,19,18-25,MALE,42963000000035024,Dharwad South,"Doctor, hospital",1,2023-01-28,2023-01-28,,,2026-07-15 14:36:44,2026-07-15 14:36:44,SYSTEM_SEED,SYSTEM_SEED
ACC-00769,Anay Parikh,57,56-65,MALE,42963000000035021,Chitradurga South,"Journalist, magazine",1,2022-06-21,2022-06-21,,,2026-07-15 14:36:44,2026-07-15 14:36:44,SYSTEM_SEED,SYSTEM_SEED
ACC-00770,Jayamma Reddy,19,18-25,FEMALE,42963000000035038,Udupi Taluk HQ,Publishing copy,1,2022-11-06,2022-11-06,,,2026-07-15 14:36:44,2026-07-15 14:36:44,SYSTEM_SEED,SYSTEM_SEED
ACC-00771,Laban Saxena,52,46-55,MALE,42963000000035022,Dakshina Kannada West,Control and instrumentation engineer,1,2025-01-03,2025-01-03,,,2026-07-15 14:36:44,2026-07-15 14:36:44,SYSTEM_SEED,SYSTEM_SEED
ACC-00772,Mahadevi Hegde,28,26-35,FEMALE,42963000000035016,Bengaluru Urban East,"Solicitor, Scotland",1,2021-07-22,2021-07-22,,,2026-07-15 14:36:44,2026-07-15 14:36:44,SYSTEM_SEED,SYSTEM_SEED
ACC-00773,Vedant Saran,22,18-25,MALE,42963000000035016,Bengaluru Urban East,"Scientist, research (physical sciences)",1,2021-09-30,2021-09-30,,,2026-07-15 14:36:44,2026-07-15 14:36:44,SYSTEM_SEED,SYSTEM_SEED
ACC-00774,Prisha Subramaniam,52,46-55,FEMALE,42963000000035024,Dharwad Rural,"Solicitor, Scotland",1,2023-08-26,2023-08-26,,,2026-07-15 14:36:44,2026-07-15 14:36:44,SYSTEM_SEED,SYSTEM_SEED
ACC-00775,Chaitanya Sathe,18,18-25,MALE,42963000000035021,Chitradurga South,Insurance account manager,2,2023-09-05,2025-08-09,,,2026-07-15 14:36:44,2026-07-15 14:36:44,SYSTEM_SEED,SYSTEM_SEED
ACC-00776,Samuel Lad,26,26-35,MALE,42963000000035021,Chitradurga West,"Designer, furniture",2,2021-06-01,2025-01-14,,,2026-07-15 14:36:44,2026-07-15 14:36:44,SYSTEM_SEED,SYSTEM_SEED
ACC-00777,Aashi Acharya,60,56-65,FEMALE,42963000000035033,Mysuru Rural,"Scientist, research (medical)",1,2025-05-30,2025-05-30,,,2026-07-15 14:36:44,2026-07-15 14:36:44,SYSTEM_SEED,SYSTEM_SEED
ACC-00778,Jagadish Setty,54,46-55,MALE,42963000000035017,Bidar North,Copy,1,2022-05-22,2022-05-22,,,2026-07-15 14:36:44,2026-07-15 14:36:44,SYSTEM_SEED,SYSTEM_SEED
ACC-00779,Mekhala Singh,32,26-35,FEMALE,42963000000035031,Koppal Rural,Social researcher,1,2023-01-05,2023-01-05,,,2026-07-15 14:36:44,2026-07-15 14:36:44,SYSTEM_SEED,SYSTEM_SEED
ACC-00780,Yatan Sood,43,36-45,MALE,42963000000035019,Chikballapur North,Hydrographic surveyor,1,2024-11-23,2024-11-23,,,2026-07-15 14:36:44,2026-07-15 14:36:44,SYSTEM_SEED,SYSTEM_SEED
ACC-00781,Tanveer Master,32,26-35,MALE,42963000000035018,Chamarajanagar South,"Therapist, speech and language",1,2024-10-24,2024-10-24,,,2026-07-15 14:36:44,2026-07-15 14:36:44,SYSTEM_SEED,SYSTEM_SEED
ACC-00782,Aarush Prakash,39,36-45,MALE,42963000000035033,Mysuru West,Energy engineer,1,2023-07-24,2023-07-24,,,2026-07-15 14:36:44,2026-07-15 14:36:44,SYSTEM_SEED,SYSTEM_SEED
ACC-00783,Tejas Rana,51,46-55,MALE,42963000000035025,Gadag South,Fisheries officer,1,2023-03-09,2023-03-09,,,2026-07-15 14:36:44,2026-07-15 14:36:44,SYSTEM_SEED,SYSTEM_SEED
ACC-00784,Jagadish Achar,26,26-35,MALE,42963000000035021,Chitradurga Rural,"Development worker, community",1,2023-11-04,2023-11-04,,,2026-07-15 14:36:44,2026-07-15 14:36:44,SYSTEM_SEED,SYSTEM_SEED
ACC-00785,Saanvi Kannan,20,18-25,FEMALE,42963000000035033,Mysuru Rural,General practice doctor,1,2023-09-02,2023-09-02,,,2026-07-15 14:36:44,2026-07-15 14:36:44,SYSTEM_SEED,SYSTEM_SEED
ACC-00786,Siddharth Khatri,21,18-25,MALE,42963000000035034,Raichur Taluk HQ,"Scientist, forensic",1,2022-08-15,2022-08-15,,,2026-07-15 14:36:44,2026-07-15 14:36:44,SYSTEM_SEED,SYSTEM_SEED
ACC-00787,Lucky Wali,27,26-35,MALE,42963000000035030,Kolar North,Geophysical data processor,1,2021-09-22,2021-09-22,,,2026-07-15 14:36:44,2026-07-15 14:36:44,SYSTEM_SEED,SYSTEM_SEED
ACC-00788,Sureshgowda Devadiga,28,26-35,MALE,42963000000035022,Dakshina Kannada South,Passenger transport manager,1,2021-12-27,2021-12-27,,,2026-07-15 14:36:44,2026-07-15 14:36:44,SYSTEM_SEED,SYSTEM_SEED
ACC-00789,Bhavya Gopal,30,26-35,FEMALE,42963000000035029,Kodagu West,Copy,1,2024-09-21,2024-09-21,,,2026-07-15 14:36:44,2026-07-15 14:36:44,SYSTEM_SEED,SYSTEM_SEED
ACC-00790,Channabasappa Shetty,43,36-45,MALE,42963000000035024,Dharwad West,Horticultural consultant,2,2021-11-07,2023-09-13,,,2026-07-15 14:36:44,2026-07-15 14:36:44,SYSTEM_SEED,SYSTEM_SEED
ACC-00791,Thimmaiah Rai,46,46-55,MALE,42963000000035016,Bengaluru Urban South,Clinical psychologist,2,2021-11-09,2023-12-15,,,2026-07-15 14:36:44,2026-07-15 14:36:44,SYSTEM_SEED,SYSTEM_SEED
ACC-00792,Varsha Magar,29,26-35,FEMALE,42963000000035018,Chamarajanagar East,Writer,1,2022-06-01,2022-06-01,,,2026-07-15 14:36:44,2026-07-15 14:36:44,SYSTEM_SEED,SYSTEM_SEED
ACC-00793,Puttaswamy Setty,53,46-55,MALE,42963000000035024,Dharwad West,Regulatory affairs officer,1,2023-05-31,2023-05-31,,,2026-07-15 14:36:44,2026-07-15 14:36:44,SYSTEM_SEED,SYSTEM_SEED
ACC-00794,Basavaraj Bhat,34,26-35,MALE,42963000000035014,Belagavi North,Emergency planning/management officer,2,2021-09-24,2023-11-24,,,2026-07-15 14:36:44,2026-07-15 14:36:44,SYSTEM_SEED,SYSTEM_SEED
ACC-00795,Aditya Doshi,24,18-25,MALE,42963000000035018,Chamarajanagar Taluk HQ,Artist,1,2021-03-21,2021-03-21,,,2026-07-15 14:36:44,2026-07-15 14:36:44,SYSTEM_SEED,SYSTEM_SEED
ACC-00796,Raghavendra Shetty,25,18-25,MALE,42963000000035026,Hassan East,Social researcher,1,2021-11-26,2021-11-26,,,2026-07-15 14:36:44,2026-07-15 14:36:44,SYSTEM_SEED,SYSTEM_SEED
ACC-00797,Girik Chaudry,45,36-45,MALE,42963000000035026,Hassan West,Herbalist,1,2022-08-09,2022-08-09,,,2026-07-15 14:36:44,2026-07-15 14:36:44,SYSTEM_SEED,SYSTEM_SEED
ACC-00798,Dev Sarma,29,26-35,MALE,42963000000035022,Dakshina Kannada West,Actuary,1,2022-10-10,2022-10-10,,,2026-07-15 14:36:44,2026-07-15 14:36:44,SYSTEM_SEED,SYSTEM_SEED
ACC-00799,Chakradev Dora,30,26-35,MALE,42963000000035016,Bengaluru Urban Taluk HQ,"Administrator, local government",1,2025-05-05,2025-05-05,,,2026-07-15 14:36:44,2026-07-15 14:36:44,SYSTEM_SEED,SYSTEM_SEED
ACC-00800,Channabasappa Setty,30,26-35,MALE,42963000000035033,Mysuru North,"Research officer, political party",2,2022-03-24,2025-04-09,,,2026-07-15 14:36:44,2026-07-15 14:36:44,SYSTEM_SEED,SYSTEM_SEED
ACC-00801,Pavani Salvi,54,46-55,FEMALE,42963000000035037,Tumakuru West,Insurance underwriter,2,2021-11-14,2025-04-10,,,2026-07-15 14:36:44,2026-07-15 14:36:44,SYSTEM_SEED,SYSTEM_SEED
ACC-00802,Quincy Sheth,41,36-45,MALE,42963000000035026,Hassan West,Ambulance person,1,2025-04-05,2025-04-05,,,2026-07-15 14:36:44,2026-07-15 14:36:44,SYSTEM_SEED,SYSTEM_SEED
ACC-00803,Kariyappa Nayak,28,26-35,MALE,42963000000035022,Dakshina Kannada Rural,Lawyer,1,2024-12-06,2024-12-06,,,2026-07-15 14:36:44,2026-07-15 14:36:44,SYSTEM_SEED,SYSTEM_SEED
ACC-00804,Eta Bhalla,57,56-65,FEMALE,42963000000035018,Chamarajanagar Rural,Geographical information systems officer,1,2024-05-07,2024-05-07,,,2026-07-15 14:36:44,2026-07-15 14:36:44,SYSTEM_SEED,SYSTEM_SEED
ACC-00805,Balendra Singhal,27,26-35,MALE,42963000000035026,Hassan East,"Education officer, community",1,2024-07-22,2024-07-22,,,2026-07-15 14:36:44,2026-07-15 14:36:44,SYSTEM_SEED,SYSTEM_SEED
ACC-00806,Jeremiah Raj,30,26-35,MALE,42963000000035019,Chikballapur East,"Administrator, charities/voluntary organisations",2,2024-03-10,2024-04-24,,,2026-07-15 14:36:44,2026-07-15 14:36:44,SYSTEM_SEED,SYSTEM_SEED
ACC-00807,Jeet Rajan,36,36-45,MALE,42963000000035022,Dakshina Kannada East,Probation officer,1,2023-04-05,2023-04-05,,,2026-07-15 14:36:44,2026-07-15 14:36:44,SYSTEM_SEED,SYSTEM_SEED
ACC-00808,Parvatamma Gowda,48,46-55,FEMALE,42963000000035024,Dharwad Taluk HQ,Firefighter,1,2023-07-05,2023-07-05,,,2026-07-15 14:36:44,2026-07-15 14:36:44,SYSTEM_SEED,SYSTEM_SEED
ACC-00809,Hardik Sharma,34,26-35,MALE,42963000000035033,Mysuru North,Chief Marketing Officer,1,2024-12-28,2024-12-28,,,2026-07-15 14:36:44,2026-07-15 14:36:44,SYSTEM_SEED,SYSTEM_SEED
ACC-00810,Warjas Ramachandran,64,56-65,MALE,42963000000035029,Kodagu Taluk HQ,Insurance underwriter,2,2021-11-04,2022-06-20,,,2026-07-15 14:36:44,2026-07-15 14:36:44,SYSTEM_SEED,SYSTEM_SEED
ACC-00811,Gauri Basak,44,36-45,FEMALE,42963000000035016,Bengaluru Urban North,Stage manager,1,2025-10-09,2025-10-09,,,2026-07-15 14:36:44,2026-07-15 14:36:44,SYSTEM_SEED,SYSTEM_SEED
ACC-00812,Shivakumar Reddy,33,26-35,MALE,42963000000035022,Dakshina Kannada West,"Scientist, research (life sciences)",2,2022-08-16,2023-07-24,,,2026-07-15 14:36:44,2026-07-15 14:36:44,SYSTEM_SEED,SYSTEM_SEED
ACC-00813,Manjunath Shetty,30,26-35,MALE,42963000000035018,Chamarajanagar North,Community education officer,1,2022-03-31,2022-03-31,,,2026-07-15 14:36:44,2026-07-15 14:36:44,SYSTEM_SEED,SYSTEM_SEED
ACC-00814,Wridesh Misra,43,36-45,MALE,42963000000035016,Bengaluru Urban Rural,"Engineer, civil (contracting)",1,2023-02-14,2023-02-14,,,2026-07-15 14:36:44,2026-07-15 14:36:44,SYSTEM_SEED,SYSTEM_SEED
ACC-00815,Nagaraj Setty,27,26-35,MALE,42963000000035017,Bidar South,Media planner,1,2025-10-16,2025-10-16,,,2026-07-15 14:36:44,2026-07-15 14:36:44,SYSTEM_SEED,SYSTEM_SEED
ACC-00816,Ikbal Chowdhury,18,18-25,MALE,42963000000035030,Kolar West,Fashion designer,1,2024-07-04,2024-07-04,,,2026-07-15 14:36:44,2026-07-15 14:36:44,SYSTEM_SEED,SYSTEM_SEED
ACC-00817,Nicholas Aurora,24,18-25,MALE,42963000000035033,Mysuru North,Diplomatic Services operational officer,1,2024-09-29,2024-09-29,,,2026-07-15 14:36:44,2026-07-15 14:36:44,SYSTEM_SEED,SYSTEM_SEED
ACC-00818,Darpan Randhawa,60,56-65,MALE,42963000000035024,Dharwad West,Financial manager,1,2023-01-11,2023-01-11,,,2026-07-15 14:36:44,2026-07-15 14:36:44,SYSTEM_SEED,SYSTEM_SEED
ACC-00819,Pushpalatha Shetty,65,56-65,FEMALE,42963000000035029,Kodagu Taluk HQ,Acupuncturist,1,2024-03-21,2024-03-21,,,2026-07-15 14:36:44,2026-07-15 14:36:44,SYSTEM_SEED,SYSTEM_SEED
ACC-00820,Siddalingaiah Reddy,42,36-45,MALE,42963000000035036,Shivamogga West,Archivist,1,2025-02-13,2025-02-13,,,2026-07-15 14:36:44,2026-07-15 14:36:44,SYSTEM_SEED,SYSTEM_SEED
ACC-00821,Garima Prabhu,28,26-35,FEMALE,42963000000035037,Tumakuru East,Chartered public finance accountant,1,2022-09-30,2022-09-30,,,2026-07-15 14:36:44,2026-07-15 14:36:44,SYSTEM_SEED,SYSTEM_SEED
ACC-00822,Channabasappa Achar,36,36-45,MALE,42963000000035018,Chamarajanagar South,Fish farm manager,2,2022-06-17,2023-01-15,,,2026-07-15 14:36:44,2026-07-15 14:36:44,SYSTEM_SEED,SYSTEM_SEED
ACC-00823,Zaid Chand,33,26-35,MALE,42963000000035037,Tumakuru Rural,Water engineer,1,2021-10-10,2021-10-10,,,2026-07-15 14:36:44,2026-07-15 14:36:44,SYSTEM_SEED,SYSTEM_SEED
ACC-00824,Ayushman Bhasin,45,36-45,MALE,42963000000035023,Davanagere South,Market researcher,1,2023-08-13,2023-08-13,,,2026-07-15 14:36:44,2026-07-15 14:36:44,SYSTEM_SEED,SYSTEM_SEED
ACC-00825,Chatresh Dass,64,56-65,MALE,42963000000035033,Mysuru Rural,Ranger/warden,1,2024-11-20,2024-11-20,,,2026-07-15 14:36:44,2026-07-15 14:36:44,SYSTEM_SEED,SYSTEM_SEED
ACC-00826,Nathan Palan,50,46-55,MALE,42963000000035021,Chitradurga South,Print production planner,1,2021-08-23,2021-08-23,,,2026-07-15 14:36:44,2026-07-15 14:36:44,SYSTEM_SEED,SYSTEM_SEED
ACC-00827,Sureshgowda Poojary,40,36-45,MALE,42963000000035014,Belagavi West,"Engineer, automotive",1,2025-05-18,2025-05-18,,,2026-07-15 14:36:44,2026-07-15 14:36:44,SYSTEM_SEED,SYSTEM_SEED
ACC-00828,Ranbir Parmar,49,46-55,MALE,42963000000035017,Bidar South,Contractor,1,2022-06-28,2022-06-28,,,2026-07-15 14:36:44,2026-07-15 14:36:44,SYSTEM_SEED,SYSTEM_SEED
ACC-00829,Anmol Sundaram,24,18-25,MALE,42963000000035042,Vijayanagara East,Primary school teacher,2,2023-09-14,2024-08-08,,,2026-07-15 14:36:44,2026-07-15 14:36:44,SYSTEM_SEED,SYSTEM_SEED
ACC-00830,Yash Gupta,53,46-55,MALE,42963000000035029,Kodagu West,Tax adviser,1,2023-12-17,2023-12-17,,,2026-07-15 14:36:44,2026-07-15 14:36:44,SYSTEM_SEED,SYSTEM_SEED
ACC-00831,Owen Naik,51,46-55,MALE,42963000000035037,Tumakuru Taluk HQ,Psychotherapist,1,2022-04-06,2022-04-06,,,2026-07-15 14:36:44,2026-07-15 14:36:44,SYSTEM_SEED,SYSTEM_SEED
ACC-00832,Faris Biswas,56,56-65,MALE,42963000000035015,Bengaluru Rural Rural,Set designer,1,2025-12-12,2025-12-12,,,2026-07-15 14:36:44,2026-07-15 14:36:44,SYSTEM_SEED,SYSTEM_SEED
ACC-00833,Mahadevi Rai,24,18-25,FEMALE,42963000000035027,Haveri West,"Designer, fashion/clothing",1,2023-08-09,2023-08-09,,,2026-07-15 14:36:44,2026-07-15 14:36:44,SYSTEM_SEED,SYSTEM_SEED
ACC-00834,Neelima Lall,61,56-65,FEMALE,42963000000035033,Mysuru East,Special educational needs teacher,1,2022-05-02,2022-05-02,,,2026-07-15 14:36:44,2026-07-15 14:36:44,SYSTEM_SEED,SYSTEM_SEED
ACC-00835,Siddalingaiah Kulkarni,63,56-65,MALE,42963000000035033,Mysuru East,Medical technical officer,1,2022-11-17,2022-11-17,,,2026-07-15 14:36:44,2026-07-15 14:36:44,SYSTEM_SEED,SYSTEM_SEED
ACC-00836,Ravindranath Kulkarni,54,46-55,MALE,42963000000035037,Tumakuru Rural,Professor Emeritus,1,2023-01-25,2023-01-25,,,2026-07-15 14:36:44,2026-07-15 14:36:44,SYSTEM_SEED,SYSTEM_SEED
ACC-00837,Zehaan Raghavan,65,56-65,MALE,42963000000035033,Mysuru Taluk HQ,Electrical engineer,1,2022-10-25,2022-10-25,,,2026-07-15 14:36:44,2026-07-15 14:36:44,SYSTEM_SEED,SYSTEM_SEED
ACC-00838,Puttaswamy Hegde,31,26-35,MALE,42963000000035027,Haveri South,Advertising account executive,1,2024-11-26,2024-11-26,,,2026-07-15 14:36:44,2026-07-15 14:36:44,SYSTEM_SEED,SYSTEM_SEED
ACC-00839,Jagdish Nagi,44,36-45,MALE,42963000000035034,Raichur South,Biomedical scientist,2,2023-08-29,2024-12-28,,,2026-07-15 14:36:44,2026-07-15 14:36:44,SYSTEM_SEED,SYSTEM_SEED
ACC-00840,Mahadevi Shetty,40,36-45,FEMALE,42963000000035035,Ramanagara East,Solicitor,1,2022-01-22,2022-01-22,,,2026-07-15 14:36:44,2026-07-15 14:36:44,SYSTEM_SEED,SYSTEM_SEED
ACC-00841,Girish Viswanathan,21,18-25,MALE,42963000000035021,Chitradurga Rural,Research scientist (medical),1,2022-08-10,2022-08-10,,,2026-07-15 14:36:44,2026-07-15 14:36:44,SYSTEM_SEED,SYSTEM_SEED
ACC-00842,Veeranna Setty,34,26-35,MALE,42963000000035033,Mysuru West,Structural engineer,2,2024-02-04,2025-12-26,,,2026-07-15 14:36:44,2026-07-15 14:36:44,SYSTEM_SEED,SYSTEM_SEED
ACC-00843,Lohit Naidu,59,56-65,MALE,42963000000035021,Chitradurga South,Outdoor activities/education manager,1,2023-04-27,2023-04-27,,,2026-07-15 14:36:44,2026-07-15 14:36:44,SYSTEM_SEED,SYSTEM_SEED
ACC-00844,Dayamai Char,29,26-35,FEMALE,42963000000035036,Shivamogga South,"Scientist, research (medical)",2,2021-10-06,2023-11-06,,,2026-07-15 14:36:44,2026-07-15 14:36:44,SYSTEM_SEED,SYSTEM_SEED
ACC-00845,Anya Dayal,40,36-45,FEMALE,42963000000035029,Kodagu North,"Editor, magazine features",1,2021-12-01,2021-12-01,,,2026-07-15 14:36:44,2026-07-15 14:36:44,SYSTEM_SEED,SYSTEM_SEED
ACC-00846,Gopalakrishna Nayak,38,36-45,MALE,42963000000035036,Shivamogga East,Ambulance person,1,2024-12-24,2024-12-24,,,2026-07-15 14:36:44,2026-07-15 14:36:44,SYSTEM_SEED,SYSTEM_SEED
ACC-00847,Chatresh Sunder,38,36-45,MALE,42963000000035029,Kodagu East,"Engineer, agricultural",1,2024-08-11,2024-08-11,,,2026-07-15 14:36:44,2026-07-15 14:36:44,SYSTEM_SEED,SYSTEM_SEED
ACC-00848,Amol Rama,30,26-35,MALE,42963000000035019,Chikballapur South,Recruitment consultant,1,2024-11-15,2024-11-15,,,2026-07-15 14:36:44,2026-07-15 14:36:44,SYSTEM_SEED,SYSTEM_SEED
ACC-00849,Aryan Peri,39,36-45,MALE,42963000000035035,Ramanagara North,Environmental consultant,1,2024-10-12,2024-10-12,,,2026-07-15 14:36:44,2026-07-15 14:36:44,SYSTEM_SEED,SYSTEM_SEED
ACC-00850,Yashodamma Shetty,28,26-35,FEMALE,42963000000035021,Chitradurga West,Trading standards officer,1,2024-01-26,2024-01-26,,,2026-07-15 14:36:44,2026-07-15 14:36:44,SYSTEM_SEED,SYSTEM_SEED
ACC-00851,Veeranna Bhat,62,56-65,MALE,42963000000035030,Kolar North,Building services engineer,1,2024-10-17,2024-10-17,,,2026-07-15 14:36:44,2026-07-15 14:36:44,SYSTEM_SEED,SYSTEM_SEED
ACC-00852,Gopalakrishna Hegde,43,36-45,MALE,42963000000035029,Kodagu Rural,"Administrator, Civil Service",1,2022-06-04,2022-06-04,,,2026-07-15 14:36:44,2026-07-15 14:36:44,SYSTEM_SEED,SYSTEM_SEED
ACC-00853,Xalak Buch,56,56-65,FEMALE,42963000000035039,Uttara Kannada South,Psychotherapist,1,2024-05-07,2024-05-07,,,2026-07-15 14:36:44,2026-07-15 14:36:44,SYSTEM_SEED,SYSTEM_SEED
ACC-00854,Pranit Sagar,27,26-35,MALE,42963000000035033,Mysuru East,"Merchandiser, retail",1,2024-11-05,2024-11-05,,,2026-07-15 14:36:44,2026-07-15 14:36:44,SYSTEM_SEED,SYSTEM_SEED
ACC-00855,Prakash Achar,26,26-35,MALE,42963000000035039,Uttara Kannada West,Barrister,2,2022-08-22,2023-09-05,,,2026-07-15 14:36:44,2026-07-15 14:36:44,SYSTEM_SEED,SYSTEM_SEED
ACC-00856,Chandrashekar Poojary,23,18-25,MALE,42963000000035021,Chitradurga West,Warehouse manager,1,2023-12-26,2023-12-26,,,2026-07-15 14:36:44,2026-07-15 14:36:44,SYSTEM_SEED,SYSTEM_SEED
ACC-00857,Sunandamma Poojary,27,26-35,FEMALE,42963000000035031,Koppal Rural,Geographical information systems officer,1,2024-07-26,2024-07-26,,,2026-07-15 14:36:44,2026-07-15 14:36:44,SYSTEM_SEED,SYSTEM_SEED
ACC-00858,Lakshmamma Naik,32,26-35,FEMALE,42963000000035018,Chamarajanagar Taluk HQ,Seismic interpreter,2,2023-03-22,2024-05-23,,,2026-07-15 14:36:44,2026-07-15 14:36:44,SYSTEM_SEED,SYSTEM_SEED
ACC-00859,Channabasappa Devadiga,36,36-45,MALE,42963000000035018,Chamarajanagar East,Architect,1,2023-08-09,2023-08-09,,,2026-07-15 14:36:44,2026-07-15 14:36:44,SYSTEM_SEED,SYSTEM_SEED
ACC-00860,Max Brahmbhatt,44,36-45,MALE,42963000000035027,Haveri North,"Engineer, technical sales",2,2023-01-15,2024-03-27,,,2026-07-15 14:36:44,2026-07-15 14:36:44,SYSTEM_SEED,SYSTEM_SEED
ACC-00861,Chandresh Kashyap,44,36-45,MALE,42963000000035017,Bidar East,Ship broker,1,2024-08-14,2024-08-14,,,2026-07-15 14:36:44,2026-07-15 14:36:44,SYSTEM_SEED,SYSTEM_SEED
ACC-00862,Ikshita Hans,58,56-65,FEMALE,42963000000035027,Haveri East,Secondary school teacher,1,2021-12-05,2021-12-05,,,2026-07-15 14:36:44,2026-07-15 14:36:44,SYSTEM_SEED,SYSTEM_SEED
ACC-00863,Gaurav Sagar,65,56-65,MALE,42963000000035019,Chikballapur South,Claims inspector/assessor,1,2021-02-23,2021-02-23,,,2026-07-15 14:36:44,2026-07-15 14:36:44,SYSTEM_SEED,SYSTEM_SEED
ACC-00864,Mahadevi Rai,34,26-35,FEMALE,42963000000035023,Davanagere West,Technical author,1,2025-08-03,2025-08-03,,,2026-07-15 14:36:44,2026-07-15 14:36:44,SYSTEM_SEED,SYSTEM_SEED
ACC-00865,Veer Sane,40,36-45,MALE,42963000000035014,Belagavi South,Civil Service administrator,1,2023-07-12,2023-07-12,,,2026-07-15 14:36:44,2026-07-15 14:36:44,SYSTEM_SEED,SYSTEM_SEED
ACC-00866,Gautam Ratti,62,56-65,MALE,42963000000035018,Chamarajanagar North,Retail merchandiser,1,2022-07-21,2022-07-21,,,2026-07-15 14:36:44,2026-07-15 14:36:44,SYSTEM_SEED,SYSTEM_SEED
ACC-00867,Gaurangi Walla,24,18-25,FEMALE,42963000000035042,Vijayanagara West,Tourism officer,1,2023-05-28,2023-05-28,,,2026-07-15 14:36:44,2026-07-15 14:36:44,SYSTEM_SEED,SYSTEM_SEED
ACC-00868,Girijamma Poojary,63,56-65,FEMALE,42963000000035024,Dharwad Rural,Probation officer,1,2023-08-24,2023-08-24,,,2026-07-15 14:36:44,2026-07-15 14:36:44,SYSTEM_SEED,SYSTEM_SEED
ACC-00869,Nakul Nair,40,36-45,MALE,42963000000035033,Mysuru West,Meteorologist,1,2025-09-14,2025-09-14,,,2026-07-15 14:36:44,2026-07-15 14:36:44,SYSTEM_SEED,SYSTEM_SEED
ACC-00870,Tanveer Naik,32,26-35,MALE,42963000000035024,Dharwad Taluk HQ,Transport planner,1,2025-02-10,2025-02-10,,,2026-07-15 14:36:44,2026-07-15 14:36:44,SYSTEM_SEED,SYSTEM_SEED
ACC-00871,Hredhaan Prashad,47,46-55,MALE,42963000000035029,Kodagu East,Statistician,1,2021-06-17,2021-06-17,,,2026-07-15 14:36:44,2026-07-15 14:36:44,SYSTEM_SEED,SYSTEM_SEED
ACC-00872,Veeranna Devadiga,22,18-25,MALE,42963000000035041,Yadgir West,Forest/woodland manager,1,2025-04-05,2025-04-05,,,2026-07-15 14:36:44,2026-07-15 14:36:44,SYSTEM_SEED,SYSTEM_SEED
ACC-00873,Jayamma Hegde,59,56-65,FEMALE,42963000000035014,Belagavi Rural,Media buyer,1,2025-11-08,2025-11-08,,,2026-07-15 14:36:44,2026-07-15 14:36:44,SYSTEM_SEED,SYSTEM_SEED
ACC-00874,Udarsh Ranganathan,40,36-45,MALE,42963000000035014,Belagavi West,Academic librarian,1,2024-12-28,2024-12-28,,,2026-07-15 14:36:44,2026-07-15 14:36:44,SYSTEM_SEED,SYSTEM_SEED
ACC-00875,Lucky Babu,34,26-35,MALE,42963000000035040,Vijayapura Rural,"Scientist, marine",1,2024-08-24,2024-08-24,,,2026-07-15 14:36:44,2026-07-15 14:36:44,SYSTEM_SEED,SYSTEM_SEED
ACC-00876,Nidhi Ahuja,56,56-65,FEMALE,42963000000035024,Dharwad North,Hydrologist,1,2025-10-24,2025-10-24,,,2026-07-15 14:36:44,2026-07-15 14:36:44,SYSTEM_SEED,SYSTEM_SEED
ACC-00877,Jalsa Murty,43,36-45,FEMALE,42963000000035017,Bidar West,Advertising copywriter,1,2025-08-26,2025-08-26,,,2026-07-15 14:36:44,2026-07-15 14:36:44,SYSTEM_SEED,SYSTEM_SEED
ACC-00878,Yallappa Setty,62,56-65,MALE,42963000000035031,Koppal West,Health and safety adviser,1,2021-12-21,2021-12-21,,,2026-07-15 14:36:44,2026-07-15 14:36:44,SYSTEM_SEED,SYSTEM_SEED
ACC-00879,Champak Barad,44,36-45,MALE,42963000000035016,Bengaluru Urban Rural,Psychiatrist,1,2025-12-21,2025-12-21,,,2026-07-15 14:36:44,2026-07-15 14:36:44,SYSTEM_SEED,SYSTEM_SEED
ACC-00880,Channabasappa Gowda,55,46-55,MALE,42963000000035021,Chitradurga Rural,Market researcher,1,2023-04-17,2023-04-17,,,2026-07-15 14:36:44,2026-07-15 14:36:44,SYSTEM_SEED,SYSTEM_SEED
ACC-00881,Ekapad Lanka,40,36-45,MALE,42963000000035028,Kalaburagi Taluk HQ,Medical technical officer,1,2021-05-12,2021-05-12,,,2026-07-15 14:36:44,2026-07-15 14:36:44,SYSTEM_SEED,SYSTEM_SEED
ACC-00882,Jackson Kunda,57,56-65,MALE,42963000000035014,Belagavi North,Hydrologist,1,2023-02-16,2023-02-16,,,2026-07-15 14:36:44,2026-07-15 14:36:44,SYSTEM_SEED,SYSTEM_SEED
ACC-00883,Sudiksha Kalla,64,56-65,FEMALE,42963000000035017,Bidar North,Careers adviser,1,2022-06-16,2022-06-16,,,2026-07-15 14:36:44,2026-07-15 14:36:44,SYSTEM_SEED,SYSTEM_SEED
ACC-00884,Wyatt Ghose,29,26-35,MALE,42963000000035013,Ballari Rural,Ranger/warden,1,2023-05-12,2023-05-12,,,2026-07-15 14:36:44,2026-07-15 14:36:44,SYSTEM_SEED,SYSTEM_SEED
ACC-00885,Savitramma Achar,25,18-25,FEMALE,42963000000035021,Chitradurga Rural,Technical author,1,2025-06-06,2025-06-06,,,2026-07-15 14:36:44,2026-07-15 14:36:44,SYSTEM_SEED,SYSTEM_SEED
ACC-00886,Netra Barad,61,56-65,FEMALE,42963000000035022,Dakshina Kannada Rural,Technical author,1,2023-10-11,2023-10-11,,,2026-07-15 14:36:44,2026-07-15 14:36:44,SYSTEM_SEED,SYSTEM_SEED
ACC-00887,Harish Shetty,48,46-55,MALE,42963000000035016,Bengaluru Urban South,Museum/gallery curator,1,2023-06-08,2023-06-08,,,2026-07-15 14:36:44,2026-07-15 14:36:44,SYSTEM_SEED,SYSTEM_SEED
ACC-00888,Ayaan Natt,29,26-35,MALE,42963000000035033,Mysuru East,Magazine features editor,1,2023-10-31,2023-10-31,,,2026-07-15 14:36:44,2026-07-15 14:36:44,SYSTEM_SEED,SYSTEM_SEED
ACC-00889,Sathvik Dara,23,18-25,MALE,42963000000035016,Bengaluru Urban North,Ergonomist,1,2025-03-28,2025-03-28,,,2026-07-15 14:36:44,2026-07-15 14:36:44,SYSTEM_SEED,SYSTEM_SEED
ACC-00890,Rayaan Bhagat,40,36-45,MALE,42963000000035042,Vijayanagara South,Industrial/product designer,1,2024-07-24,2024-07-24,,,2026-07-15 14:36:44,2026-07-15 14:36:44,SYSTEM_SEED,SYSTEM_SEED
ACC-00891,Nathaniel Zacharia,46,46-55,MALE,42963000000035033,Mysuru Taluk HQ,Systems analyst,1,2025-08-07,2025-08-07,,,2026-07-15 14:36:44,2026-07-15 14:36:44,SYSTEM_SEED,SYSTEM_SEED
ACC-00892,Omisha Thakkar,56,56-65,FEMALE,42963000000035014,Belagavi Rural,Environmental consultant,2,2021-12-05,2023-10-04,,,2026-07-15 14:36:44,2026-07-15 14:36:44,SYSTEM_SEED,SYSTEM_SEED
ACC-00893,Thimmakka Gowda,41,36-45,FEMALE,42963000000035015,Bengaluru Rural Taluk HQ,"Designer, ceramics/pottery",1,2024-09-24,2024-09-24,,,2026-07-15 14:36:44,2026-07-15 14:36:44,SYSTEM_SEED,SYSTEM_SEED
ACC-00894,Yallappa Achar,38,36-45,MALE,42963000000035022,Dakshina Kannada South,Arts administrator,2,2021-04-06,2024-10-08,,,2026-07-15 14:36:44,2026-07-15 14:36:44,SYSTEM_SEED,SYSTEM_SEED
ACC-00895,Girijamma Devadiga,22,18-25,FEMALE,42963000000035041,Yadgir North,"Nurse, learning disability",2,2023-06-07,2023-12-10,,,2026-07-15 14:36:44,2026-07-15 14:36:44,SYSTEM_SEED,SYSTEM_SEED
ACC-00896,Jagadish Achar,52,46-55,MALE,42963000000035017,Bidar South,Product designer,1,2022-10-28,2022-10-28,,,2026-07-15 14:36:44,2026-07-15 14:36:44,SYSTEM_SEED,SYSTEM_SEED
ACC-00897,Indrajit Sankaran,54,46-55,MALE,42963000000035016,Bengaluru Urban North,Horticultural consultant,1,2021-07-23,2021-07-23,,,2026-07-15 14:36:44,2026-07-15 14:36:44,SYSTEM_SEED,SYSTEM_SEED
ACC-00898,Falak Deo,50,46-55,FEMALE,42963000000035016,Bengaluru Urban Taluk HQ,Legal secretary,1,2023-06-23,2023-06-23,,,2026-07-15 14:36:44,2026-07-15 14:36:44,SYSTEM_SEED,SYSTEM_SEED
ACC-00899,Wazir Bawa,57,56-65,MALE,42963000000035013,Ballari Taluk HQ,Sports therapist,1,2025-09-29,2025-09-29,,,2026-07-15 14:36:44,2026-07-15 14:36:44,SYSTEM_SEED,SYSTEM_SEED
ACC-00900,Kariyappa Achar,37,36-45,MALE,42963000000035040,Vijayapura West,Oceanographer,1,2021-09-13,2021-09-13,,,2026-07-15 14:36:44,2026-07-15 14:36:44,SYSTEM_SEED,SYSTEM_SEED
ACC-00901,Chaman Rastogi,28,26-35,FEMALE,42963000000035038,Udupi West,Retail banker,2,2022-01-19,2025-05-23,,,2026-07-15 14:36:44,2026-07-15 14:36:44,SYSTEM_SEED,SYSTEM_SEED
ACC-00902,Dhruv Deshmukh,27,26-35,MALE,42963000000035042,Vijayanagara East,Quarry manager,1,2025-01-04,2025-01-04,,,2026-07-15 14:36:44,2026-07-15 14:36:44,SYSTEM_SEED,SYSTEM_SEED
ACC-00903,Siddalingaiah Hegde,60,56-65,MALE,42963000000035026,Hassan Rural,"Surveyor, land/geomatics",1,2022-04-04,2022-04-04,,,2026-07-15 14:36:44,2026-07-15 14:36:44,SYSTEM_SEED,SYSTEM_SEED
ACC-00904,Jagadish Poojary,53,46-55,MALE,42963000000035014,Belagavi East,"Engineer, civil (consulting)",1,2024-11-01,2024-11-01,,,2026-07-15 14:36:44,2026-07-15 14:36:44,SYSTEM_SEED,SYSTEM_SEED
ACC-00905,Bhagyalakshmi Devadiga,30,26-35,FEMALE,42963000000035034,Raichur Rural,Ranger/warden,1,2023-12-10,2023-12-10,,,2026-07-15 14:36:44,2026-07-15 14:36:44,SYSTEM_SEED,SYSTEM_SEED
ACC-00906,Guneet Viswanathan,63,56-65,MALE,42963000000035033,Mysuru West,Fine artist,1,2025-02-16,2025-02-16,,,2026-07-15 14:36:44,2026-07-15 14:36:44,SYSTEM_SEED,SYSTEM_SEED
ACC-00907,Thimmaiah Achar,23,18-25,MALE,42963000000035031,Koppal West,Financial manager,1,2022-11-02,2022-11-02,,,2026-07-15 14:36:44,2026-07-15 14:36:44,SYSTEM_SEED,SYSTEM_SEED
ACC-00908,Veeranna Nayak,62,56-65,MALE,42963000000035026,Hassan North,Building surveyor,1,2022-12-27,2022-12-27,,,2026-07-15 14:36:44,2026-07-15 14:36:44,SYSTEM_SEED,SYSTEM_SEED
ACC-00909,Tanveer Naik,36,36-45,MALE,42963000000035021,Chitradurga North,Teaching laboratory technician,2,2021-10-01,2025-05-14,,,2026-07-15 14:36:44,2026-07-15 14:36:44,SYSTEM_SEED,SYSTEM_SEED
ACC-00910,Daksh Sachdev,36,36-45,MALE,42963000000035040,Vijayapura East,Pharmacologist,1,2022-06-17,2022-06-17,,,2026-07-15 14:36:44,2026-07-15 14:36:44,SYSTEM_SEED,SYSTEM_SEED
ACC-00911,Harish Rai,42,36-45,MALE,42963000000035014,Belagavi West,Medical secretary,1,2025-06-11,2025-06-11,,,2026-07-15 14:36:44,2026-07-15 14:36:44,SYSTEM_SEED,SYSTEM_SEED
ACC-00912,Prakash Setty,48,46-55,MALE,42963000000035029,Kodagu Rural,Magazine features editor,1,2023-02-28,2023-02-28,,,2026-07-15 14:36:44,2026-07-15 14:36:44,SYSTEM_SEED,SYSTEM_SEED
ACC-00913,Naveen Padmanabhan,62,56-65,MALE,42963000000035014,Belagavi North,"Therapist, music",1,2024-08-31,2024-08-31,,,2026-07-15 14:36:44,2026-07-15 14:36:44,SYSTEM_SEED,SYSTEM_SEED
ACC-00914,Michael Gara,23,18-25,MALE,42963000000035020,Chikkamagaluru West,Maintenance engineer,1,2021-02-05,2021-02-05,,,2026-07-15 14:36:44,2026-07-15 14:36:44,SYSTEM_SEED,SYSTEM_SEED
ACC-00915,Bhagyalakshmi Bhat,52,46-55,FEMALE,42963000000035016,Bengaluru Urban Taluk HQ,Warehouse manager,1,2025-07-23,2025-07-23,,,2026-07-15 14:36:44,2026-07-15 14:36:44,SYSTEM_SEED,SYSTEM_SEED
ACC-00916,Raghavendra Bhat,21,18-25,MALE,42963000000035041,Yadgir Taluk HQ,Private music teacher,2,2022-09-06,2024-08-08,,,2026-07-15 14:36:44,2026-07-15 14:36:44,SYSTEM_SEED,SYSTEM_SEED
ACC-00917,Thomas Basu,61,56-65,MALE,42963000000035037,Tumakuru West,Facilities manager,1,2022-04-19,2022-04-19,,,2026-07-15 14:36:44,2026-07-15 14:36:44,SYSTEM_SEED,SYSTEM_SEED
ACC-00918,Ridhi Dugal,29,26-35,FEMALE,42963000000035025,Gadag Taluk HQ,Chartered certified accountant,1,2023-07-18,2023-07-18,,,2026-07-15 14:36:44,2026-07-15 14:36:44,SYSTEM_SEED,SYSTEM_SEED
ACC-00919,Avi Kibe,31,26-35,MALE,42963000000035015,Bengaluru Rural North,Web designer,1,2023-12-10,2023-12-10,,,2026-07-15 14:36:44,2026-07-15 14:36:44,SYSTEM_SEED,SYSTEM_SEED
ACC-00920,Mitali Atwal,63,56-65,FEMALE,42963000000035021,Chitradurga East,Lobbyist,1,2022-01-16,2022-01-16,,,2026-07-15 14:36:44,2026-07-15 14:36:44,SYSTEM_SEED,SYSTEM_SEED
ACC-00921,Michael Sengupta,31,26-35,MALE,42963000000035027,Haveri Taluk HQ,Public affairs consultant,1,2025-03-12,2025-03-12,,,2026-07-15 14:36:44,2026-07-15 14:36:44,SYSTEM_SEED,SYSTEM_SEED
ACC-00922,Noah Kadakia,42,36-45,MALE,42963000000035017,Bidar South,Soil scientist,1,2022-02-18,2022-02-18,,,2026-07-15 14:36:44,2026-07-15 14:36:44,SYSTEM_SEED,SYSTEM_SEED
ACC-00923,Harsh Virk,18,18-25,MALE,42963000000035039,Uttara Kannada South,Further education lecturer,1,2022-11-19,2022-11-19,,,2026-07-15 14:36:44,2026-07-15 14:36:44,SYSTEM_SEED,SYSTEM_SEED
ACC-00924,Ekavir Badami,29,26-35,MALE,42963000000035042,Vijayanagara South,Mudlogger,1,2021-08-25,2021-08-25,,,2026-07-15 14:36:44,2026-07-15 14:36:44,SYSTEM_SEED,SYSTEM_SEED
ACC-00925,Mahadevi Achar,43,36-45,FEMALE,42963000000035013,Ballari Rural,Television floor manager,1,2021-02-12,2021-02-12,,,2026-07-15 14:36:44,2026-07-15 14:36:44,SYSTEM_SEED,SYSTEM_SEED
ACC-00926,Lakshmi Garde,34,26-35,FEMALE,42963000000035038,Udupi West,Best boy,2,2021-12-19,2025-06-03,,,2026-07-15 14:36:44,2026-07-15 14:36:44,SYSTEM_SEED,SYSTEM_SEED
ACC-00927,Harish Madan,63,56-65,MALE,42963000000035037,Tumakuru North,Astronomer,1,2024-12-10,2024-12-10,,,2026-07-15 14:36:44,2026-07-15 14:36:44,SYSTEM_SEED,SYSTEM_SEED
ACC-00928,Akkamahadevi Reddy,59,56-65,FEMALE,42963000000035033,Mysuru East,"Psychologist, occupational",1,2023-05-02,2023-05-02,,,2026-07-15 14:36:44,2026-07-15 14:36:44,SYSTEM_SEED,SYSTEM_SEED
ACC-00929,Bahadurjit Rama,42,36-45,MALE,42963000000035019,Chikballapur East,Geoscientist,1,2025-12-18,2025-12-18,,,2026-07-15 14:36:44,2026-07-15 14:36:44,SYSTEM_SEED,SYSTEM_SEED
ACC-00930,Chatura Bahl,34,26-35,MALE,42963000000035028,Kalaburagi East,"Horticulturist, commercial",2,2023-07-31,2023-08-08,,,2026-07-15 14:36:44,2026-07-15 14:36:44,SYSTEM_SEED,SYSTEM_SEED
ACC-00931,Kala Rai,20,18-25,FEMALE,42963000000035032,Mandya Rural,Rural practice surveyor,1,2022-12-26,2022-12-26,,,2026-07-15 14:36:44,2026-07-15 14:36:44,SYSTEM_SEED,SYSTEM_SEED
ACC-00932,Nakul Sundaram,62,56-65,MALE,42963000000035018,Chamarajanagar Taluk HQ,"Therapist, speech and language",1,2021-09-30,2021-09-30,,,2026-07-15 14:36:44,2026-07-15 14:36:44,SYSTEM_SEED,SYSTEM_SEED
ACC-00933,Idika Issac,28,26-35,FEMALE,42963000000035039,Uttara Kannada North,"Restaurant manager, fast food",1,2023-07-19,2023-07-19,,,2026-07-15 14:36:44,2026-07-15 14:36:44,SYSTEM_SEED,SYSTEM_SEED
ACC-00934,Advay Baral,52,46-55,MALE,42963000000035021,Chitradurga South,Firefighter,1,2021-08-22,2021-08-22,,,2026-07-15 14:36:44,2026-07-15 14:36:44,SYSTEM_SEED,SYSTEM_SEED
ACC-00935,Ojas Suri,61,56-65,MALE,42963000000035033,Mysuru South,"Nurse, learning disability",2,2022-04-20,2023-02-10,,,2026-07-15 14:36:44,2026-07-15 14:36:44,SYSTEM_SEED,SYSTEM_SEED
ACC-00936,Adya Palan,52,46-55,FEMALE,42963000000035020,Chikkamagaluru South,Management consultant,1,2023-09-06,2023-09-06,,,2026-07-15 14:36:44,2026-07-15 14:36:44,SYSTEM_SEED,SYSTEM_SEED
ACC-00937,Lokesh Hegde,24,18-25,MALE,42963000000035033,Mysuru West,Marine scientist,1,2021-08-22,2021-08-22,,,2026-07-15 14:36:44,2026-07-15 14:36:44,SYSTEM_SEED,SYSTEM_SEED
ACC-00938,Kamya Thaker,49,46-55,FEMALE,42963000000035017,Bidar Taluk HQ,Health and safety adviser,1,2024-11-30,2024-11-30,,,2026-07-15 14:36:44,2026-07-15 14:36:44,SYSTEM_SEED,SYSTEM_SEED
ACC-00939,Bhagyalakshmi Kulkarni,48,46-55,FEMALE,42963000000035024,Dharwad East,Biomedical engineer,1,2023-08-11,2023-08-11,,,2026-07-15 14:36:44,2026-07-15 14:36:44,SYSTEM_SEED,SYSTEM_SEED
ACC-00940,Rishi Balan,29,26-35,MALE,42963000000035014,Belagavi Taluk HQ,"Surveyor, building control",1,2021-02-22,2021-02-22,,,2026-07-15 14:36:44,2026-07-15 14:36:44,SYSTEM_SEED,SYSTEM_SEED
ACC-00941,Jayamma Devadiga,33,26-35,FEMALE,42963000000035024,Dharwad West,Health service manager,1,2024-07-08,2024-07-08,,,2026-07-15 14:36:44,2026-07-15 14:36:44,SYSTEM_SEED,SYSTEM_SEED
ACC-00942,Faqid Om,20,18-25,MALE,42963000000035031,Koppal North,"Nurse, learning disability",2,2023-11-19,2025-11-13,,,2026-07-15 14:36:44,2026-07-15 14:36:44,SYSTEM_SEED,SYSTEM_SEED
ACC-00943,Basavaraj Naik,31,26-35,MALE,42963000000035033,Mysuru South,"Copywriter, advertising",1,2023-12-04,2023-12-04,,,2026-07-15 14:36:44,2026-07-15 14:36:44,SYSTEM_SEED,SYSTEM_SEED
ACC-00944,Lokesh Nayak,34,26-35,MALE,42963000000035039,Uttara Kannada Taluk HQ,Chartered loss adjuster,1,2022-11-06,2022-11-06,,,2026-07-15 14:36:44,2026-07-15 14:36:44,SYSTEM_SEED,SYSTEM_SEED
ACC-00945,Yoshita Karan,43,36-45,FEMALE,42963000000035022,Dakshina Kannada West,Pensions consultant,1,2023-11-16,2023-11-16,,,2026-07-15 14:36:44,2026-07-15 14:36:44,SYSTEM_SEED,SYSTEM_SEED
ACC-00946,Faraj Sandhu,22,18-25,MALE,42963000000035018,Chamarajanagar South,Insurance underwriter,1,2024-02-14,2024-02-14,,,2026-07-15 14:36:44,2026-07-15 14:36:44,SYSTEM_SEED,SYSTEM_SEED
ACC-00947,Sujathamma Hegde,60,56-65,FEMALE,42963000000035033,Mysuru North,Trade union research officer,1,2023-04-22,2023-04-22,,,2026-07-15 14:36:44,2026-07-15 14:36:44,SYSTEM_SEED,SYSTEM_SEED
ACC-00948,Udarsh Deep,56,56-65,MALE,42963000000035025,Gadag North,"Engineer, maintenance",1,2023-07-06,2023-07-06,,,2026-07-15 14:36:44,2026-07-15 14:36:44,SYSTEM_SEED,SYSTEM_SEED
ACC-00949,Gopalakrishna Reddy,53,46-55,MALE,42963000000035041,Yadgir West,Corporate investment banker,1,2022-03-12,2022-03-12,,,2026-07-15 14:36:44,2026-07-15 14:36:44,SYSTEM_SEED,SYSTEM_SEED
ACC-00950,Ekantika More,52,46-55,FEMALE,42963000000035012,Bagalkot Rural,"Scientist, research (physical sciences)",2,2022-07-20,2025-12-07,,,2026-07-15 14:36:44,2026-07-15 14:36:44,SYSTEM_SEED,SYSTEM_SEED
ACC-00951,Harish Nayak,38,36-45,MALE,42963000000035022,Dakshina Kannada North,Control and instrumentation engineer,2,2022-08-31,2025-05-11,,,2026-07-15 14:36:44,2026-07-15 14:36:44,SYSTEM_SEED,SYSTEM_SEED
ACC-00952,Elijah Dugar,18,18-25,MALE,42963000000035022,Dakshina Kannada East,"Investment banker, corporate",1,2022-08-15,2022-08-15,,,2026-07-15 14:36:44,2026-07-15 14:36:44,SYSTEM_SEED,SYSTEM_SEED
ACC-00953,Chandrashekar Achar,54,46-55,MALE,42963000000035016,Bengaluru Urban West,Broadcast journalist,1,2023-09-03,2023-09-03,,,2026-07-15 14:36:44,2026-07-15 14:36:44,SYSTEM_SEED,SYSTEM_SEED
ACC-00954,Hiral Nadkarni,22,18-25,FEMALE,42963000000035012,Bagalkot East,Dancer,1,2021-08-20,2021-08-20,,,2026-07-15 14:36:44,2026-07-15 14:36:44,SYSTEM_SEED,SYSTEM_SEED
ACC-00955,Girijamma Reddy,54,46-55,FEMALE,42963000000035030,Kolar East,Air traffic controller,1,2021-01-11,2021-01-11,,,2026-07-15 14:36:44,2026-07-15 14:36:44,SYSTEM_SEED,SYSTEM_SEED
ACC-00956,Samuel Sabharwal,65,56-65,MALE,42963000000035018,Chamarajanagar South,Immunologist,1,2022-09-01,2022-09-01,,,2026-07-15 14:36:44,2026-07-15 14:36:44,SYSTEM_SEED,SYSTEM_SEED
ACC-00957,Mahika Doshi,40,36-45,FEMALE,42963000000035042,Vijayanagara East,Emergency planning/management officer,1,2023-10-14,2023-10-14,,,2026-07-15 14:36:44,2026-07-15 14:36:44,SYSTEM_SEED,SYSTEM_SEED
ACC-00958,Dominic Goyal,27,26-35,MALE,42963000000035024,Dharwad North,Agricultural engineer,1,2021-01-16,2021-01-16,,,2026-07-15 14:36:44,2026-07-15 14:36:44,SYSTEM_SEED,SYSTEM_SEED
ACC-00959,Jack Kata,27,26-35,MALE,42963000000035020,Chikkamagaluru East,Exercise physiologist,1,2023-07-24,2023-07-24,,,2026-07-15 14:36:44,2026-07-15 14:36:44,SYSTEM_SEED,SYSTEM_SEED
ACC-00960,Akkamahadevi Reddy,34,26-35,FEMALE,42963000000035038,Udupi South,Agricultural engineer,2,2023-05-10,2025-07-01,,,2026-07-15 14:36:44,2026-07-15 14:36:44,SYSTEM_SEED,SYSTEM_SEED
ACC-00961,Balveer Sood,27,26-35,MALE,42963000000035013,Ballari West,Contractor,1,2025-04-24,2025-04-24,,,2026-07-15 14:36:44,2026-07-15 14:36:44,SYSTEM_SEED,SYSTEM_SEED
ACC-00962,Raghavendra Poojary,32,26-35,MALE,42963000000035042,Vijayanagara East,Retail buyer,1,2023-12-13,2023-12-13,,,2026-07-15 14:36:44,2026-07-15 14:36:44,SYSTEM_SEED,SYSTEM_SEED
ACC-00963,Ridhi Gour,44,36-45,FEMALE,42963000000035038,Udupi East,Naval architect,1,2024-08-01,2024-08-01,,,2026-07-15 14:36:44,2026-07-15 14:36:44,SYSTEM_SEED,SYSTEM_SEED
ACC-00964,Vritti Devan,46,46-55,FEMALE,42963000000035041,Yadgir South,"Development worker, community",2,2024-08-12,2025-04-01,,,2026-07-15 14:36:44,2026-07-15 14:36:44,SYSTEM_SEED,SYSTEM_SEED
ACC-00965,Thimmakka Poojary,38,36-45,FEMALE,42963000000035031,Koppal North,"Engineer, automotive",1,2022-08-01,2022-08-01,,,2026-07-15 14:36:44,2026-07-15 14:36:44,SYSTEM_SEED,SYSTEM_SEED
ACC-00966,Amol Rege,31,26-35,MALE,42963000000035033,Mysuru Rural,"Administrator, local government",1,2021-03-25,2021-03-25,,,2026-07-15 14:36:44,2026-07-15 14:36:44,SYSTEM_SEED,SYSTEM_SEED
ACC-00967,Sujathamma Bhat,60,56-65,FEMALE,42963000000035034,Raichur East,Geophysicist/field seismologist,1,2023-10-31,2023-10-31,,,2026-07-15 14:36:44,2026-07-15 14:36:44,SYSTEM_SEED,SYSTEM_SEED
ACC-00968,Jagadish Devadiga,41,36-45,MALE,42963000000035030,Kolar Taluk HQ,Passenger transport manager,1,2024-03-02,2024-03-02,,,2026-07-15 14:36:44,2026-07-15 14:36:44,SYSTEM_SEED,SYSTEM_SEED
ACC-00969,Channabasappa Reddy,52,46-55,MALE,42963000000035030,Kolar Taluk HQ,Environmental education officer,2,2021-10-29,2025-10-21,,,2026-07-15 14:36:44,2026-07-15 14:36:44,SYSTEM_SEED,SYSTEM_SEED
ACC-00970,Ishani Bhatti,30,26-35,FEMALE,42963000000035017,Bidar North,"Editor, film/video",1,2025-08-18,2025-08-18,,,2026-07-15 14:36:44,2026-07-15 14:36:44,SYSTEM_SEED,SYSTEM_SEED
ACC-00971,Yash Nair,60,56-65,MALE,42963000000035022,Dakshina Kannada North,"Programmer, systems",2,2023-08-07,2024-04-22,,,2026-07-15 14:36:44,2026-07-15 14:36:44,SYSTEM_SEED,SYSTEM_SEED
ACC-00972,Yallappa Nayak,46,46-55,MALE,42963000000035012,Bagalkot North,Fine artist,1,2024-11-28,2024-11-28,,,2026-07-15 14:36:44,2026-07-15 14:36:44,SYSTEM_SEED,SYSTEM_SEED
ACC-00973,Samaksh Barman,35,26-35,MALE,42963000000035042,Vijayanagara North,Translator,1,2022-06-22,2022-06-22,,,2026-07-15 14:36:44,2026-07-15 14:36:44,SYSTEM_SEED,SYSTEM_SEED
ACC-00974,Nirja Ramesh,59,56-65,FEMALE,42963000000035022,Dakshina Kannada North,Veterinary surgeon,1,2021-11-14,2021-11-14,,,2026-07-15 14:36:44,2026-07-15 14:36:44,SYSTEM_SEED,SYSTEM_SEED
ACC-00975,Chatura Seth,27,26-35,MALE,42963000000035023,Davanagere Rural,"Programmer, multimedia",1,2022-01-26,2022-01-26,,,2026-07-15 14:36:44,2026-07-15 14:36:44,SYSTEM_SEED,SYSTEM_SEED
ACC-00976,Krisha Venkataraman,26,26-35,FEMALE,42963000000035033,Mysuru West,Soil scientist,1,2024-09-14,2024-09-14,,,2026-07-15 14:36:44,2026-07-15 14:36:44,SYSTEM_SEED,SYSTEM_SEED
ACC-00977,Anusha Ram,57,56-65,FEMALE,42963000000035025,Gadag Taluk HQ,"Scientist, clinical (histocompatibility and immunogenetics)",1,2023-10-14,2023-10-14,,,2026-07-15 14:36:44,2026-07-15 14:36:44,SYSTEM_SEED,SYSTEM_SEED
ACC-00978,Basavaraj Gowda,61,56-65,MALE,42963000000035015,Bengaluru Rural Taluk HQ,Artist,1,2024-08-25,2024-08-25,,,2026-07-15 14:36:44,2026-07-15 14:36:44,SYSTEM_SEED,SYSTEM_SEED
ACC-00979,Raghavendra Poojary,39,36-45,MALE,42963000000035037,Tumakuru Rural,Energy manager,1,2024-01-21,2024-01-21,,,2026-07-15 14:36:44,2026-07-15 14:36:44,SYSTEM_SEED,SYSTEM_SEED
ACC-00980,Chandrakala Rai,27,26-35,FEMALE,42963000000035041,Yadgir West,"Horticulturist, amenity",1,2023-10-30,2023-10-30,,,2026-07-15 14:36:44,2026-07-15 14:36:44,SYSTEM_SEED,SYSTEM_SEED
ACC-00981,Rushil Modi,38,36-45,MALE,42963000000035028,Kalaburagi East,Higher education lecturer,1,2024-09-18,2024-09-18,,,2026-07-15 14:36:44,2026-07-15 14:36:44,SYSTEM_SEED,SYSTEM_SEED
ACC-00982,Harish Setty,39,36-45,MALE,42963000000035032,Mandya West,"Psychologist, clinical",1,2023-01-06,2023-01-06,,,2026-07-15 14:36:44,2026-07-15 14:36:44,SYSTEM_SEED,SYSTEM_SEED
ACC-00983,Shanthakumari Hegde,28,26-35,FEMALE,42963000000035038,Udupi West,Dietitian,1,2021-08-11,2021-08-11,,,2026-07-15 14:36:44,2026-07-15 14:36:44,SYSTEM_SEED,SYSTEM_SEED
ACC-00984,Manan Bhagat,57,56-65,MALE,42963000000035023,Davanagere Rural,"Scientist, forensic",2,2021-02-10,2025-03-12,,,2026-07-15 14:36:44,2026-07-15 14:36:44,SYSTEM_SEED,SYSTEM_SEED
ACC-00985,Mahadevi Hegde,48,46-55,FEMALE,42963000000035032,Mandya Rural,Curator,1,2025-01-14,2025-01-14,,,2026-07-15 14:36:44,2026-07-15 14:36:44,SYSTEM_SEED,SYSTEM_SEED
ACC-00986,Chandrashekar Naik,27,26-35,MALE,42963000000035039,Uttara Kannada East,"Psychologist, educational",1,2023-02-07,2023-02-07,,,2026-07-15 14:36:44,2026-07-15 14:36:44,SYSTEM_SEED,SYSTEM_SEED
ACC-00987,Basavaraj Achar,48,46-55,MALE,42963000000035022,Dakshina Kannada Rural,Production engineer,1,2022-06-22,2022-06-22,,,2026-07-15 14:36:44,2026-07-15 14:36:44,SYSTEM_SEED,SYSTEM_SEED
ACC-00988,Zashil Chowdhury,41,36-45,MALE,42963000000035040,Vijayapura North,Education administrator,1,2025-08-17,2025-08-17,,,2026-07-15 14:36:44,2026-07-15 14:36:44,SYSTEM_SEED,SYSTEM_SEED
ACC-00989,Ronith Sachdev,46,46-55,MALE,42963000000035038,Udupi Rural,Jewellery designer,1,2024-10-03,2024-10-03,,,2026-07-15 14:36:44,2026-07-15 14:36:44,SYSTEM_SEED,SYSTEM_SEED
ACC-00990,Gopalakrishna Rai,54,46-55,MALE,42963000000035022,Dakshina Kannada Taluk HQ,"Production designer, theatre/television/film",1,2024-10-20,2024-10-20,,,2026-07-15 14:36:44,2026-07-15 14:36:44,SYSTEM_SEED,SYSTEM_SEED
ACC-00991,Ravindranath Naik,29,26-35,MALE,42963000000035016,Bengaluru Urban Taluk HQ,Agricultural consultant,1,2022-10-01,2022-10-01,,,2026-07-15 14:36:44,2026-07-15 14:36:44,SYSTEM_SEED,SYSTEM_SEED
ACC-00992,Utkarsh Jaggi,60,56-65,MALE,42963000000035017,Bidar South,"Programme researcher, broadcasting/film/video",1,2025-07-24,2025-07-24,,,2026-07-15 14:36:44,2026-07-15 14:36:44,SYSTEM_SEED,SYSTEM_SEED
ACC-00993,Jeremiah Naik,63,56-65,MALE,42963000000035034,Raichur South,"Development worker, community",1,2025-03-15,2025-03-15,,,2026-07-15 14:36:44,2026-07-15 14:36:44,SYSTEM_SEED,SYSTEM_SEED
ACC-00994,Chandani Comar,56,56-65,FEMALE,42963000000035042,Vijayanagara West,"Production assistant, television",1,2021-10-29,2021-10-29,,,2026-07-15 14:36:44,2026-07-15 14:36:44,SYSTEM_SEED,SYSTEM_SEED
ACC-00995,Nagaveni Poojary,55,46-55,FEMALE,42963000000035023,Davanagere West,Medical laboratory scientific officer,1,2024-10-08,2024-10-08,,,2026-07-15 14:36:44,2026-07-15 14:36:44,SYSTEM_SEED,SYSTEM_SEED
ACC-00996,Zaitra Rajagopalan,35,26-35,FEMALE,42963000000035042,Vijayanagara Taluk HQ,Sales promotion account executive,2,2022-01-11,2022-12-10,,,2026-07-15 14:36:44,2026-07-15 14:36:44,SYSTEM_SEED,SYSTEM_SEED
ACC-00997,Manjunath Urs,49,46-55,MALE,42963000000035021,Chitradurga South,Veterinary surgeon,1,2024-10-22,2024-10-22,,,2026-07-15 14:36:44,2026-07-15 14:36:44,SYSTEM_SEED,SYSTEM_SEED
ACC-00998,Ranbir Rai,34,26-35,MALE,42963000000035024,Dharwad Taluk HQ,Armed forces logistics/support/administrative officer,1,2022-06-05,2022-06-05,,,2026-07-15 14:36:44,2026-07-15 14:36:44,SYSTEM_SEED,SYSTEM_SEED
ACC-00999,Oliver Doctor,35,26-35,MALE,42963000000035033,Mysuru East,"Designer, textile",1,2025-07-19,2025-07-19,,,2026-07-15 14:36:44,2026-07-15 14:36:44,SYSTEM_SEED,SYSTEM_SEED
ACC-01000,Hemal Behl,60,56-65,FEMALE,42963000000035014,Belagavi North,Personnel officer,1,2023-06-06,2023-06-06,,,2026-07-15 14:36:44,2026-07-15 14:36:44,SYSTEM_SEED,SYSTEM_SEED
ACC-01001,Nilima Sehgal,57,56-65,FEMALE,42963000000035012,Bagalkot South,Homeopath,1,2022-09-02,2022-09-02,,,2026-07-15 14:36:44,2026-07-15 14:36:44,SYSTEM_SEED,SYSTEM_SEED
ACC-01002,Dhriti Deep,42,36-45,FEMALE,42963000000035017,Bidar East,"Engineer, electrical",1,2021-07-02,2021-07-02,,,2026-07-15 14:36:44,2026-07-15 14:36:44,SYSTEM_SEED,SYSTEM_SEED
ACC-01003,Savitramma Rai,20,18-25,FEMALE,42963000000035032,Mandya South,"Accountant, chartered certified",1,2024-10-28,2024-10-28,,,2026-07-15 14:36:44,2026-07-15 14:36:44,SYSTEM_SEED,SYSTEM_SEED
ACC-01004,Abeer Shanker,50,46-55,MALE,42963000000035037,Tumakuru East,Research scientist (medical),1,2025-08-22,2025-08-22,,,2026-07-15 14:36:44,2026-07-15 14:36:44,SYSTEM_SEED,SYSTEM_SEED
ACC-01005,Aarnav Tak,63,56-65,MALE,42963000000035022,Dakshina Kannada Rural,Field seismologist,1,2022-05-05,2022-05-05,,,2026-07-15 14:36:44,2026-07-15 14:36:44,SYSTEM_SEED,SYSTEM_SEED
ACC-01006,Wazir Setty,34,26-35,MALE,42963000000035026,Hassan South,Outdoor activities/education manager,1,2024-01-06,2024-01-06,,,2026-07-15 14:36:44,2026-07-15 14:36:44,SYSTEM_SEED,SYSTEM_SEED
ACC-01007,Chaaya Ahuja,23,18-25,FEMALE,42963000000035039,Uttara Kannada Taluk HQ,Financial risk analyst,2,2021-10-04,2022-05-29,,,2026-07-15 14:36:44,2026-07-15 14:36:44,SYSTEM_SEED,SYSTEM_SEED
ACC-01008,Hemang Bawa,60,56-65,MALE,42963000000035039,Uttara Kannada Taluk HQ,Electrical engineer,1,2021-09-06,2021-09-06,,,2026-07-15 14:36:44,2026-07-15 14:36:44,SYSTEM_SEED,SYSTEM_SEED
ACC-01009,Ayaan Palla,19,18-25,MALE,42963000000035035,Ramanagara Taluk HQ,Animator,1,2022-03-26,2022-03-26,,,2026-07-15 14:36:44,2026-07-15 14:36:44,SYSTEM_SEED,SYSTEM_SEED
ACC-01010,Jagadish Achar,33,26-35,MALE,42963000000035014,Belagavi North,Dance movement psychotherapist,1,2022-11-06,2022-11-06,,,2026-07-15 14:36:44,2026-07-15 14:36:44,SYSTEM_SEED,SYSTEM_SEED
ACC-01011,Basavaraj Urs,23,18-25,MALE,42963000000035037,Tumakuru South,Amenity horticulturist,2,2022-01-16,2025-04-20,,,2026-07-15 14:36:44,2026-07-15 14:36:44,SYSTEM_SEED,SYSTEM_SEED
ACC-01012,Oni Chahal,57,56-65,FEMALE,42963000000035014,Belagavi East,Artist,1,2022-02-27,2022-02-27,,,2026-07-15 14:36:44,2026-07-15 14:36:44,SYSTEM_SEED,SYSTEM_SEED
ACC-01013,Sathvik Gokhale,58,56-65,MALE,42963000000035037,Tumakuru Taluk HQ,"Designer, television/film set",1,2023-03-20,2023-03-20,,,2026-07-15 14:36:44,2026-07-15 14:36:44,SYSTEM_SEED,SYSTEM_SEED
ACC-01014,Gaurang Shah,57,56-65,MALE,42963000000035016,Bengaluru Urban North,Technical sales engineer,1,2024-11-29,2024-11-29,,,2026-07-15 14:36:44,2026-07-15 14:36:44,SYSTEM_SEED,SYSTEM_SEED
ACC-01015,Chandrakala Gowda,65,56-65,FEMALE,42963000000035040,Vijayapura East,Media buyer,1,2024-10-07,2024-10-07,,,2026-07-15 14:36:44,2026-07-15 14:36:44,SYSTEM_SEED,SYSTEM_SEED
ACC-01016,Chandrakala Reddy,61,56-65,FEMALE,42963000000035018,Chamarajanagar South,Animal technologist,1,2024-12-26,2024-12-26,,,2026-07-15 14:36:44,2026-07-15 14:36:44,SYSTEM_SEED,SYSTEM_SEED
ACC-01017,Netra Naidu,58,56-65,FEMALE,42963000000035025,Gadag North,"Merchandiser, retail",1,2021-06-01,2021-06-01,,,2026-07-15 14:36:44,2026-07-15 14:36:44,SYSTEM_SEED,SYSTEM_SEED
ACC-01018,Bahadurjit Sane,63,56-65,MALE,42963000000035042,Vijayanagara North,Statistician,1,2022-12-15,2022-12-15,,,2026-07-15 14:36:44,2026-07-15 14:36:44,SYSTEM_SEED,SYSTEM_SEED
ACC-01019,Mugdha Sinha,48,46-55,FEMALE,42963000000035020,Chikkamagaluru Taluk HQ,Contractor,1,2023-06-14,2023-06-14,,,2026-07-15 14:36:44,2026-07-15 14:36:44,SYSTEM_SEED,SYSTEM_SEED
ACC-01020,Kariyappa Poojary,46,46-55,MALE,42963000000035016,Bengaluru Urban South,Community development worker,2,2022-05-22,2022-09-17,,,2026-07-15 14:36:44,2026-07-15 14:36:44,SYSTEM_SEED,SYSTEM_SEED
ACC-01021,Omya Vyas,27,26-35,FEMALE,42963000000035038,Udupi North,Patent attorney,1,2024-01-21,2024-01-21,,,2026-07-15 14:36:44,2026-07-15 14:36:44,SYSTEM_SEED,SYSTEM_SEED
ACC-01022,Henry Bhardwaj,62,56-65,MALE,42963000000035016,Bengaluru Urban North,Clinical embryologist,2,2022-03-23,2024-10-25,,,2026-07-15 14:36:44,2026-07-15 14:36:44,SYSTEM_SEED,SYSTEM_SEED
ACC-01023,Warhi Mani,29,26-35,FEMALE,42963000000035036,Shivamogga North,Physiotherapist,1,2024-11-24,2024-11-24,,,2026-07-15 14:36:44,2026-07-15 14:36:44,SYSTEM_SEED,SYSTEM_SEED
ACC-01024,Kai Vora,28,26-35,MALE,42963000000035022,Dakshina Kannada South,"Teacher, special educational needs",1,2024-08-16,2024-08-16,,,2026-07-15 14:36:44,2026-07-15 14:36:44,SYSTEM_SEED,SYSTEM_SEED
ACC-01025,Dhruv Taneja,56,56-65,MALE,42963000000035023,Davanagere North,"Scientist, product/process development",1,2024-07-26,2024-07-26,,,2026-07-15 14:36:44,2026-07-15 14:36:44,SYSTEM_SEED,SYSTEM_SEED
ACC-01026,Manjunath Bhat,45,36-45,MALE,42963000000035018,Chamarajanagar Taluk HQ,Research scientist (medical),1,2025-12-10,2025-12-10,,,2026-07-15 14:36:44,2026-07-15 14:36:44,SYSTEM_SEED,SYSTEM_SEED
ACC-01027,Gautam Kaul,59,56-65,MALE,42963000000035038,Udupi South,Horticultural therapist,1,2023-08-21,2023-08-21,,,2026-07-15 14:36:44,2026-07-15 14:36:44,SYSTEM_SEED,SYSTEM_SEED
ACC-01028,Raghavendra Urs,28,26-35,MALE,42963000000035014,Belagavi Taluk HQ,"Engineer, biomedical",2,2024-05-08,2025-06-08,,,2026-07-15 14:36:44,2026-07-15 14:36:44,SYSTEM_SEED,SYSTEM_SEED
ACC-01029,Daniel Bajwa,57,56-65,MALE,42963000000035033,Mysuru Rural,"Psychologist, occupational",1,2022-08-09,2022-08-09,,,2026-07-15 14:36:44,2026-07-15 14:36:44,SYSTEM_SEED,SYSTEM_SEED
ACC-01030,Hemang Sachdeva,63,56-65,MALE,42963000000035024,Dharwad Rural,Patent attorney,1,2022-10-02,2022-10-02,,,2026-07-15 14:36:44,2026-07-15 14:36:44,SYSTEM_SEED,SYSTEM_SEED
ACC-01031,Osha Palla,23,18-25,FEMALE,42963000000035021,Chitradurga South,"Surveyor, minerals",1,2023-03-08,2023-03-08,,,2026-07-15 14:36:44,2026-07-15 14:36:44,SYSTEM_SEED,SYSTEM_SEED
ACC-01032,Aashi Jaggi,62,56-65,FEMALE,42963000000035032,Mandya Taluk HQ,Herbalist,1,2021-08-07,2021-08-07,,,2026-07-15 14:36:44,2026-07-15 14:36:44,SYSTEM_SEED,SYSTEM_SEED
ACC-01033,Bahadurjit Morar,54,46-55,MALE,42963000000035019,Chikballapur East,Hydrologist,1,2021-04-05,2021-04-05,,,2026-07-15 14:36:44,2026-07-15 14:36:44,SYSTEM_SEED,SYSTEM_SEED
ACC-01034,Aarush Comar,40,36-45,MALE,42963000000035033,Mysuru East,"Lecturer, further education",1,2023-08-03,2023-08-03,,,2026-07-15 14:36:44,2026-07-15 14:36:44,SYSTEM_SEED,SYSTEM_SEED
ACC-01035,Lokesh Poojary,37,36-45,MALE,42963000000035033,Mysuru West,Licensed conveyancer,1,2021-08-16,2021-08-16,,,2026-07-15 14:36:44,2026-07-15 14:36:44,SYSTEM_SEED,SYSTEM_SEED
ACC-01036,Siddalingaiah Devadiga,28,26-35,MALE,42963000000035013,Ballari South,Occupational hygienist,1,2023-04-03,2023-04-03,,,2026-07-15 14:36:44,2026-07-15 14:36:44,SYSTEM_SEED,SYSTEM_SEED
ACC-01037,Harita Hari,43,36-45,FEMALE,42963000000035024,Dharwad East,Lawyer,2,2021-12-21,2024-09-08,,,2026-07-15 14:36:44,2026-07-15 14:36:44,SYSTEM_SEED,SYSTEM_SEED
ACC-01038,Wriddhish Som,27,26-35,MALE,42963000000035016,Bengaluru Urban East,Animal technologist,1,2024-06-28,2024-06-28,,,2026-07-15 14:36:44,2026-07-15 14:36:44,SYSTEM_SEED,SYSTEM_SEED
ACC-01039,Wridesh Dugal,19,18-25,MALE,42963000000035037,Tumakuru East,Psychiatrist,1,2023-01-28,2023-01-28,,,2026-07-15 14:36:44,2026-07-15 14:36:44,SYSTEM_SEED,SYSTEM_SEED
ACC-01040,Shivakumar Setty,58,56-65,MALE,42963000000035016,Bengaluru Urban Rural,Software engineer,1,2025-07-31,2025-07-31,,,2026-07-15 14:36:44,2026-07-15 14:36:44,SYSTEM_SEED,SYSTEM_SEED
ACC-01041,Vihaan Sachdev,29,26-35,MALE,42963000000035016,Bengaluru Urban North,Banker,1,2021-01-13,2021-01-13,,,2026-07-15 14:36:44,2026-07-15 14:36:44,SYSTEM_SEED,SYSTEM_SEED
ACC-01042,Nakul Wason,24,18-25,MALE,42963000000035012,Bagalkot South,Advertising account executive,1,2021-05-31,2021-05-31,,,2026-07-15 14:36:44,2026-07-15 14:36:44,SYSTEM_SEED,SYSTEM_SEED
ACC-01043,Noah Pandya,39,36-45,MALE,42963000000035017,Bidar North,Brewing technologist,2,2023-03-12,2024-03-20,,,2026-07-15 14:36:44,2026-07-15 14:36:44,SYSTEM_SEED,SYSTEM_SEED
ACC-01044,Logan Balasubramanian,37,36-45,MALE,42963000000035036,Shivamogga South,"Librarian, academic",1,2022-05-03,2022-05-03,,,2026-07-15 14:36:44,2026-07-15 14:36:44,SYSTEM_SEED,SYSTEM_SEED
ACC-01045,Fitan Ramachandran,32,26-35,MALE,42963000000035017,Bidar East,"Embryologist, clinical",1,2023-03-19,2023-03-19,,,2026-07-15 14:36:44,2026-07-15 14:36:44,SYSTEM_SEED,SYSTEM_SEED
ACC-01046,Mitesh Murty,45,36-45,MALE,42963000000035024,Dharwad East,Ambulance person,1,2025-11-11,2025-11-11,,,2026-07-15 14:36:44,2026-07-15 14:36:44,SYSTEM_SEED,SYSTEM_SEED
ACC-01047,Triveni Chadha,60,56-65,FEMALE,42963000000035014,Belagavi Taluk HQ,Research scientist (maths),1,2022-10-03,2022-10-03,,,2026-07-15 14:36:44,2026-07-15 14:36:44,SYSTEM_SEED,SYSTEM_SEED
ACC-01048,Quincy Seth,38,36-45,MALE,42963000000035033,Mysuru North,Immigration officer,2,2023-08-14,2025-11-12,,,2026-07-15 14:36:44,2026-07-15 14:36:44,SYSTEM_SEED,SYSTEM_SEED
ACC-01049,Matthew Gill,33,26-35,MALE,42963000000035025,Gadag North,Clinical research associate,1,2021-06-22,2021-06-22,,,2026-07-15 14:36:44,2026-07-15 14:36:44,SYSTEM_SEED,SYSTEM_SEED
ACC-01050,Anirudh Jaggi,44,36-45,MALE,42963000000035024,Dharwad Rural,Chief Executive Officer,1,2021-02-14,2021-02-14,,,2026-07-15 14:36:44,2026-07-15 14:36:44,SYSTEM_SEED,SYSTEM_SEED
ACC-01051,Girijamma Reddy,28,26-35,FEMALE,42963000000035022,Dakshina Kannada West,"Producer, radio",1,2024-08-10,2024-08-10,,,2026-07-15 14:36:44,2026-07-15 14:36:44,SYSTEM_SEED,SYSTEM_SEED
ACC-01052,Warhi Tella,25,18-25,FEMALE,42963000000035028,Kalaburagi South,"Designer, exhibition/display",1,2022-05-31,2022-05-31,,,2026-07-15 14:36:44,2026-07-15 14:36:44,SYSTEM_SEED,SYSTEM_SEED
ACC-01053,Onkar Sule,64,56-65,MALE,42963000000035022,Dakshina Kannada North,"Scientist, research (physical sciences)",1,2021-11-07,2021-11-07,,,2026-07-15 14:36:44,2026-07-15 14:36:44,SYSTEM_SEED,SYSTEM_SEED
ACC-01054,Omisha Dhar,41,36-45,FEMALE,42963000000035027,Haveri Taluk HQ,Chief Technology Officer,1,2024-01-15,2024-01-15,,,2026-07-15 14:36:44,2026-07-15 14:36:44,SYSTEM_SEED,SYSTEM_SEED
ACC-01055,Pushpalatha Urs,46,46-55,FEMALE,42963000000035022,Dakshina Kannada North,"Scientist, clinical (histocompatibility and immunogenetics)",2,2022-11-06,2025-11-06,,,2026-07-15 14:36:44,2026-07-15 14:36:44,SYSTEM_SEED,SYSTEM_SEED
ACC-01056,Harshil Bansal,38,36-45,MALE,42963000000035030,Kolar East,Psychiatric nurse,1,2025-08-24,2025-08-24,,,2026-07-15 14:36:44,2026-07-15 14:36:44,SYSTEM_SEED,SYSTEM_SEED
ACC-01057,Dalbir Agrawal,35,26-35,MALE,42963000000035026,Hassan South,Insurance risk surveyor,1,2025-07-27,2025-07-27,,,2026-07-15 14:36:44,2026-07-15 14:36:44,SYSTEM_SEED,SYSTEM_SEED
ACC-01058,Puttaswamy Setty,62,56-65,MALE,42963000000035017,Bidar Rural,Armed forces operational officer,2,2021-08-18,2025-01-12,,,2026-07-15 14:36:44,2026-07-15 14:36:44,SYSTEM_SEED,SYSTEM_SEED
ACC-01059,Yallappa Achar,54,46-55,MALE,42963000000035041,Yadgir North,"Therapist, music",1,2024-04-22,2024-04-22,,,2026-07-15 14:36:44,2026-07-15 14:36:44,SYSTEM_SEED,SYSTEM_SEED
ACC-01060,Ojas Sibal,33,26-35,MALE,42963000000035024,Dharwad Taluk HQ,Armed forces training and education officer,2,2021-07-20,2025-12-15,,,2026-07-15 14:36:44,2026-07-15 14:36:44,SYSTEM_SEED,SYSTEM_SEED
ACC-01061,Jagadish Achar,38,36-45,MALE,42963000000035025,Gadag South,"Civil engineer, contracting",2,2021-05-05,2023-08-17,,,2026-07-15 14:36:44,2026-07-15 14:36:44,SYSTEM_SEED,SYSTEM_SEED
ACC-01062,Alka Muni,23,18-25,FEMALE,42963000000035025,Gadag Rural,"Engineer, manufacturing systems",1,2022-08-22,2022-08-22,,,2026-07-15 14:36:44,2026-07-15 14:36:44,SYSTEM_SEED,SYSTEM_SEED
ACC-01063,Lakshmamma Setty,35,26-35,FEMALE,42963000000035014,Belagavi South,IT sales professional,1,2023-10-19,2023-10-19,,,2026-07-15 14:36:44,2026-07-15 14:36:44,SYSTEM_SEED,SYSTEM_SEED
ACC-01064,Gopal Mangat,63,56-65,MALE,42963000000035016,Bengaluru Urban Taluk HQ,Health and safety inspector,2,2023-10-31,2025-07-11,,,2026-07-15 14:36:44,2026-07-15 14:36:44,SYSTEM_SEED,SYSTEM_SEED
ACC-01065,Urvi Dalal,48,46-55,FEMALE,42963000000035018,Chamarajanagar South,Government social research officer,2,2024-05-22,2025-05-20,,,2026-07-15 14:36:44,2026-07-15 14:36:44,SYSTEM_SEED,SYSTEM_SEED
ACC-01066,Gaurangi Mahal,40,36-45,FEMALE,42963000000035035,Ramanagara North,Colour technologist,1,2025-03-03,2025-03-03,,,2026-07-15 14:36:44,2026-07-15 14:36:44,SYSTEM_SEED,SYSTEM_SEED
ACC-01067,Charan Jhaveri,35,26-35,MALE,42963000000035041,Yadgir South,Special effects artist,1,2025-06-02,2025-06-02,,,2026-07-15 14:36:44,2026-07-15 14:36:44,SYSTEM_SEED,SYSTEM_SEED
ACC-01068,Lokesh Achar,56,56-65,MALE,42963000000035038,Udupi West,Maintenance engineer,1,2023-07-05,2023-07-05,,,2026-07-15 14:36:44,2026-07-15 14:36:44,SYSTEM_SEED,SYSTEM_SEED
ACC-01069,Lokesh Bhat,25,18-25,MALE,42963000000035020,Chikkamagaluru West,Stage manager,1,2022-10-05,2022-10-05,,,2026-07-15 14:36:44,2026-07-15 14:36:44,SYSTEM_SEED,SYSTEM_SEED
ACC-01070,Basavaraj Shetty,36,36-45,MALE,42963000000035018,Chamarajanagar South,"Investment banker, operational",1,2022-02-13,2022-02-13,,,2026-07-15 14:36:44,2026-07-15 14:36:44,SYSTEM_SEED,SYSTEM_SEED
ACC-01071,Shivakumar Hegde,31,26-35,MALE,42963000000035016,Bengaluru Urban South,Geoscientist,2,2024-06-05,2025-11-05,,,2026-07-15 14:36:44,2026-07-15 14:36:44,SYSTEM_SEED,SYSTEM_SEED
ACC-01072,Lucky Konda,47,46-55,MALE,42963000000035033,Mysuru East,Dramatherapist,1,2021-06-12,2021-06-12,,,2026-07-15 14:36:44,2026-07-15 14:36:44,SYSTEM_SEED,SYSTEM_SEED
ACC-01073,Sujathamma Setty,58,56-65,FEMALE,42963000000035022,Dakshina Kannada South,Building services engineer,1,2024-12-27,2024-12-27,,,2026-07-15 14:36:44,2026-07-15 14:36:44,SYSTEM_SEED,SYSTEM_SEED
ACC-01074,Omkaar Zachariah,24,18-25,MALE,42963000000035040,Vijayapura North,"Producer, radio",1,2025-08-19,2025-08-19,,,2026-07-15 14:36:44,2026-07-15 14:36:44,SYSTEM_SEED,SYSTEM_SEED
ACC-01075,Yallappa Naik,63,56-65,MALE,42963000000035029,Kodagu South,Arts administrator,1,2025-05-23,2025-05-23,,,2026-07-15 14:36:44,2026-07-15 14:36:44,SYSTEM_SEED,SYSTEM_SEED
ACC-01076,Akshay Sinha,19,18-25,MALE,42963000000035016,Bengaluru Urban West,Arts administrator,1,2023-04-27,2023-04-27,,,2026-07-15 14:36:44,2026-07-15 14:36:44,SYSTEM_SEED,SYSTEM_SEED
ACC-01077,Ravindranath Bhat,48,46-55,MALE,42963000000035022,Dakshina Kannada Taluk HQ,Claims inspector/assessor,1,2022-08-20,2022-08-20,,,2026-07-15 14:36:44,2026-07-15 14:36:44,SYSTEM_SEED,SYSTEM_SEED
ACC-01078,Kariyappa Rai,58,56-65,MALE,42963000000035024,Dharwad West,Music therapist,1,2024-10-15,2024-10-15,,,2026-07-15 14:36:44,2026-07-15 14:36:44,SYSTEM_SEED,SYSTEM_SEED
ACC-01079,Yallappa Gowda,20,18-25,MALE,42963000000035030,Kolar West,Audiological scientist,1,2023-03-14,2023-03-14,,,2026-07-15 14:36:44,2026-07-15 14:36:44,SYSTEM_SEED,SYSTEM_SEED
ACC-01080,Tanay Ramanathan,21,18-25,MALE,42963000000035033,Mysuru East,Editorial assistant,1,2021-05-21,2021-05-21,,,2026-07-15 14:36:44,2026-07-15 14:36:44,SYSTEM_SEED,SYSTEM_SEED
ACC-01081,Gangamma Bhat,22,18-25,FEMALE,42963000000035040,Vijayapura North,"Therapist, occupational",1,2025-05-27,2025-05-27,,,2026-07-15 14:36:44,2026-07-15 14:36:44,SYSTEM_SEED,SYSTEM_SEED
ACC-01082,Rachana Muni,63,56-65,FEMALE,42963000000035018,Chamarajanagar South,Learning mentor,1,2023-06-29,2023-06-29,,,2026-07-15 14:36:44,2026-07-15 14:36:44,SYSTEM_SEED,SYSTEM_SEED
ACC-01083,Gopalakrishna Devadiga,39,36-45,MALE,42963000000035014,Belagavi East,"Engineer, civil (consulting)",1,2021-02-13,2021-02-13,,,2026-07-15 14:36:44,2026-07-15 14:36:44,SYSTEM_SEED,SYSTEM_SEED
ACC-01084,Viraj Deep,52,46-55,MALE,42963000000035014,Belagavi East,Chief Financial Officer,1,2025-03-26,2025-03-26,,,2026-07-15 14:36:44,2026-07-15 14:36:44,SYSTEM_SEED,SYSTEM_SEED
ACC-01085,Chanakya Shah,62,56-65,MALE,42963000000035016,Bengaluru Urban North,Insurance claims handler,1,2025-10-10,2025-10-10,,,2026-07-15 14:36:44,2026-07-15 14:36:44,SYSTEM_SEED,SYSTEM_SEED
ACC-01086,Vrinda Kata,46,46-55,FEMALE,42963000000035016,Bengaluru Urban South,Environmental manager,1,2025-04-20,2025-04-20,,,2026-07-15 14:36:44,2026-07-15 14:36:44,SYSTEM_SEED,SYSTEM_SEED
ACC-01087,Kai Patla,32,26-35,MALE,42963000000035018,Chamarajanagar West,"Nurse, children's",1,2021-10-09,2021-10-09,,,2026-07-15 14:36:44,2026-07-15 14:36:44,SYSTEM_SEED,SYSTEM_SEED
ACC-01088,Noah Nair,19,18-25,MALE,42963000000035014,Belagavi North,Professor Emeritus,1,2022-11-03,2022-11-03,,,2026-07-15 14:36:44,2026-07-15 14:36:44,SYSTEM_SEED,SYSTEM_SEED
ACC-01089,Mahadevi Naik,48,46-55,FEMALE,42963000000035013,Ballari North,Ranger/warden,1,2022-12-22,2022-12-22,,,2026-07-15 14:36:44,2026-07-15 14:36:44,SYSTEM_SEED,SYSTEM_SEED
ACC-01090,Ravindranath Gowda,50,46-55,MALE,42963000000035021,Chitradurga West,Air traffic controller,1,2025-09-12,2025-09-12,,,2026-07-15 14:36:44,2026-07-15 14:36:44,SYSTEM_SEED,SYSTEM_SEED
ACC-01091,Wazir Chowdhury,36,36-45,MALE,42963000000035024,Dharwad Rural,Make,1,2025-02-24,2025-02-24,,,2026-07-15 14:36:44,2026-07-15 14:36:44,SYSTEM_SEED,SYSTEM_SEED
ACC-01092,Yallappa Gowda,44,36-45,MALE,42963000000035026,Hassan North,Quality manager,2,2021-04-24,2025-01-22,,,2026-07-15 14:36:44,2026-07-15 14:36:44,SYSTEM_SEED,SYSTEM_SEED
ACC-01093,Gopalakrishna Achar,32,26-35,MALE,42963000000035028,Kalaburagi South,"Psychologist, clinical",1,2025-10-22,2025-10-22,,,2026-07-15 14:36:44,2026-07-15 14:36:44,SYSTEM_SEED,SYSTEM_SEED
ACC-01094,Lokesh Naik,50,46-55,MALE,42963000000035038,Udupi West,"Doctor, hospital",1,2025-10-08,2025-10-08,,,2026-07-15 14:36:44,2026-07-15 14:36:44,SYSTEM_SEED,SYSTEM_SEED
ACC-01095,Owen Datta,18,18-25,MALE,42963000000035039,Uttara Kannada South,Rural practice surveyor,1,2024-05-06,2024-05-06,,,2026-07-15 14:36:44,2026-07-15 14:36:44,SYSTEM_SEED,SYSTEM_SEED
ACC-01096,Samaksh Chhabra,35,26-35,MALE,42963000000035027,Haveri North,"Journalist, magazine",1,2023-07-22,2023-07-22,,,2026-07-15 14:36:44,2026-07-15 14:36:44,SYSTEM_SEED,SYSTEM_SEED
ACC-01097,Lakshmamma Rai,30,26-35,FEMALE,42963000000035033,Mysuru South,"Surveyor, commercial/residential",1,2025-03-23,2025-03-23,,,2026-07-15 14:36:44,2026-07-15 14:36:44,SYSTEM_SEED,SYSTEM_SEED
ACC-01098,Basavaraj Devadiga,43,36-45,MALE,42963000000035016,Bengaluru Urban West,Building services engineer,1,2024-06-04,2024-06-04,,,2026-07-15 14:36:44,2026-07-15 14:36:44,SYSTEM_SEED,SYSTEM_SEED
ACC-01099,Vihaan Rattan,59,56-65,MALE,42963000000035031,Koppal North,Therapeutic radiographer,1,2023-05-30,2023-05-30,,,2026-07-15 14:36:44,2026-07-15 14:36:44,SYSTEM_SEED,SYSTEM_SEED
ACC-01100,Harish Urs,29,26-35,MALE,42963000000035016,Bengaluru Urban North,Patent attorney,1,2023-12-13,2023-12-13,,,2026-07-15 14:36:44,2026-07-15 14:36:44,SYSTEM_SEED,SYSTEM_SEED
ACC-01101,Jairaj Dutt,30,26-35,MALE,42963000000035033,Mysuru South,Race relations officer,1,2023-12-15,2023-12-15,,,2026-07-15 14:36:44,2026-07-15 14:36:44,SYSTEM_SEED,SYSTEM_SEED
ACC-01102,Bhavini Oak,62,56-65,FEMALE,42963000000035031,Koppal South,"Engineer, manufacturing",1,2021-12-04,2021-12-04,,,2026-07-15 14:36:44,2026-07-15 14:36:44,SYSTEM_SEED,SYSTEM_SEED
ACC-01103,Urishilla Oommen,41,36-45,FEMALE,42963000000035024,Dharwad North,Sport and exercise psychologist,1,2024-10-14,2024-10-14,,,2026-07-15 14:36:44,2026-07-15 14:36:44,SYSTEM_SEED,SYSTEM_SEED
ACC-01104,Gabriel Brahmbhatt,54,46-55,MALE,42963000000035038,Udupi North,"Teacher, secondary school",1,2023-10-29,2023-10-29,,,2026-07-15 14:36:44,2026-07-15 14:36:44,SYSTEM_SEED,SYSTEM_SEED
ACC-01105,Kariyappa Kulkarni,50,46-55,MALE,42963000000035012,Bagalkot South,"Radiographer, therapeutic",1,2023-12-05,2023-12-05,,,2026-07-15 14:36:44,2026-07-15 14:36:44,SYSTEM_SEED,SYSTEM_SEED
ACC-01106,Vincent Nanda,31,26-35,MALE,42963000000035024,Dharwad Rural,"Surveyor, building control",1,2024-10-05,2024-10-05,,,2026-07-15 14:36:44,2026-07-15 14:36:44,SYSTEM_SEED,SYSTEM_SEED
ACC-01107,Kariyappa Devadiga,38,36-45,MALE,42963000000035024,Dharwad East,Chief Strategy Officer,1,2023-12-17,2023-12-17,,,2026-07-15 14:36:44,2026-07-15 14:36:44,SYSTEM_SEED,SYSTEM_SEED
ACC-01108,Hema Morar,53,46-55,FEMALE,42963000000035028,Kalaburagi Rural,"Optician, dispensing",1,2023-02-10,2023-02-10,,,2026-07-15 14:36:44,2026-07-15 14:36:44,SYSTEM_SEED,SYSTEM_SEED
ACC-01109,Basavaraj Kulkarni,33,26-35,MALE,42963000000035014,Belagavi Taluk HQ,Building control surveyor,1,2023-03-29,2023-03-29,,,2026-07-15 14:36:44,2026-07-15 14:36:44,SYSTEM_SEED,SYSTEM_SEED
ACC-01110,Nagaraj Gowda,57,56-65,MALE,42963000000035014,Belagavi South,"Therapist, sports",1,2025-11-12,2025-11-12,,,2026-07-15 14:36:44,2026-07-15 14:36:44,SYSTEM_SEED,SYSTEM_SEED
ACC-01111,Ranveer Narang,46,46-55,MALE,42963000000035022,Dakshina Kannada North,"Research officer, trade union",1,2021-05-12,2021-05-12,,,2026-07-15 14:36:44,2026-07-15 14:36:44,SYSTEM_SEED,SYSTEM_SEED
ACC-01112,Lokesh Reddy,24,18-25,MALE,42963000000035014,Belagavi Rural,"Biochemist, clinical",2,2021-03-11,2024-05-10,,,2026-07-15 14:36:44,2026-07-15 14:36:44,SYSTEM_SEED,SYSTEM_SEED
ACC-01113,Ikbal Dewan,41,36-45,MALE,42963000000035014,Belagavi Taluk HQ,Telecommunications researcher,1,2022-05-08,2022-05-08,,,2026-07-15 14:36:44,2026-07-15 14:36:44,SYSTEM_SEED,SYSTEM_SEED
ACC-01114,Falak Dixit,37,36-45,FEMALE,42963000000035033,Mysuru South,Production manager,1,2025-02-28,2025-02-28,,,2026-07-15 14:36:44,2026-07-15 14:36:44,SYSTEM_SEED,SYSTEM_SEED
ACC-01115,Robert Sekhon,27,26-35,MALE,42963000000035019,Chikballapur North,"Engineer, building services",1,2022-09-29,2022-09-29,,,2026-07-15 14:36:44,2026-07-15 14:36:44,SYSTEM_SEED,SYSTEM_SEED
ACC-01116,Nathan Mistry,25,18-25,MALE,42963000000035039,Uttara Kannada Rural,"Teacher, early years/pre",1,2022-04-01,2022-04-01,,,2026-07-15 14:36:44,2026-07-15 14:36:44,SYSTEM_SEED,SYSTEM_SEED
ACC-01117,Teerth Padmanabhan,19,18-25,MALE,42963000000035038,Udupi North,Chartered public finance accountant,1,2024-06-14,2024-06-14,,,2026-07-15 14:36:44,2026-07-15 14:36:44,SYSTEM_SEED,SYSTEM_SEED
ACC-01118,Saksham Datta,18,18-25,MALE,42963000000035016,Bengaluru Urban East,Hospital pharmacist,1,2023-01-03,2023-01-03,,,2026-07-15 14:36:44,2026-07-15 14:36:44,SYSTEM_SEED,SYSTEM_SEED
ACC-01119,Basavaraj Urs,55,46-55,MALE,42963000000035032,Mandya West,Biomedical engineer,1,2022-11-19,2022-11-19,,,2026-07-15 14:36:44,2026-07-15 14:36:44,SYSTEM_SEED,SYSTEM_SEED
ACC-01120,Avi Acharya,48,46-55,MALE,42963000000035014,Belagavi North,"Surveyor, minerals",1,2023-11-26,2023-11-26,,,2026-07-15 14:36:44,2026-07-15 14:36:44,SYSTEM_SEED,SYSTEM_SEED
ACC-01121,Chandrashekar Devadiga,22,18-25,MALE,42963000000035022,Dakshina Kannada East,Mechanical engineer,2,2022-12-30,2025-10-08,,,2026-07-15 14:36:44,2026-07-15 14:36:44,SYSTEM_SEED,SYSTEM_SEED
ACC-01122,Megha Balasubramanian,47,46-55,FEMALE,42963000000035023,Davanagere West,Farm manager,1,2021-10-10,2021-10-10,,,2026-07-15 14:36:44,2026-07-15 14:36:44,SYSTEM_SEED,SYSTEM_SEED
ACC-01123,Shravya Nadkarni,20,18-25,FEMALE,42963000000035031,Koppal South,Museum/gallery exhibitions officer,2,2022-03-02,2025-09-12,,,2026-07-15 14:36:44,2026-07-15 14:36:44,SYSTEM_SEED,SYSTEM_SEED
ACC-01124,Rayaan Saran,63,56-65,MALE,42963000000035019,Chikballapur South,Sports administrator,1,2025-04-28,2025-04-28,,,2026-07-15 14:36:44,2026-07-15 14:36:44,SYSTEM_SEED,SYSTEM_SEED
ACC-01125,Harini Soman,19,18-25,FEMALE,42963000000035031,Koppal North,Corporate treasurer,1,2023-06-27,2023-06-27,,,2026-07-15 14:36:44,2026-07-15 14:36:44,SYSTEM_SEED,SYSTEM_SEED
ACC-01126,Rehaan Parsa,33,26-35,MALE,42963000000035032,Mandya Rural,Pensions consultant,1,2025-07-30,2025-07-30,,,2026-07-15 14:36:44,2026-07-15 14:36:44,SYSTEM_SEED,SYSTEM_SEED
ACC-01127,Mitali Dass,20,18-25,FEMALE,42963000000035037,Tumakuru East,Contractor,1,2023-12-08,2023-12-08,,,2026-07-15 14:36:44,2026-07-15 14:36:44,SYSTEM_SEED,SYSTEM_SEED
ACC-01128,Balendra Babu,53,46-55,MALE,42963000000035041,Yadgir North,Cytogeneticist,1,2025-10-09,2025-10-09,,,2026-07-15 14:36:44,2026-07-15 14:36:44,SYSTEM_SEED,SYSTEM_SEED
ACC-01129,Raghavendra Hegde,63,56-65,MALE,42963000000035036,Shivamogga West,"Radiographer, therapeutic",2,2021-11-23,2024-12-13,,,2026-07-15 14:36:44,2026-07-15 14:36:44,SYSTEM_SEED,SYSTEM_SEED
ACC-01130,Ekansh Chad,41,36-45,MALE,42963000000035024,Dharwad North,"Copywriter, advertising",1,2024-04-10,2024-04-10,,,2026-07-15 14:36:44,2026-07-15 14:36:44,SYSTEM_SEED,SYSTEM_SEED
ACC-01131,Veeranna Bhat,41,36-45,MALE,42963000000035031,Koppal North,Pathologist,1,2025-09-26,2025-09-26,,,2026-07-15 14:36:44,2026-07-15 14:36:44,SYSTEM_SEED,SYSTEM_SEED
ACC-01132,Kariyappa Achar,38,36-45,MALE,42963000000035033,Mysuru East,"Programmer, applications",1,2023-02-08,2023-02-08,,,2026-07-15 14:36:44,2026-07-15 14:36:44,SYSTEM_SEED,SYSTEM_SEED
ACC-01133,Prakash Naik,41,36-45,MALE,42963000000035024,Dharwad Rural,Trade mark attorney,1,2024-02-21,2024-02-21,,,2026-07-15 14:36:44,2026-07-15 14:36:44,SYSTEM_SEED,SYSTEM_SEED
ACC-01134,Hemangini Sha,49,46-55,FEMALE,42963000000035031,Koppal East,Sales executive,1,2022-09-22,2022-09-22,,,2026-07-15 14:36:44,2026-07-15 14:36:44,SYSTEM_SEED,SYSTEM_SEED
ACC-01135,Varenya Rajagopalan,23,18-25,FEMALE,42963000000035028,Kalaburagi South,Marine scientist,2,2023-09-05,2024-11-13,,,2026-07-15 14:36:44,2026-07-15 14:36:44,SYSTEM_SEED,SYSTEM_SEED
ACC-01136,Idika Samra,40,36-45,FEMALE,42963000000035030,Kolar West,Trade union research officer,1,2021-09-08,2021-09-08,,,2026-07-15 14:36:44,2026-07-15 14:36:44,SYSTEM_SEED,SYSTEM_SEED
ACC-01137,Thimmaiah Kulkarni,61,56-65,MALE,42963000000035016,Bengaluru Urban Rural,Actor,1,2022-11-26,2022-11-26,,,2026-07-15 14:36:44,2026-07-15 14:36:44,SYSTEM_SEED,SYSTEM_SEED
ACC-01138,Kashish Thaker,27,26-35,FEMALE,42963000000035028,Kalaburagi Rural,Geophysical data processor,2,2024-05-14,2024-10-23,,,2026-07-15 14:36:44,2026-07-15 14:36:44,SYSTEM_SEED,SYSTEM_SEED
ACC-01139,Rajeshri Bandi,28,26-35,FEMALE,42963000000035036,Shivamogga North,Applications developer,1,2021-07-13,2021-07-13,,,2026-07-15 14:36:44,2026-07-15 14:36:44,SYSTEM_SEED,SYSTEM_SEED
ACC-01140,Qarin Chowdhury,62,56-65,MALE,42963000000035022,Dakshina Kannada Taluk HQ,Telecommunications researcher,1,2022-11-30,2022-11-30,,,2026-07-15 14:36:44,2026-07-15 14:36:44,SYSTEM_SEED,SYSTEM_SEED
ACC-01141,Chaaya Dhar,50,46-55,FEMALE,42963000000035026,Hassan West,Secretary/administrator,1,2024-12-05,2024-12-05,,,2026-07-15 14:36:44,2026-07-15 14:36:44,SYSTEM_SEED,SYSTEM_SEED
ACC-01142,Viraj Varughese,18,18-25,MALE,42963000000035018,Chamarajanagar North,Careers information officer,1,2022-12-13,2022-12-13,,,2026-07-15 14:36:44,2026-07-15 14:36:44,SYSTEM_SEED,SYSTEM_SEED
ACC-01143,Jason Sodhi,65,56-65,MALE,42963000000035018,Chamarajanagar South,Careers adviser,1,2023-04-08,2023-04-08,,,2026-07-15 14:36:44,2026-07-15 14:36:44,SYSTEM_SEED,SYSTEM_SEED
ACC-01144,Avi Oza,49,46-55,MALE,42963000000035016,Bengaluru Urban South,Social researcher,1,2022-10-22,2022-10-22,,,2026-07-15 14:36:44,2026-07-15 14:36:44,SYSTEM_SEED,SYSTEM_SEED
ACC-01145,Wahab Setty,53,46-55,MALE,42963000000035040,Vijayapura East,Science writer,1,2022-09-05,2022-09-05,,,2026-07-15 14:36:44,2026-07-15 14:36:44,SYSTEM_SEED,SYSTEM_SEED
ACC-01146,Noah Sama,32,26-35,MALE,42963000000035027,Haveri Rural,Manufacturing engineer,1,2021-07-22,2021-07-22,,,2026-07-15 14:36:44,2026-07-15 14:36:44,SYSTEM_SEED,SYSTEM_SEED
ACC-01147,Maanav Ganesh,24,18-25,MALE,42963000000035018,Chamarajanagar North,Animal technologist,1,2022-04-13,2022-04-13,,,2026-07-15 14:36:44,2026-07-15 14:36:44,SYSTEM_SEED,SYSTEM_SEED
ACC-01148,Basavaraj Setty,62,56-65,MALE,42963000000035038,Udupi West,"Therapist, speech and language",1,2022-06-08,2022-06-08,,,2026-07-15 14:36:44,2026-07-15 14:36:44,SYSTEM_SEED,SYSTEM_SEED
ACC-01149,Kalpit Bhat,24,18-25,MALE,42963000000035024,Dharwad Rural,Public librarian,1,2025-08-25,2025-08-25,,,2026-07-15 14:36:44,2026-07-15 14:36:44,SYSTEM_SEED,SYSTEM_SEED
ACC-01150,Atharv Manne,37,36-45,MALE,42963000000035018,Chamarajanagar North,Aid worker,1,2023-03-12,2023-03-12,,,2026-07-15 14:36:44,2026-07-15 14:36:44,SYSTEM_SEED,SYSTEM_SEED
ACC-01151,Xavier Butala,52,46-55,MALE,42963000000035030,Kolar North,Computer games developer,2,2024-10-30,2025-10-27,,,2026-07-15 14:36:44,2026-07-15 14:36:44,SYSTEM_SEED,SYSTEM_SEED
ACC-01152,Lokesh Naik,19,18-25,MALE,42963000000035012,Bagalkot Rural,Risk analyst,1,2025-01-07,2025-01-07,,,2026-07-15 14:36:44,2026-07-15 14:36:44,SYSTEM_SEED,SYSTEM_SEED
ACC-01153,Maya Krishnan,22,18-25,FEMALE,42963000000035014,Belagavi Taluk HQ,Consulting civil engineer,1,2025-03-26,2025-03-26,,,2026-07-15 14:36:44,2026-07-15 14:36:44,SYSTEM_SEED,SYSTEM_SEED
ACC-01154,Laksh Kurian,45,36-45,MALE,42963000000035040,Vijayapura Taluk HQ,"Administrator, education",1,2024-01-06,2024-01-06,,,2026-07-15 14:36:44,2026-07-15 14:36:44,SYSTEM_SEED,SYSTEM_SEED
ACC-01155,Raghavendra Poojary,62,56-65,MALE,42963000000035028,Kalaburagi South,Clinical research associate,1,2023-05-04,2023-05-04,,,2026-07-15 14:36:44,2026-07-15 14:36:44,SYSTEM_SEED,SYSTEM_SEED
ACC-01156,Faqid Sekhon,45,36-45,MALE,42963000000035029,Kodagu Rural,Merchant navy officer,1,2025-11-29,2025-11-29,,,2026-07-15 14:36:44,2026-07-15 14:36:44,SYSTEM_SEED,SYSTEM_SEED
ACC-01157,Kalpit Keer,57,56-65,MALE,42963000000035028,Kalaburagi Taluk HQ,Radio producer,2,2021-03-02,2022-12-27,,,2026-07-15 14:36:44,2026-07-15 14:36:44,SYSTEM_SEED,SYSTEM_SEED
ACC-01158,Sureshgowda Kulkarni,49,46-55,MALE,42963000000035021,Chitradurga East,"Education officer, community",1,2024-07-20,2024-07-20,,,2026-07-15 14:36:44,2026-07-15 14:36:44,SYSTEM_SEED,SYSTEM_SEED
ACC-01159,Pavani Chad,52,46-55,FEMALE,42963000000035033,Mysuru West,Dance movement psychotherapist,1,2022-01-05,2022-01-05,,,2026-07-15 14:36:44,2026-07-15 14:36:44,SYSTEM_SEED,SYSTEM_SEED
ACC-01160,Yachana Sachar,57,56-65,FEMALE,42963000000035038,Udupi Rural,Music therapist,1,2023-11-25,2023-11-25,,,2026-07-15 14:36:44,2026-07-15 14:36:44,SYSTEM_SEED,SYSTEM_SEED
ACC-01161,Sureshgowda Setty,49,46-55,MALE,42963000000035042,Vijayanagara Taluk HQ,Field seismologist,1,2022-07-16,2022-07-16,,,2026-07-15 14:36:44,2026-07-15 14:36:44,SYSTEM_SEED,SYSTEM_SEED
ACC-01162,Mahadevi Urs,48,46-55,FEMALE,42963000000035018,Chamarajanagar Rural,Printmaker,2,2022-12-01,2023-10-13,,,2026-07-15 14:36:44,2026-07-15 14:36:44,SYSTEM_SEED,SYSTEM_SEED
ACC-01163,Jagrati Pai,58,56-65,FEMALE,42963000000035039,Uttara Kannada Rural,Audiological scientist,1,2023-07-30,2023-07-30,,,2026-07-15 14:36:44,2026-07-15 14:36:44,SYSTEM_SEED,SYSTEM_SEED
ACC-01164,Dalbir Ben,39,36-45,MALE,42963000000035018,Chamarajanagar Taluk HQ,Diplomatic Services operational officer,1,2023-04-05,2023-04-05,,,2026-07-15 14:36:44,2026-07-15 14:36:44,SYSTEM_SEED,SYSTEM_SEED
ACC-01165,Ryan Soni,38,36-45,MALE,42963000000035021,Chitradurga East,Illustrator,1,2022-04-21,2022-04-21,,,2026-07-15 14:36:44,2026-07-15 14:36:44,SYSTEM_SEED,SYSTEM_SEED
ACC-01166,Jagadish Achar,31,26-35,MALE,42963000000035029,Kodagu Rural,Publishing copy,2,2024-10-08,2025-01-20,,,2026-07-15 14:36:44,2026-07-15 14:36:44,SYSTEM_SEED,SYSTEM_SEED
ACC-01167,Sachi Ramakrishnan,19,18-25,FEMALE,42963000000035040,Vijayapura West,Public relations account executive,1,2024-04-13,2024-04-13,,,2026-07-15 14:36:44,2026-07-15 14:36:44,SYSTEM_SEED,SYSTEM_SEED
ACC-01168,Eta Wali,29,26-35,FEMALE,42963000000035024,Dharwad East,"Presenter, broadcasting",1,2022-01-03,2022-01-03,,,2026-07-15 14:36:44,2026-07-15 14:36:44,SYSTEM_SEED,SYSTEM_SEED
ACC-01169,Yallappa Hegde,52,46-55,MALE,42963000000035030,Kolar Rural,"Administrator, charities/voluntary organisations",1,2021-11-17,2021-11-17,,,2026-07-15 14:36:44,2026-07-15 14:36:44,SYSTEM_SEED,SYSTEM_SEED
ACC-01170,Vanya Raja,51,46-55,FEMALE,42963000000035024,Dharwad South,Interpreter,1,2024-12-17,2024-12-17,,,2026-07-15 14:36:44,2026-07-15 14:36:44,SYSTEM_SEED,SYSTEM_SEED
ACC-01171,Chanakya Wali,28,26-35,MALE,42963000000035013,Ballari East,Manufacturing systems engineer,1,2025-04-13,2025-04-13,,,2026-07-15 14:36:44,2026-07-15 14:36:44,SYSTEM_SEED,SYSTEM_SEED
ACC-01172,Laban Nayak,25,18-25,MALE,42963000000035032,Mandya Taluk HQ,Geophysicist/field seismologist,1,2021-03-19,2021-03-19,,,2026-07-15 14:36:44,2026-07-15 14:36:44,SYSTEM_SEED,SYSTEM_SEED
ACC-01173,Ravindranath Setty,30,26-35,MALE,42963000000035024,Dharwad Rural,"Geologist, engineering",1,2023-09-06,2023-09-06,,,2026-07-15 14:36:44,2026-07-15 14:36:44,SYSTEM_SEED,SYSTEM_SEED
ACC-01174,Lakshmi Raman,59,56-65,FEMALE,42963000000035039,Uttara Kannada Taluk HQ,"Psychologist, clinical",1,2024-10-26,2024-10-26,,,2026-07-15 14:36:44,2026-07-15 14:36:44,SYSTEM_SEED,SYSTEM_SEED
ACC-01175,Yashodamma Kulkarni,37,36-45,FEMALE,42963000000035016,Bengaluru Urban East,Financial controller,1,2025-02-15,2025-02-15,,,2026-07-15 14:36:44,2026-07-15 14:36:44,SYSTEM_SEED,SYSTEM_SEED
ACC-01176,Om Gole,32,26-35,MALE,42963000000035033,Mysuru Taluk HQ,Intelligence analyst,1,2023-08-06,2023-08-06,,,2026-07-15 14:36:44,2026-07-15 14:36:44,SYSTEM_SEED,SYSTEM_SEED
ACC-01177,Channabasappa Achar,24,18-25,MALE,42963000000035016,Bengaluru Urban Taluk HQ,Sports development officer,2,2021-11-07,2023-12-15,,,2026-07-15 14:36:44,2026-07-15 14:36:44,SYSTEM_SEED,SYSTEM_SEED
ACC-01178,Aayush Bir,46,46-55,MALE,42963000000035024,Dharwad East,"Administrator, charities/voluntary organisations",1,2023-05-20,2023-05-20,,,2026-07-15 14:36:44,2026-07-15 14:36:44,SYSTEM_SEED,SYSTEM_SEED
ACC-01179,Chandran Vohra,19,18-25,MALE,42963000000035033,Mysuru South,Civil Service administrator,1,2021-03-11,2021-03-11,,,2026-07-15 14:36:44,2026-07-15 14:36:44,SYSTEM_SEED,SYSTEM_SEED
ACC-01180,Parth Kanda,58,56-65,MALE,42963000000035026,Hassan Taluk HQ,Herpetologist,1,2024-01-05,2024-01-05,,,2026-07-15 14:36:44,2026-07-15 14:36:44,SYSTEM_SEED,SYSTEM_SEED
ACC-01181,Gopal Bandi,35,26-35,MALE,42963000000035024,Dharwad Taluk HQ,Aeronautical engineer,1,2021-02-24,2021-02-24,,,2026-07-15 14:36:44,2026-07-15 14:36:44,SYSTEM_SEED,SYSTEM_SEED
ACC-01182,Barkha Kalla,22,18-25,FEMALE,42963000000035015,Bengaluru Rural Rural,Tour manager,2,2021-04-02,2024-02-01,,,2026-07-15 14:36:44,2026-07-15 14:36:44,SYSTEM_SEED,SYSTEM_SEED
ACC-01183,Dipta Chadha,40,36-45,FEMALE,42963000000035024,Dharwad North,Trade union research officer,1,2025-11-10,2025-11-10,,,2026-07-15 14:36:44,2026-07-15 14:36:44,SYSTEM_SEED,SYSTEM_SEED
ACC-01184,Yashodamma Naik,26,26-35,FEMALE,42963000000035016,Bengaluru Urban Rural,"Conservator, furniture",2,2024-02-14,2025-08-15,,,2026-07-15 14:36:44,2026-07-15 14:36:44,SYSTEM_SEED,SYSTEM_SEED
ACC-01185,George Choudhry,30,26-35,MALE,42963000000035024,Dharwad South,Educational psychologist,1,2021-12-27,2021-12-27,,,2026-07-15 14:36:44,2026-07-15 14:36:44,SYSTEM_SEED,SYSTEM_SEED
ACC-01186,Kariyappa Achar,53,46-55,MALE,42963000000035019,Chikballapur East,Forensic scientist,1,2021-04-07,2021-04-07,,,2026-07-15 14:36:44,2026-07-15 14:36:44,SYSTEM_SEED,SYSTEM_SEED
ACC-01187,Jayamma Shetty,25,18-25,FEMALE,42963000000035027,Haveri North,Hospital pharmacist,1,2022-03-22,2022-03-22,,,2026-07-15 14:36:44,2026-07-15 14:36:44,SYSTEM_SEED,SYSTEM_SEED
ACC-01188,Chandrashekar Bhat,65,56-65,MALE,42963000000035032,Mandya Taluk HQ,"Psychologist, sport and exercise",1,2022-08-03,2022-08-03,,,2026-07-15 14:36:44,2026-07-15 14:36:44,SYSTEM_SEED,SYSTEM_SEED
ACC-01189,Thimmakka Gowda,25,18-25,FEMALE,42963000000035025,Gadag South,Call centre manager,1,2023-08-02,2023-08-02,,,2026-07-15 14:36:44,2026-07-15 14:36:44,SYSTEM_SEED,SYSTEM_SEED
ACC-01190,Sunandamma Setty,26,26-35,FEMALE,42963000000035021,Chitradurga North,Professor Emeritus,1,2025-08-08,2025-08-08,,,2026-07-15 14:36:44,2026-07-15 14:36:44,SYSTEM_SEED,SYSTEM_SEED
ACC-01191,Unni Naik,30,26-35,FEMALE,42963000000035031,Koppal North,Furniture designer,2,2022-01-04,2023-10-23,,,2026-07-15 14:36:44,2026-07-15 14:36:44,SYSTEM_SEED,SYSTEM_SEED
ACC-01192,Bina Malhotra,24,18-25,FEMALE,42963000000035016,Bengaluru Urban Rural,Biomedical engineer,2,2022-02-17,2025-12-28,,,2026-07-15 14:36:44,2026-07-15 14:36:44,SYSTEM_SEED,SYSTEM_SEED
ACC-01193,Jagadish Kulkarni,52,46-55,MALE,42963000000035037,Tumakuru West,Museum/gallery exhibitions officer,1,2023-11-28,2023-11-28,,,2026-07-15 14:36:44,2026-07-15 14:36:44,SYSTEM_SEED,SYSTEM_SEED
ACC-01194,Thimmaiah Hegde,27,26-35,MALE,42963000000035037,Tumakuru West,Network engineer,1,2025-08-04,2025-08-04,,,2026-07-15 14:36:44,2026-07-15 14:36:44,SYSTEM_SEED,SYSTEM_SEED
ACC-01195,Ayushman Kuruvilla,28,26-35,MALE,42963000000035018,Chamarajanagar Rural,Geochemist,1,2022-08-12,2022-08-12,,,2026-07-15 14:36:44,2026-07-15 14:36:44,SYSTEM_SEED,SYSTEM_SEED
ACC-01196,Thomas Boase,41,36-45,MALE,42963000000035040,Vijayapura East,Regulatory affairs officer,1,2025-08-14,2025-08-14,,,2026-07-15 14:36:44,2026-07-15 14:36:44,SYSTEM_SEED,SYSTEM_SEED
ACC-01197,Puttaswamy Setty,21,18-25,MALE,42963000000035033,Mysuru East,"Engineer, control and instrumentation",1,2025-05-12,2025-05-12,,,2026-07-15 14:36:44,2026-07-15 14:36:44,SYSTEM_SEED,SYSTEM_SEED
ACC-01198,Gaurav Swamy,19,18-25,MALE,42963000000035017,Bidar South,Clinical embryologist,1,2025-11-07,2025-11-07,,,2026-07-15 14:36:44,2026-07-15 14:36:44,SYSTEM_SEED,SYSTEM_SEED
ACC-01199,Upasna Kamdar,43,36-45,FEMALE,42963000000035024,Dharwad North,Visual merchandiser,2,2021-07-27,2021-11-03,,,2026-07-15 14:36:44,2026-07-15 14:36:44,SYSTEM_SEED,SYSTEM_SEED
ACC-01200,Vaishnavi Lad,65,56-65,FEMALE,42963000000035039,Uttara Kannada West,"Civil engineer, contracting",1,2022-10-12,2022-10-12,,,2026-07-15 14:36:44,2026-07-15 14:36:44,SYSTEM_SEED,SYSTEM_SEED
ACC-01201,Bina Bobal,44,36-45,FEMALE,42963000000035030,Kolar North,"Teacher, music",2,2021-04-02,2022-06-12,,,2026-07-15 14:36:44,2026-07-15 14:36:44,SYSTEM_SEED,SYSTEM_SEED
ACC-01202,Gopalakrishna Reddy,33,26-35,MALE,42963000000035028,Kalaburagi West,Fitness centre manager,1,2024-12-03,2024-12-03,,,2026-07-15 14:36:44,2026-07-15 14:36:44,SYSTEM_SEED,SYSTEM_SEED
ACC-01203,Aditya Tank,19,18-25,MALE,42963000000035023,Davanagere Rural,Database administrator,1,2024-04-27,2024-04-27,,,2026-07-15 14:36:44,2026-07-15 14:36:44,SYSTEM_SEED,SYSTEM_SEED
ACC-01204,Nagaveni Reddy,27,26-35,FEMALE,42963000000035033,Mysuru South,Academic librarian,1,2022-04-19,2022-04-19,,,2026-07-15 14:36:44,2026-07-15 14:36:44,SYSTEM_SEED,SYSTEM_SEED
ACC-01205,Robert Lata,47,46-55,MALE,42963000000035030,Kolar South,"Designer, blown glass/stained glass",2,2023-03-22,2024-05-31,,,2026-07-15 14:36:44,2026-07-15 14:36:44,SYSTEM_SEED,SYSTEM_SEED
ACC-01206,Shivani Aggarwal,37,36-45,FEMALE,42963000000035036,Shivamogga South,"Scientist, biomedical",1,2025-10-23,2025-10-23,,,2026-07-15 14:36:44,2026-07-15 14:36:44,SYSTEM_SEED,SYSTEM_SEED
ACC-01207,Yashodamma Urs,48,46-55,FEMALE,42963000000035025,Gadag West,Recycling officer,2,2021-07-13,2023-10-04,,,2026-07-15 14:36:44,2026-07-15 14:36:44,SYSTEM_SEED,SYSTEM_SEED
ACC-01208,Tejas Raval,61,56-65,MALE,42963000000035029,Kodagu West,Building control surveyor,1,2025-05-23,2025-05-23,,,2026-07-15 14:36:44,2026-07-15 14:36:44,SYSTEM_SEED,SYSTEM_SEED
ACC-01209,Sureshgowda Rai,26,26-35,MALE,42963000000035024,Dharwad West,"Sound technician, broadcasting/film/video",1,2021-02-20,2021-02-20,,,2026-07-15 14:36:44,2026-07-15 14:36:44,SYSTEM_SEED,SYSTEM_SEED
ACC-01210,Nagaraj Shetty,51,46-55,MALE,42963000000035029,Kodagu South,Equities trader,1,2022-06-12,2022-06-12,,,2026-07-15 14:36:44,2026-07-15 14:36:44,SYSTEM_SEED,SYSTEM_SEED
ACC-01211,Pushpalatha Poojary,56,56-65,FEMALE,42963000000035025,Gadag West,"Accountant, chartered certified",1,2023-12-04,2023-12-04,,,2026-07-15 14:36:44,2026-07-15 14:36:44,SYSTEM_SEED,SYSTEM_SEED
ACC-01212,Puttaswamy Bhat,30,26-35,MALE,42963000000035022,Dakshina Kannada Rural,Music tutor,1,2022-08-26,2022-08-26,,,2026-07-15 14:36:44,2026-07-15 14:36:44,SYSTEM_SEED,SYSTEM_SEED
ACC-01213,Darsh Wason,44,36-45,MALE,42963000000035019,Chikballapur Rural,Mechanical engineer,1,2021-10-21,2021-10-21,,,2026-07-15 14:36:44,2026-07-15 14:36:44,SYSTEM_SEED,SYSTEM_SEED
ACC-01214,Max Rattan,60,56-65,MALE,42963000000035017,Bidar North,Automotive engineer,1,2025-02-15,2025-02-15,,,2026-07-15 14:36:44,2026-07-15 14:36:44,SYSTEM_SEED,SYSTEM_SEED
ACC-01215,Qadim Warrior,62,56-65,MALE,42963000000035020,Chikkamagaluru South,"Librarian, public",2,2022-07-06,2023-10-21,,,2026-07-15 14:36:44,2026-07-15 14:36:44,SYSTEM_SEED,SYSTEM_SEED
ACC-01216,Siddalingaiah Achar,63,56-65,MALE,42963000000035026,Hassan West,Catering manager,1,2021-07-10,2021-07-10,,,2026-07-15 14:36:44,2026-07-15 14:36:44,SYSTEM_SEED,SYSTEM_SEED
ACC-01217,Mohini Jain,29,26-35,FEMALE,42963000000035016,Bengaluru Urban South,"Editor, commissioning",1,2024-10-21,2024-10-21,,,2026-07-15 14:36:44,2026-07-15 14:36:44,SYSTEM_SEED,SYSTEM_SEED
ACC-01218,Rehaan Halder,58,56-65,MALE,42963000000035018,Chamarajanagar Rural,Hydrographic surveyor,1,2023-09-13,2023-09-13,,,2026-07-15 14:36:44,2026-07-15 14:36:44,SYSTEM_SEED,SYSTEM_SEED
ACC-01219,Damyanti Parmer,39,36-45,FEMALE,42963000000035016,Bengaluru Urban East,"Radiographer, therapeutic",1,2022-06-03,2022-06-03,,,2026-07-15 14:36:44,2026-07-15 14:36:44,SYSTEM_SEED,SYSTEM_SEED
ACC-01220,Theodore Gupta,41,36-45,MALE,42963000000035018,Chamarajanagar South,Counselling psychologist,1,2023-09-03,2023-09-03,,,2026-07-15 14:36:44,2026-07-15 14:36:44,SYSTEM_SEED,SYSTEM_SEED
ACC-01221,Nagaveni Achar,54,46-55,FEMALE,42963000000035024,Dharwad Taluk HQ,Animal technologist,1,2024-06-10,2024-06-10,,,2026-07-15 14:36:44,2026-07-15 14:36:44,SYSTEM_SEED,SYSTEM_SEED
ACC-01222,Vasanthamma Reddy,34,26-35,FEMALE,42963000000035016,Bengaluru Urban Taluk HQ,"Engineer, automotive",1,2021-12-02,2021-12-02,,,2026-07-15 14:36:44,2026-07-15 14:36:44,SYSTEM_SEED,SYSTEM_SEED
ACC-01223,Jagdish Suresh,22,18-25,MALE,42963000000035017,Bidar East,Neurosurgeon,1,2022-05-20,2022-05-20,,,2026-07-15 14:36:44,2026-07-15 14:36:44,SYSTEM_SEED,SYSTEM_SEED
ACC-01224,Mitesh Tata,47,46-55,MALE,42963000000035040,Vijayapura South,"Social research officer, government",1,2021-10-02,2021-10-02,,,2026-07-15 14:36:44,2026-07-15 14:36:44,SYSTEM_SEED,SYSTEM_SEED
ACC-01225,Chandrashekar Reddy,50,46-55,MALE,42963000000035027,Haveri Rural,"Production assistant, television",1,2024-11-09,2024-11-09,,,2026-07-15 14:36:44,2026-07-15 14:36:44,SYSTEM_SEED,SYSTEM_SEED
ACC-01226,Andrew Nori,49,46-55,MALE,42963000000035028,Kalaburagi East,Banker,1,2024-04-02,2024-04-02,,,2026-07-15 14:36:44,2026-07-15 14:36:44,SYSTEM_SEED,SYSTEM_SEED
ACC-01227,Raghavendra Setty,38,36-45,MALE,42963000000035016,Bengaluru Urban Taluk HQ,Leisure centre manager,1,2023-01-26,2023-01-26,,,2026-07-15 14:36:44,2026-07-15 14:36:44,SYSTEM_SEED,SYSTEM_SEED
ACC-01228,Vasanthamma Bhat,20,18-25,FEMALE,42963000000035036,Shivamogga South,Archivist,1,2025-04-01,2025-04-01,,,2026-07-15 14:36:44,2026-07-15 14:36:44,SYSTEM_SEED,SYSTEM_SEED
ACC-01229,Daniel Kakar,26,26-35,MALE,42963000000035034,Raichur Rural,"Scientist, research (medical)",1,2022-12-21,2022-12-21,,,2026-07-15 14:36:44,2026-07-15 14:36:44,SYSTEM_SEED,SYSTEM_SEED
ACC-01230,Falan Kaul,45,36-45,MALE,42963000000035017,Bidar West,Building surveyor,1,2021-09-29,2021-09-29,,,2026-07-15 14:36:44,2026-07-15 14:36:44,SYSTEM_SEED,SYSTEM_SEED
ACC-01231,Girijamma Urs,21,18-25,FEMALE,42963000000035012,Bagalkot South,Animator,1,2022-08-30,2022-08-30,,,2026-07-15 14:36:44,2026-07-15 14:36:44,SYSTEM_SEED,SYSTEM_SEED
ACC-01232,Channabasappa Achar,36,36-45,MALE,42963000000035023,Davanagere West,Counsellor,1,2022-10-29,2022-10-29,,,2026-07-15 14:36:44,2026-07-15 14:36:44,SYSTEM_SEED,SYSTEM_SEED
ACC-01233,Manjunath Naik,35,26-35,MALE,42963000000035040,Vijayapura Taluk HQ,Records manager,1,2023-06-28,2023-06-28,,,2026-07-15 14:36:44,2026-07-15 14:36:44,SYSTEM_SEED,SYSTEM_SEED
ACC-01234,Warinder Bath,53,46-55,MALE,42963000000035028,Kalaburagi North,Financial manager,1,2023-07-26,2023-07-26,,,2026-07-15 14:36:44,2026-07-15 14:36:44,SYSTEM_SEED,SYSTEM_SEED
ACC-01235,Abhimanyu Gera,42,36-45,MALE,42963000000035017,Bidar North,Arts administrator,1,2024-08-06,2024-08-06,,,2026-07-15 14:36:44,2026-07-15 14:36:44,SYSTEM_SEED,SYSTEM_SEED
ACC-01236,Chasmum Shan,23,18-25,FEMALE,42963000000035027,Haveri South,Tree surgeon,1,2021-03-23,2021-03-23,,,2026-07-15 14:36:44,2026-07-15 14:36:44,SYSTEM_SEED,SYSTEM_SEED
ACC-01237,Shivakumar Poojary,49,46-55,MALE,42963000000035016,Bengaluru Urban North,"Doctor, hospital",1,2023-09-08,2023-09-08,,,2026-07-15 14:36:44,2026-07-15 14:36:44,SYSTEM_SEED,SYSTEM_SEED
ACC-01238,Chatresh Comar,47,46-55,MALE,42963000000035029,Kodagu North,Research scientist (medical),1,2022-09-06,2022-09-06,,,2026-07-15 14:36:44,2026-07-15 14:36:44,SYSTEM_SEED,SYSTEM_SEED
ACC-01239,Prakash Reddy,35,26-35,MALE,42963000000035015,Bengaluru Rural West,"Therapist, nutritional",1,2021-07-10,2021-07-10,,,2026-07-15 14:36:44,2026-07-15 14:36:44,SYSTEM_SEED,SYSTEM_SEED
ACC-01240,Bhavika Jain,56,56-65,FEMALE,42963000000035036,Shivamogga North,Physiological scientist,1,2022-01-31,2022-01-31,,,2026-07-15 14:36:44,2026-07-15 14:36:44,SYSTEM_SEED,SYSTEM_SEED
ACC-01241,Sai Nair,24,18-25,MALE,42963000000035036,Shivamogga East,Community arts worker,1,2023-10-12,2023-10-12,,,2026-07-15 14:36:44,2026-07-15 14:36:44,SYSTEM_SEED,SYSTEM_SEED
ACC-01242,Naveen Kala,46,46-55,MALE,42963000000035016,Bengaluru Urban West,Armed forces technical officer,2,2021-09-21,2024-11-15,,,2026-07-15 14:36:44,2026-07-15 14:36:44,SYSTEM_SEED,SYSTEM_SEED
ACC-01243,Oviya Bhatnagar,42,36-45,FEMALE,42963000000035012,Bagalkot North,Community arts worker,2,2024-05-24,2025-02-17,,,2026-07-15 14:36:44,2026-07-15 14:36:44,SYSTEM_SEED,SYSTEM_SEED
ACC-01244,Ekavir Sagar,61,56-65,MALE,42963000000035024,Dharwad West,Dispensing optician,1,2021-06-27,2021-06-27,,,2026-07-15 14:36:44,2026-07-15 14:36:44,SYSTEM_SEED,SYSTEM_SEED
ACC-01245,Fitan Sarna,39,36-45,MALE,42963000000035021,Chitradurga West,Financial planner,1,2025-01-09,2025-01-09,,,2026-07-15 14:36:44,2026-07-15 14:36:44,SYSTEM_SEED,SYSTEM_SEED
ACC-01246,Ekalinga Chaudhry,42,36-45,MALE,42963000000035036,Shivamogga South,Video editor,1,2023-11-02,2023-11-02,,,2026-07-15 14:36:44,2026-07-15 14:36:44,SYSTEM_SEED,SYSTEM_SEED
ACC-01247,Farhan Babu,27,26-35,MALE,42963000000035032,Mandya Rural,"Radiographer, therapeutic",1,2024-05-17,2024-05-17,,,2026-07-15 14:36:44,2026-07-15 14:36:44,SYSTEM_SEED,SYSTEM_SEED
ACC-01248,Aarush Amble,61,56-65,MALE,42963000000035022,Dakshina Kannada North,Editorial assistant,2,2021-07-13,2025-01-03,,,2026-07-15 14:36:44,2026-07-15 14:36:44,SYSTEM_SEED,SYSTEM_SEED
ACC-01249,Lucky Saha,31,26-35,MALE,42963000000035021,Chitradurga North,Publishing copy,1,2025-11-22,2025-11-22,,,2026-07-15 14:36:44,2026-07-15 14:36:44,SYSTEM_SEED,SYSTEM_SEED
ACC-01250,Channabasappa Devadiga,63,56-65,MALE,42963000000035020,Chikkamagaluru Taluk HQ,Computer games developer,1,2022-12-30,2022-12-30,,,2026-07-15 14:36:44,2026-07-15 14:36:44,SYSTEM_SEED,SYSTEM_SEED
ACC-01251,Chandrakala Devadiga,61,56-65,FEMALE,42963000000035040,Vijayapura Rural,"Engineer, maintenance",1,2022-03-08,2022-03-08,,,2026-07-15 14:36:44,2026-07-15 14:36:44,SYSTEM_SEED,SYSTEM_SEED
ACC-01252,Savitramma Gowda,19,18-25,FEMALE,42963000000035022,Dakshina Kannada East,Customer service manager,1,2022-11-22,2022-11-22,,,2026-07-15 14:36:44,2026-07-15 14:36:44,SYSTEM_SEED,SYSTEM_SEED
ACC-01253,Yutika Seshadri,45,36-45,FEMALE,42963000000035033,Mysuru Taluk HQ,Paramedic,1,2025-09-29,2025-09-29,,,2026-07-15 14:36:44,2026-07-15 14:36:44,SYSTEM_SEED,SYSTEM_SEED
ACC-01254,Raghavendra Shetty,45,36-45,MALE,42963000000035018,Chamarajanagar East,Field trials officer,2,2023-03-31,2024-12-23,,,2026-07-15 14:36:44,2026-07-15 14:36:44,SYSTEM_SEED,SYSTEM_SEED
ACC-01255,Anirudh Gole,28,26-35,MALE,42963000000035016,Bengaluru Urban Rural,Restaurant manager,1,2021-05-13,2021-05-13,,,2026-07-15 14:36:44,2026-07-15 14:36:44,SYSTEM_SEED,SYSTEM_SEED
ACC-01256,Matthew Pall,51,46-55,MALE,42963000000035028,Kalaburagi Taluk HQ,Personal assistant,1,2023-12-07,2023-12-07,,,2026-07-15 14:36:44,2026-07-15 14:36:44,SYSTEM_SEED,SYSTEM_SEED
ACC-01257,Jacob Handa,42,36-45,MALE,42963000000035022,Dakshina Kannada Taluk HQ,Commercial/residential surveyor,2,2022-05-11,2025-12-21,,,2026-07-15 14:36:44,2026-07-15 14:36:44,SYSTEM_SEED,SYSTEM_SEED
ACC-01258,Veeranna Gowda,63,56-65,MALE,42963000000035039,Uttara Kannada South,Senior tax professional/tax inspector,1,2021-11-03,2021-11-03,,,2026-07-15 14:36:44,2026-07-15 14:36:44,SYSTEM_SEED,SYSTEM_SEED
ACC-01259,Jagadish Shetty,23,18-25,MALE,42963000000035025,Gadag North,Chief of Staff,1,2024-09-05,2024-09-05,,,2026-07-15 14:36:44,2026-07-15 14:36:44,SYSTEM_SEED,SYSTEM_SEED
ACC-01260,Yashica Kanda,45,36-45,FEMALE,42963000000035019,Chikballapur North,"Psychologist, forensic",1,2022-10-15,2022-10-15,,,2026-07-15 14:36:44,2026-07-15 14:36:44,SYSTEM_SEED,SYSTEM_SEED
ACC-01261,Lakshit Bera,44,36-45,MALE,42963000000035021,Chitradurga North,"Engineer, biomedical",1,2025-05-12,2025-05-12,,,2026-07-15 14:36:44,2026-07-15 14:36:44,SYSTEM_SEED,SYSTEM_SEED
ACC-01262,Falguni Som,23,18-25,FEMALE,42963000000035029,Kodagu Rural,Research scientist (medical),2,2022-11-23,2023-01-23,,,2026-07-15 14:36:44,2026-07-15 14:36:44,SYSTEM_SEED,SYSTEM_SEED
ACC-01263,Fariq Bassi,29,26-35,MALE,42963000000035020,Chikkamagaluru East,Audiological scientist,1,2024-05-07,2024-05-07,,,2026-07-15 14:36:44,2026-07-15 14:36:44,SYSTEM_SEED,SYSTEM_SEED
ACC-01264,Lucky Kadakia,28,26-35,MALE,42963000000035018,Chamarajanagar North,"Presenter, broadcasting",1,2024-08-16,2024-08-16,,,2026-07-15 14:36:44,2026-07-15 14:36:44,SYSTEM_SEED,SYSTEM_SEED
ACC-01265,Harish Shetty,56,56-65,MALE,42963000000035033,Mysuru North,Food technologist,2,2023-04-02,2025-12-07,,,2026-07-15 14:36:44,2026-07-15 14:36:44,SYSTEM_SEED,SYSTEM_SEED
ACC-01266,Utkarsh Bassi,52,46-55,MALE,42963000000035016,Bengaluru Urban South,Civil Service administrator,1,2021-03-08,2021-03-08,,,2026-07-15 14:36:44,2026-07-15 14:36:44,SYSTEM_SEED,SYSTEM_SEED
ACC-01267,Gaurang Dugar,64,56-65,MALE,42963000000035016,Bengaluru Urban North,Air cabin crew,1,2025-02-19,2025-02-19,,,2026-07-15 14:36:44,2026-07-15 14:36:44,SYSTEM_SEED,SYSTEM_SEED
ACC-01268,Kaveri Setty,33,26-35,FEMALE,42963000000035034,Raichur South,Radio producer,1,2022-02-12,2022-02-12,,,2026-07-15 14:36:44,2026-07-15 14:36:44,SYSTEM_SEED,SYSTEM_SEED
ACC-01269,Balendra Keer,50,46-55,MALE,42963000000035035,Ramanagara Taluk HQ,"Producer, television/film/video",1,2021-12-07,2021-12-07,,,2026-07-15 14:36:44,2026-07-15 14:36:44,SYSTEM_SEED,SYSTEM_SEED
ACC-01270,Jagadish Kulkarni,43,36-45,MALE,42963000000035016,Bengaluru Urban North,"Therapist, drama",1,2025-11-13,2025-11-13,,,2026-07-15 14:36:44,2026-07-15 14:36:44,SYSTEM_SEED,SYSTEM_SEED
ACC-01271,Shaurya Issac,33,26-35,MALE,42963000000035037,Tumakuru West,"Journalist, magazine",1,2022-09-09,2022-09-09,,,2026-07-15 14:36:44,2026-07-15 14:36:44,SYSTEM_SEED,SYSTEM_SEED
ACC-01272,Dayamai Nanda,35,26-35,FEMALE,42963000000035024,Dharwad Rural,Estate agent,1,2025-09-28,2025-09-28,,,2026-07-15 14:36:44,2026-07-15 14:36:44,SYSTEM_SEED,SYSTEM_SEED
ACC-01273,Channabasappa Setty,25,18-25,MALE,42963000000035033,Mysuru Taluk HQ,Chief Technology Officer,1,2023-05-26,2023-05-26,,,2026-07-15 14:36:44,2026-07-15 14:36:44,SYSTEM_SEED,SYSTEM_SEED
ACC-01274,Prakash Devadiga,22,18-25,MALE,42963000000035042,Vijayanagara West,Fast food restaurant manager,1,2022-11-04,2022-11-04,,,2026-07-15 14:36:44,2026-07-15 14:36:44,SYSTEM_SEED,SYSTEM_SEED
ACC-01275,Veeranna Urs,49,46-55,MALE,42963000000035031,Koppal East,Passenger transport manager,1,2021-10-19,2021-10-19,,,2026-07-15 14:36:44,2026-07-15 14:36:44,SYSTEM_SEED,SYSTEM_SEED
ACC-01276,Riya Kannan,51,46-55,FEMALE,42963000000035024,Dharwad West,"Buyer, retail",2,2023-09-18,2024-02-08,,,2026-07-15 14:36:44,2026-07-15 14:36:44,SYSTEM_SEED,SYSTEM_SEED
ACC-01277,Xavier Bhagat,40,36-45,MALE,42963000000035034,Raichur Rural,Press photographer,1,2024-09-09,2024-09-09,,,2026-07-15 14:36:44,2026-07-15 14:36:44,SYSTEM_SEED,SYSTEM_SEED
ACC-01278,Hritik Sha,43,36-45,MALE,42963000000035033,Mysuru East,"Editor, magazine features",1,2024-07-17,2024-07-17,,,2026-07-15 14:36:44,2026-07-15 14:36:44,SYSTEM_SEED,SYSTEM_SEED
ACC-01279,Rachit Deshpande,28,26-35,MALE,42963000000035024,Dharwad Taluk HQ,"Programmer, systems",1,2022-09-17,2022-09-17,,,2026-07-15 14:36:44,2026-07-15 14:36:44,SYSTEM_SEED,SYSTEM_SEED
ACC-01280,Rachita Madan,31,26-35,FEMALE,42963000000035014,Belagavi South,"Engineer, electrical",1,2024-05-17,2024-05-17,,,2026-07-15 14:36:44,2026-07-15 14:36:44,SYSTEM_SEED,SYSTEM_SEED
ACC-01281,Eesha Balay,25,18-25,FEMALE,42963000000035028,Kalaburagi East,"Teacher, adult education",1,2024-12-09,2024-12-09,,,2026-07-15 14:36:44,2026-07-15 14:36:44,SYSTEM_SEED,SYSTEM_SEED
ACC-01282,Lokesh Setty,37,36-45,MALE,42963000000035022,Dakshina Kannada Taluk HQ,Best boy,2,2021-09-11,2025-06-09,,,2026-07-15 14:36:44,2026-07-15 14:36:44,SYSTEM_SEED,SYSTEM_SEED
ACC-01283,Ekansh Choudhry,31,26-35,MALE,42963000000035024,Dharwad North,"Psychologist, occupational",1,2022-03-12,2022-03-12,,,2026-07-15 14:36:44,2026-07-15 14:36:44,SYSTEM_SEED,SYSTEM_SEED
ACC-01284,Ubika Garg,46,46-55,FEMALE,42963000000035037,Tumakuru Rural,Lobbyist,1,2022-01-27,2022-01-27,,,2026-07-15 14:36:44,2026-07-15 14:36:44,SYSTEM_SEED,SYSTEM_SEED
ACC-01285,Mahadevi Naik,26,26-35,FEMALE,42963000000035030,Kolar Taluk HQ,English as a second language teacher,1,2024-01-24,2024-01-24,,,2026-07-15 14:36:44,2026-07-15 14:36:44,SYSTEM_SEED,SYSTEM_SEED
ACC-01286,Ravindranath Devadiga,32,26-35,MALE,42963000000035039,Uttara Kannada Rural,Hotel manager,1,2024-06-05,2024-06-05,,,2026-07-15 14:36:44,2026-07-15 14:36:44,SYSTEM_SEED,SYSTEM_SEED
ACC-01287,Jagadish Reddy,47,46-55,MALE,42963000000035022,Dakshina Kannada Taluk HQ,Trade mark attorney,2,2022-05-22,2025-02-15,,,2026-07-15 14:36:44,2026-07-15 14:36:44,SYSTEM_SEED,SYSTEM_SEED
ACC-01288,Frederick Karpe,33,26-35,MALE,42963000000035040,Vijayapura Taluk HQ,Chartered legal executive (England and Wales),1,2024-11-15,2024-11-15,,,2026-07-15 14:36:44,2026-07-15 14:36:44,SYSTEM_SEED,SYSTEM_SEED
ACC-01289,Savitramma Nayak,36,36-45,FEMALE,42963000000035022,Dakshina Kannada East,Paramedic,1,2023-08-17,2023-08-17,,,2026-07-15 14:36:44,2026-07-15 14:36:44,SYSTEM_SEED,SYSTEM_SEED
ACC-01290,Thimmaiah Bhat,22,18-25,MALE,42963000000035028,Kalaburagi East,"Scientist, research (maths)",1,2025-12-25,2025-12-25,,,2026-07-15 14:36:44,2026-07-15 14:36:44,SYSTEM_SEED,SYSTEM_SEED
ACC-01291,Janaki Solanki,20,18-25,FEMALE,42963000000035040,Vijayapura East,"Psychologist, counselling",1,2022-03-12,2022-03-12,,,2026-07-15 14:36:44,2026-07-15 14:36:44,SYSTEM_SEED,SYSTEM_SEED
ACC-01292,Thimmaiah Naik,22,18-25,MALE,42963000000035022,Dakshina Kannada Taluk HQ,Health promotion specialist,1,2021-07-13,2021-07-13,,,2026-07-15 14:36:44,2026-07-15 14:36:44,SYSTEM_SEED,SYSTEM_SEED
ACC-01293,Tanish Koshy,24,18-25,MALE,42963000000035016,Bengaluru Urban South,Firefighter,1,2023-09-09,2023-09-09,,,2026-07-15 14:36:44,2026-07-15 14:36:44,SYSTEM_SEED,SYSTEM_SEED
ACC-01294,Thimmakka Rai,21,18-25,FEMALE,42963000000035012,Bagalkot Taluk HQ,Land,2,2021-09-15,2025-05-03,,,2026-07-15 14:36:44,2026-07-15 14:36:44,SYSTEM_SEED,SYSTEM_SEED
ACC-01295,Indrajit Dixit,46,46-55,MALE,42963000000035022,Dakshina Kannada East,"Teacher, secondary school",1,2022-12-14,2022-12-14,,,2026-07-15 14:36:44,2026-07-15 14:36:44,SYSTEM_SEED,SYSTEM_SEED
ACC-01296,Bhagyalakshmi Setty,40,36-45,FEMALE,42963000000035029,Kodagu West,"Accountant, chartered public finance",1,2021-03-31,2021-03-31,,,2026-07-15 14:36:44,2026-07-15 14:36:44,SYSTEM_SEED,SYSTEM_SEED
ACC-01297,Anthony Baria,55,46-55,MALE,42963000000035016,Bengaluru Urban East,"Psychotherapist, dance movement",1,2025-09-27,2025-09-27,,,2026-07-15 14:36:44,2026-07-15 14:36:44,SYSTEM_SEED,SYSTEM_SEED
ACC-01298,Veeranna Urs,45,36-45,MALE,42963000000035033,Mysuru Rural,Retail merchandiser,1,2023-08-25,2023-08-25,,,2026-07-15 14:36:44,2026-07-15 14:36:44,SYSTEM_SEED,SYSTEM_SEED
ACC-01299,Unnati Wali,54,46-55,FEMALE,42963000000035024,Dharwad North,"Nurse, mental health",1,2024-09-10,2024-09-10,,,2026-07-15 14:36:44,2026-07-15 14:36:44,SYSTEM_SEED,SYSTEM_SEED
ACC-01300,Chandran Sethi,42,36-45,MALE,42963000000035021,Chitradurga Rural,Research scientist (life sciences),1,2024-10-19,2024-10-19,,,2026-07-15 14:36:44,2026-07-15 14:36:44,SYSTEM_SEED,SYSTEM_SEED
ACC-01301,Lakshmamma Hegde,64,56-65,FEMALE,42963000000035030,Kolar West,Financial adviser,1,2023-07-28,2023-07-28,,,2026-07-15 14:36:44,2026-07-15 14:36:44,SYSTEM_SEED,SYSTEM_SEED
ACC-01302,Chandrashekar Shetty,42,36-45,MALE,42963000000035019,Chikballapur Taluk HQ,Charity officer,1,2022-11-14,2022-11-14,,,2026-07-15 14:36:44,2026-07-15 14:36:44,SYSTEM_SEED,SYSTEM_SEED
ACC-01303,Samar Kamdar,26,26-35,MALE,42963000000035017,Bidar East,Consulting civil engineer,1,2024-02-18,2024-02-18,,,2026-07-15 14:36:44,2026-07-15 14:36:44,SYSTEM_SEED,SYSTEM_SEED
ACC-01304,Manbir Khare,27,26-35,MALE,42963000000035023,Davanagere North,Chemical engineer,1,2021-12-20,2021-12-20,,,2026-07-15 14:36:44,2026-07-15 14:36:44,SYSTEM_SEED,SYSTEM_SEED
ACC-01305,Chandrashekar Shetty,18,18-25,MALE,42963000000035042,Vijayanagara Rural,"Administrator, sports",1,2023-10-30,2023-10-30,,,2026-07-15 14:36:44,2026-07-15 14:36:44,SYSTEM_SEED,SYSTEM_SEED
ACC-01306,Kariyappa Nayak,48,46-55,MALE,42963000000035034,Raichur East,Quantity surveyor,1,2022-05-28,2022-05-28,,,2026-07-15 14:36:44,2026-07-15 14:36:44,SYSTEM_SEED,SYSTEM_SEED
ACC-01307,Faris Sharaf,25,18-25,MALE,42963000000035014,Belagavi South,"Teacher, English as a foreign language",1,2021-08-20,2021-08-20,,,2026-07-15 14:36:44,2026-07-15 14:36:44,SYSTEM_SEED,SYSTEM_SEED
ACC-01308,Sureshgowda Shetty,57,56-65,MALE,42963000000035033,Mysuru West,Television production assistant,1,2022-02-10,2022-02-10,,,2026-07-15 14:36:44,2026-07-15 14:36:44,SYSTEM_SEED,SYSTEM_SEED
ACC-01309,Utkarsh Sheth,53,46-55,MALE,42963000000035026,Hassan Rural,Corporate investment banker,1,2023-11-30,2023-11-30,,,2026-07-15 14:36:44,2026-07-15 14:36:44,SYSTEM_SEED,SYSTEM_SEED
ACC-01310,Jagadish Nayak,39,36-45,MALE,42963000000035030,Kolar Rural,"Optician, dispensing",1,2025-05-09,2025-05-09,,,2026-07-15 14:36:44,2026-07-15 14:36:44,SYSTEM_SEED,SYSTEM_SEED
ACC-01311,Qasim Shetty,63,56-65,MALE,42963000000035028,Kalaburagi West,Accommodation manager,1,2024-06-09,2024-06-09,,,2026-07-15 14:36:44,2026-07-15 14:36:44,SYSTEM_SEED,SYSTEM_SEED
ACC-01312,Sureshgowda Shetty,33,26-35,MALE,42963000000035018,Chamarajanagar South,Building services engineer,2,2022-03-16,2024-10-31,,,2026-07-15 14:36:44,2026-07-15 14:36:44,SYSTEM_SEED,SYSTEM_SEED
ACC-01313,Osha Wali,50,46-55,FEMALE,42963000000035020,Chikkamagaluru East,Amenity horticulturist,2,2022-07-25,2025-09-15,,,2026-07-15 14:36:44,2026-07-15 14:36:44,SYSTEM_SEED,SYSTEM_SEED
ACC-01314,Nagaraj Hegde,21,18-25,MALE,42963000000035041,Yadgir North,Housing manager/officer,1,2024-10-28,2024-10-28,,,2026-07-15 14:36:44,2026-07-15 14:36:44,SYSTEM_SEED,SYSTEM_SEED
ACC-01315,Lopa Johal,53,46-55,FEMALE,42963000000035018,Chamarajanagar North,Catering manager,1,2022-09-10,2022-09-10,,,2026-07-15 14:36:44,2026-07-15 14:36:44,SYSTEM_SEED,SYSTEM_SEED
ACC-01316,Ayaan Varma,47,46-55,MALE,42963000000035039,Uttara Kannada Rural,Medical physicist,1,2025-09-18,2025-09-18,,,2026-07-15 14:36:44,2026-07-15 14:36:44,SYSTEM_SEED,SYSTEM_SEED
ACC-01317,Dayamai Rajagopal,52,46-55,FEMALE,42963000000035024,Dharwad East,Medical secretary,1,2024-08-16,2024-08-16,,,2026-07-15 14:36:44,2026-07-15 14:36:44,SYSTEM_SEED,SYSTEM_SEED
ACC-01318,Manjunath Naik,44,36-45,MALE,42963000000035027,Haveri West,"Psychologist, occupational",1,2023-06-18,2023-06-18,,,2026-07-15 14:36:44,2026-07-15 14:36:44,SYSTEM_SEED,SYSTEM_SEED
ACC-01319,Qadim Peri,48,46-55,MALE,42963000000035040,Vijayapura South,Economist,1,2025-07-13,2025-07-13,,,2026-07-15 14:36:44,2026-07-15 14:36:44,SYSTEM_SEED,SYSTEM_SEED
ACC-01320,Harsh Devi,21,18-25,MALE,42963000000035024,Dharwad North,"Lecturer, higher education",1,2022-09-28,2022-09-28,,,2026-07-15 14:36:44,2026-07-15 14:36:44,SYSTEM_SEED,SYSTEM_SEED
ACC-01321,Rathnamma Hegde,44,36-45,FEMALE,42963000000035024,Dharwad South,Field trials officer,1,2025-09-03,2025-09-03,,,2026-07-15 14:36:44,2026-07-15 14:36:44,SYSTEM_SEED,SYSTEM_SEED
ACC-01322,Waida Kadakia,33,26-35,FEMALE,42963000000035024,Dharwad East,Equality and diversity officer,1,2025-12-17,2025-12-17,,,2026-07-15 14:36:44,2026-07-15 14:36:44,SYSTEM_SEED,SYSTEM_SEED
ACC-01323,Patrick Loke,55,46-55,MALE,42963000000035017,Bidar North,Retail manager,1,2025-10-23,2025-10-23,,,2026-07-15 14:36:44,2026-07-15 14:36:44,SYSTEM_SEED,SYSTEM_SEED
ACC-01324,Manya Bhagat,36,36-45,FEMALE,42963000000035018,Chamarajanagar South,Biomedical scientist,1,2022-06-24,2022-06-24,,,2026-07-15 14:36:44,2026-07-15 14:36:44,SYSTEM_SEED,SYSTEM_SEED
ACC-01325,Pooja Sethi,28,26-35,FEMALE,42963000000035028,Kalaburagi Taluk HQ,"Radiographer, diagnostic",1,2022-12-07,2022-12-07,,,2026-07-15 14:36:44,2026-07-15 14:36:44,SYSTEM_SEED,SYSTEM_SEED
ACC-01326,Wahab Wali,24,18-25,MALE,42963000000035014,Belagavi Taluk HQ,Site engineer,2,2023-12-03,2024-02-21,,,2026-07-15 14:36:44,2026-07-15 14:36:44,SYSTEM_SEED,SYSTEM_SEED
ACC-01327,Varsha Pillai,27,26-35,FEMALE,42963000000035026,Hassan Taluk HQ,Brewing technologist,1,2024-11-17,2024-11-17,,,2026-07-15 14:36:44,2026-07-15 14:36:44,SYSTEM_SEED,SYSTEM_SEED
ACC-01328,Veer Chahal,62,56-65,MALE,42963000000035030,Kolar Taluk HQ,Catering manager,1,2021-12-26,2021-12-26,,,2026-07-15 14:36:44,2026-07-15 14:36:44,SYSTEM_SEED,SYSTEM_SEED
ACC-01329,Raghavendra Nayak,48,46-55,MALE,42963000000035016,Bengaluru Urban Rural,"Nurse, adult",1,2021-11-30,2021-11-30,,,2026-07-15 14:36:44,2026-07-15 14:36:44,SYSTEM_SEED,SYSTEM_SEED
ACC-01330,Maanas Bose,62,56-65,MALE,42963000000035022,Dakshina Kannada Taluk HQ,Clinical embryologist,2,2024-08-01,2024-09-10,,,2026-07-15 14:36:44,2026-07-15 14:36:44,SYSTEM_SEED,SYSTEM_SEED
ACC-01331,Chandrashekar Achar,28,26-35,MALE,42963000000035038,Udupi Taluk HQ,"Development worker, international aid",1,2025-05-10,2025-05-10,,,2026-07-15 14:36:44,2026-07-15 14:36:44,SYSTEM_SEED,SYSTEM_SEED
ACC-01332,Dayita Divan,20,18-25,FEMALE,42963000000035029,Kodagu North,Research scientist (maths),1,2022-12-28,2022-12-28,,,2026-07-15 14:36:44,2026-07-15 14:36:44,SYSTEM_SEED,SYSTEM_SEED
ACC-01333,Harsh Verma,28,26-35,MALE,42963000000035038,Udupi East,Advice worker,1,2022-09-25,2022-09-25,,,2026-07-15 14:36:44,2026-07-15 14:36:44,SYSTEM_SEED,SYSTEM_SEED
ACC-01334,Thimmaiah Hegde,24,18-25,MALE,42963000000035019,Chikballapur West,Hospital doctor,2,2021-10-19,2023-10-19,,,2026-07-15 14:36:44,2026-07-15 14:36:44,SYSTEM_SEED,SYSTEM_SEED
ACC-01335,Dominic Som,36,36-45,MALE,42963000000035016,Bengaluru Urban South,"Loss adjuster, chartered",1,2024-06-05,2024-06-05,,,2026-07-15 14:36:44,2026-07-15 14:36:44,SYSTEM_SEED,SYSTEM_SEED
ACC-01336,Tristan Bail,28,26-35,MALE,42963000000035030,Kolar Taluk HQ,"Horticulturist, amenity",1,2021-09-15,2021-09-15,,,2026-07-15 14:36:44,2026-07-15 14:36:44,SYSTEM_SEED,SYSTEM_SEED
ACC-01337,Azad Bains,49,46-55,MALE,42963000000035029,Kodagu Taluk HQ,Exhibition designer,1,2025-12-07,2025-12-07,,,2026-07-15 14:36:44,2026-07-15 14:36:44,SYSTEM_SEED,SYSTEM_SEED
ACC-01338,Samesh Oza,43,36-45,MALE,42963000000035037,Tumakuru Rural,"Journalist, newspaper",1,2023-12-25,2023-12-25,,,2026-07-15 14:36:44,2026-07-15 14:36:44,SYSTEM_SEED,SYSTEM_SEED
ACC-01339,Thimmaiah Shetty,48,46-55,MALE,42963000000035035,Ramanagara South,"Radiographer, diagnostic",1,2023-07-04,2023-07-04,,,2026-07-15 14:36:44,2026-07-15 14:36:44,SYSTEM_SEED,SYSTEM_SEED
ACC-01340,Veer Modi,59,56-65,MALE,42963000000035033,Mysuru North,Tax adviser,1,2024-09-27,2024-09-27,,,2026-07-15 14:36:44,2026-07-15 14:36:44,SYSTEM_SEED,SYSTEM_SEED
ACC-01341,Siddalingaiah Naik,37,36-45,MALE,42963000000035031,Koppal Rural,Consulting civil engineer,1,2024-08-01,2024-08-01,,,2026-07-15 14:36:44,2026-07-15 14:36:44,SYSTEM_SEED,SYSTEM_SEED
ACC-01342,Gangamma Naik,27,26-35,FEMALE,42963000000035013,Ballari Taluk HQ,Information officer,1,2025-06-25,2025-06-25,,,2026-07-15 14:36:44,2026-07-15 14:36:44,SYSTEM_SEED,SYSTEM_SEED
ACC-01343,Leena Karan,46,46-55,FEMALE,42963000000035016,Bengaluru Urban South,Radio broadcast assistant,2,2023-10-24,2025-07-30,,,2026-07-15 14:36:44,2026-07-15 14:36:44,SYSTEM_SEED,SYSTEM_SEED
ACC-01344,Mitali Batta,39,36-45,FEMALE,42963000000035032,Mandya Rural,Data scientist,1,2023-01-28,2023-01-28,,,2026-07-15 14:36:44,2026-07-15 14:36:44,SYSTEM_SEED,SYSTEM_SEED
ACC-01345,Veeranna Urs,48,46-55,MALE,42963000000035024,Dharwad West,Manufacturing engineer,2,2021-02-03,2022-07-27,,,2026-07-15 14:36:44,2026-07-15 14:36:44,SYSTEM_SEED,SYSTEM_SEED
ACC-01346,Sunandamma Nayak,37,36-45,FEMALE,42963000000035040,Vijayapura Taluk HQ,Higher education careers adviser,1,2021-11-18,2021-11-18,,,2026-07-15 14:36:44,2026-07-15 14:36:44,SYSTEM_SEED,SYSTEM_SEED
ACC-01347,Gopalakrishna Gowda,41,36-45,MALE,42963000000035016,Bengaluru Urban Taluk HQ,"Programmer, applications",2,2021-02-05,2022-02-02,,,2026-07-15 14:36:44,2026-07-15 14:36:44,SYSTEM_SEED,SYSTEM_SEED
ACC-01348,Gaurika Wason,34,26-35,FEMALE,42963000000035022,Dakshina Kannada East,Higher education lecturer,1,2024-04-24,2024-04-24,,,2026-07-15 14:36:44,2026-07-15 14:36:44,SYSTEM_SEED,SYSTEM_SEED
ACC-01349,Gagan Dube,60,56-65,MALE,42963000000035041,Yadgir South,"Designer, television/film set",1,2025-06-24,2025-06-24,,,2026-07-15 14:36:44,2026-07-15 14:36:44,SYSTEM_SEED,SYSTEM_SEED
ACC-01350,Shanthakumari Nayak,46,46-55,FEMALE,42963000000035016,Bengaluru Urban South,Field seismologist,2,2023-10-19,2024-09-02,,,2026-07-15 14:36:44,2026-07-15 14:36:44,SYSTEM_SEED,SYSTEM_SEED
ACC-01351,Kariyappa Shetty,54,46-55,MALE,42963000000035037,Tumakuru East,Commercial horticulturist,1,2021-02-21,2021-02-21,,,2026-07-15 14:36:44,2026-07-15 14:36:44,SYSTEM_SEED,SYSTEM_SEED
ACC-01352,Nathan Date,23,18-25,MALE,42963000000035024,Dharwad North,Prison officer,1,2024-11-08,2024-11-08,,,2026-07-15 14:36:44,2026-07-15 14:36:44,SYSTEM_SEED,SYSTEM_SEED
ACC-01353,Girijamma Devadiga,20,18-25,FEMALE,42963000000035038,Udupi South,Gaffer,1,2021-09-14,2021-09-14,,,2026-07-15 14:36:44,2026-07-15 14:36:44,SYSTEM_SEED,SYSTEM_SEED
ACC-01354,George Jha,30,26-35,MALE,42963000000035033,Mysuru Taluk HQ,"Surveyor, planning and development",1,2025-08-18,2025-08-18,,,2026-07-15 14:36:44,2026-07-15 14:36:44,SYSTEM_SEED,SYSTEM_SEED
ACC-01355,Channabasappa Rai,58,56-65,MALE,42963000000035022,Dakshina Kannada South,Animal nutritionist,1,2023-09-28,2023-09-28,,,2026-07-15 14:36:44,2026-07-15 14:36:44,SYSTEM_SEED,SYSTEM_SEED
ACC-01356,Orinder Divan,18,18-25,MALE,42963000000035015,Bengaluru Rural West,Microbiologist,1,2023-02-03,2023-02-03,,,2026-07-15 14:36:44,2026-07-15 14:36:44,SYSTEM_SEED,SYSTEM_SEED
ACC-01357,Thimmakka Shetty,30,26-35,FEMALE,42963000000035017,Bidar West,"Production assistant, radio",1,2025-06-22,2025-06-22,,,2026-07-15 14:36:44,2026-07-15 14:36:44,SYSTEM_SEED,SYSTEM_SEED
ACC-01358,Nidhi Dara,43,36-45,FEMALE,42963000000035038,Udupi West,Agricultural consultant,1,2024-02-10,2024-02-10,,,2026-07-15 14:36:44,2026-07-15 14:36:44,SYSTEM_SEED,SYSTEM_SEED
ACC-01359,Zaid Dhillon,57,56-65,MALE,42963000000035017,Bidar Rural,Proofreader,2,2021-12-03,2022-11-02,,,2026-07-15 14:36:44,2026-07-15 14:36:44,SYSTEM_SEED,SYSTEM_SEED
ACC-01360,Faras Agrawal,20,18-25,MALE,42963000000035024,Dharwad West,Sports coach,1,2023-02-09,2023-02-09,,,2026-07-15 14:36:44,2026-07-15 14:36:44,SYSTEM_SEED,SYSTEM_SEED
ACC-01361,Manbir Som,36,36-45,MALE,42963000000035026,Hassan Taluk HQ,Horticultural consultant,1,2025-10-16,2025-10-16,,,2026-07-15 14:36:44,2026-07-15 14:36:44,SYSTEM_SEED,SYSTEM_SEED
ACC-01362,Vaishnavi Nigam,36,36-45,FEMALE,42963000000035021,Chitradurga Rural,"Clinical scientist, histocompatibility and immunogenetics",1,2025-11-22,2025-11-22,,,2026-07-15 14:36:44,2026-07-15 14:36:44,SYSTEM_SEED,SYSTEM_SEED
ACC-01363,Anmol Dewan,22,18-25,MALE,42963000000035024,Dharwad East,Structural engineer,1,2022-04-06,2022-04-06,,,2026-07-15 14:36:44,2026-07-15 14:36:44,SYSTEM_SEED,SYSTEM_SEED
ACC-01364,Nikita Bakshi,56,56-65,FEMALE,42963000000035027,Haveri West,Operational investment banker,2,2021-08-17,2022-01-01,,,2026-07-15 14:36:44,2026-07-15 14:36:44,SYSTEM_SEED,SYSTEM_SEED
ACC-01365,Chandrashekar Kulkarni,32,26-35,MALE,42963000000035024,Dharwad North,Waste management officer,1,2022-09-15,2022-09-15,,,2026-07-15 14:36:44,2026-07-15 14:36:44,SYSTEM_SEED,SYSTEM_SEED
ACC-01366,Nagaraj Gowda,60,56-65,MALE,42963000000035039,Uttara Kannada West,English as a second language teacher,1,2022-11-23,2022-11-23,,,2026-07-15 14:36:44,2026-07-15 14:36:44,SYSTEM_SEED,SYSTEM_SEED
ACC-01367,Pranav Chanda,32,26-35,MALE,42963000000035013,Ballari East,"Journalist, newspaper",1,2023-02-14,2023-02-14,,,2026-07-15 14:36:44,2026-07-15 14:36:44,SYSTEM_SEED,SYSTEM_SEED
ACC-01368,Indali Vyas,33,26-35,FEMALE,42963000000035022,Dakshina Kannada Taluk HQ,Environmental education officer,1,2022-09-02,2022-09-02,,,2026-07-15 14:36:44,2026-07-15 14:36:44,SYSTEM_SEED,SYSTEM_SEED
ACC-01369,Guneet Bajaj,35,26-35,MALE,42963000000035026,Hassan East,Charity officer,1,2021-04-24,2021-04-24,,,2026-07-15 14:36:44,2026-07-15 14:36:44,SYSTEM_SEED,SYSTEM_SEED
ACC-01370,Caleb Vala,19,18-25,MALE,42963000000035024,Dharwad Rural,"Nurse, mental health",1,2025-01-15,2025-01-15,,,2026-07-15 14:36:44,2026-07-15 14:36:44,SYSTEM_SEED,SYSTEM_SEED
ACC-01371,Yatan Nadkarni,37,36-45,MALE,42963000000035033,Mysuru East,Toxicologist,1,2024-01-15,2024-01-15,,,2026-07-15 14:36:44,2026-07-15 14:36:44,SYSTEM_SEED,SYSTEM_SEED
ACC-01372,Pranit Rao,55,46-55,MALE,42963000000035017,Bidar South,Data scientist,1,2023-02-16,2023-02-16,,,2026-07-15 14:36:44,2026-07-15 14:36:44,SYSTEM_SEED,SYSTEM_SEED
ACC-01373,Qasim Raju,25,18-25,MALE,42963000000035037,Tumakuru East,Microbiologist,1,2021-08-09,2021-08-09,,,2026-07-15 14:36:44,2026-07-15 14:36:44,SYSTEM_SEED,SYSTEM_SEED
ACC-01374,Lokesh Gowda,53,46-55,MALE,42963000000035033,Mysuru Rural,"Administrator, charities/voluntary organisations",1,2025-03-04,2025-03-04,,,2026-07-15 14:36:44,2026-07-15 14:36:44,SYSTEM_SEED,SYSTEM_SEED
ACC-01375,Pooja Panchal,45,36-45,FEMALE,42963000000035014,Belagavi East,Insurance account manager,1,2023-12-17,2023-12-17,,,2026-07-15 14:36:44,2026-07-15 14:36:44,SYSTEM_SEED,SYSTEM_SEED
ACC-01376,Chameli Kale,19,18-25,FEMALE,42963000000035015,Bengaluru Rural Rural,"Producer, radio",1,2022-08-18,2022-08-18,,,2026-07-15 14:36:44,2026-07-15 14:36:44,SYSTEM_SEED,SYSTEM_SEED
ACC-01377,Nagaveni Reddy,34,26-35,FEMALE,42963000000035016,Bengaluru Urban North,Pathologist,1,2022-12-20,2022-12-20,,,2026-07-15 14:36:44,2026-07-15 14:36:44,SYSTEM_SEED,SYSTEM_SEED
ACC-01378,Gangamma Setty,45,36-45,FEMALE,42963000000035017,Bidar South,Probation officer,1,2025-12-20,2025-12-20,,,2026-07-15 14:36:44,2026-07-15 14:36:44,SYSTEM_SEED,SYSTEM_SEED
ACC-01379,Finn Samra,37,36-45,MALE,42963000000035042,Vijayanagara Rural,Patent examiner,2,2022-07-17,2023-11-04,,,2026-07-15 14:36:44,2026-07-15 14:36:44,SYSTEM_SEED,SYSTEM_SEED
ACC-01380,Harish Kulkarni,22,18-25,MALE,42963000000035014,Belagavi Taluk HQ,Corporate treasurer,1,2022-03-15,2022-03-15,,,2026-07-15 14:36:44,2026-07-15 14:36:44,SYSTEM_SEED,SYSTEM_SEED
ACC-01381,Eshana Johal,33,26-35,FEMALE,42963000000035014,Belagavi South,Immunologist,1,2023-07-08,2023-07-08,,,2026-07-15 14:36:44,2026-07-15 14:36:44,SYSTEM_SEED,SYSTEM_SEED
ACC-01382,Zaitra Nayak,29,26-35,FEMALE,42963000000035016,Bengaluru Urban Taluk HQ,Brewing technologist,1,2025-02-17,2025-02-17,,,2026-07-15 14:36:44,2026-07-15 14:36:44,SYSTEM_SEED,SYSTEM_SEED
ACC-01383,Chaitanya Ahuja,50,46-55,MALE,42963000000035033,Mysuru East,Outdoor activities/education manager,1,2024-03-06,2024-03-06,,,2026-07-15 14:36:44,2026-07-15 14:36:44,SYSTEM_SEED,SYSTEM_SEED
ACC-01384,Triya Gill,50,46-55,FEMALE,42963000000035016,Bengaluru Urban South,"Surveyor, commercial/residential",1,2021-07-15,2021-07-15,,,2026-07-15 14:36:44,2026-07-15 14:36:44,SYSTEM_SEED,SYSTEM_SEED
ACC-01385,Kariyappa Reddy,23,18-25,MALE,42963000000035022,Dakshina Kannada North,"Psychologist, counselling",1,2024-11-26,2024-11-26,,,2026-07-15 14:36:44,2026-07-15 14:36:44,SYSTEM_SEED,SYSTEM_SEED
ACC-01386,Irya Grewal,52,46-55,FEMALE,42963000000035040,Vijayapura West,Museum/gallery curator,1,2023-09-28,2023-09-28,,,2026-07-15 14:36:44,2026-07-15 14:36:44,SYSTEM_SEED,SYSTEM_SEED
ACC-01387,Puttaswamy Naik,23,18-25,MALE,42963000000035042,Vijayanagara West,Horticultural consultant,1,2023-09-20,2023-09-20,,,2026-07-15 14:36:44,2026-07-15 14:36:44,SYSTEM_SEED,SYSTEM_SEED
ACC-01388,Ansh Mittal,62,56-65,MALE,42963000000035026,Hassan Rural,Textile designer,1,2022-03-13,2022-03-13,,,2026-07-15 14:36:44,2026-07-15 14:36:44,SYSTEM_SEED,SYSTEM_SEED
ACC-01389,Yatin Sheth,40,36-45,MALE,42963000000035013,Ballari East,Environmental manager,1,2021-05-11,2021-05-11,,,2026-07-15 14:36:44,2026-07-15 14:36:44,SYSTEM_SEED,SYSTEM_SEED
ACC-01390,Aarav Dube,24,18-25,MALE,42963000000035035,Ramanagara East,Garment/textile technologist,2,2024-02-19,2024-10-15,,,2026-07-15 14:36:44,2026-07-15 14:36:44,SYSTEM_SEED,SYSTEM_SEED
ACC-01391,Warinder Dash,31,26-35,MALE,42963000000035016,Bengaluru Urban East,Holiday representative,1,2021-11-29,2021-11-29,,,2026-07-15 14:36:44,2026-07-15 14:36:44,SYSTEM_SEED,SYSTEM_SEED
ACC-01392,Manjunath Kulkarni,55,46-55,MALE,42963000000035033,Mysuru Rural,Pensions consultant,1,2025-06-08,2025-06-08,,,2026-07-15 14:36:44,2026-07-15 14:36:44,SYSTEM_SEED,SYSTEM_SEED
ACC-01393,Yatan Konda,49,46-55,MALE,42963000000035027,Haveri South,Air cabin crew,1,2024-09-04,2024-09-04,,,2026-07-15 14:36:44,2026-07-15 14:36:44,SYSTEM_SEED,SYSTEM_SEED
ACC-01394,Lakshit Tailor,59,56-65,MALE,42963000000035022,Dakshina Kannada Taluk HQ,Broadcast engineer,1,2022-12-24,2022-12-24,,,2026-07-15 14:36:44,2026-07-15 14:36:44,SYSTEM_SEED,SYSTEM_SEED
ACC-01395,Wridesh Sarin,46,46-55,MALE,42963000000035017,Bidar Taluk HQ,Further education lecturer,1,2023-10-19,2023-10-19,,,2026-07-15 14:36:44,2026-07-15 14:36:44,SYSTEM_SEED,SYSTEM_SEED
ACC-01396,Darpan Prakash,60,56-65,MALE,42963000000035040,Vijayapura East,Science writer,1,2025-11-06,2025-11-06,,,2026-07-15 14:36:44,2026-07-15 14:36:44,SYSTEM_SEED,SYSTEM_SEED
ACC-01397,Leela Gaba,65,56-65,FEMALE,42963000000035036,Shivamogga East,Television camera operator,1,2023-05-15,2023-05-15,,,2026-07-15 14:36:44,2026-07-15 14:36:44,SYSTEM_SEED,SYSTEM_SEED
ACC-01398,Thimmaiah Bhat,23,18-25,MALE,42963000000035016,Bengaluru Urban Taluk HQ,Barrister,1,2025-02-07,2025-02-07,,,2026-07-15 14:36:44,2026-07-15 14:36:44,SYSTEM_SEED,SYSTEM_SEED
ACC-01399,Nathaniel Shenoy,55,46-55,MALE,42963000000035016,Bengaluru Urban West,Control and instrumentation engineer,1,2021-11-13,2021-11-13,,,2026-07-15 14:36:44,2026-07-15 14:36:44,SYSTEM_SEED,SYSTEM_SEED
ACC-01400,Chandrashekar Setty,64,56-65,MALE,42963000000035033,Mysuru Rural,Marketing executive,1,2025-02-08,2025-02-08,,,2026-07-15 14:36:44,2026-07-15 14:36:44,SYSTEM_SEED,SYSTEM_SEED
ACC-01401,Avi Mahajan,38,36-45,MALE,42963000000035018,Chamarajanagar East,Media planner,1,2024-12-29,2024-12-29,,,2026-07-15 14:36:44,2026-07-15 14:36:44,SYSTEM_SEED,SYSTEM_SEED
ACC-01402,Parvatamma Nayak,36,36-45,FEMALE,42963000000035013,Ballari North,Personnel officer,1,2022-03-04,2022-03-04,,,2026-07-15 14:36:44,2026-07-15 14:36:44,SYSTEM_SEED,SYSTEM_SEED
ACC-01403,Jayamma Shetty,62,56-65,FEMALE,42963000000035018,Chamarajanagar South,Market researcher,1,2022-03-05,2022-03-05,,,2026-07-15 14:36:44,2026-07-15 14:36:44,SYSTEM_SEED,SYSTEM_SEED
ACC-01404,Maanav Manne,44,36-45,MALE,42963000000035042,Vijayanagara South,Senior tax professional/tax inspector,2,2023-06-03,2025-12-05,,,2026-07-15 14:36:44,2026-07-15 14:36:44,SYSTEM_SEED,SYSTEM_SEED
ACC-01405,Gunbir Goswami,22,18-25,MALE,42963000000035024,Dharwad East,Chief Marketing Officer,1,2021-01-14,2021-01-14,,,2026-07-15 14:36:44,2026-07-15 14:36:44,SYSTEM_SEED,SYSTEM_SEED
ACC-01406,Kariyappa Urs,19,18-25,MALE,42963000000035013,Ballari Taluk HQ,Tour manager,1,2025-01-21,2025-01-21,,,2026-07-15 14:36:44,2026-07-15 14:36:44,SYSTEM_SEED,SYSTEM_SEED
ACC-01407,Ojasvi Mutti,26,26-35,FEMALE,42963000000035040,Vijayapura Taluk HQ,Illustrator,1,2022-10-05,2022-10-05,,,2026-07-15 14:36:44,2026-07-15 14:36:44,SYSTEM_SEED,SYSTEM_SEED
ACC-01408,Radhika Char,41,36-45,FEMALE,42963000000035016,Bengaluru Urban South,Social researcher,2,2022-06-02,2025-12-22,,,2026-07-15 14:36:44,2026-07-15 14:36:44,SYSTEM_SEED,SYSTEM_SEED
ACC-01409,Lokesh Achar,38,36-45,MALE,42963000000035038,Udupi Taluk HQ,TEFL teacher,1,2025-04-18,2025-04-18,,,2026-07-15 14:36:44,2026-07-15 14:36:44,SYSTEM_SEED,SYSTEM_SEED
ACC-01410,Veeranna Setty,32,26-35,MALE,42963000000035013,Ballari West,Management consultant,1,2023-03-27,2023-03-27,,,2026-07-15 14:36:44,2026-07-15 14:36:44,SYSTEM_SEED,SYSTEM_SEED
ACC-01411,Abeer Devan,23,18-25,MALE,42963000000035035,Ramanagara West,"Scientist, marine",1,2024-09-03,2024-09-03,,,2026-07-15 14:36:44,2026-07-15 14:36:44,SYSTEM_SEED,SYSTEM_SEED
ACC-01412,Ria Sundaram,62,56-65,FEMALE,42963000000035026,Hassan Rural,Paramedic,1,2023-09-05,2023-09-05,,,2026-07-15 14:36:44,2026-07-15 14:36:44,SYSTEM_SEED,SYSTEM_SEED
ACC-01413,Gautami Chaudry,37,36-45,FEMALE,42963000000035015,Bengaluru Rural Taluk HQ,Engineering geologist,1,2021-02-23,2021-02-23,,,2026-07-15 14:36:44,2026-07-15 14:36:44,SYSTEM_SEED,SYSTEM_SEED
ACC-01414,Zayan Kant,37,36-45,MALE,42963000000035039,Uttara Kannada Rural,Emergency planning/management officer,1,2023-02-04,2023-02-04,,,2026-07-15 14:36:44,2026-07-15 14:36:44,SYSTEM_SEED,SYSTEM_SEED
ACC-01415,Gopalakrishna Hegde,39,36-45,MALE,42963000000035019,Chikballapur West,"Surveyor, land/geomatics",1,2022-11-13,2022-11-13,,,2026-07-15 14:36:44,2026-07-15 14:36:44,SYSTEM_SEED,SYSTEM_SEED
ACC-01416,Sathvik Sharma,18,18-25,MALE,42963000000035015,Bengaluru Rural East,Camera operator,1,2022-07-02,2022-07-02,,,2026-07-15 14:36:44,2026-07-15 14:36:44,SYSTEM_SEED,SYSTEM_SEED
ACC-01417,Kaveri Achar,41,36-45,FEMALE,42963000000035022,Dakshina Kannada West,Commercial horticulturist,1,2021-11-03,2021-11-03,,,2026-07-15 14:36:44,2026-07-15 14:36:44,SYSTEM_SEED,SYSTEM_SEED
ACC-01418,Yashodamma Urs,33,26-35,FEMALE,42963000000035014,Belagavi Taluk HQ,"Conservator, museum/gallery",1,2023-04-18,2023-04-18,,,2026-07-15 14:36:44,2026-07-15 14:36:44,SYSTEM_SEED,SYSTEM_SEED
ACC-01419,Wakeeta Pall,58,56-65,FEMALE,42963000000035035,Ramanagara Rural,Insurance underwriter,1,2023-02-18,2023-02-18,,,2026-07-15 14:36:44,2026-07-15 14:36:44,SYSTEM_SEED,SYSTEM_SEED
ACC-01420,Ekaraj Sathe,63,56-65,MALE,42963000000035016,Bengaluru Urban Rural,"Therapist, speech and language",2,2022-01-26,2022-08-04,,,2026-07-15 14:36:44,2026-07-15 14:36:44,SYSTEM_SEED,SYSTEM_SEED
ACC-01421,Gabriel Modi,50,46-55,MALE,42963000000035018,Chamarajanagar Rural,Air cabin crew,2,2025-09-26,2025-10-27,,,2026-07-15 14:36:44,2026-07-15 14:36:44,SYSTEM_SEED,SYSTEM_SEED
ACC-01422,Indrajit Dave,51,46-55,MALE,42963000000035037,Tumakuru Rural,Curator,1,2022-02-10,2022-02-10,,,2026-07-15 14:36:44,2026-07-15 14:36:44,SYSTEM_SEED,SYSTEM_SEED
ACC-01423,Shivakumar Poojary,30,26-35,MALE,42963000000035024,Dharwad West,Ergonomist,1,2025-12-22,2025-12-22,,,2026-07-15 14:36:44,2026-07-15 14:36:44,SYSTEM_SEED,SYSTEM_SEED
ACC-01424,Dev Kadakia,60,56-65,MALE,42963000000035022,Dakshina Kannada South,"Conservator, furniture",1,2023-12-30,2023-12-30,,,2026-07-15 14:36:44,2026-07-15 14:36:44,SYSTEM_SEED,SYSTEM_SEED
ACC-01425,Simon Choudhury,40,36-45,MALE,42963000000035016,Bengaluru Urban East,Careers adviser,1,2023-08-07,2023-08-07,,,2026-07-15 14:36:44,2026-07-15 14:36:44,SYSTEM_SEED,SYSTEM_SEED
ACC-01426,Harish Urs,55,46-55,MALE,42963000000035020,Chikkamagaluru East,Advertising account executive,1,2024-08-16,2024-08-16,,,2026-07-15 14:36:44,2026-07-15 14:36:44,SYSTEM_SEED,SYSTEM_SEED
ACC-01427,Tanveer Basak,34,26-35,MALE,42963000000035030,Kolar Taluk HQ,"Engineer, chemical",1,2025-01-26,2025-01-26,,,2026-07-15 14:36:44,2026-07-15 14:36:44,SYSTEM_SEED,SYSTEM_SEED
ACC-01428,Anamika Varghese,43,36-45,FEMALE,42963000000035028,Kalaburagi Rural,"Therapist, horticultural",2,2021-02-02,2025-12-24,,,2026-07-15 14:36:44,2026-07-15 14:36:44,SYSTEM_SEED,SYSTEM_SEED
ACC-01429,Wahab Dani,26,26-35,MALE,42963000000035027,Haveri West,Forensic scientist,1,2025-10-23,2025-10-23,,,2026-07-15 14:36:44,2026-07-15 14:36:44,SYSTEM_SEED,SYSTEM_SEED
ACC-01430,Bhagyalakshmi Poojary,25,18-25,FEMALE,42963000000035041,Yadgir North,Armed forces logistics/support/administrative officer,1,2021-06-18,2021-06-18,,,2026-07-15 14:36:44,2026-07-15 14:36:44,SYSTEM_SEED,SYSTEM_SEED
ACC-01431,Ravindranath Naik,65,56-65,MALE,42963000000035013,Ballari North,Brewing technologist,1,2023-09-25,2023-09-25,,,2026-07-15 14:36:44,2026-07-15 14:36:44,SYSTEM_SEED,SYSTEM_SEED
ACC-01432,Abdul Char,35,26-35,MALE,42963000000035041,Yadgir Rural,Community pharmacist,1,2025-10-17,2025-10-17,,,2026-07-15 14:36:44,2026-07-15 14:36:44,SYSTEM_SEED,SYSTEM_SEED
ACC-01433,Harish Goyal,31,26-35,MALE,42963000000035033,Mysuru Taluk HQ,Make,1,2025-02-02,2025-02-02,,,2026-07-15 14:36:44,2026-07-15 14:36:44,SYSTEM_SEED,SYSTEM_SEED
ACC-01434,Jagadish Naik,44,36-45,MALE,42963000000035015,Bengaluru Rural Rural,Air cabin crew,1,2021-12-19,2021-12-19,,,2026-07-15 14:36:44,2026-07-15 14:36:44,SYSTEM_SEED,SYSTEM_SEED
ACC-01435,Eta Mall,59,56-65,FEMALE,42963000000035034,Raichur South,TEFL teacher,1,2021-10-01,2021-10-01,,,2026-07-15 14:36:44,2026-07-15 14:36:44,SYSTEM_SEED,SYSTEM_SEED
ACC-01436,Qushi Dyal,44,36-45,FEMALE,42963000000035022,Dakshina Kannada South,"Restaurant manager, fast food",2,2021-10-23,2023-09-26,,,2026-07-15 14:36:44,2026-07-15 14:36:44,SYSTEM_SEED,SYSTEM_SEED
ACC-01437,Yashawini Bir,46,46-55,FEMALE,42963000000035031,Koppal North,Child psychotherapist,1,2022-09-04,2022-09-04,,,2026-07-15 14:36:44,2026-07-15 14:36:44,SYSTEM_SEED,SYSTEM_SEED
ACC-01438,Mahadevi Devadiga,31,26-35,FEMALE,42963000000035022,Dakshina Kannada East,Technical sales engineer,1,2023-03-27,2023-03-27,,,2026-07-15 14:36:44,2026-07-15 14:36:44,SYSTEM_SEED,SYSTEM_SEED
ACC-01439,Shanthakumari Devadiga,35,26-35,FEMALE,42963000000035024,Dharwad North,"Administrator, education",1,2022-04-01,2022-04-01,,,2026-07-15 14:36:44,2026-07-15 14:36:44,SYSTEM_SEED,SYSTEM_SEED
ACC-01440,Gopal Manda,21,18-25,MALE,42963000000035034,Raichur Rural,Dramatherapist,1,2023-09-01,2023-09-01,,,2026-07-15 14:36:44,2026-07-15 14:36:44,SYSTEM_SEED,SYSTEM_SEED
ACC-01441,Gangamma Shetty,47,46-55,FEMALE,42963000000035025,Gadag North,Soil scientist,1,2023-03-01,2023-03-01,,,2026-07-15 14:36:44,2026-07-15 14:36:44,SYSTEM_SEED,SYSTEM_SEED
ACC-01442,Chandran Kala,36,36-45,MALE,42963000000035019,Chikballapur Taluk HQ,Retail merchandiser,1,2021-12-04,2021-12-04,,,2026-07-15 14:36:44,2026-07-15 14:36:44,SYSTEM_SEED,SYSTEM_SEED
ACC-01443,Qadim Goyal,48,46-55,MALE,42963000000035034,Raichur West,Printmaker,2,2022-01-14,2025-06-20,,,2026-07-15 14:36:44,2026-07-15 14:36:44,SYSTEM_SEED,SYSTEM_SEED
ACC-01444,Gautam Pant,47,46-55,MALE,42963000000035022,Dakshina Kannada East,Museum education officer,1,2023-08-01,2023-08-01,,,2026-07-15 14:36:44,2026-07-15 14:36:44,SYSTEM_SEED,SYSTEM_SEED
ACC-01445,Sureshgowda Reddy,30,26-35,MALE,42963000000035032,Mandya South,Photographer,1,2024-12-11,2024-12-11,,,2026-07-15 14:36:44,2026-07-15 14:36:44,SYSTEM_SEED,SYSTEM_SEED
ACC-01446,Ishaan Reddy,28,26-35,MALE,42963000000035024,Dharwad North,"Clinical scientist, histocompatibility and immunogenetics",1,2024-11-25,2024-11-25,,,2026-07-15 14:36:44,2026-07-15 14:36:44,SYSTEM_SEED,SYSTEM_SEED
ACC-01447,David Shukla,19,18-25,MALE,42963000000035034,Raichur East,Clinical molecular geneticist,2,2021-03-11,2021-12-04,,,2026-07-15 14:36:44,2026-07-15 14:36:44,SYSTEM_SEED,SYSTEM_SEED
ACC-01448,Yachana Patel,32,26-35,FEMALE,42963000000035042,Vijayanagara Rural,Homeopath,2,2025-04-25,2025-09-26,,,2026-07-15 14:36:44,2026-07-15 14:36:44,SYSTEM_SEED,SYSTEM_SEED
ACC-01449,Benjamin Narang,27,26-35,MALE,42963000000035015,Bengaluru Rural West,"Research officer, political party",1,2025-05-20,2025-05-20,,,2026-07-15 14:36:44,2026-07-15 14:36:44,SYSTEM_SEED,SYSTEM_SEED
ACC-01450,Thimmaiah Setty,34,26-35,MALE,42963000000035032,Mandya South,Commercial art gallery manager,1,2021-09-12,2021-09-12,,,2026-07-15 14:36:44,2026-07-15 14:36:44,SYSTEM_SEED,SYSTEM_SEED
ACC-01451,Harish Poojary,65,56-65,MALE,42963000000035022,Dakshina Kannada South,Musician,1,2025-08-09,2025-08-09,,,2026-07-15 14:36:44,2026-07-15 14:36:44,SYSTEM_SEED,SYSTEM_SEED
ACC-01452,Vedant Muni,34,26-35,MALE,42963000000035035,Ramanagara Rural,"Producer, radio",1,2023-08-31,2023-08-31,,,2026-07-15 14:36:44,2026-07-15 14:36:44,SYSTEM_SEED,SYSTEM_SEED
ACC-01453,Samar Mannan,53,46-55,MALE,42963000000035037,Tumakuru West,Phytotherapist,2,2024-07-09,2025-09-09,,,2026-07-15 14:36:44,2026-07-15 14:36:44,SYSTEM_SEED,SYSTEM_SEED
ACC-01454,Bakhshi Soni,29,26-35,MALE,42963000000035029,Kodagu Taluk HQ,Mental health nurse,1,2025-09-04,2025-09-04,,,2026-07-15 14:36:44,2026-07-15 14:36:44,SYSTEM_SEED,SYSTEM_SEED
ACC-01455,Veeranna Reddy,27,26-35,MALE,42963000000035041,Yadgir West,Editorial assistant,1,2022-10-18,2022-10-18,,,2026-07-15 14:36:44,2026-07-15 14:36:44,SYSTEM_SEED,SYSTEM_SEED
ACC-01456,Gangamma Urs,39,36-45,FEMALE,42963000000035012,Bagalkot South,"Administrator, Civil Service",2,2024-12-16,2025-01-28,,,2026-07-15 14:36:44,2026-07-15 14:36:44,SYSTEM_SEED,SYSTEM_SEED
ACC-01457,Nagaraj Achar,64,56-65,MALE,42963000000035033,Mysuru North,Regulatory affairs officer,1,2025-05-31,2025-05-31,,,2026-07-15 14:36:44,2026-07-15 14:36:44,SYSTEM_SEED,SYSTEM_SEED
ACC-01458,Rudra Sarma,58,56-65,MALE,42963000000035022,Dakshina Kannada West,"Scientist, research (medical)",1,2023-10-01,2023-10-01,,,2026-07-15 14:36:44,2026-07-15 14:36:44,SYSTEM_SEED,SYSTEM_SEED
ACC-01459,Sureshgowda Achar,54,46-55,MALE,42963000000035027,Haveri North,Chartered certified accountant,2,2025-05-30,2025-08-24,,,2026-07-15 14:36:44,2026-07-15 14:36:44,SYSTEM_SEED,SYSTEM_SEED
ACC-01460,Ekbal Rana,33,26-35,MALE,42963000000035021,Chitradurga South,Oncologist,1,2024-07-29,2024-07-29,,,2026-07-15 14:36:44,2026-07-15 14:36:44,SYSTEM_SEED,SYSTEM_SEED
ACC-01461,Frado Bhattacharyya,48,46-55,MALE,42963000000035033,Mysuru East,Medical physicist,1,2021-07-26,2021-07-26,,,2026-07-15 14:36:44,2026-07-15 14:36:44,SYSTEM_SEED,SYSTEM_SEED
ACC-01462,Omkaar Iyer,32,26-35,MALE,42963000000035023,Davanagere Rural,"Therapist, nutritional",2,2021-11-02,2025-03-09,,,2026-07-15 14:36:44,2026-07-15 14:36:44,SYSTEM_SEED,SYSTEM_SEED
ACC-01463,Darsh Kaul,22,18-25,MALE,42963000000035015,Bengaluru Rural North,Photographer,1,2024-02-20,2024-02-20,,,2026-07-15 14:36:44,2026-07-15 14:36:44,SYSTEM_SEED,SYSTEM_SEED
ACC-01464,Shanthakumari Bhat,44,36-45,FEMALE,42963000000035037,Tumakuru Rural,Restaurant manager,1,2022-11-15,2022-11-15,,,2026-07-15 14:36:44,2026-07-15 14:36:44,SYSTEM_SEED,SYSTEM_SEED
ACC-01465,Laban Ratta,22,18-25,MALE,42963000000035015,Bengaluru Rural West,Market researcher,2,2023-06-28,2025-11-16,,,2026-07-15 14:36:44,2026-07-15 14:36:44,SYSTEM_SEED,SYSTEM_SEED
ACC-01466,Lakshmamma Poojary,46,46-55,FEMALE,42963000000035033,Mysuru South,Publishing copy,1,2025-12-06,2025-12-06,,,2026-07-15 14:36:44,2026-07-15 14:36:44,SYSTEM_SEED,SYSTEM_SEED
ACC-01467,Yallappa Reddy,24,18-25,MALE,42963000000035013,Ballari Taluk HQ,Toxicologist,1,2022-08-14,2022-08-14,,,2026-07-15 14:36:44,2026-07-15 14:36:44,SYSTEM_SEED,SYSTEM_SEED
ACC-01468,Xavier Vaidya,35,26-35,MALE,42963000000035030,Kolar North,Health promotion specialist,1,2025-04-24,2025-04-24,,,2026-07-15 14:36:44,2026-07-15 14:36:44,SYSTEM_SEED,SYSTEM_SEED
ACC-01469,Gangamma Hegde,23,18-25,FEMALE,42963000000035022,Dakshina Kannada South,Data processing manager,1,2024-11-21,2024-11-21,,,2026-07-15 14:36:44,2026-07-15 14:36:44,SYSTEM_SEED,SYSTEM_SEED
ACC-01470,Chatura Das,56,56-65,MALE,42963000000035026,Hassan North,Fitness centre manager,1,2022-07-03,2022-07-03,,,2026-07-15 14:36:44,2026-07-15 14:36:44,SYSTEM_SEED,SYSTEM_SEED
ACC-01471,Kariyappa Nayak,20,18-25,MALE,42963000000035024,Dharwad Rural,Recruitment consultant,1,2021-09-21,2021-09-21,,,2026-07-15 14:36:44,2026-07-15 14:36:44,SYSTEM_SEED,SYSTEM_SEED
ACC-01472,Kala Desai,64,56-65,FEMALE,42963000000035012,Bagalkot North,Air traffic controller,1,2022-09-14,2022-09-14,,,2026-07-15 14:36:44,2026-07-15 14:36:44,SYSTEM_SEED,SYSTEM_SEED
ACC-01473,Thimmakka Achar,44,36-45,FEMALE,42963000000035038,Udupi North,Child psychotherapist,1,2022-11-05,2022-11-05,,,2026-07-15 14:36:44,2026-07-15 14:36:44,SYSTEM_SEED,SYSTEM_SEED
ACC-01474,Bhavna Tara,54,46-55,FEMALE,42963000000035019,Chikballapur South,Aid worker,1,2025-10-29,2025-10-29,,,2026-07-15 14:36:44,2026-07-15 14:36:44,SYSTEM_SEED,SYSTEM_SEED
ACC-01475,Sai Narain,40,36-45,FEMALE,42963000000035033,Mysuru North,"Designer, ceramics/pottery",1,2023-10-21,2023-10-21,,,2026-07-15 14:36:44,2026-07-15 14:36:44,SYSTEM_SEED,SYSTEM_SEED
ACC-01476,Chanakya Bose,19,18-25,MALE,42963000000035033,Mysuru West,"Scientist, product/process development",1,2023-06-14,2023-06-14,,,2026-07-15 14:36:44,2026-07-15 14:36:44,SYSTEM_SEED,SYSTEM_SEED
ACC-01477,Kariyappa Poojary,19,18-25,MALE,42963000000035031,Koppal Rural,"Research officer, government",1,2025-02-07,2025-02-07,,,2026-07-15 14:36:44,2026-07-15 14:36:44,SYSTEM_SEED,SYSTEM_SEED
ACC-01478,Lokesh Poojary,20,18-25,MALE,42963000000035033,Mysuru North,"Psychologist, prison and probation services",1,2024-06-28,2024-06-28,,,2026-07-15 14:36:44,2026-07-15 14:36:44,SYSTEM_SEED,SYSTEM_SEED
ACC-01479,Manan Tank,36,36-45,MALE,42963000000035024,Dharwad North,Recycling officer,1,2022-10-16,2022-10-16,,,2026-07-15 14:36:44,2026-07-15 14:36:44,SYSTEM_SEED,SYSTEM_SEED
ACC-01480,Lakshmamma Rai,57,56-65,FEMALE,42963000000035016,Bengaluru Urban Rural,Retail merchandiser,1,2022-01-04,2022-01-04,,,2026-07-15 14:36:44,2026-07-15 14:36:44,SYSTEM_SEED,SYSTEM_SEED
ACC-01481,Pavani Zachariah,37,36-45,FEMALE,42963000000035036,Shivamogga Rural,Sports coach,1,2025-02-23,2025-02-23,,,2026-07-15 14:36:44,2026-07-15 14:36:44,SYSTEM_SEED,SYSTEM_SEED
ACC-01482,Ravindranath Gowda,22,18-25,MALE,42963000000035036,Shivamogga North,Adult nurse,1,2025-07-09,2025-07-09,,,2026-07-15 14:36:44,2026-07-15 14:36:44,SYSTEM_SEED,SYSTEM_SEED
ACC-01483,Shivakumar Hegde,41,36-45,MALE,42963000000035013,Ballari Taluk HQ,Ambulance person,1,2024-04-09,2024-04-09,,,2026-07-15 14:36:44,2026-07-15 14:36:44,SYSTEM_SEED,SYSTEM_SEED
ACC-01484,Harish Reddy,28,26-35,MALE,42963000000035017,Bidar North,Planning and development surveyor,1,2025-01-28,2025-01-28,,,2026-07-15 14:36:44,2026-07-15 14:36:44,SYSTEM_SEED,SYSTEM_SEED
ACC-01485,Thimmakka Urs,62,56-65,FEMALE,42963000000035035,Ramanagara West,Commissioning editor,1,2021-01-29,2021-01-29,,,2026-07-15 14:36:44,2026-07-15 14:36:44,SYSTEM_SEED,SYSTEM_SEED
ACC-01486,Umang Murty,61,56-65,MALE,42963000000035026,Hassan West,Mudlogger,1,2022-07-10,2022-07-10,,,2026-07-15 14:36:44,2026-07-15 14:36:44,SYSTEM_SEED,SYSTEM_SEED
ACC-01487,Veda Banik,55,46-55,FEMALE,42963000000035042,Vijayanagara North,Amenity horticulturist,2,2021-08-04,2025-05-16,,,2026-07-15 14:36:44,2026-07-15 14:36:44,SYSTEM_SEED,SYSTEM_SEED
ACC-01488,Nidra Gala,56,56-65,FEMALE,42963000000035026,Hassan East,Regulatory affairs officer,1,2025-04-21,2025-04-21,,,2026-07-15 14:36:44,2026-07-15 14:36:44,SYSTEM_SEED,SYSTEM_SEED
ACC-01489,Ekalinga Muni,45,36-45,MALE,42963000000035016,Bengaluru Urban East,Neurosurgeon,1,2023-06-25,2023-06-25,,,2026-07-15 14:36:44,2026-07-15 14:36:44,SYSTEM_SEED,SYSTEM_SEED
ACC-01490,Christopher Swaminathan,35,26-35,MALE,42963000000035021,Chitradurga Rural,"Surveyor, building",2,2021-03-28,2025-09-30,,,2026-07-15 14:36:44,2026-07-15 14:36:44,SYSTEM_SEED,SYSTEM_SEED
ACC-01491,Vasanthamma Devadiga,19,18-25,FEMALE,42963000000035017,Bidar Taluk HQ,"Solicitor, Scotland",1,2021-11-02,2021-11-02,,,2026-07-15 14:36:44,2026-07-15 14:36:44,SYSTEM_SEED,SYSTEM_SEED
ACC-01492,Wazir Dugar,55,46-55,MALE,42963000000035016,Bengaluru Urban Taluk HQ,Risk manager,1,2025-10-28,2025-10-28,,,2026-07-15 14:36:44,2026-07-15 14:36:44,SYSTEM_SEED,SYSTEM_SEED
ACC-01493,Rohan Lall,32,26-35,MALE,42963000000035033,Mysuru Taluk HQ,"Research officer, trade union",1,2021-10-30,2021-10-30,,,2026-07-15 14:36:44,2026-07-15 14:36:44,SYSTEM_SEED,SYSTEM_SEED
ACC-01494,Patrick Mane,53,46-55,MALE,42963000000035024,Dharwad West,IT sales professional,1,2021-11-03,2021-11-03,,,2026-07-15 14:36:44,2026-07-15 14:36:44,SYSTEM_SEED,SYSTEM_SEED
ACC-01495,Thimmaiah Naik,63,56-65,MALE,42963000000035033,Mysuru West,"Biochemist, clinical",1,2021-10-27,2021-10-27,,,2026-07-15 14:36:44,2026-07-15 14:36:44,SYSTEM_SEED,SYSTEM_SEED
ACC-01496,Chandrashekar Bhat,32,26-35,MALE,42963000000035034,Raichur West,Air broker,2,2022-08-21,2024-09-12,,,2026-07-15 14:36:44,2026-07-15 14:36:44,SYSTEM_SEED,SYSTEM_SEED
ACC-01497,Veeranna Hegde,52,46-55,MALE,42963000000035038,Udupi South,Therapeutic radiographer,2,2021-09-20,2025-05-01,,,2026-07-15 14:36:44,2026-07-15 14:36:44,SYSTEM_SEED,SYSTEM_SEED
ACC-01498,Puttaswamy Bhat,51,46-55,MALE,42963000000035026,Hassan North,Armed forces technical officer,1,2023-02-02,2023-02-02,,,2026-07-15 14:36:44,2026-07-15 14:36:44,SYSTEM_SEED,SYSTEM_SEED
ACC-01499,Qadim Palla,29,26-35,MALE,42963000000035013,Ballari North,Television production assistant,1,2021-11-17,2021-11-17,,,2026-07-15 14:36:44,2026-07-15 14:36:44,SYSTEM_SEED,SYSTEM_SEED
ACC-01500,Gopalakrishna Bhat,26,26-35,MALE,42963000000035035,Ramanagara North,Aid worker,1,2024-11-21,2024-11-21,,,2026-07-15 14:36:44,2026-07-15 14:36:44,SYSTEM_SEED,SYSTEM_SEED
ACC-01501,Ranveer Chatterjee,57,56-65,MALE,42963000000035024,Dharwad Rural,Phytotherapist,1,2024-08-10,2024-08-10,,,2026-07-15 14:36:44,2026-07-15 14:36:44,SYSTEM_SEED,SYSTEM_SEED
ACC-01502,Pranav Sabharwal,52,46-55,MALE,42963000000035014,Belagavi East,Make,1,2021-10-24,2021-10-24,,,2026-07-15 14:36:44,2026-07-15 14:36:44,SYSTEM_SEED,SYSTEM_SEED
ACC-01503,Jason Kota,28,26-35,MALE,42963000000035032,Mandya South,Farm manager,2,2024-12-28,2025-08-27,,,2026-07-15 14:36:44,2026-07-15 14:36:44,SYSTEM_SEED,SYSTEM_SEED
ACC-01504,Basavaraj Setty,19,18-25,MALE,42963000000035013,Ballari Rural,Insurance underwriter,1,2025-10-13,2025-10-13,,,2026-07-15 14:36:44,2026-07-15 14:36:44,SYSTEM_SEED,SYSTEM_SEED
ACC-01505,Bachittar Mody,62,56-65,MALE,42963000000035012,Bagalkot Taluk HQ,Colour technologist,1,2023-09-30,2023-09-30,,,2026-07-15 14:36:44,2026-07-15 14:36:44,SYSTEM_SEED,SYSTEM_SEED
ACC-01506,Frado Bahri,23,18-25,MALE,42963000000035021,Chitradurga Rural,Solicitor,1,2022-12-29,2022-12-29,,,2026-07-15 14:36:44,2026-07-15 14:36:44,SYSTEM_SEED,SYSTEM_SEED
ACC-01507,Anirudh Sharma,55,46-55,MALE,42963000000035014,Belagavi East,"Pharmacist, hospital",1,2023-11-06,2023-11-06,,,2026-07-15 14:36:44,2026-07-15 14:36:44,SYSTEM_SEED,SYSTEM_SEED
ACC-01508,Kiaan Bahri,24,18-25,MALE,42963000000035024,Dharwad Rural,"Psychotherapist, child",1,2025-05-11,2025-05-11,,,2026-07-15 14:36:44,2026-07-15 14:36:44,SYSTEM_SEED,SYSTEM_SEED
ACC-01509,Nathan Purohit,41,36-45,MALE,42963000000035014,Belagavi West,"Teacher, English as a foreign language",1,2025-08-30,2025-08-30,,,2026-07-15 14:36:44,2026-07-15 14:36:44,SYSTEM_SEED,SYSTEM_SEED
ACC-01510,Neel Chaudhari,19,18-25,MALE,42963000000035033,Mysuru South,Records manager,1,2023-11-03,2023-11-03,,,2026-07-15 14:36:44,2026-07-15 14:36:44,SYSTEM_SEED,SYSTEM_SEED
ACC-01511,Harshil Nayar,42,36-45,MALE,42963000000035031,Koppal West,Research scientist (maths),1,2022-10-30,2022-10-30,,,2026-07-15 14:36:44,2026-07-15 14:36:44,SYSTEM_SEED,SYSTEM_SEED
ACC-01512,Kaveri Hegde,59,56-65,FEMALE,42963000000035020,Chikkamagaluru West,Retail buyer,1,2022-12-03,2022-12-03,,,2026-07-15 14:36:44,2026-07-15 14:36:44,SYSTEM_SEED,SYSTEM_SEED
ACC-01513,Fiyaz Mistry,27,26-35,MALE,42963000000035028,Kalaburagi East,Medical physicist,1,2024-04-02,2024-04-02,,,2026-07-15 14:36:44,2026-07-15 14:36:44,SYSTEM_SEED,SYSTEM_SEED
ACC-01514,Harrison Taneja,36,36-45,MALE,42963000000035024,Dharwad Taluk HQ,Call centre manager,1,2021-05-27,2021-05-27,,,2026-07-15 14:36:44,2026-07-15 14:36:44,SYSTEM_SEED,SYSTEM_SEED
ACC-01515,Mitali Lanka,27,26-35,FEMALE,42963000000035016,Bengaluru Urban West,Art gallery manager,1,2022-03-25,2022-03-25,,,2026-07-15 14:36:44,2026-07-15 14:36:44,SYSTEM_SEED,SYSTEM_SEED
ACC-01516,Sunandamma Gowda,57,56-65,FEMALE,42963000000035034,Raichur West,Human resources officer,1,2025-06-01,2025-06-01,,,2026-07-15 14:36:44,2026-07-15 14:36:44,SYSTEM_SEED,SYSTEM_SEED
ACC-01517,Chandrashekar Gowda,45,36-45,MALE,42963000000035024,Dharwad Rural,"Teacher, secondary school",1,2021-08-18,2021-08-18,,,2026-07-15 14:36:44,2026-07-15 14:36:44,SYSTEM_SEED,SYSTEM_SEED
ACC-01518,Puttaswamy Hegde,34,26-35,MALE,42963000000035038,Udupi South,Operational investment banker,1,2023-04-20,2023-04-20,,,2026-07-15 14:36:44,2026-07-15 14:36:44,SYSTEM_SEED,SYSTEM_SEED
ACC-01519,Chakradhar Chandran,64,56-65,MALE,42963000000035025,Gadag East,"Therapist, drama",1,2021-06-25,2021-06-25,,,2026-07-15 14:36:44,2026-07-15 14:36:44,SYSTEM_SEED,SYSTEM_SEED
ACC-01520,Jagadish Setty,42,36-45,MALE,42963000000035027,Haveri South,Legal secretary,1,2022-02-16,2022-02-16,,,2026-07-15 14:36:44,2026-07-15 14:36:44,SYSTEM_SEED,SYSTEM_SEED
ACC-01521,Chandrashekar Rai,50,46-55,MALE,42963000000035018,Chamarajanagar South,Government social research officer,1,2023-11-21,2023-11-21,,,2026-07-15 14:36:44,2026-07-15 14:36:44,SYSTEM_SEED,SYSTEM_SEED
ACC-01522,Chandrashekar Bhat,28,26-35,MALE,42963000000035034,Raichur Rural,Broadcast engineer,1,2022-02-04,2022-02-04,,,2026-07-15 14:36:44,2026-07-15 14:36:44,SYSTEM_SEED,SYSTEM_SEED
ACC-01523,Lakshmamma Poojary,20,18-25,FEMALE,42963000000035029,Kodagu East,Tax adviser,1,2025-03-13,2025-03-13,,,2026-07-15 14:36:44,2026-07-15 14:36:44,SYSTEM_SEED,SYSTEM_SEED
ACC-01524,Tanay Kadakia,56,56-65,MALE,42963000000035037,Tumakuru West,"Loss adjuster, chartered",1,2025-11-16,2025-11-16,,,2026-07-15 14:36:44,2026-07-15 14:36:44,SYSTEM_SEED,SYSTEM_SEED
ACC-01525,Channabasappa Setty,40,36-45,MALE,42963000000035034,Raichur Rural,Camera operator,1,2023-08-02,2023-08-02,,,2026-07-15 14:36:44,2026-07-15 14:36:44,SYSTEM_SEED,SYSTEM_SEED
ACC-01526,Nagaveni Setty,51,46-55,FEMALE,42963000000035016,Bengaluru Urban Taluk HQ,Immigration officer,1,2021-03-25,2021-03-25,,,2026-07-15 14:36:44,2026-07-15 14:36:44,SYSTEM_SEED,SYSTEM_SEED
ACC-01527,Thimmaiah Hegde,25,18-25,MALE,42963000000035037,Tumakuru West,Retail merchandiser,1,2021-05-03,2021-05-03,,,2026-07-15 14:36:44,2026-07-15 14:36:44,SYSTEM_SEED,SYSTEM_SEED
ACC-01528,Nagaraj Kulkarni,51,46-55,MALE,42963000000035033,Mysuru Rural,Hydrologist,1,2025-12-23,2025-12-23,,,2026-07-15 14:36:44,2026-07-15 14:36:44,SYSTEM_SEED,SYSTEM_SEED
ACC-01529,Naksh Iyengar,29,26-35,MALE,42963000000035026,Hassan North,Patent examiner,1,2022-11-06,2022-11-06,,,2026-07-15 14:36:44,2026-07-15 14:36:44,SYSTEM_SEED,SYSTEM_SEED
ACC-01530,Jeremiah Varma,51,46-55,MALE,42963000000035017,Bidar North,Professor Emeritus,1,2025-07-05,2025-07-05,,,2026-07-15 14:36:44,2026-07-15 14:36:44,SYSTEM_SEED,SYSTEM_SEED
ACC-01531,Manjunath Naik,51,46-55,MALE,42963000000035030,Kolar Rural,Sports development officer,1,2022-12-03,2022-12-03,,,2026-07-15 14:36:44,2026-07-15 14:36:44,SYSTEM_SEED,SYSTEM_SEED
ACC-01532,Aditya Varty,22,18-25,MALE,42963000000035016,Bengaluru Urban Rural,"Embryologist, clinical",1,2022-06-21,2022-06-21,,,2026-07-15 14:36:44,2026-07-15 14:36:44,SYSTEM_SEED,SYSTEM_SEED
ACC-01533,Hredhaan Sibal,36,36-45,MALE,42963000000035033,Mysuru Rural,"Geologist, wellsite",1,2024-02-20,2024-02-20,,,2026-07-15 14:36:44,2026-07-15 14:36:44,SYSTEM_SEED,SYSTEM_SEED
ACC-01534,Prakash Naik,60,56-65,MALE,42963000000035031,Koppal Taluk HQ,Site engineer,1,2021-12-08,2021-12-08,,,2026-07-15 14:36:44,2026-07-15 14:36:44,SYSTEM_SEED,SYSTEM_SEED
ACC-01535,Ayushman Vig,33,26-35,MALE,42963000000035038,Udupi North,"Engineer, control and instrumentation",1,2022-11-04,2022-11-04,,,2026-07-15 14:36:44,2026-07-15 14:36:44,SYSTEM_SEED,SYSTEM_SEED
ACC-01536,Vihaan Divan,41,36-45,MALE,42963000000035033,Mysuru East,Financial adviser,1,2023-09-18,2023-09-18,,,2026-07-15 14:36:44,2026-07-15 14:36:44,SYSTEM_SEED,SYSTEM_SEED
ACC-01537,Netra Saran,31,26-35,FEMALE,42963000000035015,Bengaluru Rural South,Paediatric nurse,1,2024-11-20,2024-11-20,,,2026-07-15 14:36:44,2026-07-15 14:36:44,SYSTEM_SEED,SYSTEM_SEED
ACC-01538,Ravindranath Shetty,23,18-25,MALE,42963000000035024,Dharwad Rural,"Investment banker, operational",1,2023-09-19,2023-09-19,,,2026-07-15 14:36:44,2026-07-15 14:36:44,SYSTEM_SEED,SYSTEM_SEED
ACC-01539,Harsh Sachar,42,36-45,MALE,42963000000035016,Bengaluru Urban South,"Geologist, engineering",1,2022-09-12,2022-09-12,,,2026-07-15 14:36:44,2026-07-15 14:36:44,SYSTEM_SEED,SYSTEM_SEED
ACC-01540,Ravindranath Setty,36,36-45,MALE,42963000000035037,Tumakuru North,Historic buildings inspector/conservation officer,1,2022-11-04,2022-11-04,,,2026-07-15 14:36:44,2026-07-15 14:36:44,SYSTEM_SEED,SYSTEM_SEED
ACC-01541,Kaveri Shetty,64,56-65,FEMALE,42963000000035031,Koppal North,"Designer, multimedia",1,2024-11-19,2024-11-19,,,2026-07-15 14:36:44,2026-07-15 14:36:44,SYSTEM_SEED,SYSTEM_SEED
ACC-01542,Ravindranath Shetty,64,56-65,MALE,42963000000035012,Bagalkot East,Furniture conservator/restorer,1,2025-05-01,2025-05-01,,,2026-07-15 14:36:44,2026-07-15 14:36:44,SYSTEM_SEED,SYSTEM_SEED
ACC-01543,Tanmayi Khare,35,26-35,FEMALE,42963000000035037,Tumakuru West,Clothing/textile technologist,1,2022-10-14,2022-10-14,,,2026-07-15 14:36:44,2026-07-15 14:36:44,SYSTEM_SEED,SYSTEM_SEED
ACC-01544,Manjunath Urs,50,46-55,MALE,42963000000035039,Uttara Kannada Taluk HQ,Dealer,1,2023-12-05,2023-12-05,,,2026-07-15 14:36:44,2026-07-15 14:36:44,SYSTEM_SEED,SYSTEM_SEED
ACC-01545,Akshay Korpal,41,36-45,MALE,42963000000035018,Chamarajanagar West,Insurance claims handler,1,2021-02-11,2021-02-11,,,2026-07-15 14:36:44,2026-07-15 14:36:44,SYSTEM_SEED,SYSTEM_SEED
ACC-01546,Jagadish Devadiga,29,26-35,MALE,42963000000035036,Shivamogga West,"Psychologist, forensic",1,2023-09-09,2023-09-09,,,2026-07-15 14:36:44,2026-07-15 14:36:44,SYSTEM_SEED,SYSTEM_SEED
ACC-01547,Tejas Sami,62,56-65,MALE,42963000000035014,Belagavi Taluk HQ,Animator,2,2021-12-06,2025-08-01,,,2026-07-15 14:36:44,2026-07-15 14:36:44,SYSTEM_SEED,SYSTEM_SEED
ACC-01548,Prakash Poojary,36,36-45,MALE,42963000000035032,Mandya North,"Engineer, drilling",1,2024-12-26,2024-12-26,,,2026-07-15 14:36:44,2026-07-15 14:36:44,SYSTEM_SEED,SYSTEM_SEED
ACC-01549,Laban Deshpande,31,26-35,MALE,42963000000035017,Bidar South,Air cabin crew,1,2022-09-15,2022-09-15,,,2026-07-15 14:36:44,2026-07-15 14:36:44,SYSTEM_SEED,SYSTEM_SEED
ACC-01550,Puttaswamy Urs,30,26-35,MALE,42963000000035036,Shivamogga Taluk HQ,Further education lecturer,1,2024-01-12,2024-01-12,,,2026-07-15 14:36:44,2026-07-15 14:36:44,SYSTEM_SEED,SYSTEM_SEED
ACC-01551,Gaurang Basak,43,36-45,MALE,42963000000035033,Mysuru Taluk HQ,"Radiographer, diagnostic",1,2022-09-26,2022-09-26,,,2026-07-15 14:36:44,2026-07-15 14:36:44,SYSTEM_SEED,SYSTEM_SEED
ACC-01552,Ayaan Chacko,23,18-25,MALE,42963000000035015,Bengaluru Rural West,Interior and spatial designer,1,2024-07-03,2024-07-03,,,2026-07-15 14:36:44,2026-07-15 14:36:44,SYSTEM_SEED,SYSTEM_SEED
ACC-01553,Bhavika Ray,47,46-55,FEMALE,42963000000035033,Mysuru West,Medical physicist,1,2025-10-31,2025-10-31,,,2026-07-15 14:36:44,2026-07-15 14:36:44,SYSTEM_SEED,SYSTEM_SEED
ACC-01554,Yallappa Hegde,21,18-25,MALE,42963000000035029,Kodagu Rural,Chemical engineer,1,2023-10-14,2023-10-14,,,2026-07-15 14:36:44,2026-07-15 14:36:44,SYSTEM_SEED,SYSTEM_SEED
ACC-01555,Ravindranath Nayak,61,56-65,MALE,42963000000035017,Bidar South,Occupational psychologist,2,2024-04-07,2025-11-02,,,2026-07-15 14:36:44,2026-07-15 14:36:44,SYSTEM_SEED,SYSTEM_SEED
ACC-01556,Jacob Choudhury,32,26-35,MALE,42963000000035013,Ballari Taluk HQ,"Teacher, English as a foreign language",1,2021-01-16,2021-01-16,,,2026-07-15 14:36:44,2026-07-15 14:36:44,SYSTEM_SEED,SYSTEM_SEED
ACC-01557,Channabasappa Setty,64,56-65,MALE,42963000000035014,Belagavi West,"Restaurant manager, fast food",1,2024-06-28,2024-06-28,,,2026-07-15 14:36:44,2026-07-15 14:36:44,SYSTEM_SEED,SYSTEM_SEED
ACC-01558,Ravindranath Hegde,49,46-55,MALE,42963000000035033,Mysuru East,Community arts worker,1,2022-04-18,2022-04-18,,,2026-07-15 14:36:44,2026-07-15 14:36:44,SYSTEM_SEED,SYSTEM_SEED
ACC-01559,Yuvraj Chana,50,46-55,MALE,42963000000035037,Tumakuru Rural,Field seismologist,1,2025-07-25,2025-07-25,,,2026-07-15 14:36:44,2026-07-15 14:36:44,SYSTEM_SEED,SYSTEM_SEED
ACC-01560,Kariyappa Poojary,51,46-55,MALE,42963000000035038,Udupi Taluk HQ,Tourism officer,1,2022-02-05,2022-02-05,,,2026-07-15 14:36:44,2026-07-15 14:36:44,SYSTEM_SEED,SYSTEM_SEED
ACC-01561,Shanthakumari Hegde,19,18-25,FEMALE,42963000000035028,Kalaburagi West,Community education officer,1,2024-09-13,2024-09-13,,,2026-07-15 14:36:44,2026-07-15 14:36:44,SYSTEM_SEED,SYSTEM_SEED
ACC-01562,Nitesh Ramakrishnan,26,26-35,MALE,42963000000035036,Shivamogga Taluk HQ,Fashion designer,1,2021-08-21,2021-08-21,,,2026-07-15 14:36:44,2026-07-15 14:36:44,SYSTEM_SEED,SYSTEM_SEED
ACC-01563,Sunandamma Shetty,33,26-35,FEMALE,42963000000035032,Mandya Rural,Pharmacologist,1,2025-04-01,2025-04-01,,,2026-07-15 14:36:44,2026-07-15 14:36:44,SYSTEM_SEED,SYSTEM_SEED
ACC-01564,Ekbal Chhabra,36,36-45,MALE,42963000000035035,Ramanagara Rural,Economist,1,2021-09-06,2021-09-06,,,2026-07-15 14:36:44,2026-07-15 14:36:44,SYSTEM_SEED,SYSTEM_SEED
ACC-01565,Laksh Sarraf,44,36-45,MALE,42963000000035039,Uttara Kannada Rural,Osteopath,1,2022-07-29,2022-07-29,,,2026-07-15 14:36:44,2026-07-15 14:36:44,SYSTEM_SEED,SYSTEM_SEED
ACC-01566,Ayaan Swaminathan,31,26-35,MALE,42963000000035022,Dakshina Kannada South,"Social research officer, government",1,2024-05-06,2024-05-06,,,2026-07-15 14:36:44,2026-07-15 14:36:44,SYSTEM_SEED,SYSTEM_SEED
ACC-01567,Girijamma Hegde,26,26-35,FEMALE,42963000000035038,Udupi Taluk HQ,Minerals surveyor,1,2025-12-03,2025-12-03,,,2026-07-15 14:36:44,2026-07-15 14:36:44,SYSTEM_SEED,SYSTEM_SEED
ACC-01568,Nitara Sampath,51,46-55,FEMALE,42963000000035030,Kolar Taluk HQ,Public relations officer,1,2021-07-25,2021-07-25,,,2026-07-15 14:36:44,2026-07-15 14:36:44,SYSTEM_SEED,SYSTEM_SEED
ACC-01569,Thimmaiah Devadiga,52,46-55,MALE,42963000000035020,Chikkamagaluru South,Fine artist,1,2021-09-29,2021-09-29,,,2026-07-15 14:36:44,2026-07-15 14:36:44,SYSTEM_SEED,SYSTEM_SEED
ACC-01570,Eta Patil,19,18-25,FEMALE,42963000000035028,Kalaburagi East,Public relations officer,1,2025-05-06,2025-05-06,,,2026-07-15 14:36:44,2026-07-15 14:36:44,SYSTEM_SEED,SYSTEM_SEED
ACC-01571,Mitesh Bail,30,26-35,MALE,42963000000035016,Bengaluru Urban North,Trading standards officer,2,2023-06-17,2025-04-28,,,2026-07-15 14:36:44,2026-07-15 14:36:44,SYSTEM_SEED,SYSTEM_SEED
ACC-01572,Mahadevi Devadiga,56,56-65,FEMALE,42963000000035028,Kalaburagi South,Animal nutritionist,1,2025-07-14,2025-07-14,,,2026-07-15 14:36:44,2026-07-15 14:36:44,SYSTEM_SEED,SYSTEM_SEED
ACC-01573,Nagaraj Gowda,39,36-45,MALE,42963000000035022,Dakshina Kannada Rural,Audiological scientist,1,2023-07-07,2023-07-07,,,2026-07-15 14:36:44,2026-07-15 14:36:44,SYSTEM_SEED,SYSTEM_SEED
ACC-01574,Thimmaiah Bhat,65,56-65,MALE,42963000000035037,Tumakuru East,Film/video editor,1,2023-02-18,2023-02-18,,,2026-07-15 14:36:44,2026-07-15 14:36:44,SYSTEM_SEED,SYSTEM_SEED
ACC-01575,Basavaraj Setty,65,56-65,MALE,42963000000035013,Ballari South,Forensic scientist,1,2024-08-13,2024-08-13,,,2026-07-15 14:36:44,2026-07-15 14:36:44,SYSTEM_SEED,SYSTEM_SEED
ACC-01576,Shivakumar Setty,33,26-35,MALE,42963000000035024,Dharwad Rural,Sub,1,2023-08-29,2023-08-29,,,2026-07-15 14:36:44,2026-07-15 14:36:44,SYSTEM_SEED,SYSTEM_SEED
ACC-01577,Jayamma Reddy,20,18-25,FEMALE,42963000000035025,Gadag Taluk HQ,Music tutor,1,2024-02-24,2024-02-24,,,2026-07-15 14:36:44,2026-07-15 14:36:44,SYSTEM_SEED,SYSTEM_SEED
ACC-01578,Pratyush Dara,20,18-25,MALE,42963000000035040,Vijayapura Taluk HQ,Social researcher,1,2024-02-21,2024-02-21,,,2026-07-15 14:36:44,2026-07-15 14:36:44,SYSTEM_SEED,SYSTEM_SEED
ACC-01579,Savitramma Achar,51,46-55,FEMALE,42963000000035038,Udupi Taluk HQ,Fast food restaurant manager,1,2021-08-23,2021-08-23,,,2026-07-15 14:36:44,2026-07-15 14:36:44,SYSTEM_SEED,SYSTEM_SEED
ACC-01580,Rishi Anand,19,18-25,MALE,42963000000035022,Dakshina Kannada Taluk HQ,"Nurse, learning disability",1,2024-04-29,2024-04-29,,,2026-07-15 14:36:44,2026-07-15 14:36:44,SYSTEM_SEED,SYSTEM_SEED
ACC-01581,Kariyappa Setty,38,36-45,MALE,42963000000035040,Vijayapura North,Freight forwarder,1,2024-12-27,2024-12-27,,,2026-07-15 14:36:44,2026-07-15 14:36:44,SYSTEM_SEED,SYSTEM_SEED
ACC-01582,Shivakumar Bhat,34,26-35,MALE,42963000000035038,Udupi West,Illustrator,1,2025-11-23,2025-11-23,,,2026-07-15 14:36:44,2026-07-15 14:36:44,SYSTEM_SEED,SYSTEM_SEED
ACC-01583,Sureshgowda Reddy,29,26-35,MALE,42963000000035024,Dharwad West,Chemical engineer,1,2023-10-30,2023-10-30,,,2026-07-15 14:36:44,2026-07-15 14:36:44,SYSTEM_SEED,SYSTEM_SEED
ACC-01584,Manthan Kade,59,56-65,MALE,42963000000035039,Uttara Kannada West,"Designer, multimedia",1,2024-08-06,2024-08-06,,,2026-07-15 14:36:44,2026-07-15 14:36:44,SYSTEM_SEED,SYSTEM_SEED
ACC-01585,Nitara Ray,34,26-35,FEMALE,42963000000035020,Chikkamagaluru Taluk HQ,Analytical chemist,1,2025-09-15,2025-09-15,,,2026-07-15 14:36:44,2026-07-15 14:36:44,SYSTEM_SEED,SYSTEM_SEED
ACC-01586,Banjeet Swamy,33,26-35,MALE,42963000000035020,Chikkamagaluru West,Public affairs consultant,1,2024-12-21,2024-12-21,,,2026-07-15 14:36:44,2026-07-15 14:36:44,SYSTEM_SEED,SYSTEM_SEED
ACC-01587,Manjunath Devadiga,46,46-55,MALE,42963000000035034,Raichur Rural,Passenger transport manager,1,2024-03-20,2024-03-20,,,2026-07-15 14:36:44,2026-07-15 14:36:44,SYSTEM_SEED,SYSTEM_SEED
ACC-01588,Siddharth Chaudhry,53,46-55,MALE,42963000000035033,Mysuru East,"Designer, multimedia",1,2023-05-21,2023-05-21,,,2026-07-15 14:36:44,2026-07-15 14:36:44,SYSTEM_SEED,SYSTEM_SEED
ACC-01589,Zehaan Bhatti,20,18-25,MALE,42963000000035017,Bidar West,Management consultant,1,2023-09-23,2023-09-23,,,2026-07-15 14:36:44,2026-07-15 14:36:44,SYSTEM_SEED,SYSTEM_SEED
ACC-01590,Raghavendra Devadiga,64,56-65,MALE,42963000000035016,Bengaluru Urban Rural,Petroleum engineer,1,2025-10-27,2025-10-27,,,2026-07-15 14:36:44,2026-07-15 14:36:44,SYSTEM_SEED,SYSTEM_SEED
ACC-01591,Utkarsh Bala,62,56-65,MALE,42963000000035012,Bagalkot West,Associate Professor,1,2021-11-28,2021-11-28,,,2026-07-15 14:36:44,2026-07-15 14:36:44,SYSTEM_SEED,SYSTEM_SEED
ACC-01592,Tristan Deshpande,41,36-45,MALE,42963000000035042,Vijayanagara Taluk HQ,"Accountant, chartered certified",1,2024-11-18,2024-11-18,,,2026-07-15 14:36:44,2026-07-15 14:36:44,SYSTEM_SEED,SYSTEM_SEED
ACC-01593,Basavaraj Urs,36,36-45,MALE,42963000000035020,Chikkamagaluru East,Oncologist,1,2025-04-23,2025-04-23,,,2026-07-15 14:36:44,2026-07-15 14:36:44,SYSTEM_SEED,SYSTEM_SEED
ACC-01594,Channabasappa Urs,34,26-35,MALE,42963000000035028,Kalaburagi West,"Engineer, communications",1,2023-08-07,2023-08-07,,,2026-07-15 14:36:44,2026-07-15 14:36:44,SYSTEM_SEED,SYSTEM_SEED
ACC-01595,Naksh Butala,57,56-65,MALE,42963000000035040,Vijayapura West,Clinical psychologist,2,2022-06-03,2023-09-22,,,2026-07-15 14:36:44,2026-07-15 14:36:44,SYSTEM_SEED,SYSTEM_SEED
ACC-01596,Jeet Varty,54,46-55,MALE,42963000000035035,Ramanagara Rural,"Conservator, furniture",1,2022-08-04,2022-08-04,,,2026-07-15 14:36:44,2026-07-15 14:36:44,SYSTEM_SEED,SYSTEM_SEED
ACC-01597,Nathaniel Seth,36,36-45,MALE,42963000000035036,Shivamogga West,Purchasing manager,1,2024-04-13,2024-04-13,,,2026-07-15 14:36:44,2026-07-15 14:36:44,SYSTEM_SEED,SYSTEM_SEED
ACC-01598,Kalpit Ghose,65,56-65,MALE,42963000000035033,Mysuru East,"Therapist, horticultural",1,2023-02-02,2023-02-02,,,2026-07-15 14:36:44,2026-07-15 14:36:44,SYSTEM_SEED,SYSTEM_SEED
ACC-01599,Veeranna Setty,23,18-25,MALE,42963000000035038,Udupi South,Land,1,2025-10-04,2025-10-04,,,2026-07-15 14:36:44,2026-07-15 14:36:44,SYSTEM_SEED,SYSTEM_SEED
ACC-01600,Hardik Chad,55,46-55,MALE,42963000000035022,Dakshina Kannada North,Patent examiner,1,2023-03-06,2023-03-06,,,2026-07-15 14:36:44,2026-07-15 14:36:44,SYSTEM_SEED,SYSTEM_SEED
ACC-01601,Basavaraj Setty,27,26-35,MALE,42963000000035021,Chitradurga West,Mental health nurse,1,2024-03-17,2024-03-17,,,2026-07-15 14:36:44,2026-07-15 14:36:44,SYSTEM_SEED,SYSTEM_SEED
ACC-01602,Shravya Purohit,37,36-45,FEMALE,42963000000035027,Haveri North,"Teacher, English as a foreign language",2,2021-09-04,2025-06-25,,,2026-07-15 14:36:44,2026-07-15 14:36:44,SYSTEM_SEED,SYSTEM_SEED
ACC-01603,Manjunath Shetty,29,26-35,MALE,42963000000035038,Udupi North,Environmental manager,1,2022-04-17,2022-04-17,,,2026-07-15 14:36:44,2026-07-15 14:36:44,SYSTEM_SEED,SYSTEM_SEED
ACC-01604,Alka Karnik,45,36-45,FEMALE,42963000000035022,Dakshina Kannada Taluk HQ,Chartered public finance accountant,2,2023-11-30,2024-06-06,,,2026-07-15 14:36:44,2026-07-15 14:36:44,SYSTEM_SEED,SYSTEM_SEED
ACC-01605,Veeranna Devadiga,44,36-45,MALE,42963000000035029,Kodagu North,"Psychologist, counselling",2,2021-10-23,2021-12-07,,,2026-07-15 14:36:44,2026-07-15 14:36:44,SYSTEM_SEED,SYSTEM_SEED
ACC-01606,Karan Ganguly,43,36-45,MALE,42963000000035030,Kolar East,Artist,1,2024-10-07,2024-10-07,,,2026-07-15 14:36:44,2026-07-15 14:36:44,SYSTEM_SEED,SYSTEM_SEED
ACC-01607,Lokesh Shetty,19,18-25,MALE,42963000000035030,Kolar West,Oncologist,1,2022-12-08,2022-12-08,,,2026-07-15 14:36:44,2026-07-15 14:36:44,SYSTEM_SEED,SYSTEM_SEED
ACC-01608,Leena Dixit,64,56-65,FEMALE,42963000000035018,Chamarajanagar South,Chartered public finance accountant,1,2025-06-03,2025-06-03,,,2026-07-15 14:36:44,2026-07-15 14:36:44,SYSTEM_SEED,SYSTEM_SEED
ACC-01609,Frederick Dalal,60,56-65,MALE,42963000000035031,Koppal Rural,"Administrator, education",1,2021-10-15,2021-10-15,,,2026-07-15 14:36:44,2026-07-15 14:36:44,SYSTEM_SEED,SYSTEM_SEED
ACC-01610,Utkarsh Talwar,33,26-35,MALE,42963000000035038,Udupi Rural,Commissioning editor,1,2025-05-03,2025-05-03,,,2026-07-15 14:36:44,2026-07-15 14:36:44,SYSTEM_SEED,SYSTEM_SEED
ACC-01611,Ishani Halder,53,46-55,FEMALE,42963000000035033,Mysuru South,Geographical information systems officer,1,2021-12-06,2021-12-06,,,2026-07-15 14:36:44,2026-07-15 14:36:44,SYSTEM_SEED,SYSTEM_SEED
ACC-01612,Yug Raja,18,18-25,MALE,42963000000035038,Udupi Rural,"Conservator, furniture",2,2021-02-10,2024-01-08,,,2026-07-15 14:36:44,2026-07-15 14:36:44,SYSTEM_SEED,SYSTEM_SEED
ACC-01613,Harshil Kale,25,18-25,MALE,42963000000035042,Vijayanagara West,Heritage manager,1,2022-12-02,2022-12-02,,,2026-07-15 14:36:44,2026-07-15 14:36:44,SYSTEM_SEED,SYSTEM_SEED
ACC-01614,Jagadish Reddy,57,56-65,MALE,42963000000035024,Dharwad West,Energy engineer,1,2025-08-28,2025-08-28,,,2026-07-15 14:36:44,2026-07-15 14:36:44,SYSTEM_SEED,SYSTEM_SEED
ACC-01615,Nagaraj Hegde,40,36-45,MALE,42963000000035026,Hassan West,Personal assistant,1,2022-09-19,2022-09-19,,,2026-07-15 14:36:44,2026-07-15 14:36:44,SYSTEM_SEED,SYSTEM_SEED
ACC-01616,Gopalakrishna Kulkarni,42,36-45,MALE,42963000000035027,Haveri North,Education administrator,2,2021-03-20,2025-07-11,,,2026-07-15 14:36:44,2026-07-15 14:36:44,SYSTEM_SEED,SYSTEM_SEED
ACC-01617,Elijah Balakrishnan,18,18-25,MALE,42963000000035027,Haveri Taluk HQ,Horticultural therapist,1,2025-08-09,2025-08-09,,,2026-07-15 14:36:44,2026-07-15 14:36:44,SYSTEM_SEED,SYSTEM_SEED
ACC-01618,Jacob Seshadri,61,56-65,MALE,42963000000035036,Shivamogga North,Fish farm manager,2,2021-04-05,2023-05-02,,,2026-07-15 14:36:44,2026-07-15 14:36:44,SYSTEM_SEED,SYSTEM_SEED
ACC-01619,Harish Shetty,51,46-55,MALE,42963000000035021,Chitradurga North,Merchant navy officer,1,2022-05-09,2022-05-09,,,2026-07-15 14:36:44,2026-07-15 14:36:44,SYSTEM_SEED,SYSTEM_SEED
ACC-01620,Yallappa Setty,35,26-35,MALE,42963000000035022,Dakshina Kannada South,Television floor manager,1,2025-08-03,2025-08-03,,,2026-07-15 14:36:44,2026-07-15 14:36:44,SYSTEM_SEED,SYSTEM_SEED
ACC-01621,Brijesh Anne,50,46-55,MALE,42963000000035019,Chikballapur Taluk HQ,"Psychotherapist, child",2,2021-12-08,2022-10-31,,,2026-07-15 14:36:44,2026-07-15 14:36:44,SYSTEM_SEED,SYSTEM_SEED
ACC-01622,Basavaraj Nayak,28,26-35,MALE,42963000000035024,Dharwad West,Contracting civil engineer,1,2021-10-12,2021-10-12,,,2026-07-15 14:36:44,2026-07-15 14:36:44,SYSTEM_SEED,SYSTEM_SEED
ACC-01623,Sneha Kala,45,36-45,FEMALE,42963000000035028,Kalaburagi East,Music therapist,2,2022-06-19,2023-04-30,,,2026-07-15 14:36:44,2026-07-15 14:36:44,SYSTEM_SEED,SYSTEM_SEED
ACC-01624,Ravindranath Bhat,22,18-25,MALE,42963000000035042,Vijayanagara North,Pharmacologist,1,2025-06-27,2025-06-27,,,2026-07-15 14:36:44,2026-07-15 14:36:44,SYSTEM_SEED,SYSTEM_SEED
ACC-01625,Channabasappa Rai,22,18-25,MALE,42963000000035014,Belagavi Taluk HQ,"Therapist, speech and language",1,2022-07-15,2022-07-15,,,2026-07-15 14:36:44,2026-07-15 14:36:44,SYSTEM_SEED,SYSTEM_SEED
ACC-01626,Chandrashekar Achar,21,18-25,MALE,42963000000035040,Vijayapura Rural,Furniture conservator/restorer,2,2021-09-22,2022-02-03,,,2026-07-15 14:36:44,2026-07-15 14:36:44,SYSTEM_SEED,SYSTEM_SEED
ACC-01627,Champak Bhargava,35,26-35,MALE,42963000000035014,Belagavi Taluk HQ,Associate Professor,1,2025-08-19,2025-08-19,,,2026-07-15 14:36:44,2026-07-15 14:36:44,SYSTEM_SEED,SYSTEM_SEED
ACC-01628,Kamya Sinha,65,56-65,FEMALE,42963000000035021,Chitradurga North,Manufacturing systems engineer,1,2024-10-08,2024-10-08,,,2026-07-15 14:36:44,2026-07-15 14:36:44,SYSTEM_SEED,SYSTEM_SEED
ACC-01629,Aarnav Kulkarni,58,56-65,MALE,42963000000035025,Gadag East,Retail merchandiser,1,2025-05-31,2025-05-31,,,2026-07-15 14:36:44,2026-07-15 14:36:44,SYSTEM_SEED,SYSTEM_SEED
ACC-01630,Raghavendra Poojary,59,56-65,MALE,42963000000035023,Davanagere Rural,Water quality scientist,1,2025-06-03,2025-06-03,,,2026-07-15 14:36:44,2026-07-15 14:36:44,SYSTEM_SEED,SYSTEM_SEED
ACC-01631,Nidhi Rana,35,26-35,FEMALE,42963000000035019,Chikballapur East,Metallurgist,1,2021-09-20,2021-09-20,,,2026-07-15 14:36:44,2026-07-15 14:36:44,SYSTEM_SEED,SYSTEM_SEED
ACC-01632,Chandrashekar Urs,46,46-55,MALE,42963000000035028,Kalaburagi East,Consulting civil engineer,1,2022-08-12,2022-08-12,,,2026-07-15 14:36:44,2026-07-15 14:36:44,SYSTEM_SEED,SYSTEM_SEED
ACC-01633,Hemal Lad,26,26-35,FEMALE,42963000000035033,Mysuru East,"Doctor, general practice",1,2023-10-09,2023-10-09,,,2026-07-15 14:36:44,2026-07-15 14:36:44,SYSTEM_SEED,SYSTEM_SEED
ACC-01634,Basavaraj Bhat,60,56-65,MALE,42963000000035016,Bengaluru Urban Taluk HQ,Retail manager,1,2024-02-06,2024-02-06,,,2026-07-15 14:36:44,2026-07-15 14:36:44,SYSTEM_SEED,SYSTEM_SEED
ACC-01635,Omkaar Sidhu,65,56-65,MALE,42963000000035037,Tumakuru East,Consulting civil engineer,1,2025-06-06,2025-06-06,,,2026-07-15 14:36:44,2026-07-15 14:36:44,SYSTEM_SEED,SYSTEM_SEED
ACC-01636,Nitara Wali,42,36-45,FEMALE,42963000000035039,Uttara Kannada West,Police officer,1,2022-04-28,2022-04-28,,,2026-07-15 14:36:44,2026-07-15 14:36:44,SYSTEM_SEED,SYSTEM_SEED
ACC-01637,Nagaraj Gowda,62,56-65,MALE,42963000000035040,Vijayapura East,Curator,1,2021-02-03,2021-02-03,,,2026-07-15 14:36:44,2026-07-15 14:36:44,SYSTEM_SEED,SYSTEM_SEED
ACC-01638,Lokesh Poojary,51,46-55,MALE,42963000000035031,Koppal North,Gaffer,2,2023-01-02,2025-09-18,,,2026-07-15 14:36:44,2026-07-15 14:36:44,SYSTEM_SEED,SYSTEM_SEED
ACC-01639,Nirja Basu,47,46-55,FEMALE,42963000000035018,Chamarajanagar South,Conference centre manager,1,2021-07-27,2021-07-27,,,2026-07-15 14:36:44,2026-07-15 14:36:44,SYSTEM_SEED,SYSTEM_SEED
ACC-01640,Raghavendra Reddy,40,36-45,MALE,42963000000035033,Mysuru Taluk HQ,Restaurant manager,1,2021-01-27,2021-01-27,,,2026-07-15 14:36:44,2026-07-15 14:36:44,SYSTEM_SEED,SYSTEM_SEED
ACC-01641,Basavaraj Poojary,47,46-55,MALE,42963000000035026,Hassan North,Health visitor,1,2023-10-01,2023-10-01,,,2026-07-15 14:36:44,2026-07-15 14:36:44,SYSTEM_SEED,SYSTEM_SEED
ACC-01642,Tanveer Mandal,61,56-65,MALE,42963000000035015,Bengaluru Rural Taluk HQ,General practice doctor,1,2023-06-17,2023-06-17,,,2026-07-15 14:36:44,2026-07-15 14:36:44,SYSTEM_SEED,SYSTEM_SEED
ACC-01643,Naksh Sarin,42,36-45,MALE,42963000000035016,Bengaluru Urban North,"Development worker, international aid",1,2025-03-19,2025-03-19,,,2026-07-15 14:36:44,2026-07-15 14:36:44,SYSTEM_SEED,SYSTEM_SEED
ACC-01644,Siddalingaiah Devadiga,50,46-55,MALE,42963000000035042,Vijayanagara West,Interpreter,2,2022-07-06,2024-12-04,,,2026-07-15 14:36:44,2026-07-15 14:36:44,SYSTEM_SEED,SYSTEM_SEED
ACC-01645,Lokesh Poojary,54,46-55,MALE,42963000000035042,Vijayanagara East,Regulatory affairs officer,1,2024-05-21,2024-05-21,,,2026-07-15 14:36:44,2026-07-15 14:36:44,SYSTEM_SEED,SYSTEM_SEED
ACC-01646,Urvi Bera,22,18-25,FEMALE,42963000000035038,Udupi South,Energy engineer,1,2022-02-19,2022-02-19,,,2026-07-15 14:36:44,2026-07-15 14:36:44,SYSTEM_SEED,SYSTEM_SEED
ACC-01647,Avni Karpe,34,26-35,FEMALE,42963000000035028,Kalaburagi North,"Education officer, museum",1,2023-09-01,2023-09-01,,,2026-07-15 14:36:44,2026-07-15 14:36:44,SYSTEM_SEED,SYSTEM_SEED
ACC-01648,Ravindranath Shetty,55,46-55,MALE,42963000000035021,Chitradurga West,Animal technologist,1,2022-10-24,2022-10-24,,,2026-07-15 14:36:44,2026-07-15 14:36:44,SYSTEM_SEED,SYSTEM_SEED
ACC-01649,Nagaraj Shetty,20,18-25,MALE,42963000000035041,Yadgir Taluk HQ,"Psychotherapist, dance movement",1,2023-12-01,2023-12-01,,,2026-07-15 14:36:44,2026-07-15 14:36:44,SYSTEM_SEED,SYSTEM_SEED
ACC-01650,Finn Sibal,33,26-35,MALE,42963000000035024,Dharwad Taluk HQ,Press photographer,1,2024-05-08,2024-05-08,,,2026-07-15 14:36:44,2026-07-15 14:36:44,SYSTEM_SEED,SYSTEM_SEED
ACC-01651,Jagadish Devadiga,43,36-45,MALE,42963000000035024,Dharwad Rural,Commercial art gallery manager,2,2021-10-18,2025-03-20,,,2026-07-15 14:36:44,2026-07-15 14:36:44,SYSTEM_SEED,SYSTEM_SEED
ACC-01652,Kariyappa Hegde,49,46-55,MALE,42963000000035031,Koppal Taluk HQ,"Research officer, trade union",1,2023-02-02,2023-02-02,,,2026-07-15 14:36:44,2026-07-15 14:36:44,SYSTEM_SEED,SYSTEM_SEED
ACC-01653,Timothy Parikh,28,26-35,MALE,42963000000035030,Kolar West,"Surveyor, mining",1,2022-01-04,2022-01-04,,,2026-07-15 14:36:44,2026-07-15 14:36:44,SYSTEM_SEED,SYSTEM_SEED
ACC-01654,Lokesh Shetty,52,46-55,MALE,42963000000035036,Shivamogga West,Radio producer,2,2021-09-08,2021-11-02,,,2026-07-15 14:36:44,2026-07-15 14:36:44,SYSTEM_SEED,SYSTEM_SEED
ACC-01655,Yatin Chowdhury,44,36-45,MALE,42963000000035016,Bengaluru Urban Rural,Data scientist,1,2024-11-03,2024-11-03,,,2026-07-15 14:36:44,2026-07-15 14:36:44,SYSTEM_SEED,SYSTEM_SEED
ACC-01656,Owen Chander,49,46-55,MALE,42963000000035034,Raichur East,"Engineer, electronics",1,2022-05-08,2022-05-08,,,2026-07-15 14:36:44,2026-07-15 14:36:44,SYSTEM_SEED,SYSTEM_SEED
ACC-01657,Gautam Ganguly,32,26-35,MALE,42963000000035033,Mysuru North,Rural practice surveyor,1,2023-11-19,2023-11-19,,,2026-07-15 14:36:44,2026-07-15 14:36:44,SYSTEM_SEED,SYSTEM_SEED
ACC-01658,Thimmakka Naik,52,46-55,FEMALE,42963000000035018,Chamarajanagar West,Government social research officer,1,2023-06-14,2023-06-14,,,2026-07-15 14:36:44,2026-07-15 14:36:44,SYSTEM_SEED,SYSTEM_SEED
ACC-01659,Aarnav Vora,61,56-65,MALE,42963000000035042,Vijayanagara South,"Teacher, English as a foreign language",1,2022-12-20,2022-12-20,,,2026-07-15 14:36:44,2026-07-15 14:36:44,SYSTEM_SEED,SYSTEM_SEED
ACC-01660,Sathvik Bose,32,26-35,MALE,42963000000035027,Haveri Rural,Fine artist,1,2024-08-12,2024-08-12,,,2026-07-15 14:36:44,2026-07-15 14:36:44,SYSTEM_SEED,SYSTEM_SEED
ACC-01661,Champak Narasimhan,19,18-25,MALE,42963000000035024,Dharwad West,Agricultural engineer,1,2022-01-05,2022-01-05,,,2026-07-15 14:36:44,2026-07-15 14:36:44,SYSTEM_SEED,SYSTEM_SEED
ACC-01662,Darsh Ramesh,64,56-65,MALE,42963000000035030,Kolar Taluk HQ,Midwife,2,2023-07-12,2025-02-01,,,2026-07-15 14:36:44,2026-07-15 14:36:44,SYSTEM_SEED,SYSTEM_SEED
ACC-01663,Sureshgowda Poojary,47,46-55,MALE,42963000000035024,Dharwad East,Therapeutic radiographer,1,2021-10-03,2021-10-03,,,2026-07-15 14:36:44,2026-07-15 14:36:44,SYSTEM_SEED,SYSTEM_SEED
ACC-01664,Akkamahadevi Rai,51,46-55,FEMALE,42963000000035034,Raichur Taluk HQ,Claims inspector/assessor,1,2024-01-28,2024-01-28,,,2026-07-15 14:36:44,2026-07-15 14:36:44,SYSTEM_SEED,SYSTEM_SEED
ACC-01665,Kaveri Naik,42,36-45,FEMALE,42963000000035026,Hassan North,Jewellery designer,1,2022-10-28,2022-10-28,,,2026-07-15 14:36:44,2026-07-15 14:36:44,SYSTEM_SEED,SYSTEM_SEED
ACC-01666,Amrita Bumb,58,56-65,FEMALE,42963000000035022,Dakshina Kannada Taluk HQ,Psychiatrist,2,2021-04-30,2025-11-25,,,2026-07-15 14:36:44,2026-07-15 14:36:44,SYSTEM_SEED,SYSTEM_SEED
ACC-01667,Utkarsh Luthra,43,36-45,MALE,42963000000035031,Koppal Taluk HQ,"Therapist, music",2,2024-12-29,2025-04-25,,,2026-07-15 14:36:44,2026-07-15 14:36:44,SYSTEM_SEED,SYSTEM_SEED
ACC-01668,Omya Bassi,39,36-45,FEMALE,42963000000035026,Hassan Taluk HQ,Writer,1,2024-08-03,2024-08-03,,,2026-07-15 14:36:44,2026-07-15 14:36:44,SYSTEM_SEED,SYSTEM_SEED
ACC-01669,Nicholas Dayal,61,56-65,MALE,42963000000035019,Chikballapur Rural,"Engineer, mining",2,2021-08-29,2023-06-26,,,2026-07-15 14:36:44,2026-07-15 14:36:44,SYSTEM_SEED,SYSTEM_SEED
ACC-01670,Lohit Naidu,22,18-25,MALE,42963000000035025,Gadag North,Automotive engineer,1,2024-11-05,2024-11-05,,,2026-07-15 14:36:44,2026-07-15 14:36:44,SYSTEM_SEED,SYSTEM_SEED
ACC-01671,Yashodamma Reddy,22,18-25,FEMALE,42963000000035042,Vijayanagara East,Building services engineer,1,2021-01-15,2021-01-15,,,2026-07-15 14:36:44,2026-07-15 14:36:44,SYSTEM_SEED,SYSTEM_SEED
ACC-01672,Chakradhar Rastogi,56,56-65,MALE,42963000000035041,Yadgir West,Freight forwarder,1,2025-02-22,2025-02-22,,,2026-07-15 14:36:44,2026-07-15 14:36:44,SYSTEM_SEED,SYSTEM_SEED
ACC-01673,Jagdish Rastogi,61,56-65,MALE,42963000000035019,Chikballapur West,Chartered public finance accountant,1,2023-03-12,2023-03-12,,,2026-07-15 14:36:44,2026-07-15 14:36:44,SYSTEM_SEED,SYSTEM_SEED
ACC-01674,Hemang Gaba,52,46-55,MALE,42963000000035020,Chikkamagaluru Taluk HQ,Network engineer,1,2023-09-18,2023-09-18,,,2026-07-15 14:36:44,2026-07-15 14:36:44,SYSTEM_SEED,SYSTEM_SEED
ACC-01675,Meghana Dube,28,26-35,FEMALE,42963000000035016,Bengaluru Urban South,Community arts worker,1,2021-08-27,2021-08-27,,,2026-07-15 14:36:44,2026-07-15 14:36:44,SYSTEM_SEED,SYSTEM_SEED
ACC-01676,Yatan Sankaran,20,18-25,MALE,42963000000035041,Yadgir North,Insurance claims handler,1,2023-02-28,2023-02-28,,,2026-07-15 14:36:44,2026-07-15 14:36:44,SYSTEM_SEED,SYSTEM_SEED
ACC-01677,Praneel Char,60,56-65,MALE,42963000000035036,Shivamogga Rural,Mental health nurse,1,2022-02-19,2022-02-19,,,2026-07-15 14:36:44,2026-07-15 14:36:44,SYSTEM_SEED,SYSTEM_SEED
ACC-01678,Prakash Nayak,56,56-65,MALE,42963000000035033,Mysuru North,Science writer,1,2022-04-05,2022-04-05,,,2026-07-15 14:36:44,2026-07-15 14:36:44,SYSTEM_SEED,SYSTEM_SEED
ACC-01679,Channabasappa Bhat,37,36-45,MALE,42963000000035038,Udupi West,"Engineer, communications",1,2022-02-19,2022-02-19,,,2026-07-15 14:36:44,2026-07-15 14:36:44,SYSTEM_SEED,SYSTEM_SEED
ACC-01680,Raghavendra Devadiga,58,56-65,MALE,42963000000035014,Belagavi Rural,Recruitment consultant,1,2025-02-22,2025-02-22,,,2026-07-15 14:36:44,2026-07-15 14:36:44,SYSTEM_SEED,SYSTEM_SEED
ACC-01681,Sara Soni,52,46-55,FEMALE,42963000000035025,Gadag Taluk HQ,"Geologist, wellsite",1,2024-12-27,2024-12-27,,,2026-07-15 14:36:44,2026-07-15 14:36:44,SYSTEM_SEED,SYSTEM_SEED
ACC-01682,Kariyappa Poojary,62,56-65,MALE,42963000000035031,Koppal West,"Surveyor, quantity",1,2025-02-16,2025-02-16,,,2026-07-15 14:36:44,2026-07-15 14:36:44,SYSTEM_SEED,SYSTEM_SEED
ACC-01683,Chakradev Sami,43,36-45,MALE,42963000000035024,Dharwad West,"Merchandiser, retail",1,2024-11-18,2024-11-18,,,2026-07-15 14:36:44,2026-07-15 14:36:44,SYSTEM_SEED,SYSTEM_SEED
ACC-01684,Teerth Sandhu,60,56-65,MALE,42963000000035017,Bidar East,Chief Financial Officer,2,2021-06-01,2024-05-26,,,2026-07-15 14:36:44,2026-07-15 14:36:44,SYSTEM_SEED,SYSTEM_SEED
ACC-01685,Channabasappa Hegde,35,26-35,MALE,42963000000035022,Dakshina Kannada Rural,Architect,1,2025-09-15,2025-09-15,,,2026-07-15 14:36:44,2026-07-15 14:36:44,SYSTEM_SEED,SYSTEM_SEED
ACC-01686,Vedika Kapur,58,56-65,FEMALE,42963000000035031,Koppal West,"Designer, fashion/clothing",1,2022-08-22,2022-08-22,,,2026-07-15 14:36:44,2026-07-15 14:36:44,SYSTEM_SEED,SYSTEM_SEED
ACC-01687,Zansi Vohra,52,46-55,FEMALE,42963000000035024,Dharwad West,Charity officer,1,2025-12-23,2025-12-23,,,2026-07-15 14:36:44,2026-07-15 14:36:44,SYSTEM_SEED,SYSTEM_SEED
ACC-01688,Vivaan Sarkar,54,46-55,MALE,42963000000035039,Uttara Kannada Rural,Cartographer,1,2025-01-10,2025-01-10,,,2026-07-15 14:36:44,2026-07-15 14:36:44,SYSTEM_SEED,SYSTEM_SEED
ACC-01689,Thimmaiah Achar,27,26-35,MALE,42963000000035036,Shivamogga North,Purchasing manager,1,2024-02-10,2024-02-10,,,2026-07-15 14:36:44,2026-07-15 14:36:44,SYSTEM_SEED,SYSTEM_SEED
ACC-01690,Veeranna Rai,49,46-55,MALE,42963000000035042,Vijayanagara Rural,Hydrologist,2,2021-03-06,2021-07-10,,,2026-07-15 14:36:44,2026-07-15 14:36:44,SYSTEM_SEED,SYSTEM_SEED
ACC-01691,Devansh Mital,51,46-55,MALE,42963000000035012,Bagalkot Rural,Fish farm manager,1,2024-12-25,2024-12-25,,,2026-07-15 14:36:44,2026-07-15 14:36:44,SYSTEM_SEED,SYSTEM_SEED
ACC-01692,Nagaveni Gowda,58,56-65,FEMALE,42963000000035034,Raichur Rural,"Scientist, research (medical)",1,2021-12-05,2021-12-05,,,2026-07-15 14:36:44,2026-07-15 14:36:44,SYSTEM_SEED,SYSTEM_SEED
ACC-01693,Channabasappa Rai,41,36-45,MALE,42963000000035033,Mysuru Rural,Physiotherapist,1,2023-01-11,2023-01-11,,,2026-07-15 14:36:44,2026-07-15 14:36:44,SYSTEM_SEED,SYSTEM_SEED
ACC-01694,Harish Naik,47,46-55,MALE,42963000000035027,Haveri South,Hotel manager,1,2022-10-26,2022-10-26,,,2026-07-15 14:36:44,2026-07-15 14:36:44,SYSTEM_SEED,SYSTEM_SEED
ACC-01695,Brinda Bath,52,46-55,FEMALE,42963000000035016,Bengaluru Urban South,Scientific laboratory technician,1,2023-12-01,2023-12-01,,,2026-07-15 14:36:44,2026-07-15 14:36:44,SYSTEM_SEED,SYSTEM_SEED
ACC-01696,Yashodhara Sandal,35,26-35,FEMALE,42963000000035018,Chamarajanagar East,Passenger transport manager,1,2024-09-03,2024-09-03,,,2026-07-15 14:36:44,2026-07-15 14:36:44,SYSTEM_SEED,SYSTEM_SEED
ACC-01697,Raghavendra Kulkarni,47,46-55,MALE,42963000000035028,Kalaburagi West,Chief Marketing Officer,1,2022-09-25,2022-09-25,,,2026-07-15 14:36:44,2026-07-15 14:36:44,SYSTEM_SEED,SYSTEM_SEED
ACC-01698,Jagadish Nayak,36,36-45,MALE,42963000000035017,Bidar West,"Psychologist, forensic",1,2021-04-17,2021-04-17,,,2026-07-15 14:36:44,2026-07-15 14:36:44,SYSTEM_SEED,SYSTEM_SEED
ACC-01699,Ravindranath Kulkarni,65,56-65,MALE,42963000000035027,Haveri North,"Teacher, adult education",1,2022-09-10,2022-09-10,,,2026-07-15 14:36:44,2026-07-15 14:36:44,SYSTEM_SEED,SYSTEM_SEED
ACC-01700,Peter Kumar,30,26-35,MALE,42963000000035026,Hassan West,Textile designer,1,2024-10-26,2024-10-26,,,2026-07-15 14:36:44,2026-07-15 14:36:44,SYSTEM_SEED,SYSTEM_SEED
ACC-01701,Gopalakrishna Nayak,24,18-25,MALE,42963000000035022,Dakshina Kannada Rural,Ceramics designer,1,2021-02-02,2021-02-02,,,2026-07-15 14:36:44,2026-07-15 14:36:44,SYSTEM_SEED,SYSTEM_SEED
ACC-01702,Deepa Shere,38,36-45,FEMALE,42963000000035017,Bidar Rural,Editorial assistant,1,2024-03-26,2024-03-26,,,2026-07-15 14:36:44,2026-07-15 14:36:44,SYSTEM_SEED,SYSTEM_SEED
ACC-01703,Shravya Bath,48,46-55,FEMALE,42963000000035016,Bengaluru Urban East,Charity officer,1,2025-05-08,2025-05-08,,,2026-07-15 14:36:44,2026-07-15 14:36:44,SYSTEM_SEED,SYSTEM_SEED
ACC-01704,Yashodamma Poojary,28,26-35,FEMALE,42963000000035041,Yadgir Rural,Pension scheme manager,1,2023-04-22,2023-04-22,,,2026-07-15 14:36:44,2026-07-15 14:36:44,SYSTEM_SEED,SYSTEM_SEED
ACC-01705,Nirja Sha,32,26-35,FEMALE,42963000000035022,Dakshina Kannada Rural,"Production assistant, television",1,2022-02-02,2022-02-02,,,2026-07-15 14:36:44,2026-07-15 14:36:44,SYSTEM_SEED,SYSTEM_SEED
ACC-01706,Onkar Grover,41,36-45,MALE,42963000000035015,Bengaluru Rural West,"Engineer, mining",2,2024-11-21,2025-12-13,,,2026-07-15 14:36:44,2026-07-15 14:36:44,SYSTEM_SEED,SYSTEM_SEED
ACC-01707,Raghavendra Gowda,24,18-25,MALE,42963000000035027,Haveri Rural,Electrical engineer,1,2025-04-03,2025-04-03,,,2026-07-15 14:36:44,2026-07-15 14:36:44,SYSTEM_SEED,SYSTEM_SEED
ACC-01708,Kai Cherian,49,46-55,MALE,42963000000035025,Gadag West,Politician's assistant,1,2021-10-29,2021-10-29,,,2026-07-15 14:36:44,2026-07-15 14:36:44,SYSTEM_SEED,SYSTEM_SEED
ACC-01709,Sunandamma Setty,38,36-45,FEMALE,42963000000035012,Bagalkot Rural,Social researcher,1,2021-06-29,2021-06-29,,,2026-07-15 14:36:44,2026-07-15 14:36:44,SYSTEM_SEED,SYSTEM_SEED
ACC-01710,Lakshmamma Shetty,36,36-45,FEMALE,42963000000035035,Ramanagara Rural,Adult nurse,2,2021-08-09,2024-09-29,,,2026-07-15 14:36:44,2026-07-15 14:36:44,SYSTEM_SEED,SYSTEM_SEED
ACC-01711,Rudra Dada,57,56-65,MALE,42963000000035016,Bengaluru Urban West,"Administrator, Civil Service",1,2021-06-18,2021-06-18,,,2026-07-15 14:36:44,2026-07-15 14:36:44,SYSTEM_SEED,SYSTEM_SEED
ACC-01712,Waida Sharma,54,46-55,FEMALE,42963000000035014,Belagavi East,Ophthalmologist,2,2022-05-16,2025-11-09,,,2026-07-15 14:36:44,2026-07-15 14:36:44,SYSTEM_SEED,SYSTEM_SEED
ACC-01713,Thimmakka Kulkarni,56,56-65,FEMALE,42963000000035024,Dharwad Rural,Town planner,1,2022-03-24,2022-03-24,,,2026-07-15 14:36:44,2026-07-15 14:36:44,SYSTEM_SEED,SYSTEM_SEED
ACC-01714,Chandrashekar Hegde,39,36-45,MALE,42963000000035028,Kalaburagi South,"Radiographer, therapeutic",1,2025-03-13,2025-03-13,,,2026-07-15 14:36:44,2026-07-15 14:36:44,SYSTEM_SEED,SYSTEM_SEED
ACC-01715,Prakash Devadiga,31,26-35,MALE,42963000000035022,Dakshina Kannada Taluk HQ,Immunologist,1,2022-09-29,2022-09-29,,,2026-07-15 14:36:44,2026-07-15 14:36:44,SYSTEM_SEED,SYSTEM_SEED
ACC-01716,Lokesh Urs,38,36-45,MALE,42963000000035036,Shivamogga North,Water engineer,1,2022-10-17,2022-10-17,,,2026-07-15 14:36:44,2026-07-15 14:36:44,SYSTEM_SEED,SYSTEM_SEED
ACC-01717,Shivakumar Devadiga,41,36-45,MALE,42963000000035029,Kodagu Rural,Warehouse manager,1,2024-07-11,2024-07-11,,,2026-07-15 14:36:44,2026-07-15 14:36:44,SYSTEM_SEED,SYSTEM_SEED
ACC-01718,Rudra Mittal,51,46-55,MALE,42963000000035015,Bengaluru Rural East,Chartered loss adjuster,2,2021-05-10,2022-08-31,,,2026-07-15 14:36:44,2026-07-15 14:36:44,SYSTEM_SEED,SYSTEM_SEED
ACC-01719,Ekanta Atwal,38,36-45,FEMALE,42963000000035013,Ballari South,"Engineer, aeronautical",1,2022-08-08,2022-08-08,,,2026-07-15 14:36:44,2026-07-15 14:36:44,SYSTEM_SEED,SYSTEM_SEED
ACC-01720,Abhiram Guha,27,26-35,MALE,42963000000035032,Mandya Taluk HQ,Aid worker,1,2025-11-18,2025-11-18,,,2026-07-15 14:36:44,2026-07-15 14:36:44,SYSTEM_SEED,SYSTEM_SEED
ACC-01721,Wridesh Dhillon,36,36-45,MALE,42963000000035040,Vijayapura Taluk HQ,Financial controller,1,2021-02-01,2021-02-01,,,2026-07-15 14:36:44,2026-07-15 14:36:44,SYSTEM_SEED,SYSTEM_SEED
ACC-01722,Thimmakka Hegde,40,36-45,FEMALE,42963000000035016,Bengaluru Urban Rural,Press photographer,1,2021-01-17,2021-01-17,,,2026-07-15 14:36:44,2026-07-15 14:36:44,SYSTEM_SEED,SYSTEM_SEED
ACC-01723,Chameli Mitra,55,46-55,FEMALE,42963000000035025,Gadag West,"Psychologist, educational",1,2025-10-14,2025-10-14,,,2026-07-15 14:36:44,2026-07-15 14:36:44,SYSTEM_SEED,SYSTEM_SEED
ACC-01724,Warjas Sami,64,56-65,MALE,42963000000035036,Shivamogga Taluk HQ,Advertising copywriter,1,2025-08-21,2025-08-21,,,2026-07-15 14:36:44,2026-07-15 14:36:44,SYSTEM_SEED,SYSTEM_SEED
ACC-01725,Thimmaiah Bhat,35,26-35,MALE,42963000000035022,Dakshina Kannada West,Commercial horticulturist,1,2023-11-29,2023-11-29,,,2026-07-15 14:36:44,2026-07-15 14:36:44,SYSTEM_SEED,SYSTEM_SEED
ACC-01726,Faraj Saxena,40,36-45,MALE,42963000000035022,Dakshina Kannada South,Radio producer,1,2021-09-05,2021-09-05,,,2026-07-15 14:36:44,2026-07-15 14:36:44,SYSTEM_SEED,SYSTEM_SEED
ACC-01727,Advaith Sengupta,53,46-55,MALE,42963000000035035,Ramanagara East,Textile designer,1,2021-01-02,2021-01-02,,,2026-07-15 14:36:44,2026-07-15 14:36:44,SYSTEM_SEED,SYSTEM_SEED
ACC-01728,Yallappa Bhat,44,36-45,MALE,42963000000035014,Belagavi East,Financial manager,2,2022-04-06,2024-12-09,,,2026-07-15 14:36:44,2026-07-15 14:36:44,SYSTEM_SEED,SYSTEM_SEED
ACC-01729,Kariyappa Naik,46,46-55,MALE,42963000000035026,Hassan East,"Engineer, drilling",1,2024-08-08,2024-08-08,,,2026-07-15 14:36:44,2026-07-15 14:36:44,SYSTEM_SEED,SYSTEM_SEED
ACC-01730,Nagaraj Bhat,63,56-65,MALE,42963000000035022,Dakshina Kannada Rural,Hospital pharmacist,1,2021-08-13,2021-08-13,,,2026-07-15 14:36:44,2026-07-15 14:36:44,SYSTEM_SEED,SYSTEM_SEED
ACC-01731,Atharv Nath,39,36-45,MALE,42963000000035033,Mysuru South,Actuary,2,2021-02-28,2021-12-25,,,2026-07-15 14:36:44,2026-07-15 14:36:44,SYSTEM_SEED,SYSTEM_SEED
ACC-01732,Tarak Sagar,38,36-45,MALE,42963000000035034,Raichur South,Research scientist (life sciences),1,2025-02-06,2025-02-06,,,2026-07-15 14:36:44,2026-07-15 14:36:44,SYSTEM_SEED,SYSTEM_SEED
ACC-01733,Channabasappa Hegde,29,26-35,MALE,42963000000035024,Dharwad Taluk HQ,Technical sales engineer,1,2024-12-06,2024-12-06,,,2026-07-15 14:36:44,2026-07-15 14:36:44,SYSTEM_SEED,SYSTEM_SEED
ACC-01734,Jayamma Kulkarni,62,56-65,FEMALE,42963000000035023,Davanagere Taluk HQ,"Therapist, occupational",1,2025-03-09,2025-03-09,,,2026-07-15 14:36:44,2026-07-15 14:36:44,SYSTEM_SEED,SYSTEM_SEED
ACC-01735,Anita Sura,20,18-25,FEMALE,42963000000035013,Ballari South,Office manager,1,2023-01-20,2023-01-20,,,2026-07-15 14:36:44,2026-07-15 14:36:44,SYSTEM_SEED,SYSTEM_SEED
ACC-01736,Yagnesh Kata,58,56-65,MALE,42963000000035018,Chamarajanagar North,"Biochemist, clinical",1,2025-11-25,2025-11-25,,,2026-07-15 14:36:44,2026-07-15 14:36:44,SYSTEM_SEED,SYSTEM_SEED
ACC-01737,Gangamma Setty,22,18-25,FEMALE,42963000000035041,Yadgir South,"Secretary, company",1,2021-12-27,2021-12-27,,,2026-07-15 14:36:44,2026-07-15 14:36:44,SYSTEM_SEED,SYSTEM_SEED
ACC-01738,Puttaswamy Devadiga,38,36-45,MALE,42963000000035014,Belagavi Taluk HQ,Advertising account executive,1,2025-04-03,2025-04-03,,,2026-07-15 14:36:44,2026-07-15 14:36:44,SYSTEM_SEED,SYSTEM_SEED
ACC-01739,Nakul Bhatt,51,46-55,MALE,42963000000035017,Bidar West,"Geologist, wellsite",1,2022-11-10,2022-11-10,,,2026-07-15 14:36:44,2026-07-15 14:36:44,SYSTEM_SEED,SYSTEM_SEED
ACC-01740,Parvatamma Shetty,65,56-65,FEMALE,42963000000035016,Bengaluru Urban West,Pensions consultant,2,2021-12-05,2025-09-16,,,2026-07-15 14:36:44,2026-07-15 14:36:44,SYSTEM_SEED,SYSTEM_SEED
ACC-01741,Channabasappa Urs,51,46-55,MALE,42963000000035029,Kodagu East,Public librarian,1,2023-06-26,2023-06-26,,,2026-07-15 14:36:44,2026-07-15 14:36:44,SYSTEM_SEED,SYSTEM_SEED
ACC-01742,Yug Palan,27,26-35,MALE,42963000000035024,Dharwad North,"Production assistant, radio",1,2025-09-22,2025-09-22,,,2026-07-15 14:36:44,2026-07-15 14:36:44,SYSTEM_SEED,SYSTEM_SEED
ACC-01743,Advaith Edwin,45,36-45,MALE,42963000000035024,Dharwad East,Holiday representative,1,2022-01-06,2022-01-06,,,2026-07-15 14:36:44,2026-07-15 14:36:44,SYSTEM_SEED,SYSTEM_SEED
ACC-01744,Wahab Padmanabhan,64,56-65,MALE,42963000000035040,Vijayapura North,Primary school teacher,1,2025-05-28,2025-05-28,,,2026-07-15 14:36:44,2026-07-15 14:36:44,SYSTEM_SEED,SYSTEM_SEED
ACC-01745,Thimmakka Urs,65,56-65,FEMALE,42963000000035012,Bagalkot Rural,Exhibition designer,1,2023-09-08,2023-09-08,,,2026-07-15 14:36:44,2026-07-15 14:36:44,SYSTEM_SEED,SYSTEM_SEED
ACC-01746,Gopalakrishna Bhat,28,26-35,MALE,42963000000035039,Uttara Kannada North,"Runner, broadcasting/film/video",1,2022-05-29,2022-05-29,,,2026-07-15 14:36:44,2026-07-15 14:36:44,SYSTEM_SEED,SYSTEM_SEED
ACC-01747,Omkaar Sidhu,29,26-35,MALE,42963000000035033,Mysuru Taluk HQ,"Conservator, museum/gallery",1,2023-11-15,2023-11-15,,,2026-07-15 14:36:44,2026-07-15 14:36:44,SYSTEM_SEED,SYSTEM_SEED
ACC-01748,Robert Saha,65,56-65,MALE,42963000000035016,Bengaluru Urban North,Media buyer,1,2021-10-15,2021-10-15,,,2026-07-15 14:36:44,2026-07-15 14:36:44,SYSTEM_SEED,SYSTEM_SEED
ACC-01749,Faris Johal,30,26-35,MALE,42963000000035029,Kodagu Rural,Heritage manager,1,2021-03-22,2021-03-22,,,2026-07-15 14:36:44,2026-07-15 14:36:44,SYSTEM_SEED,SYSTEM_SEED
ACC-01750,Wyatt Dayal,18,18-25,MALE,42963000000035029,Kodagu Taluk HQ,Early years teacher,1,2024-11-29,2024-11-29,,,2026-07-15 14:36:44,2026-07-15 14:36:44,SYSTEM_SEED,SYSTEM_SEED
ACC-01751,Farhan Swamy,42,36-45,MALE,42963000000035033,Mysuru West,Chiropractor,1,2023-07-04,2023-07-04,,,2026-07-15 14:36:44,2026-07-15 14:36:44,SYSTEM_SEED,SYSTEM_SEED
ACC-01752,Yatin Mitter,33,26-35,MALE,42963000000035023,Davanagere North,Farm manager,1,2021-05-25,2021-05-25,,,2026-07-15 14:36:44,2026-07-15 14:36:44,SYSTEM_SEED,SYSTEM_SEED
ACC-01753,Veeranna Naik,63,56-65,MALE,42963000000035026,Hassan East,"Engineer, manufacturing systems",2,2024-02-24,2025-10-03,,,2026-07-15 14:36:44,2026-07-15 14:36:44,SYSTEM_SEED,SYSTEM_SEED
ACC-01754,Siddalingaiah Naik,43,36-45,MALE,42963000000035025,Gadag North,"Surveyor, hydrographic",1,2024-08-04,2024-08-04,,,2026-07-15 14:36:44,2026-07-15 14:36:44,SYSTEM_SEED,SYSTEM_SEED
ACC-01755,Raghavendra Bhat,40,36-45,MALE,42963000000035024,Dharwad Rural,Art gallery manager,1,2025-06-05,2025-06-05,,,2026-07-15 14:36:44,2026-07-15 14:36:44,SYSTEM_SEED,SYSTEM_SEED
ACC-01756,Yashodamma Gowda,35,26-35,FEMALE,42963000000035024,Dharwad South,Adult nurse,1,2025-09-09,2025-09-09,,,2026-07-15 14:36:44,2026-07-15 14:36:44,SYSTEM_SEED,SYSTEM_SEED
ACC-01757,Kalpit Parikh,27,26-35,MALE,42963000000035029,Kodagu Rural,"Designer, interior/spatial",1,2022-01-20,2022-01-20,,,2026-07-15 14:36:44,2026-07-15 14:36:44,SYSTEM_SEED,SYSTEM_SEED
ACC-01758,Yashasvi Balay,65,56-65,FEMALE,42963000000035024,Dharwad West,Bonds trader,1,2023-10-05,2023-10-05,,,2026-07-15 14:36:44,2026-07-15 14:36:44,SYSTEM_SEED,SYSTEM_SEED
ACC-01759,Veeranna Kulkarni,33,26-35,MALE,42963000000035033,Mysuru North,Leisure centre manager,1,2021-03-29,2021-03-29,,,2026-07-15 14:36:44,2026-07-15 14:36:44,SYSTEM_SEED,SYSTEM_SEED
ACC-01760,Sureshgowda Naik,63,56-65,MALE,42963000000035024,Dharwad Taluk HQ,Planning and development surveyor,1,2021-10-17,2021-10-17,,,2026-07-15 14:36:44,2026-07-15 14:36:44,SYSTEM_SEED,SYSTEM_SEED
ACC-01761,Lakshmamma Achar,47,46-55,FEMALE,42963000000035032,Mandya Rural,Clothing/textile technologist,1,2023-06-24,2023-06-24,,,2026-07-15 14:36:44,2026-07-15 14:36:44,SYSTEM_SEED,SYSTEM_SEED
ACC-01762,Darpan Kapur,55,46-55,MALE,42963000000035041,Yadgir Taluk HQ,"Radiographer, therapeutic",1,2024-01-23,2024-01-23,,,2026-07-15 14:36:44,2026-07-15 14:36:44,SYSTEM_SEED,SYSTEM_SEED
ACC-01763,Yallappa Achar,38,36-45,MALE,42963000000035016,Bengaluru Urban North,Further education lecturer,1,2023-04-22,2023-04-22,,,2026-07-15 14:36:44,2026-07-15 14:36:44,SYSTEM_SEED,SYSTEM_SEED
ACC-01764,Gangamma Urs,65,56-65,FEMALE,42963000000035023,Davanagere East,"Librarian, public",1,2021-12-05,2021-12-05,,,2026-07-15 14:36:44,2026-07-15 14:36:44,SYSTEM_SEED,SYSTEM_SEED
ACC-01765,Aradhana Loke,38,36-45,FEMALE,42963000000035031,Koppal Rural,Dentist,1,2022-02-02,2022-02-02,,,2026-07-15 14:36:44,2026-07-15 14:36:44,SYSTEM_SEED,SYSTEM_SEED
ACC-01766,Arya Sarma,37,36-45,FEMALE,42963000000035018,Chamarajanagar North,"Programmer, systems",1,2024-11-17,2024-11-17,,,2026-07-15 14:36:44,2026-07-15 14:36:44,SYSTEM_SEED,SYSTEM_SEED
ACC-01767,Manjunath Setty,28,26-35,MALE,42963000000035021,Chitradurga West,Clinical psychologist,1,2025-06-28,2025-06-28,,,2026-07-15 14:36:44,2026-07-15 14:36:44,SYSTEM_SEED,SYSTEM_SEED
ACC-01768,Charan Barman,52,46-55,MALE,42963000000035017,Bidar South,"Runner, broadcasting/film/video",1,2022-02-12,2022-02-12,,,2026-07-15 14:36:44,2026-07-15 14:36:44,SYSTEM_SEED,SYSTEM_SEED
ACC-01769,Fiyaz Dalal,35,26-35,MALE,42963000000035023,Davanagere Rural,"Engineer, land",1,2024-05-23,2024-05-23,,,2026-07-15 14:36:44,2026-07-15 14:36:44,SYSTEM_SEED,SYSTEM_SEED
ACC-01770,Gaurangi Master,47,46-55,FEMALE,42963000000035033,Mysuru North,Private music teacher,1,2022-05-30,2022-05-30,,,2026-07-15 14:36:44,2026-07-15 14:36:44,SYSTEM_SEED,SYSTEM_SEED
ACC-01771,Akkamahadevi Achar,28,26-35,FEMALE,42963000000035035,Ramanagara South,Risk manager,1,2025-09-27,2025-09-27,,,2026-07-15 14:36:44,2026-07-15 14:36:44,SYSTEM_SEED,SYSTEM_SEED
ACC-01772,Chandran Dube,34,26-35,MALE,42963000000035037,Tumakuru East,Medical physicist,2,2021-10-19,2023-07-26,,,2026-07-15 14:36:44,2026-07-15 14:36:44,SYSTEM_SEED,SYSTEM_SEED
ACC-01773,Siddalingaiah Achar,57,56-65,MALE,42963000000035033,Mysuru West,"Lecturer, higher education",1,2023-08-29,2023-08-29,,,2026-07-15 14:36:44,2026-07-15 14:36:44,SYSTEM_SEED,SYSTEM_SEED
ACC-01774,Darsh Jaggi,46,46-55,MALE,42963000000035012,Bagalkot East,Print production planner,1,2025-01-04,2025-01-04,,,2026-07-15 14:36:44,2026-07-15 14:36:44,SYSTEM_SEED,SYSTEM_SEED
ACC-01775,Girijamma Devadiga,22,18-25,FEMALE,42963000000035016,Bengaluru Urban West,Pathologist,2,2021-12-19,2024-07-26,,,2026-07-15 14:36:44,2026-07-15 14:36:44,SYSTEM_SEED,SYSTEM_SEED
ACC-01776,Pushpalatha Naik,49,46-55,FEMALE,42963000000035033,Mysuru West,Accounting technician,1,2025-03-31,2025-03-31,,,2026-07-15 14:36:44,2026-07-15 14:36:44,SYSTEM_SEED,SYSTEM_SEED
ACC-01777,Vritti Om,53,46-55,FEMALE,42963000000035040,Vijayapura North,Historic buildings inspector/conservation officer,1,2023-06-07,2023-06-07,,,2026-07-15 14:36:44,2026-07-15 14:36:44,SYSTEM_SEED,SYSTEM_SEED
ACC-01778,Brijesh Lata,27,26-35,MALE,42963000000035013,Ballari Taluk HQ,Microbiologist,1,2022-02-25,2022-02-25,,,2026-07-15 14:36:44,2026-07-15 14:36:44,SYSTEM_SEED,SYSTEM_SEED
ACC-01779,Bhagyalakshmi Bhat,26,26-35,FEMALE,42963000000035034,Raichur North,Patent examiner,1,2023-02-28,2023-02-28,,,2026-07-15 14:36:44,2026-07-15 14:36:44,SYSTEM_SEED,SYSTEM_SEED
ACC-01780,Veeranna Devadiga,29,26-35,MALE,42963000000035013,Ballari West,Media planner,1,2023-06-10,2023-06-10,,,2026-07-15 14:36:44,2026-07-15 14:36:44,SYSTEM_SEED,SYSTEM_SEED
ACC-01781,Forum Wagle,61,56-65,FEMALE,42963000000035038,Udupi West,"Pharmacist, community",2,2022-10-18,2023-09-05,,,2026-07-15 14:36:44,2026-07-15 14:36:44,SYSTEM_SEED,SYSTEM_SEED
ACC-01782,Ekapad Sanghvi,54,46-55,MALE,42963000000035024,Dharwad Rural,Patent attorney,1,2024-04-21,2024-04-21,,,2026-07-15 14:36:44,2026-07-15 14:36:44,SYSTEM_SEED,SYSTEM_SEED
ACC-01783,Veer Varty,65,56-65,MALE,42963000000035033,Mysuru Rural,Medical illustrator,1,2022-08-24,2022-08-24,,,2026-07-15 14:36:44,2026-07-15 14:36:44,SYSTEM_SEED,SYSTEM_SEED
ACC-01784,Vasanthamma Reddy,50,46-55,FEMALE,42963000000035022,Dakshina Kannada Taluk HQ,Air traffic controller,1,2022-08-19,2022-08-19,,,2026-07-15 14:36:44,2026-07-15 14:36:44,SYSTEM_SEED,SYSTEM_SEED
ACC-01785,Prakash Poojary,20,18-25,MALE,42963000000035017,Bidar East,Probation officer,1,2023-03-31,2023-03-31,,,2026-07-15 14:36:44,2026-07-15 14:36:44,SYSTEM_SEED,SYSTEM_SEED
ACC-01786,Aashi Varughese,59,56-65,FEMALE,42963000000035014,Belagavi West,Building control surveyor,1,2021-09-17,2021-09-17,,,2026-07-15 14:36:44,2026-07-15 14:36:44,SYSTEM_SEED,SYSTEM_SEED
ACC-01787,Kariyappa Poojary,38,36-45,MALE,42963000000035015,Bengaluru Rural Rural,Chartered accountant,1,2023-10-29,2023-10-29,,,2026-07-15 14:36:44,2026-07-15 14:36:44,SYSTEM_SEED,SYSTEM_SEED
ACC-01788,Nisha Ratti,54,46-55,FEMALE,42963000000035038,Udupi Taluk HQ,"Development worker, international aid",1,2024-09-04,2024-09-04,,,2026-07-15 14:36:44,2026-07-15 14:36:44,SYSTEM_SEED,SYSTEM_SEED
ACC-01789,Yallappa Urs,27,26-35,MALE,42963000000035030,Kolar South,Politician's assistant,1,2024-03-20,2024-03-20,,,2026-07-15 14:36:44,2026-07-15 14:36:44,SYSTEM_SEED,SYSTEM_SEED
ACC-01790,Sunandamma Shetty,60,56-65,FEMALE,42963000000035012,Bagalkot Rural,"Biochemist, clinical",1,2025-05-21,2025-05-21,,,2026-07-15 14:36:44,2026-07-15 14:36:44,SYSTEM_SEED,SYSTEM_SEED
ACC-01791,Lokesh Gowda,65,56-65,MALE,42963000000035025,Gadag West,"Nurse, learning disability",1,2021-03-03,2021-03-03,,,2026-07-15 14:36:44,2026-07-15 14:36:44,SYSTEM_SEED,SYSTEM_SEED
ACC-01792,Yallappa Devadiga,44,36-45,MALE,42963000000035042,Vijayanagara Taluk HQ,Animator,1,2022-04-26,2022-04-26,,,2026-07-15 14:36:44,2026-07-15 14:36:44,SYSTEM_SEED,SYSTEM_SEED
ACC-01793,Bhagyalakshmi Nayak,56,56-65,FEMALE,42963000000035041,Yadgir North,Dentist,1,2023-10-13,2023-10-13,,,2026-07-15 14:36:44,2026-07-15 14:36:44,SYSTEM_SEED,SYSTEM_SEED
ACC-01794,Harish Kulkarni,64,56-65,MALE,42963000000035016,Bengaluru Urban Rural,"Teacher, special educational needs",1,2024-07-18,2024-07-18,,,2026-07-15 14:36:44,2026-07-15 14:36:44,SYSTEM_SEED,SYSTEM_SEED
ACC-01795,Yoshita Merchant,62,56-65,FEMALE,42963000000035041,Yadgir Rural,Personnel officer,1,2023-11-08,2023-11-08,,,2026-07-15 14:36:44,2026-07-15 14:36:44,SYSTEM_SEED,SYSTEM_SEED
ACC-01796,Nidra Murthy,26,26-35,FEMALE,42963000000035014,Belagavi Rural,Local government officer,1,2024-08-12,2024-08-12,,,2026-07-15 14:36:44,2026-07-15 14:36:44,SYSTEM_SEED,SYSTEM_SEED
ACC-01797,Ravindranath Hegde,61,56-65,MALE,42963000000035015,Bengaluru Rural North,Actuary,1,2024-04-22,2024-04-22,,,2026-07-15 14:36:44,2026-07-15 14:36:44,SYSTEM_SEED,SYSTEM_SEED
ACC-01798,Ethan Raval,29,26-35,MALE,42963000000035013,Ballari Taluk HQ,Product designer,2,2024-04-11,2024-07-03,,,2026-07-15 14:36:44,2026-07-15 14:36:44,SYSTEM_SEED,SYSTEM_SEED
ACC-01799,Thimmaiah Setty,46,46-55,MALE,42963000000035016,Bengaluru Urban East,"Engineer, land",1,2022-11-15,2022-11-15,,,2026-07-15 14:36:44,2026-07-15 14:36:44,SYSTEM_SEED,SYSTEM_SEED
ACC-01800,Orinder Ravel,33,26-35,MALE,42963000000035017,Bidar Rural,"Engineer, civil (consulting)",1,2025-06-24,2025-06-24,,,2026-07-15 14:36:44,2026-07-15 14:36:44,SYSTEM_SEED,SYSTEM_SEED
ACC-01801,Brijesh Bansal,31,26-35,MALE,42963000000035013,Ballari East,Soil scientist,1,2022-10-28,2022-10-28,,,2026-07-15 14:36:44,2026-07-15 14:36:44,SYSTEM_SEED,SYSTEM_SEED
ACC-01802,Robert Date,42,36-45,MALE,42963000000035022,Dakshina Kannada Rural,"Scientist, product/process development",1,2024-05-13,2024-05-13,,,2026-07-15 14:36:44,2026-07-15 14:36:44,SYSTEM_SEED,SYSTEM_SEED
ACC-01803,Jalsa Chander,29,26-35,FEMALE,42963000000035024,Dharwad South,Sales promotion account executive,2,2025-08-19,2025-09-29,,,2026-07-15 14:36:44,2026-07-15 14:36:44,SYSTEM_SEED,SYSTEM_SEED
ACC-01804,Onkar Dutta,51,46-55,MALE,42963000000035015,Bengaluru Rural South,Advice worker,1,2023-08-13,2023-08-13,,,2026-07-15 14:36:44,2026-07-15 14:36:44,SYSTEM_SEED,SYSTEM_SEED
ACC-01805,Vasanthamma Nayak,29,26-35,FEMALE,42963000000035015,Bengaluru Rural East,Air broker,1,2023-05-05,2023-05-05,,,2026-07-15 14:36:44,2026-07-15 14:36:44,SYSTEM_SEED,SYSTEM_SEED
ACC-01806,Jai Modi,58,56-65,MALE,42963000000035025,Gadag Taluk HQ,"Pharmacist, hospital",1,2022-09-03,2022-09-03,,,2026-07-15 14:36:44,2026-07-15 14:36:44,SYSTEM_SEED,SYSTEM_SEED
ACC-01807,Ayushman Pradhan,54,46-55,MALE,42963000000035031,Koppal North,Futures trader,1,2021-03-24,2021-03-24,,,2026-07-15 14:36:44,2026-07-15 14:36:44,SYSTEM_SEED,SYSTEM_SEED
ACC-01808,Yallappa Poojary,56,56-65,MALE,42963000000035020,Chikkamagaluru Rural,"Runner, broadcasting/film/video",2,2025-08-07,2025-12-24,,,2026-07-15 14:36:44,2026-07-15 14:36:44,SYSTEM_SEED,SYSTEM_SEED
ACC-01809,Savitramma Kulkarni,41,36-45,FEMALE,42963000000035042,Vijayanagara Taluk HQ,Manufacturing systems engineer,1,2022-06-02,2022-06-02,,,2026-07-15 14:36:44,2026-07-15 14:36:44,SYSTEM_SEED,SYSTEM_SEED
ACC-01810,Lokesh Urs,65,56-65,MALE,42963000000035033,Mysuru Rural,Community pharmacist,1,2023-03-31,2023-03-31,,,2026-07-15 14:36:44,2026-07-15 14:36:44,SYSTEM_SEED,SYSTEM_SEED
ACC-01811,Yallappa Devadiga,54,46-55,MALE,42963000000035028,Kalaburagi Taluk HQ,Art gallery manager,1,2024-12-14,2024-12-14,,,2026-07-15 14:36:44,2026-07-15 14:36:44,SYSTEM_SEED,SYSTEM_SEED
ACC-01812,Vanya Misra,24,18-25,FEMALE,42963000000035018,Chamarajanagar North,"Teacher, primary school",1,2025-08-30,2025-08-30,,,2026-07-15 14:36:44,2026-07-15 14:36:44,SYSTEM_SEED,SYSTEM_SEED
ACC-01813,Utkarsh Nori,35,26-35,MALE,42963000000035017,Bidar West,Fashion designer,1,2024-11-13,2024-11-13,,,2026-07-15 14:36:44,2026-07-15 14:36:44,SYSTEM_SEED,SYSTEM_SEED
ACC-01814,Jayamma Poojary,38,36-45,FEMALE,42963000000035026,Hassan Taluk HQ,Television camera operator,1,2021-05-23,2021-05-23,,,2026-07-15 14:36:44,2026-07-15 14:36:44,SYSTEM_SEED,SYSTEM_SEED
ACC-01815,Parth Mistry,34,26-35,MALE,42963000000035040,Vijayapura North,Higher education careers adviser,1,2022-09-13,2022-09-13,,,2026-07-15 14:36:44,2026-07-15 14:36:44,SYSTEM_SEED,SYSTEM_SEED
ACC-01816,Ranbir Venkatesh,19,18-25,MALE,42963000000035016,Bengaluru Urban Taluk HQ,Firefighter,1,2023-09-16,2023-09-16,,,2026-07-15 14:36:44,2026-07-15 14:36:44,SYSTEM_SEED,SYSTEM_SEED
ACC-01817,Nihal Varty,45,36-45,MALE,42963000000035016,Bengaluru Urban East,Television floor manager,1,2022-12-14,2022-12-14,,,2026-07-15 14:36:44,2026-07-15 14:36:44,SYSTEM_SEED,SYSTEM_SEED
ACC-01818,Kariyappa Achar,32,26-35,MALE,42963000000035027,Haveri West,"Engineer, automotive",1,2022-08-16,2022-08-16,,,2026-07-15 14:36:44,2026-07-15 14:36:44,SYSTEM_SEED,SYSTEM_SEED
ACC-01819,Utkarsh Chaudhari,21,18-25,MALE,42963000000035024,Dharwad Taluk HQ,Data processing manager,1,2025-01-21,2025-01-21,,,2026-07-15 14:36:44,2026-07-15 14:36:44,SYSTEM_SEED,SYSTEM_SEED
ACC-01820,Samesh Bumb,45,36-45,MALE,42963000000035023,Davanagere East,Chief Executive Officer,1,2024-09-22,2024-09-22,,,2026-07-15 14:36:44,2026-07-15 14:36:44,SYSTEM_SEED,SYSTEM_SEED
ACC-01821,Simon De,32,26-35,MALE,42963000000035016,Bengaluru Urban West,Publishing copy,1,2021-09-22,2021-09-22,,,2026-07-15 14:36:44,2026-07-15 14:36:44,SYSTEM_SEED,SYSTEM_SEED
ACC-01822,Puttaswamy Shetty,59,56-65,MALE,42963000000035040,Vijayapura North,"Engineer, site",1,2025-11-09,2025-11-09,,,2026-07-15 14:36:44,2026-07-15 14:36:44,SYSTEM_SEED,SYSTEM_SEED
ACC-01823,Prakash Gowda,61,56-65,MALE,42963000000035030,Kolar North,Product designer,1,2023-07-07,2023-07-07,,,2026-07-15 14:36:44,2026-07-15 14:36:44,SYSTEM_SEED,SYSTEM_SEED
ACC-01824,Qasim Vora,21,18-25,MALE,42963000000035016,Bengaluru Urban East,Operational researcher,1,2022-02-25,2022-02-25,,,2026-07-15 14:36:44,2026-07-15 14:36:44,SYSTEM_SEED,SYSTEM_SEED
ACC-01825,Kevin Tara,49,46-55,MALE,42963000000035027,Haveri East,Pharmacologist,1,2022-11-04,2022-11-04,,,2026-07-15 14:36:44,2026-07-15 14:36:44,SYSTEM_SEED,SYSTEM_SEED
ACC-01826,Yash Saha,41,36-45,MALE,42963000000035023,Davanagere West,"Designer, textile",2,2021-02-13,2021-06-29,,,2026-07-15 14:36:44,2026-07-15 14:36:44,SYSTEM_SEED,SYSTEM_SEED
ACC-01827,Zayyan Datta,22,18-25,MALE,42963000000035022,Dakshina Kannada South,Radio producer,1,2022-02-09,2022-02-09,,,2026-07-15 14:36:44,2026-07-15 14:36:44,SYSTEM_SEED,SYSTEM_SEED
ACC-01828,Eiravati Varghese,41,36-45,FEMALE,42963000000035020,Chikkamagaluru North,Seismic interpreter,1,2021-11-21,2021-11-21,,,2026-07-15 14:36:44,2026-07-15 14:36:44,SYSTEM_SEED,SYSTEM_SEED
ACC-01829,Nagaraj Devadiga,34,26-35,MALE,42963000000035024,Dharwad East,Commercial/residential surveyor,1,2021-11-11,2021-11-11,,,2026-07-15 14:36:44,2026-07-15 14:36:44,SYSTEM_SEED,SYSTEM_SEED
ACC-01830,Vedant Solanki,18,18-25,MALE,42963000000035015,Bengaluru Rural Taluk HQ,Amenity horticulturist,1,2024-04-03,2024-04-03,,,2026-07-15 14:36:44,2026-07-15 14:36:44,SYSTEM_SEED,SYSTEM_SEED
ACC-01831,Shanthakumari Bhat,50,46-55,FEMALE,42963000000035016,Bengaluru Urban North,"Designer, graphic",2,2023-10-19,2024-06-14,,,2026-07-15 14:36:44,2026-07-15 14:36:44,SYSTEM_SEED,SYSTEM_SEED
ACC-01832,Gopalakrishna Devadiga,24,18-25,MALE,42963000000035024,Dharwad North,"Surveyor, land/geomatics",1,2021-07-18,2021-07-18,,,2026-07-15 14:36:44,2026-07-15 14:36:44,SYSTEM_SEED,SYSTEM_SEED
ACC-01833,Dhriti Rege,45,36-45,FEMALE,42963000000035025,Gadag West,Clinical molecular geneticist,1,2024-04-03,2024-04-03,,,2026-07-15 14:36:44,2026-07-15 14:36:44,SYSTEM_SEED,SYSTEM_SEED
ACC-01834,Reva Mann,24,18-25,FEMALE,42963000000035035,Ramanagara East,Architect,1,2023-03-29,2023-03-29,,,2026-07-15 14:36:44,2026-07-15 14:36:44,SYSTEM_SEED,SYSTEM_SEED
ACC-01835,Gangamma Rai,24,18-25,FEMALE,42963000000035016,Bengaluru Urban Rural,"Scientist, research (medical)",1,2024-08-24,2024-08-24,,,2026-07-15 14:36:44,2026-07-15 14:36:44,SYSTEM_SEED,SYSTEM_SEED
ACC-01836,Chandrashekar Reddy,21,18-25,MALE,42963000000035024,Dharwad East,"Designer, ceramics/pottery",1,2023-09-14,2023-09-14,,,2026-07-15 14:36:44,2026-07-15 14:36:44,SYSTEM_SEED,SYSTEM_SEED
ACC-01837,Ria Mody,24,18-25,FEMALE,42963000000035018,Chamarajanagar North,Minerals surveyor,1,2021-07-11,2021-07-11,,,2026-07-15 14:36:44,2026-07-15 14:36:44,SYSTEM_SEED,SYSTEM_SEED
ACC-01838,Prakash Rai,39,36-45,MALE,42963000000035014,Belagavi West,Immunologist,1,2025-09-05,2025-09-05,,,2026-07-15 14:36:44,2026-07-15 14:36:44,SYSTEM_SEED,SYSTEM_SEED
ACC-01839,Ravindranath Naik,35,26-35,MALE,42963000000035024,Dharwad Taluk HQ,Hospital pharmacist,1,2021-08-10,2021-08-10,,,2026-07-15 14:36:44,2026-07-15 14:36:44,SYSTEM_SEED,SYSTEM_SEED
ACC-01840,Shanthakumari Naik,63,56-65,FEMALE,42963000000035017,Bidar South,"Radiographer, diagnostic",1,2023-04-10,2023-04-10,,,2026-07-15 14:36:44,2026-07-15 14:36:44,SYSTEM_SEED,SYSTEM_SEED
ACC-01841,Ekbal Dhar,52,46-55,MALE,42963000000035037,Tumakuru East,Theme park manager,1,2024-09-01,2024-09-01,,,2026-07-15 14:36:44,2026-07-15 14:36:44,SYSTEM_SEED,SYSTEM_SEED
ACC-01842,Arjun Mody,45,36-45,MALE,42963000000035032,Mandya East,Herpetologist,1,2022-09-20,2022-09-20,,,2026-07-15 14:36:44,2026-07-15 14:36:44,SYSTEM_SEED,SYSTEM_SEED
ACC-01843,Gavin Suresh,19,18-25,MALE,42963000000035017,Bidar South,"Accountant, chartered",1,2025-06-05,2025-06-05,,,2026-07-15 14:36:44,2026-07-15 14:36:44,SYSTEM_SEED,SYSTEM_SEED
ACC-01844,Owen Bir,30,26-35,MALE,42963000000035042,Vijayanagara North,Armed forces operational officer,1,2024-09-04,2024-09-04,,,2026-07-15 14:36:44,2026-07-15 14:36:44,SYSTEM_SEED,SYSTEM_SEED
ACC-01845,Warda Mukherjee,56,56-65,FEMALE,42963000000035022,Dakshina Kannada East,Systems developer,1,2023-05-18,2023-05-18,,,2026-07-15 14:36:44,2026-07-15 14:36:44,SYSTEM_SEED,SYSTEM_SEED
ACC-01846,Om Purohit,34,26-35,MALE,42963000000035036,Shivamogga East,Public relations officer,1,2023-03-01,2023-03-01,,,2026-07-15 14:36:44,2026-07-15 14:36:44,SYSTEM_SEED,SYSTEM_SEED
ACC-01847,Ekapad Thaman,27,26-35,MALE,42963000000035014,Belagavi West,Psychiatrist,1,2023-08-22,2023-08-22,,,2026-07-15 14:36:44,2026-07-15 14:36:44,SYSTEM_SEED,SYSTEM_SEED
ACC-01848,Udarsh Dixit,33,26-35,MALE,42963000000035036,Shivamogga East,"Journalist, magazine",1,2025-02-24,2025-02-24,,,2026-07-15 14:36:44,2026-07-15 14:36:44,SYSTEM_SEED,SYSTEM_SEED
ACC-01849,Samarth Ram,19,18-25,MALE,42963000000035013,Ballari East,"Exhibitions officer, museum/gallery",1,2021-04-25,2021-04-25,,,2026-07-15 14:36:44,2026-07-15 14:36:44,SYSTEM_SEED,SYSTEM_SEED
ACC-01850,Puttaswamy Nayak,44,36-45,MALE,42963000000035023,Davanagere West,Nutritional therapist,1,2021-03-03,2021-03-03,,,2026-07-15 14:36:44,2026-07-15 14:36:44,SYSTEM_SEED,SYSTEM_SEED
ACC-01851,Arin Savant,19,18-25,MALE,42963000000035033,Mysuru Taluk HQ,Health physicist,2,2021-11-14,2025-07-12,,,2026-07-15 14:36:44,2026-07-15 14:36:44,SYSTEM_SEED,SYSTEM_SEED
ACC-01852,Fitan Bakshi,46,46-55,MALE,42963000000035028,Kalaburagi Taluk HQ,"Teacher, music",1,2024-07-05,2024-07-05,,,2026-07-15 14:36:44,2026-07-15 14:36:44,SYSTEM_SEED,SYSTEM_SEED
ACC-01853,David Chada,34,26-35,MALE,42963000000035013,Ballari South,"Engineer, automotive",2,2021-04-25,2025-01-26,,,2026-07-15 14:36:44,2026-07-15 14:36:44,SYSTEM_SEED,SYSTEM_SEED
ACC-01854,Girindra Soni,55,46-55,MALE,42963000000035018,Chamarajanagar West,Retail buyer,1,2024-08-08,2024-08-08,,,2026-07-15 14:36:44,2026-07-15 14:36:44,SYSTEM_SEED,SYSTEM_SEED
ACC-01855,Darpan Wali,22,18-25,MALE,42963000000035035,Ramanagara Rural,Education administrator,2,2021-03-14,2023-11-30,,,2026-07-15 14:36:44,2026-07-15 14:36:44,SYSTEM_SEED,SYSTEM_SEED
ACC-01856,Basavaraj Rai,63,56-65,MALE,42963000000035030,Kolar North,Advertising account executive,1,2025-10-04,2025-10-04,,,2026-07-15 14:36:44,2026-07-15 14:36:44,SYSTEM_SEED,SYSTEM_SEED
ACC-01857,Kariyappa Gowda,60,56-65,MALE,42963000000035042,Vijayanagara South,Haematologist,2,2023-04-17,2025-07-16,,,2026-07-15 14:36:44,2026-07-15 14:36:44,SYSTEM_SEED,SYSTEM_SEED
ACC-01858,Yallappa Shetty,57,56-65,MALE,42963000000035029,Kodagu Rural,"Engineer, land",1,2022-12-12,2022-12-12,,,2026-07-15 14:36:44,2026-07-15 14:36:44,SYSTEM_SEED,SYSTEM_SEED
ACC-01859,Tristan Chad,56,56-65,MALE,42963000000035035,Ramanagara East,"Social research officer, government",1,2024-09-22,2024-09-22,,,2026-07-15 14:36:44,2026-07-15 14:36:44,SYSTEM_SEED,SYSTEM_SEED
ACC-01860,Sai Bath,56,56-65,MALE,42963000000035025,Gadag North,Regulatory affairs officer,1,2024-07-14,2024-07-14,,,2026-07-15 14:36:44,2026-07-15 14:36:44,SYSTEM_SEED,SYSTEM_SEED
ACC-01861,Panini Sarkar,59,56-65,FEMALE,42963000000035014,Belagavi East,Education administrator,2,2021-06-18,2024-08-19,,,2026-07-15 14:36:44,2026-07-15 14:36:44,SYSTEM_SEED,SYSTEM_SEED
ACC-01862,Advik Wable,61,56-65,MALE,42963000000035016,Bengaluru Urban West,Investment analyst,1,2024-04-12,2024-04-12,,,2026-07-15 14:36:44,2026-07-15 14:36:44,SYSTEM_SEED,SYSTEM_SEED
ACC-01863,Savitramma Hegde,53,46-55,FEMALE,42963000000035033,Mysuru North,Museum/gallery exhibitions officer,1,2024-09-11,2024-09-11,,,2026-07-15 14:36:44,2026-07-15 14:36:44,SYSTEM_SEED,SYSTEM_SEED
ACC-01864,Chakradev Contractor,31,26-35,MALE,42963000000035024,Dharwad East,Child psychotherapist,1,2025-02-10,2025-02-10,,,2026-07-15 14:36:44,2026-07-15 14:36:44,SYSTEM_SEED,SYSTEM_SEED
ACC-01865,Kariyappa Setty,48,46-55,MALE,42963000000035027,Haveri South,Special educational needs teacher,1,2024-12-08,2024-12-08,,,2026-07-15 14:36:44,2026-07-15 14:36:44,SYSTEM_SEED,SYSTEM_SEED
ACC-01866,Luke Dhawan,45,36-45,MALE,42963000000035016,Bengaluru Urban West,"Education officer, museum",1,2025-03-09,2025-03-09,,,2026-07-15 14:36:44,2026-07-15 14:36:44,SYSTEM_SEED,SYSTEM_SEED
ACC-01867,Yashodamma Hegde,60,56-65,FEMALE,42963000000035028,Kalaburagi West,Freight forwarder,1,2025-02-28,2025-02-28,,,2026-07-15 14:36:44,2026-07-15 14:36:44,SYSTEM_SEED,SYSTEM_SEED
ACC-01868,Nagaveni Naik,46,46-55,FEMALE,42963000000035035,Ramanagara East,Chartered public finance accountant,1,2023-04-02,2023-04-02,,,2026-07-15 14:36:44,2026-07-15 14:36:44,SYSTEM_SEED,SYSTEM_SEED
ACC-01869,Chandrashekar Bhat,60,56-65,MALE,42963000000035016,Bengaluru Urban East,"Designer, exhibition/display",2,2022-11-03,2025-09-04,,,2026-07-15 14:36:44,2026-07-15 14:36:44,SYSTEM_SEED,SYSTEM_SEED
ACC-01870,Shivakumar Gowda,52,46-55,MALE,42963000000035036,Shivamogga North,Information systems manager,1,2023-09-07,2023-09-07,,,2026-07-15 14:36:44,2026-07-15 14:36:44,SYSTEM_SEED,SYSTEM_SEED
ACC-01871,Nagaveni Hegde,60,56-65,FEMALE,42963000000035031,Koppal West,Orthoptist,1,2024-11-20,2024-11-20,,,2026-07-15 14:36:44,2026-07-15 14:36:44,SYSTEM_SEED,SYSTEM_SEED
ACC-01872,Ayushman Nanda,23,18-25,MALE,42963000000035018,Chamarajanagar West,"Education officer, community",1,2023-10-31,2023-10-31,,,2026-07-15 14:36:44,2026-07-15 14:36:44,SYSTEM_SEED,SYSTEM_SEED
ACC-01873,Barkha Misra,54,46-55,FEMALE,42963000000035025,Gadag West,Newspaper journalist,1,2022-02-08,2022-02-08,,,2026-07-15 14:36:44,2026-07-15 14:36:44,SYSTEM_SEED,SYSTEM_SEED
ACC-01874,Nathaniel Dhar,46,46-55,MALE,42963000000035038,Udupi Taluk HQ,Passenger transport manager,2,2022-11-19,2024-08-04,,,2026-07-15 14:36:44,2026-07-15 14:36:44,SYSTEM_SEED,SYSTEM_SEED
ACC-01875,Kai Prashad,46,46-55,MALE,42963000000035041,Yadgir West,Community arts worker,1,2025-12-29,2025-12-29,,,2026-07-15 14:36:44,2026-07-15 14:36:44,SYSTEM_SEED,SYSTEM_SEED
ACC-01876,Isha Khatri,50,46-55,FEMALE,42963000000035029,Kodagu Rural,"Therapist, speech and language",1,2025-11-13,2025-11-13,,,2026-07-15 14:36:44,2026-07-15 14:36:44,SYSTEM_SEED,SYSTEM_SEED
ACC-01877,Yatin Trivedi,50,46-55,MALE,42963000000035013,Ballari Taluk HQ,Retail merchandiser,1,2022-01-17,2022-01-17,,,2026-07-15 14:36:44,2026-07-15 14:36:44,SYSTEM_SEED,SYSTEM_SEED
ACC-01878,Dakshesh Luthra,52,46-55,MALE,42963000000035040,Vijayapura South,"Biochemist, clinical",1,2024-08-22,2024-08-22,,,2026-07-15 14:36:44,2026-07-15 14:36:44,SYSTEM_SEED,SYSTEM_SEED
ACC-01879,Vedika Ray,52,46-55,FEMALE,42963000000035016,Bengaluru Urban East,Brewing technologist,1,2025-11-23,2025-11-23,,,2026-07-15 14:36:44,2026-07-15 14:36:44,SYSTEM_SEED,SYSTEM_SEED
ACC-01880,Akshay Reddy,40,36-45,MALE,42963000000035025,Gadag North,Facilities manager,1,2021-10-10,2021-10-10,,,2026-07-15 14:36:44,2026-07-15 14:36:44,SYSTEM_SEED,SYSTEM_SEED
ACC-01881,Lipika Chaudhuri,54,46-55,FEMALE,42963000000035042,Vijayanagara South,Fine artist,2,2022-06-13,2024-06-21,,,2026-07-15 14:36:44,2026-07-15 14:36:44,SYSTEM_SEED,SYSTEM_SEED
ACC-01882,Max Ray,46,46-55,MALE,42963000000035040,Vijayapura Taluk HQ,Product designer,2,2021-08-01,2025-05-15,,,2026-07-15 14:36:44,2026-07-15 14:36:44,SYSTEM_SEED,SYSTEM_SEED
ACC-01883,Sureshgowda Rai,19,18-25,MALE,42963000000035019,Chikballapur East,Charity officer,1,2021-11-09,2021-11-09,,,2026-07-15 14:36:44,2026-07-15 14:36:44,SYSTEM_SEED,SYSTEM_SEED
ACC-01884,Ekta Prakash,60,56-65,FEMALE,42963000000035015,Bengaluru Rural North,"Sound technician, broadcasting/film/video",1,2025-10-27,2025-10-27,,,2026-07-15 14:36:44,2026-07-15 14:36:44,SYSTEM_SEED,SYSTEM_SEED
ACC-01885,Ravindranath Hegde,42,36-45,MALE,42963000000035027,Haveri Rural,Dispensing optician,1,2025-05-19,2025-05-19,,,2026-07-15 14:36:44,2026-07-15 14:36:44,SYSTEM_SEED,SYSTEM_SEED
ACC-01886,Sunandamma Nayak,60,56-65,FEMALE,42963000000035014,Belagavi West,Financial trader,1,2024-04-03,2024-04-03,,,2026-07-15 14:36:44,2026-07-15 14:36:44,SYSTEM_SEED,SYSTEM_SEED
ACC-01887,Upkaar Barman,35,26-35,MALE,42963000000035034,Raichur East,Accommodation manager,2,2022-03-03,2023-03-31,,,2026-07-15 14:36:44,2026-07-15 14:36:44,SYSTEM_SEED,SYSTEM_SEED
ACC-01888,Ravindranath Achar,53,46-55,MALE,42963000000035039,Uttara Kannada Rural,"Psychologist, forensic",1,2025-01-25,2025-01-25,,,2026-07-15 14:36:44,2026-07-15 14:36:44,SYSTEM_SEED,SYSTEM_SEED
ACC-01889,Chandrashekar Achar,48,46-55,MALE,42963000000035031,Koppal South,Web designer,1,2025-08-27,2025-08-27,,,2026-07-15 14:36:44,2026-07-15 14:36:44,SYSTEM_SEED,SYSTEM_SEED
ACC-01890,Chandrakala Setty,32,26-35,FEMALE,42963000000035033,Mysuru West,Horticultural consultant,2,2023-01-09,2025-10-29,,,2026-07-15 14:36:44,2026-07-15 14:36:44,SYSTEM_SEED,SYSTEM_SEED
ACC-01891,Aachal Bhasin,45,36-45,FEMALE,42963000000035016,Bengaluru Urban East,Race relations officer,1,2023-05-14,2023-05-14,,,2026-07-15 14:36:44,2026-07-15 14:36:44,SYSTEM_SEED,SYSTEM_SEED
ACC-01892,Prakash Nayak,53,46-55,MALE,42963000000035030,Kolar Rural,Government social research officer,1,2021-05-23,2021-05-23,,,2026-07-15 14:36:44,2026-07-15 14:36:44,SYSTEM_SEED,SYSTEM_SEED
ACC-01893,Ravindranath Rai,53,46-55,MALE,42963000000035027,Haveri Taluk HQ,"Therapist, sports",1,2024-05-02,2024-05-02,,,2026-07-15 14:36:44,2026-07-15 14:36:44,SYSTEM_SEED,SYSTEM_SEED
ACC-01894,Ranveer Panchal,47,46-55,MALE,42963000000035028,Kalaburagi Rural,"Engineer, petroleum",2,2024-02-21,2025-05-28,,,2026-07-15 14:36:44,2026-07-15 14:36:44,SYSTEM_SEED,SYSTEM_SEED
ACC-01895,Chandrashekar Achar,60,56-65,MALE,42963000000035030,Kolar East,Textile designer,1,2023-11-29,2023-11-29,,,2026-07-15 14:36:44,2026-07-15 14:36:44,SYSTEM_SEED,SYSTEM_SEED
ACC-01896,Arin Edwin,62,56-65,MALE,42963000000035030,Kolar East,"Social research officer, government",1,2023-07-31,2023-07-31,,,2026-07-15 14:36:44,2026-07-15 14:36:44,SYSTEM_SEED,SYSTEM_SEED
ACC-01897,Mason Chakraborty,42,36-45,MALE,42963000000035026,Hassan West,Nutritional therapist,1,2023-01-08,2023-01-08,,,2026-07-15 14:36:44,2026-07-15 14:36:44,SYSTEM_SEED,SYSTEM_SEED
ACC-01898,Ekaraj Mammen,45,36-45,MALE,42963000000035013,Ballari South,Podiatrist,2,2021-02-01,2024-12-04,,,2026-07-15 14:36:44,2026-07-15 14:36:44,SYSTEM_SEED,SYSTEM_SEED
ACC-01899,Vasanthamma Rai,27,26-35,FEMALE,42963000000035014,Belagavi Taluk HQ,"Engineer, materials",1,2025-12-10,2025-12-10,,,2026-07-15 14:36:44,2026-07-15 14:36:44,SYSTEM_SEED,SYSTEM_SEED
ACC-01900,Onveer Lal,42,36-45,MALE,42963000000035016,Bengaluru Urban South,Production manager,2,2022-01-16,2024-10-10,,,2026-07-15 14:36:44,2026-07-15 14:36:44,SYSTEM_SEED,SYSTEM_SEED
ACC-01901,Jason Nagy,55,46-55,MALE,42963000000035033,Mysuru East,Licensed conveyancer,1,2021-05-28,2021-05-28,,,2026-07-15 14:36:44,2026-07-15 14:36:44,SYSTEM_SEED,SYSTEM_SEED
ACC-01902,Thimmaiah Achar,35,26-35,MALE,42963000000035026,Hassan North,"Engineer, materials",1,2024-12-07,2024-12-07,,,2026-07-15 14:36:44,2026-07-15 14:36:44,SYSTEM_SEED,SYSTEM_SEED
ACC-01903,Omya Babu,35,26-35,FEMALE,42963000000035026,Hassan West,Contracting civil engineer,1,2024-11-27,2024-11-27,,,2026-07-15 14:36:44,2026-07-15 14:36:44,SYSTEM_SEED,SYSTEM_SEED
ACC-01904,Wazir Agrawal,32,26-35,MALE,42963000000035029,Kodagu North,Acupuncturist,1,2025-12-16,2025-12-16,,,2026-07-15 14:36:44,2026-07-15 14:36:44,SYSTEM_SEED,SYSTEM_SEED
ACC-01905,Thimmaiah Devadiga,34,26-35,MALE,42963000000035022,Dakshina Kannada West,Early years teacher,1,2024-09-17,2024-09-17,,,2026-07-15 14:36:44,2026-07-15 14:36:44,SYSTEM_SEED,SYSTEM_SEED
ACC-01906,Chandrakala Hegde,54,46-55,FEMALE,42963000000035014,Belagavi South,Patent attorney,1,2022-02-02,2022-02-02,,,2026-07-15 14:36:44,2026-07-15 14:36:44,SYSTEM_SEED,SYSTEM_SEED
ACC-01907,Ronith Yohannan,22,18-25,MALE,42963000000035017,Bidar West,Ceramics designer,1,2025-06-22,2025-06-22,,,2026-07-15 14:36:44,2026-07-15 14:36:44,SYSTEM_SEED,SYSTEM_SEED
ACC-01908,Amruta Saxena,64,56-65,FEMALE,42963000000035018,Chamarajanagar West,Community pharmacist,1,2024-11-10,2024-11-10,,,2026-07-15 14:36:44,2026-07-15 14:36:44,SYSTEM_SEED,SYSTEM_SEED
ACC-01909,Raghav Parmar,58,56-65,MALE,42963000000035035,Ramanagara North,Naval architect,1,2023-10-30,2023-10-30,,,2026-07-15 14:36:44,2026-07-15 14:36:44,SYSTEM_SEED,SYSTEM_SEED
ACC-01910,Sureshgowda Urs,63,56-65,MALE,42963000000035022,Dakshina Kannada East,"Editor, film/video",2,2021-09-06,2023-08-17,,,2026-07-15 14:36:44,2026-07-15 14:36:44,SYSTEM_SEED,SYSTEM_SEED
ACC-01911,Diya Shere,18,18-25,FEMALE,42963000000035022,Dakshina Kannada Taluk HQ,Metallurgist,1,2023-07-06,2023-07-06,,,2026-07-15 14:36:44,2026-07-15 14:36:44,SYSTEM_SEED,SYSTEM_SEED
ACC-01912,Vamakshi Andra,34,26-35,FEMALE,42963000000035021,Chitradurga East,Environmental consultant,1,2023-11-25,2023-11-25,,,2026-07-15 14:36:44,2026-07-15 14:36:44,SYSTEM_SEED,SYSTEM_SEED
ACC-01913,Logan Parmar,39,36-45,MALE,42963000000035034,Raichur North,"Engineer, agricultural",1,2023-11-10,2023-11-10,,,2026-07-15 14:36:44,2026-07-15 14:36:44,SYSTEM_SEED,SYSTEM_SEED
ACC-01914,Prakash Devadiga,41,36-45,MALE,42963000000035039,Uttara Kannada North,Chemical engineer,1,2023-09-24,2023-09-24,,,2026-07-15 14:36:44,2026-07-15 14:36:44,SYSTEM_SEED,SYSTEM_SEED
ACC-01915,Pushpalatha Nayak,34,26-35,FEMALE,42963000000035016,Bengaluru Urban Taluk HQ,Visual merchandiser,1,2023-03-12,2023-03-12,,,2026-07-15 14:36:44,2026-07-15 14:36:44,SYSTEM_SEED,SYSTEM_SEED
ACC-01916,Yashodamma Reddy,30,26-35,FEMALE,42963000000035032,Mandya East,Immunologist,1,2023-12-19,2023-12-19,,,2026-07-15 14:36:44,2026-07-15 14:36:44,SYSTEM_SEED,SYSTEM_SEED
ACC-01917,Jackson Tak,22,18-25,MALE,42963000000035024,Dharwad Rural,Medical laboratory scientific officer,1,2024-05-02,2024-05-02,,,2026-07-15 14:36:44,2026-07-15 14:36:44,SYSTEM_SEED,SYSTEM_SEED
ACC-01918,Nagaraj Achar,22,18-25,MALE,42963000000035033,Mysuru West,Animator,1,2023-09-04,2023-09-04,,,2026-07-15 14:36:44,2026-07-15 14:36:44,SYSTEM_SEED,SYSTEM_SEED
ACC-01919,Yatin Kadakia,54,46-55,MALE,42963000000035033,Mysuru West,Actor,1,2021-12-20,2021-12-20,,,2026-07-15 14:36:44,2026-07-15 14:36:44,SYSTEM_SEED,SYSTEM_SEED
ACC-01920,Rudra Choudhry,52,46-55,MALE,42963000000035041,Yadgir East,Health physicist,1,2021-04-28,2021-04-28,,,2026-07-15 14:36:44,2026-07-15 14:36:44,SYSTEM_SEED,SYSTEM_SEED
ACC-01921,Nagaveni Hegde,47,46-55,FEMALE,42963000000035036,Shivamogga East,"Teacher, adult education",1,2022-01-19,2022-01-19,,,2026-07-15 14:36:44,2026-07-15 14:36:44,SYSTEM_SEED,SYSTEM_SEED
ACC-01922,Frederick Hari,35,26-35,MALE,42963000000035023,Davanagere Taluk HQ,Systems developer,1,2021-05-26,2021-05-26,,,2026-07-15 14:36:44,2026-07-15 14:36:44,SYSTEM_SEED,SYSTEM_SEED
ACC-01923,Bhavini Dave,32,26-35,FEMALE,42963000000035036,Shivamogga East,Bookseller,1,2025-06-27,2025-06-27,,,2026-07-15 14:36:44,2026-07-15 14:36:44,SYSTEM_SEED,SYSTEM_SEED
ACC-01924,Shivakumar Achar,58,56-65,MALE,42963000000035022,Dakshina Kannada Rural,Conference centre manager,1,2025-09-18,2025-09-18,,,2026-07-15 14:36:44,2026-07-15 14:36:44,SYSTEM_SEED,SYSTEM_SEED
ACC-01925,Ishaan Virk,52,46-55,MALE,42963000000035029,Kodagu Rural,Graphic designer,1,2023-04-21,2023-04-21,,,2026-07-15 14:36:44,2026-07-15 14:36:44,SYSTEM_SEED,SYSTEM_SEED
ACC-01926,Alka Walia,55,46-55,FEMALE,42963000000035022,Dakshina Kannada East,Volunteer coordinator,1,2023-01-23,2023-01-23,,,2026-07-15 14:36:44,2026-07-15 14:36:44,SYSTEM_SEED,SYSTEM_SEED
ACC-01927,Prakash Urs,37,36-45,MALE,42963000000035040,Vijayapura Taluk HQ,Forensic psychologist,1,2023-03-07,2023-03-07,,,2026-07-15 14:36:44,2026-07-15 14:36:44,SYSTEM_SEED,SYSTEM_SEED
ACC-01928,Puttaswamy Setty,38,36-45,MALE,42963000000035022,Dakshina Kannada Rural,"Surveyor, minerals",1,2025-06-01,2025-06-01,,,2026-07-15 14:36:44,2026-07-15 14:36:44,SYSTEM_SEED,SYSTEM_SEED
ACC-01929,Aarav Sane,21,18-25,MALE,42963000000035015,Bengaluru Rural Rural,Associate Professor,1,2022-10-31,2022-10-31,,,2026-07-15 14:36:44,2026-07-15 14:36:44,SYSTEM_SEED,SYSTEM_SEED
ACC-01930,Sunandamma Rai,56,56-65,FEMALE,42963000000035032,Mandya North,IT trainer,1,2023-11-30,2023-11-30,,,2026-07-15 14:36:44,2026-07-15 14:36:44,SYSTEM_SEED,SYSTEM_SEED
ACC-01931,Samar Mahal,62,56-65,MALE,42963000000035040,Vijayapura Taluk HQ,Community development worker,1,2023-07-23,2023-07-23,,,2026-07-15 14:36:44,2026-07-15 14:36:44,SYSTEM_SEED,SYSTEM_SEED
ACC-01932,Yug Pathak,40,36-45,MALE,42963000000035016,Bengaluru Urban East,"Scientist, forensic",1,2023-06-22,2023-06-22,,,2026-07-15 14:36:44,2026-07-15 14:36:44,SYSTEM_SEED,SYSTEM_SEED
ACC-01933,Girijamma Bhat,61,56-65,FEMALE,42963000000035033,Mysuru West,Armed forces logistics/support/administrative officer,1,2024-08-16,2024-08-16,,,2026-07-15 14:36:44,2026-07-15 14:36:44,SYSTEM_SEED,SYSTEM_SEED
ACC-01934,Shanthakumari Urs,43,36-45,FEMALE,42963000000035017,Bidar Rural,Environmental manager,2,2022-05-22,2023-03-20,,,2026-07-15 14:36:44,2026-07-15 14:36:44,SYSTEM_SEED,SYSTEM_SEED
ACC-01935,Liam Salvi,26,26-35,MALE,42963000000035015,Bengaluru Rural South,Site engineer,1,2025-12-18,2025-12-18,,,2026-07-15 14:36:44,2026-07-15 14:36:44,SYSTEM_SEED,SYSTEM_SEED
ACC-01936,Akkamahadevi Gowda,41,36-45,FEMALE,42963000000035028,Kalaburagi Taluk HQ,"Production assistant, radio",1,2023-09-19,2023-09-19,,,2026-07-15 14:36:44,2026-07-15 14:36:44,SYSTEM_SEED,SYSTEM_SEED
ACC-01937,Aarnav Ramanathan,56,56-65,MALE,42963000000035031,Koppal North,"Engineer, broadcasting (operations)",1,2022-04-11,2022-04-11,,,2026-07-15 14:36:44,2026-07-15 14:36:44,SYSTEM_SEED,SYSTEM_SEED
ACC-01938,Chaitaly Bakshi,37,36-45,FEMALE,42963000000035025,Gadag North,Equities trader,1,2023-01-20,2023-01-20,,,2026-07-15 14:36:44,2026-07-15 14:36:44,SYSTEM_SEED,SYSTEM_SEED
ACC-01939,Ravindranath Nayak,21,18-25,MALE,42963000000035020,Chikkamagaluru South,Pharmacologist,1,2025-03-28,2025-03-28,,,2026-07-15 14:36:44,2026-07-15 14:36:44,SYSTEM_SEED,SYSTEM_SEED
ACC-01940,Jeet Hegde,65,56-65,MALE,42963000000035037,Tumakuru East,"Development worker, international aid",1,2024-09-25,2024-09-25,,,2026-07-15 14:36:44,2026-07-15 14:36:44,SYSTEM_SEED,SYSTEM_SEED
ACC-01941,Shivakumar Shetty,49,46-55,MALE,42963000000035023,Davanagere North,Landscape architect,1,2024-06-08,2024-06-08,,,2026-07-15 14:36:44,2026-07-15 14:36:44,SYSTEM_SEED,SYSTEM_SEED
ACC-01942,Bhavika Chatterjee,18,18-25,FEMALE,42963000000035035,Ramanagara South,Air broker,2,2021-01-18,2025-01-21,,,2026-07-15 14:36:44,2026-07-15 14:36:44,SYSTEM_SEED,SYSTEM_SEED
ACC-01943,Tarak Bajwa,45,36-45,MALE,42963000000035037,Tumakuru East,"Therapist, drama",1,2024-07-25,2024-07-25,,,2026-07-15 14:36:44,2026-07-15 14:36:44,SYSTEM_SEED,SYSTEM_SEED
ACC-01944,Siddalingaiah Setty,39,36-45,MALE,42963000000035026,Hassan South,"Lecturer, higher education",1,2022-08-23,2022-08-23,,,2026-07-15 14:36:44,2026-07-15 14:36:44,SYSTEM_SEED,SYSTEM_SEED
ACC-01945,Thimmaiah Setty,38,36-45,MALE,42963000000035041,Yadgir West,Fitness centre manager,1,2023-02-03,2023-02-03,,,2026-07-15 14:36:44,2026-07-15 14:36:44,SYSTEM_SEED,SYSTEM_SEED
ACC-01946,Raghavendra Shetty,19,18-25,MALE,42963000000035023,Davanagere East,Firefighter,1,2025-06-03,2025-06-03,,,2026-07-15 14:36:44,2026-07-15 14:36:44,SYSTEM_SEED,SYSTEM_SEED
ACC-01947,Warjas Khare,42,36-45,MALE,42963000000035034,Raichur North,"Librarian, public",1,2023-08-26,2023-08-26,,,2026-07-15 14:36:44,2026-07-15 14:36:44,SYSTEM_SEED,SYSTEM_SEED
ACC-01948,Harish Reddy,44,36-45,MALE,42963000000035022,Dakshina Kannada Rural,Audiological scientist,1,2022-01-24,2022-01-24,,,2026-07-15 14:36:44,2026-07-15 14:36:44,SYSTEM_SEED,SYSTEM_SEED
ACC-01949,Chandrashekar Gowda,39,36-45,MALE,42963000000035028,Kalaburagi Rural,"Lecturer, further education",1,2021-01-27,2021-01-27,,,2026-07-15 14:36:44,2026-07-15 14:36:44,SYSTEM_SEED,SYSTEM_SEED
ACC-01950,Balhaar Sarna,61,56-65,MALE,42963000000035023,Davanagere Taluk HQ,Chief of Staff,1,2024-10-30,2024-10-30,,,2026-07-15 14:36:44,2026-07-15 14:36:44,SYSTEM_SEED,SYSTEM_SEED
ACC-01951,Siddalingaiah Reddy,29,26-35,MALE,42963000000035016,Bengaluru Urban East,Product manager,1,2024-03-20,2024-03-20,,,2026-07-15 14:36:44,2026-07-15 14:36:44,SYSTEM_SEED,SYSTEM_SEED
ACC-01952,Jagadish Setty,62,56-65,MALE,42963000000035031,Koppal South,Technical sales engineer,1,2021-12-01,2021-12-01,,,2026-07-15 14:36:44,2026-07-15 14:36:44,SYSTEM_SEED,SYSTEM_SEED
ACC-01953,Gopalakrishna Naik,57,56-65,MALE,42963000000035014,Belagavi South,Company secretary,1,2021-08-03,2021-08-03,,,2026-07-15 14:36:44,2026-07-15 14:36:44,SYSTEM_SEED,SYSTEM_SEED
ACC-01954,Thimmaiah Kulkarni,63,56-65,MALE,42963000000035042,Vijayanagara South,Chartered certified accountant,1,2021-02-21,2021-02-21,,,2026-07-15 14:36:44,2026-07-15 14:36:44,SYSTEM_SEED,SYSTEM_SEED
ACC-01955,Anay Purohit,52,46-55,MALE,42963000000035034,Raichur Taluk HQ,Intelligence analyst,2,2021-10-03,2022-09-22,,,2026-07-15 14:36:44,2026-07-15 14:36:44,SYSTEM_SEED,SYSTEM_SEED
ACC-01956,Eesha Bhatia,18,18-25,FEMALE,42963000000035033,Mysuru Taluk HQ,Private music teacher,1,2024-06-12,2024-06-12,,,2026-07-15 14:36:44,2026-07-15 14:36:44,SYSTEM_SEED,SYSTEM_SEED
ACC-01957,Matthew Sankaran,24,18-25,MALE,42963000000035024,Dharwad East,Brewing technologist,1,2025-05-28,2025-05-28,,,2026-07-15 14:36:44,2026-07-15 14:36:44,SYSTEM_SEED,SYSTEM_SEED
ACC-01958,Ayaan Ben,48,46-55,MALE,42963000000035033,Mysuru North,Hospital pharmacist,1,2023-09-05,2023-09-05,,,2026-07-15 14:36:44,2026-07-15 14:36:44,SYSTEM_SEED,SYSTEM_SEED
ACC-01959,Girijamma Rai,30,26-35,FEMALE,42963000000035037,Tumakuru East,Museum/gallery curator,1,2023-07-31,2023-07-31,,,2026-07-15 14:36:44,2026-07-15 14:36:44,SYSTEM_SEED,SYSTEM_SEED
ACC-01960,Jagadish Urs,18,18-25,MALE,42963000000035040,Vijayapura East,Operational investment banker,1,2025-10-24,2025-10-24,,,2026-07-15 14:36:44,2026-07-15 14:36:44,SYSTEM_SEED,SYSTEM_SEED
ACC-01961,Samesh Kaul,34,26-35,MALE,42963000000035037,Tumakuru East,Tour manager,1,2022-03-12,2022-03-12,,,2026-07-15 14:36:44,2026-07-15 14:36:44,SYSTEM_SEED,SYSTEM_SEED
ACC-01962,Kariyappa Gowda,22,18-25,MALE,42963000000035016,Bengaluru Urban North,Youth worker,1,2022-06-30,2022-06-30,,,2026-07-15 14:36:44,2026-07-15 14:36:44,SYSTEM_SEED,SYSTEM_SEED
ACC-01963,Utkarsh Rajagopalan,51,46-55,MALE,42963000000035018,Chamarajanagar East,"Psychologist, forensic",1,2025-09-28,2025-09-28,,,2026-07-15 14:36:44,2026-07-15 14:36:44,SYSTEM_SEED,SYSTEM_SEED
ACC-01964,Yallappa Urs,39,36-45,MALE,42963000000035018,Chamarajanagar East,Phytotherapist,1,2022-10-31,2022-10-31,,,2026-07-15 14:36:44,2026-07-15 14:36:44,SYSTEM_SEED,SYSTEM_SEED
ACC-01965,Omkaar Bal,52,46-55,MALE,42963000000035013,Ballari Rural,Professor Emeritus,1,2024-07-20,2024-07-20,,,2026-07-15 14:36:44,2026-07-15 14:36:44,SYSTEM_SEED,SYSTEM_SEED
ACC-01966,Thimmakka Naik,28,26-35,FEMALE,42963000000035022,Dakshina Kannada South,"Scientist, forensic",1,2021-07-04,2021-07-04,,,2026-07-15 14:36:44,2026-07-15 14:36:44,SYSTEM_SEED,SYSTEM_SEED
ACC-01967,Inaya Chokshi,26,26-35,FEMALE,42963000000035016,Bengaluru Urban North,"Civil engineer, contracting",2,2021-09-12,2024-10-28,,,2026-07-15 14:36:44,2026-07-15 14:36:44,SYSTEM_SEED,SYSTEM_SEED
ACC-01968,Nagaraj Gowda,50,46-55,MALE,42963000000035021,Chitradurga Taluk HQ,"Administrator, charities/voluntary organisations",1,2021-04-30,2021-04-30,,,2026-07-15 14:36:44,2026-07-15 14:36:44,SYSTEM_SEED,SYSTEM_SEED
ACC-01969,Rathnamma Shetty,61,56-65,FEMALE,42963000000035040,Vijayapura Rural,"Therapist, nutritional",1,2021-03-14,2021-03-14,,,2026-07-15 14:36:44,2026-07-15 14:36:44,SYSTEM_SEED,SYSTEM_SEED
ACC-01970,Lokesh Kulkarni,47,46-55,MALE,42963000000035022,Dakshina Kannada Taluk HQ,Broadcast journalist,1,2025-08-09,2025-08-09,,,2026-07-15 14:36:44,2026-07-15 14:36:44,SYSTEM_SEED,SYSTEM_SEED
ACC-01971,Siddalingaiah Shetty,25,18-25,MALE,42963000000035016,Bengaluru Urban West,"Therapist, horticultural",1,2023-10-25,2023-10-25,,,2026-07-15 14:36:44,2026-07-15 14:36:44,SYSTEM_SEED,SYSTEM_SEED
ACC-01972,Dev Upadhyay,57,56-65,MALE,42963000000035033,Mysuru East,Furniture conservator/restorer,1,2024-07-17,2024-07-17,,,2026-07-15 14:36:44,2026-07-15 14:36:44,SYSTEM_SEED,SYSTEM_SEED
ACC-01973,Shivansh Srivastava,61,56-65,MALE,42963000000035040,Vijayapura Taluk HQ,Web designer,1,2022-03-10,2022-03-10,,,2026-07-15 14:36:44,2026-07-15 14:36:44,SYSTEM_SEED,SYSTEM_SEED
ACC-01974,Idika Kibe,46,46-55,FEMALE,42963000000035024,Dharwad North,"Copywriter, advertising",1,2021-04-08,2021-04-08,,,2026-07-15 14:36:44,2026-07-15 14:36:44,SYSTEM_SEED,SYSTEM_SEED
ACC-01975,Ayushman Datta,33,26-35,MALE,42963000000035031,Koppal Rural,Insurance underwriter,1,2023-11-18,2023-11-18,,,2026-07-15 14:36:44,2026-07-15 14:36:44,SYSTEM_SEED,SYSTEM_SEED
ACC-01976,Lakshmamma Kulkarni,65,56-65,FEMALE,42963000000035016,Bengaluru Urban West,Television/film/video producer,1,2024-03-13,2024-03-13,,,2026-07-15 14:36:44,2026-07-15 14:36:44,SYSTEM_SEED,SYSTEM_SEED
ACC-01977,Chandrakala Devadiga,52,46-55,FEMALE,42963000000035022,Dakshina Kannada South,Press photographer,1,2022-10-03,2022-10-03,,,2026-07-15 14:36:44,2026-07-15 14:36:44,SYSTEM_SEED,SYSTEM_SEED
ACC-01978,Nachiket Dhingra,63,56-65,MALE,42963000000035012,Bagalkot Taluk HQ,Data processing manager,1,2021-08-30,2021-08-30,,,2026-07-15 14:36:44,2026-07-15 14:36:44,SYSTEM_SEED,SYSTEM_SEED
ACC-01979,Nilima Oza,56,56-65,FEMALE,42963000000035034,Raichur Taluk HQ,"Horticulturist, amenity",1,2024-11-04,2024-11-04,,,2026-07-15 14:36:44,2026-07-15 14:36:44,SYSTEM_SEED,SYSTEM_SEED
ACC-01980,Aayush Vasa,34,26-35,MALE,42963000000035021,Chitradurga Taluk HQ,Theatre director,1,2023-08-07,2023-08-07,,,2026-07-15 14:36:44,2026-07-15 14:36:44,SYSTEM_SEED,SYSTEM_SEED
ACC-01981,Ayush Khanna,42,36-45,MALE,42963000000035029,Kodagu North,"Runner, broadcasting/film/video",1,2025-04-12,2025-04-12,,,2026-07-15 14:36:44,2026-07-15 14:36:44,SYSTEM_SEED,SYSTEM_SEED
ACC-01982,Udyati Padmanabhan,38,36-45,FEMALE,42963000000035033,Mysuru North,"Engineer, building services",2,2024-09-03,2024-11-08,,,2026-07-15 14:36:44,2026-07-15 14:36:44,SYSTEM_SEED,SYSTEM_SEED
ACC-01983,Mahadevi Shetty,35,26-35,FEMALE,42963000000035029,Kodagu Taluk HQ,"Engineer, control and instrumentation",2,2024-09-05,2025-10-15,,,2026-07-15 14:36:44,2026-07-15 14:36:44,SYSTEM_SEED,SYSTEM_SEED
ACC-01984,Bakhshi Om,20,18-25,MALE,42963000000035037,Tumakuru Rural,Energy engineer,1,2024-05-08,2024-05-08,,,2026-07-15 14:36:44,2026-07-15 14:36:44,SYSTEM_SEED,SYSTEM_SEED
ACC-01985,Ravindranath Devadiga,65,56-65,MALE,42963000000035015,Bengaluru Rural East,Publishing copy,1,2021-11-28,2021-11-28,,,2026-07-15 14:36:44,2026-07-15 14:36:44,SYSTEM_SEED,SYSTEM_SEED
ACC-01986,Noah Nayak,50,46-55,MALE,42963000000035020,Chikkamagaluru East,Warden/ranger,1,2021-12-23,2021-12-23,,,2026-07-15 14:36:44,2026-07-15 14:36:44,SYSTEM_SEED,SYSTEM_SEED
ACC-01987,Nagaraj Nayak,40,36-45,MALE,42963000000035042,Vijayanagara South,Hydrographic surveyor,1,2022-01-18,2022-01-18,,,2026-07-15 14:36:44,2026-07-15 14:36:44,SYSTEM_SEED,SYSTEM_SEED
ACC-01988,Veeranna Poojary,34,26-35,MALE,42963000000035019,Chikballapur West,Personal assistant,1,2022-11-03,2022-11-03,,,2026-07-15 14:36:44,2026-07-15 14:36:44,SYSTEM_SEED,SYSTEM_SEED
ACC-01989,Finn Cheema,41,36-45,MALE,42963000000035032,Mandya West,"Programme researcher, broadcasting/film/video",2,2021-06-25,2022-04-01,,,2026-07-15 14:36:44,2026-07-15 14:36:44,SYSTEM_SEED,SYSTEM_SEED
ACC-01990,Yug Kanda,31,26-35,MALE,42963000000035024,Dharwad Taluk HQ,"Accountant, chartered certified",1,2021-02-19,2021-02-19,,,2026-07-15 14:36:44,2026-07-15 14:36:44,SYSTEM_SEED,SYSTEM_SEED
ACC-01991,Ishwar Shukla,18,18-25,MALE,42963000000035030,Kolar Rural,Youth worker,1,2021-02-03,2021-02-03,,,2026-07-15 14:36:44,2026-07-15 14:36:44,SYSTEM_SEED,SYSTEM_SEED
ACC-01992,Kashvi Srivastava,60,56-65,FEMALE,42963000000035021,Chitradurga Taluk HQ,Learning disability nurse,1,2021-08-23,2021-08-23,,,2026-07-15 14:36:44,2026-07-15 14:36:44,SYSTEM_SEED,SYSTEM_SEED
ACC-01993,Ishanvi Ratta,27,26-35,FEMALE,42963000000035026,Hassan West,Educational psychologist,1,2021-01-04,2021-01-04,,,2026-07-15 14:36:44,2026-07-15 14:36:44,SYSTEM_SEED,SYSTEM_SEED
ACC-01994,Pratyush Anne,60,56-65,MALE,42963000000035018,Chamarajanagar East,"Buyer, retail",1,2022-07-15,2022-07-15,,,2026-07-15 14:36:44,2026-07-15 14:36:44,SYSTEM_SEED,SYSTEM_SEED
ACC-01995,Alexander Contractor,57,56-65,MALE,42963000000035027,Haveri West,Curator,1,2022-07-25,2022-07-25,,,2026-07-15 14:36:44,2026-07-15 14:36:44,SYSTEM_SEED,SYSTEM_SEED
ACC-01996,Channabasappa Gowda,51,46-55,MALE,42963000000035025,Gadag South,Horticultural therapist,2,2023-01-28,2023-05-01,,,2026-07-15 14:36:44,2026-07-15 14:36:44,SYSTEM_SEED,SYSTEM_SEED
ACC-01997,Indali Parsa,38,36-45,FEMALE,42963000000035024,Dharwad East,Armed forces logistics/support/administrative officer,2,2023-04-02,2024-12-21,,,2026-07-15 14:36:44,2026-07-15 14:36:44,SYSTEM_SEED,SYSTEM_SEED
ACC-01998,Hardik Hora,24,18-25,MALE,42963000000035019,Chikballapur North,Herpetologist,1,2025-11-16,2025-11-16,,,2026-07-15 14:36:44,2026-07-15 14:36:44,SYSTEM_SEED,SYSTEM_SEED
ACC-01999,Gopalakrishna Kulkarni,34,26-35,MALE,42963000000035022,Dakshina Kannada Rural,Ecologist,1,2023-05-12,2023-05-12,,,2026-07-15 14:36:44,2026-07-15 14:36:44,SYSTEM_SEED,SYSTEM_SEED
ACC-02000,Lekha Ghosh,56,56-65,FEMALE,42963000000035026,Hassan Rural,"Librarian, academic",1,2021-01-25,2021-01-25,,,2026-07-15 14:36:44,2026-07-15 14:36:44,SYSTEM_SEED,SYSTEM_SEED
ACC-02001,Lokesh Kulkarni,34,26-35,MALE,42963000000035016,Bengaluru Urban West,"Surveyor, building",2,2021-07-29,2025-08-25,,,2026-07-15 14:36:44,2026-07-15 14:36:44,SYSTEM_SEED,SYSTEM_SEED
ACC-02002,Gaurav Hayre,59,56-65,MALE,42963000000035018,Chamarajanagar West,Advertising copywriter,1,2024-11-05,2024-11-05,,,2026-07-15 14:36:44,2026-07-15 14:36:44,SYSTEM_SEED,SYSTEM_SEED
ACC-02003,Lekha Chaudhuri,33,26-35,FEMALE,42963000000035018,Chamarajanagar North,Advertising art director,2,2024-02-24,2024-09-16,,,2026-07-15 14:36:44,2026-07-15 14:36:44,SYSTEM_SEED,SYSTEM_SEED
ACC-02004,Ranveer Choudhry,25,18-25,MALE,42963000000035042,Vijayanagara East,Lexicographer,1,2023-07-12,2023-07-12,,,2026-07-15 14:36:44,2026-07-15 14:36:44,SYSTEM_SEED,SYSTEM_SEED
ACC-02005,Michael Shan,19,18-25,MALE,42963000000035022,Dakshina Kannada West,Film/video editor,1,2024-12-01,2024-12-01,,,2026-07-15 14:36:44,2026-07-15 14:36:44,SYSTEM_SEED,SYSTEM_SEED
ACC-02006,Ria Garg,31,26-35,FEMALE,42963000000035042,Vijayanagara West,Secretary/administrator,1,2024-10-02,2024-10-02,,,2026-07-15 14:36:44,2026-07-15 14:36:44,SYSTEM_SEED,SYSTEM_SEED
ACC-02007,Bachittar Dani,21,18-25,MALE,42963000000035033,Mysuru North,Cytogeneticist,1,2025-12-10,2025-12-10,,,2026-07-15 14:36:44,2026-07-15 14:36:44,SYSTEM_SEED,SYSTEM_SEED
ACC-02008,Harish Gowda,28,26-35,MALE,42963000000035016,Bengaluru Urban North,"Conservator, furniture",1,2023-11-30,2023-11-30,,,2026-07-15 14:36:44,2026-07-15 14:36:44,SYSTEM_SEED,SYSTEM_SEED
ACC-02009,Gopalakrishna Urs,32,26-35,MALE,42963000000035016,Bengaluru Urban West,Energy manager,1,2025-12-24,2025-12-24,,,2026-07-15 14:36:44,2026-07-15 14:36:44,SYSTEM_SEED,SYSTEM_SEED
ACC-02010,Chandrashekar Gowda,42,36-45,MALE,42963000000035024,Dharwad West,"Engineer, agricultural",2,2023-05-23,2024-08-14,,,2026-07-15 14:36:44,2026-07-15 14:36:44,SYSTEM_SEED,SYSTEM_SEED
ACC-02011,Rachit Nadkarni,58,56-65,MALE,42963000000035028,Kalaburagi Rural,Tour manager,1,2022-11-29,2022-11-29,,,2026-07-15 14:36:44,2026-07-15 14:36:44,SYSTEM_SEED,SYSTEM_SEED
ACC-02012,Vasanthamma Hegde,48,46-55,FEMALE,42963000000035033,Mysuru South,"Pilot, airline",1,2022-03-16,2022-03-16,,,2026-07-15 14:36:44,2026-07-15 14:36:44,SYSTEM_SEED,SYSTEM_SEED
ACC-02013,Arin Gulati,30,26-35,MALE,42963000000035022,Dakshina Kannada South,Social worker,1,2023-10-05,2023-10-05,,,2026-07-15 14:36:44,2026-07-15 14:36:44,SYSTEM_SEED,SYSTEM_SEED
ACC-02014,Vasanthamma Shetty,21,18-25,FEMALE,42963000000035039,Uttara Kannada South,Hospital pharmacist,1,2023-06-14,2023-06-14,,,2026-07-15 14:36:44,2026-07-15 14:36:44,SYSTEM_SEED,SYSTEM_SEED
ACC-02015,Nihal Kota,59,56-65,MALE,42963000000035018,Chamarajanagar West,Astronomer,1,2025-03-11,2025-03-11,,,2026-07-15 14:36:44,2026-07-15 14:36:44,SYSTEM_SEED,SYSTEM_SEED
ACC-02016,Dev Trivedi,50,46-55,MALE,42963000000035033,Mysuru South,Television/film/video producer,2,2021-06-06,2024-01-05,,,2026-07-15 14:36:44,2026-07-15 14:36:44,SYSTEM_SEED,SYSTEM_SEED
ACC-02017,Jagrati Bumb,44,36-45,FEMALE,42963000000035034,Raichur West,"Psychotherapist, dance movement",1,2022-07-06,2022-07-06,,,2026-07-15 14:36:44,2026-07-15 14:36:44,SYSTEM_SEED,SYSTEM_SEED
ACC-02018,Shivakumar Kulkarni,59,56-65,MALE,42963000000035016,Bengaluru Urban West,Volunteer coordinator,1,2025-10-06,2025-10-06,,,2026-07-15 14:36:44,2026-07-15 14:36:44,SYSTEM_SEED,SYSTEM_SEED
ACC-02019,Fiyaz Trivedi,38,36-45,MALE,42963000000035036,Shivamogga Taluk HQ,Network engineer,1,2024-05-14,2024-05-14,,,2026-07-15 14:36:44,2026-07-15 14:36:44,SYSTEM_SEED,SYSTEM_SEED
ACC-02020,Zaid Venkataraman,18,18-25,MALE,42963000000035017,Bidar Taluk HQ,"Psychologist, forensic",1,2022-06-28,2022-06-28,,,2026-07-15 14:36:44,2026-07-15 14:36:44,SYSTEM_SEED,SYSTEM_SEED
ACC-02021,Naveen Prakash,47,46-55,MALE,42963000000035036,Shivamogga North,Secondary school teacher,1,2022-10-15,2022-10-15,,,2026-07-15 14:36:44,2026-07-15 14:36:44,SYSTEM_SEED,SYSTEM_SEED
ACC-02022,Yug Som,18,18-25,MALE,42963000000035022,Dakshina Kannada South,"Geologist, wellsite",1,2025-06-30,2025-06-30,,,2026-07-15 14:36:44,2026-07-15 14:36:44,SYSTEM_SEED,SYSTEM_SEED
ACC-02023,Andrew Johal,65,56-65,MALE,42963000000035028,Kalaburagi Taluk HQ,English as a foreign language teacher,1,2021-12-27,2021-12-27,,,2026-07-15 14:36:44,2026-07-15 14:36:44,SYSTEM_SEED,SYSTEM_SEED
ACC-02024,Upkaar Keer,39,36-45,MALE,42963000000035012,Bagalkot East,Occupational hygienist,1,2022-01-27,2022-01-27,,,2026-07-15 14:36:44,2026-07-15 14:36:44,SYSTEM_SEED,SYSTEM_SEED
ACC-02025,Niharika Sandal,45,36-45,FEMALE,42963000000035041,Yadgir East,Multimedia programmer,1,2025-03-01,2025-03-01,,,2026-07-15 14:36:44,2026-07-15 14:36:44,SYSTEM_SEED,SYSTEM_SEED
ACC-02026,Ravindranath Rai,35,26-35,MALE,42963000000035015,Bengaluru Rural South,"Teacher, music",2,2021-03-31,2023-09-13,,,2026-07-15 14:36:44,2026-07-15 14:36:44,SYSTEM_SEED,SYSTEM_SEED
ACC-02027,Rachit Kumar,23,18-25,MALE,42963000000035033,Mysuru North,Statistician,1,2023-08-29,2023-08-29,,,2026-07-15 14:36:44,2026-07-15 14:36:44,SYSTEM_SEED,SYSTEM_SEED
ACC-02028,Ekani Chad,36,36-45,FEMALE,42963000000035012,Bagalkot South,Hotel manager,1,2023-06-17,2023-06-17,,,2026-07-15 14:36:44,2026-07-15 14:36:44,SYSTEM_SEED,SYSTEM_SEED
ACC-02029,Yochana Pandey,24,18-25,FEMALE,42963000000035022,Dakshina Kannada West,Event organiser,1,2022-08-03,2022-08-03,,,2026-07-15 14:36:44,2026-07-15 14:36:44,SYSTEM_SEED,SYSTEM_SEED
ACC-02030,Viraj Vala,35,26-35,MALE,42963000000035033,Mysuru West,Wellsite geologist,1,2022-05-22,2022-05-22,,,2026-07-15 14:36:44,2026-07-15 14:36:44,SYSTEM_SEED,SYSTEM_SEED
ACC-02031,Tanay Seshadri,57,56-65,MALE,42963000000035012,Bagalkot North,"Psychologist, sport and exercise",1,2024-08-12,2024-08-12,,,2026-07-15 14:36:44,2026-07-15 14:36:44,SYSTEM_SEED,SYSTEM_SEED
ACC-02032,Veeranna Naik,45,36-45,MALE,42963000000035023,Davanagere East,Podiatrist,1,2021-09-28,2021-09-28,,,2026-07-15 14:36:44,2026-07-15 14:36:44,SYSTEM_SEED,SYSTEM_SEED
ACC-02033,Qarin Tank,52,46-55,MALE,42963000000035033,Mysuru East,Investment analyst,1,2023-12-11,2023-12-11,,,2026-07-15 14:36:44,2026-07-15 14:36:44,SYSTEM_SEED,SYSTEM_SEED
ACC-02034,Rayaan Bakshi,28,26-35,MALE,42963000000035022,Dakshina Kannada Taluk HQ,Editorial assistant,1,2024-03-30,2024-03-30,,,2026-07-15 14:36:44,2026-07-15 14:36:44,SYSTEM_SEED,SYSTEM_SEED
ACC-02035,Jackson Lanka,51,46-55,MALE,42963000000035018,Chamarajanagar West,Call centre manager,1,2023-05-07,2023-05-07,,,2026-07-15 14:36:44,2026-07-15 14:36:44,SYSTEM_SEED,SYSTEM_SEED
ACC-02036,Benjamin Menon,51,46-55,MALE,42963000000035038,Udupi East,Retail banker,1,2025-12-07,2025-12-07,,,2026-07-15 14:36:44,2026-07-15 14:36:44,SYSTEM_SEED,SYSTEM_SEED
ACC-02037,Manya Kari,51,46-55,FEMALE,42963000000035042,Vijayanagara East,Chief Technology Officer,1,2025-12-17,2025-12-17,,,2026-07-15 14:36:44,2026-07-15 14:36:44,SYSTEM_SEED,SYSTEM_SEED
ACC-02038,Yallappa Reddy,57,56-65,MALE,42963000000035014,Belagavi North,Commissioning editor,1,2024-08-31,2024-08-31,,,2026-07-15 14:36:44,2026-07-15 14:36:44,SYSTEM_SEED,SYSTEM_SEED
ACC-02039,Siddalingaiah Reddy,41,36-45,MALE,42963000000035024,Dharwad Taluk HQ,Building surveyor,1,2025-09-14,2025-09-14,,,2026-07-15 14:36:44,2026-07-15 14:36:44,SYSTEM_SEED,SYSTEM_SEED
ACC-02040,Gopalakrishna Naik,62,56-65,MALE,42963000000035028,Kalaburagi East,Media buyer,1,2024-11-13,2024-11-13,,,2026-07-15 14:36:44,2026-07-15 14:36:44,SYSTEM_SEED,SYSTEM_SEED
ACC-02041,Thimmaiah Achar,62,56-65,MALE,42963000000035033,Mysuru West,Arboriculturist,1,2022-12-25,2022-12-25,,,2026-07-15 14:36:44,2026-07-15 14:36:44,SYSTEM_SEED,SYSTEM_SEED
ACC-02042,Gopalakrishna Bhat,29,26-35,MALE,42963000000035022,Dakshina Kannada Taluk HQ,Sports coach,1,2023-01-16,2023-01-16,,,2026-07-15 14:36:44,2026-07-15 14:36:44,SYSTEM_SEED,SYSTEM_SEED
ACC-02043,Gopalakrishna Setty,54,46-55,MALE,42963000000035022,Dakshina Kannada East,"Engineer, control and instrumentation",1,2022-10-05,2022-10-05,,,2026-07-15 14:36:44,2026-07-15 14:36:44,SYSTEM_SEED,SYSTEM_SEED
ACC-02044,Harish Devadiga,41,36-45,MALE,42963000000035022,Dakshina Kannada East,"Lecturer, further education",2,2021-11-18,2022-07-31,,,2026-07-15 14:36:44,2026-07-15 14:36:44,SYSTEM_SEED,SYSTEM_SEED
ACC-02045,Jagadish Devadiga,47,46-55,MALE,42963000000035020,Chikkamagaluru South,"Engineer, chemical",1,2024-03-27,2024-03-27,,,2026-07-15 14:36:44,2026-07-15 14:36:44,SYSTEM_SEED,SYSTEM_SEED
ACC-02046,Jeremiah Mittal,42,36-45,MALE,42963000000035028,Kalaburagi Taluk HQ,Haematologist,1,2025-03-25,2025-03-25,,,2026-07-15 14:36:44,2026-07-15 14:36:44,SYSTEM_SEED,SYSTEM_SEED
ACC-02047,Ekantika Lal,52,46-55,FEMALE,42963000000035031,Koppal West,Actuary,1,2024-10-02,2024-10-02,,,2026-07-15 14:36:44,2026-07-15 14:36:44,SYSTEM_SEED,SYSTEM_SEED
ACC-02048,Megha Pal,27,26-35,FEMALE,42963000000035019,Chikballapur West,Operations geologist,1,2021-03-03,2021-03-03,,,2026-07-15 14:36:44,2026-07-15 14:36:44,SYSTEM_SEED,SYSTEM_SEED
ACC-02049,Abha Sodhi,43,36-45,FEMALE,42963000000035040,Vijayapura North,Science writer,1,2024-03-19,2024-03-19,,,2026-07-15 14:36:44,2026-07-15 14:36:44,SYSTEM_SEED,SYSTEM_SEED
ACC-02050,Rushil Kari,28,26-35,MALE,42963000000035016,Bengaluru Urban South,Ergonomist,1,2021-04-10,2021-04-10,,,2026-07-15 14:36:44,2026-07-15 14:36:44,SYSTEM_SEED,SYSTEM_SEED
ACC-02051,Warjas Kaur,50,46-55,MALE,42963000000035028,Kalaburagi Rural,"Scientist, clinical (histocompatibility and immunogenetics)",1,2023-11-07,2023-11-07,,,2026-07-15 14:36:44,2026-07-15 14:36:44,SYSTEM_SEED,SYSTEM_SEED
ACC-02052,Jagadish Hegde,34,26-35,MALE,42963000000035033,Mysuru West,Theatre manager,1,2021-07-05,2021-07-05,,,2026-07-15 14:36:44,2026-07-15 14:36:44,SYSTEM_SEED,SYSTEM_SEED
ACC-02053,Chandrashekar Rai,40,36-45,MALE,42963000000035032,Mandya East,Sub,2,2021-06-02,2021-10-08,,,2026-07-15 14:36:44,2026-07-15 14:36:44,SYSTEM_SEED,SYSTEM_SEED
ACC-02054,Vedhika Oak,50,46-55,FEMALE,42963000000035016,Bengaluru Urban North,Chartered certified accountant,1,2024-03-21,2024-03-21,,,2026-07-15 14:36:44,2026-07-15 14:36:44,SYSTEM_SEED,SYSTEM_SEED
ACC-02055,Basavaraj Urs,26,26-35,MALE,42963000000035036,Shivamogga West,Intelligence analyst,1,2024-10-25,2024-10-25,,,2026-07-15 14:36:44,2026-07-15 14:36:44,SYSTEM_SEED,SYSTEM_SEED
ACC-02056,Savitramma Poojary,19,18-25,FEMALE,42963000000035040,Vijayapura Rural,Emergency planning/management officer,1,2024-11-03,2024-11-03,,,2026-07-15 14:36:44,2026-07-15 14:36:44,SYSTEM_SEED,SYSTEM_SEED
ACC-02057,Sathvik Kadakia,39,36-45,MALE,42963000000035023,Davanagere East,Print production planner,1,2021-06-14,2021-06-14,,,2026-07-15 14:36:44,2026-07-15 14:36:44,SYSTEM_SEED,SYSTEM_SEED
ACC-02058,Sureshgowda Naik,28,26-35,MALE,42963000000035017,Bidar West,"Production assistant, television",1,2025-11-28,2025-11-28,,,2026-07-15 14:36:44,2026-07-15 14:36:44,SYSTEM_SEED,SYSTEM_SEED
ACC-02059,Ridhi Dewan,28,26-35,FEMALE,42963000000035039,Uttara Kannada Rural,Technical brewer,1,2023-11-09,2023-11-09,,,2026-07-15 14:36:44,2026-07-15 14:36:44,SYSTEM_SEED,SYSTEM_SEED
ACC-02060,Thimmaiah Nayak,35,26-35,MALE,42963000000035012,Bagalkot West,"Conservation officer, historic buildings",1,2022-12-24,2022-12-24,,,2026-07-15 14:36:44,2026-07-15 14:36:44,SYSTEM_SEED,SYSTEM_SEED
ACC-02061,Sujathamma Poojary,29,26-35,FEMALE,42963000000035016,Bengaluru Urban Taluk HQ,Industrial/product designer,2,2023-10-02,2023-11-19,,,2026-07-15 14:36:44,2026-07-15 14:36:44,SYSTEM_SEED,SYSTEM_SEED
ACC-02062,Vasanthamma Setty,26,26-35,FEMALE,42963000000035042,Vijayanagara South,Acupuncturist,1,2024-04-29,2024-04-29,,,2026-07-15 14:36:44,2026-07-15 14:36:44,SYSTEM_SEED,SYSTEM_SEED
ACC-02063,Raghavendra Bhat,18,18-25,MALE,42963000000035024,Dharwad Rural,Restaurant manager,1,2022-07-14,2022-07-14,,,2026-07-15 14:36:44,2026-07-15 14:36:44,SYSTEM_SEED,SYSTEM_SEED
ACC-02064,Harish Achar,62,56-65,MALE,42963000000035033,Mysuru South,Marine scientist,1,2021-04-30,2021-04-30,,,2026-07-15 14:36:44,2026-07-15 14:36:44,SYSTEM_SEED,SYSTEM_SEED
ACC-02065,Isaiah Saini,18,18-25,MALE,42963000000035029,Kodagu Taluk HQ,"Physicist, medical",1,2025-05-03,2025-05-03,,,2026-07-15 14:36:44,2026-07-15 14:36:44,SYSTEM_SEED,SYSTEM_SEED
ACC-02066,Chandrakala Urs,60,56-65,FEMALE,42963000000035014,Belagavi Taluk HQ,Operations geologist,1,2022-12-24,2022-12-24,,,2026-07-15 14:36:44,2026-07-15 14:36:44,SYSTEM_SEED,SYSTEM_SEED
ACC-02067,Nicholas Bajaj,65,56-65,MALE,42963000000035022,Dakshina Kannada East,Tax inspector,1,2025-01-07,2025-01-07,,,2026-07-15 14:36:44,2026-07-15 14:36:44,SYSTEM_SEED,SYSTEM_SEED
ACC-02068,Chandrashekar Gowda,21,18-25,MALE,42963000000035035,Ramanagara East,Ambulance person,1,2025-12-07,2025-12-07,,,2026-07-15 14:36:44,2026-07-15 14:36:44,SYSTEM_SEED,SYSTEM_SEED
ACC-02069,Faraj Narayanan,22,18-25,MALE,42963000000035035,Ramanagara Rural,Tax inspector,1,2024-11-30,2024-11-30,,,2026-07-15 14:36:44,2026-07-15 14:36:44,SYSTEM_SEED,SYSTEM_SEED
ACC-02070,Sai Jayaraman,18,18-25,FEMALE,42963000000035012,Bagalkot Rural,"Nurse, adult",2,2024-07-15,2025-05-23,,,2026-07-15 14:36:44,2026-07-15 14:36:44,SYSTEM_SEED,SYSTEM_SEED
ACC-02071,Reyansh Guha,59,56-65,MALE,42963000000035015,Bengaluru Rural South,Public relations officer,1,2023-08-08,2023-08-08,,,2026-07-15 14:36:44,2026-07-15 14:36:44,SYSTEM_SEED,SYSTEM_SEED
ACC-02072,Nitesh Seth,53,46-55,MALE,42963000000035033,Mysuru North,Industrial buyer,1,2024-05-15,2024-05-15,,,2026-07-15 14:36:44,2026-07-15 14:36:44,SYSTEM_SEED,SYSTEM_SEED
ACC-02073,Harinakshi Chawla,59,56-65,FEMALE,42963000000035016,Bengaluru Urban East,Surgeon,1,2022-02-27,2022-02-27,,,2026-07-15 14:36:44,2026-07-15 14:36:44,SYSTEM_SEED,SYSTEM_SEED
ACC-02074,Anamika Suresh,44,36-45,FEMALE,42963000000035028,Kalaburagi East,Aid worker,1,2025-04-27,2025-04-27,,,2026-07-15 14:36:44,2026-07-15 14:36:44,SYSTEM_SEED,SYSTEM_SEED
ACC-02075,Sunandamma Setty,40,36-45,FEMALE,42963000000035016,Bengaluru Urban Taluk HQ,"Embryologist, clinical",2,2022-02-13,2023-09-09,,,2026-07-15 14:36:44,2026-07-15 14:36:44,SYSTEM_SEED,SYSTEM_SEED
ACC-02076,Girijamma Setty,44,36-45,FEMALE,42963000000035036,Shivamogga Rural,"Engineer, civil (contracting)",1,2024-10-13,2024-10-13,,,2026-07-15 14:36:44,2026-07-15 14:36:44,SYSTEM_SEED,SYSTEM_SEED
ACC-02077,Reyansh Mander,50,46-55,MALE,42963000000035039,Uttara Kannada North,"Engineer, land",1,2021-03-03,2021-03-03,,,2026-07-15 14:36:44,2026-07-15 14:36:44,SYSTEM_SEED,SYSTEM_SEED
ACC-02078,Gopalakrishna Gowda,37,36-45,MALE,42963000000035035,Ramanagara South,"Exhibitions officer, museum/gallery",1,2021-07-25,2021-07-25,,,2026-07-15 14:36:44,2026-07-15 14:36:44,SYSTEM_SEED,SYSTEM_SEED
ACC-02079,Veeranna Nayak,39,36-45,MALE,42963000000035013,Ballari West,"Horticulturist, amenity",1,2024-07-07,2024-07-07,,,2026-07-15 14:36:44,2026-07-15 14:36:44,SYSTEM_SEED,SYSTEM_SEED
ACC-02080,Sujathamma Shetty,43,36-45,FEMALE,42963000000035017,Bidar North,"Scientist, research (physical sciences)",1,2025-06-05,2025-06-05,,,2026-07-15 14:36:44,2026-07-15 14:36:44,SYSTEM_SEED,SYSTEM_SEED
ACC-02081,Manjunath Rai,64,56-65,MALE,42963000000035022,Dakshina Kannada North,Building control surveyor,1,2023-07-02,2023-07-02,,,2026-07-15 14:36:44,2026-07-15 14:36:44,SYSTEM_SEED,SYSTEM_SEED
ACC-02082,Ayush Pillay,44,36-45,MALE,42963000000035025,Gadag South,"Scientist, marine",1,2023-12-04,2023-12-04,,,2026-07-15 14:36:44,2026-07-15 14:36:44,SYSTEM_SEED,SYSTEM_SEED
ACC-02083,Harinakshi Narain,52,46-55,FEMALE,42963000000035024,Dharwad East,Paediatric nurse,1,2025-10-10,2025-10-10,,,2026-07-15 14:36:44,2026-07-15 14:36:44,SYSTEM_SEED,SYSTEM_SEED
ACC-02084,Nagaraj Shetty,30,26-35,MALE,42963000000035028,Kalaburagi West,"Nurse, adult",1,2025-05-24,2025-05-24,,,2026-07-15 14:36:44,2026-07-15 14:36:44,SYSTEM_SEED,SYSTEM_SEED
ACC-02085,Kaveri Rai,50,46-55,FEMALE,42963000000035017,Bidar North,"Designer, graphic",1,2024-08-31,2024-08-31,,,2026-07-15 14:36:44,2026-07-15 14:36:44,SYSTEM_SEED,SYSTEM_SEED
ACC-02086,Dhruv Yadav,42,36-45,MALE,42963000000035039,Uttara Kannada Rural,Personal assistant,1,2021-08-08,2021-08-08,,,2026-07-15 14:36:44,2026-07-15 14:36:44,SYSTEM_SEED,SYSTEM_SEED
ACC-02087,Chandrashekar Rai,37,36-45,MALE,42963000000035022,Dakshina Kannada South,Purchasing manager,1,2023-10-26,2023-10-26,,,2026-07-15 14:36:44,2026-07-15 14:36:44,SYSTEM_SEED,SYSTEM_SEED
ACC-02088,Saumya Jhaveri,21,18-25,FEMALE,42963000000035024,Dharwad South,"Conservator, furniture",1,2023-09-29,2023-09-29,,,2026-07-15 14:36:44,2026-07-15 14:36:44,SYSTEM_SEED,SYSTEM_SEED
ACC-02089,Channabasappa Rai,63,56-65,MALE,42963000000035014,Belagavi South,"Engineer, land",1,2022-03-18,2022-03-18,,,2026-07-15 14:36:44,2026-07-15 14:36:44,SYSTEM_SEED,SYSTEM_SEED
ACC-02090,Lokesh Achar,23,18-25,MALE,42963000000035022,Dakshina Kannada North,Insurance claims handler,1,2021-08-23,2021-08-23,,,2026-07-15 14:36:44,2026-07-15 14:36:44,SYSTEM_SEED,SYSTEM_SEED
ACC-02091,Vyanjana Dutt,64,56-65,FEMALE,42963000000035035,Ramanagara West,Trade mark attorney,1,2024-10-07,2024-10-07,,,2026-07-15 14:36:44,2026-07-15 14:36:44,SYSTEM_SEED,SYSTEM_SEED
ACC-02092,Chandrashekar Devadiga,39,36-45,MALE,42963000000035039,Uttara Kannada Rural,"Teacher, special educational needs",1,2024-12-15,2024-12-15,,,2026-07-15 14:36:44,2026-07-15 14:36:44,SYSTEM_SEED,SYSTEM_SEED
ACC-02093,Channabasappa Hegde,62,56-65,MALE,42963000000035021,Chitradurga North,Insurance claims handler,1,2021-12-23,2021-12-23,,,2026-07-15 14:36:44,2026-07-15 14:36:44,SYSTEM_SEED,SYSTEM_SEED
ACC-02094,Zayan Shanker,24,18-25,MALE,42963000000035041,Yadgir East,Health and safety adviser,1,2021-04-10,2021-04-10,,,2026-07-15 14:36:44,2026-07-15 14:36:44,SYSTEM_SEED,SYSTEM_SEED
ACC-02095,Basavaraj Naik,50,46-55,MALE,42963000000035040,Vijayapura South,"Engineer, drilling",1,2025-02-24,2025-02-24,,,2026-07-15 14:36:44,2026-07-15 14:36:44,SYSTEM_SEED,SYSTEM_SEED
ACC-02096,Ekbal Sehgal,36,36-45,MALE,42963000000035033,Mysuru East,Bonds trader,2,2022-11-23,2023-01-20,,,2026-07-15 14:36:44,2026-07-15 14:36:44,SYSTEM_SEED,SYSTEM_SEED
ACC-02097,Basavaraj Reddy,21,18-25,MALE,42963000000035032,Mandya Rural,Oceanographer,1,2022-08-28,2022-08-28,,,2026-07-15 14:36:44,2026-07-15 14:36:44,SYSTEM_SEED,SYSTEM_SEED
ACC-02098,Nagaraj Urs,57,56-65,MALE,42963000000035022,Dakshina Kannada Taluk HQ,Trade union research officer,1,2022-07-26,2022-07-26,,,2026-07-15 14:36:44,2026-07-15 14:36:44,SYSTEM_SEED,SYSTEM_SEED
ACC-02099,Gopalakrishna Nayak,61,56-65,MALE,42963000000035016,Bengaluru Urban North,Fine artist,1,2023-09-29,2023-09-29,,,2026-07-15 14:36:44,2026-07-15 14:36:44,SYSTEM_SEED,SYSTEM_SEED
ACC-02100,Yallappa Rai,29,26-35,MALE,42963000000035024,Dharwad Taluk HQ,Secondary school teacher,2,2021-09-17,2023-08-02,,,2026-07-15 14:36:44,2026-07-15 14:36:44,SYSTEM_SEED,SYSTEM_SEED
ACC-02101,Yatan Sharma,18,18-25,MALE,42963000000035016,Bengaluru Urban Rural,"Psychologist, counselling",2,2021-08-10,2023-03-08,,,2026-07-15 14:36:44,2026-07-15 14:36:44,SYSTEM_SEED,SYSTEM_SEED
ACC-02102,Lokesh Kulkarni,21,18-25,MALE,42963000000035014,Belagavi Rural,Teaching laboratory technician,1,2025-08-27,2025-08-27,,,2026-07-15 14:36:44,2026-07-15 14:36:44,SYSTEM_SEED,SYSTEM_SEED
ACC-02103,Yashodamma Shetty,29,26-35,FEMALE,42963000000035039,Uttara Kannada East,Archaeologist,1,2022-08-20,2022-08-20,,,2026-07-15 14:36:44,2026-07-15 14:36:44,SYSTEM_SEED,SYSTEM_SEED
ACC-02104,Siddalingaiah Shetty,58,56-65,MALE,42963000000035038,Udupi Taluk HQ,"Chemist, analytical",2,2021-03-08,2022-07-15,,,2026-07-15 14:36:44,2026-07-15 14:36:44,SYSTEM_SEED,SYSTEM_SEED
ACC-02105,Vedant Palan,49,46-55,MALE,42963000000035015,Bengaluru Rural North,Human resources officer,2,2025-06-28,2025-12-24,,,2026-07-15 14:36:44,2026-07-15 14:36:44,SYSTEM_SEED,SYSTEM_SEED
ACC-02106,Gagan Sagar,26,26-35,MALE,42963000000035024,Dharwad South,Fisheries officer,1,2025-02-16,2025-02-16,,,2026-07-15 14:36:44,2026-07-15 14:36:44,SYSTEM_SEED,SYSTEM_SEED
ACC-02107,Tarak Shankar,63,56-65,MALE,42963000000035033,Mysuru Rural,Music tutor,2,2024-05-02,2025-03-20,,,2026-07-15 14:36:44,2026-07-15 14:36:44,SYSTEM_SEED,SYSTEM_SEED
ACC-02108,Champak Ramaswamy,19,18-25,MALE,42963000000035039,Uttara Kannada Taluk HQ,Armed forces logistics/support/administrative officer,1,2023-08-11,2023-08-11,,,2026-07-15 14:36:44,2026-07-15 14:36:44,SYSTEM_SEED,SYSTEM_SEED
ACC-02109,Girijamma Poojary,21,18-25,FEMALE,42963000000035012,Bagalkot South,Film/video editor,1,2021-04-04,2021-04-04,,,2026-07-15 14:36:44,2026-07-15 14:36:44,SYSTEM_SEED,SYSTEM_SEED
ACC-02110,Laksh Yogi,64,56-65,MALE,42963000000035012,Bagalkot West,"Horticulturist, amenity",1,2022-08-30,2022-08-30,,,2026-07-15 14:36:44,2026-07-15 14:36:44,SYSTEM_SEED,SYSTEM_SEED
ACC-02111,Bhagyalakshmi Poojary,25,18-25,FEMALE,42963000000035012,Bagalkot East,Broadcast engineer,1,2021-03-30,2021-03-30,,,2026-07-15 14:36:44,2026-07-15 14:36:44,SYSTEM_SEED,SYSTEM_SEED
ACC-02112,Yatin Sabharwal,20,18-25,MALE,42963000000035025,Gadag South,Surgeon,1,2021-05-06,2021-05-06,,,2026-07-15 14:36:44,2026-07-15 14:36:44,SYSTEM_SEED,SYSTEM_SEED
ACC-02113,Channabasappa Hegde,22,18-25,MALE,42963000000035014,Belagavi North,Community development worker,2,2021-12-26,2023-07-10,,,2026-07-15 14:36:44,2026-07-15 14:36:44,SYSTEM_SEED,SYSTEM_SEED
ACC-02114,Balvan Cheema,59,56-65,MALE,42963000000035022,Dakshina Kannada North,Retail merchandiser,1,2021-03-10,2021-03-10,,,2026-07-15 14:36:44,2026-07-15 14:36:44,SYSTEM_SEED,SYSTEM_SEED
ACC-02115,Samarth Seshadri,52,46-55,MALE,42963000000035022,Dakshina Kannada North,"Development worker, international aid",1,2024-11-26,2024-11-26,,,2026-07-15 14:36:44,2026-07-15 14:36:44,SYSTEM_SEED,SYSTEM_SEED
ACC-02116,Chandrashekar Rai,41,36-45,MALE,42963000000035032,Mandya East,Forensic psychologist,1,2022-12-31,2022-12-31,,,2026-07-15 14:36:44,2026-07-15 14:36:44,SYSTEM_SEED,SYSTEM_SEED
ACC-02117,Zehaan Basu,22,18-25,MALE,42963000000035013,Ballari East,"Psychologist, counselling",1,2025-03-06,2025-03-06,,,2026-07-15 14:36:44,2026-07-15 14:36:44,SYSTEM_SEED,SYSTEM_SEED
ACC-02118,Basavaraj Reddy,54,46-55,MALE,42963000000035040,Vijayapura West,Aid worker,1,2025-06-09,2025-06-09,,,2026-07-15 14:36:44,2026-07-15 14:36:44,SYSTEM_SEED,SYSTEM_SEED
ACC-02119,Vihaan Raj,45,36-45,MALE,42963000000035040,Vijayapura West,Lobbyist,1,2021-10-02,2021-10-02,,,2026-07-15 14:36:44,2026-07-15 14:36:44,SYSTEM_SEED,SYSTEM_SEED
ACC-02120,Siddalingaiah Devadiga,21,18-25,MALE,42963000000035014,Belagavi South,Oceanographer,1,2023-01-09,2023-01-09,,,2026-07-15 14:36:44,2026-07-15 14:36:44,SYSTEM_SEED,SYSTEM_SEED
ACC-02121,Rushil Barad,20,18-25,MALE,42963000000035034,Raichur East,Administrator,1,2022-09-18,2022-09-18,,,2026-07-15 14:36:44,2026-07-15 14:36:44,SYSTEM_SEED,SYSTEM_SEED
ACC-02122,Deepa Deshpande,50,46-55,FEMALE,42963000000035019,Chikballapur Rural,"Journalist, newspaper",1,2023-11-20,2023-11-20,,,2026-07-15 14:36:44,2026-07-15 14:36:44,SYSTEM_SEED,SYSTEM_SEED
ACC-02123,Watika Shenoy,31,26-35,FEMALE,42963000000035031,Koppal South,Broadcast journalist,1,2025-10-06,2025-10-06,,,2026-07-15 14:36:44,2026-07-15 14:36:44,SYSTEM_SEED,SYSTEM_SEED
ACC-02124,Jairaj Sarma,37,36-45,MALE,42963000000035028,Kalaburagi South,Counselling psychologist,1,2021-08-14,2021-08-14,,,2026-07-15 14:36:44,2026-07-15 14:36:44,SYSTEM_SEED,SYSTEM_SEED
ACC-02125,Siddalingaiah Reddy,32,26-35,MALE,42963000000035012,Bagalkot North,Public affairs consultant,2,2021-06-17,2025-05-19,,,2026-07-15 14:36:44,2026-07-15 14:36:44,SYSTEM_SEED,SYSTEM_SEED
ACC-02126,Raghavendra Kulkarni,39,36-45,MALE,42963000000035021,Chitradurga Taluk HQ,Health promotion specialist,1,2022-06-23,2022-06-23,,,2026-07-15 14:36:44,2026-07-15 14:36:44,SYSTEM_SEED,SYSTEM_SEED
ACC-02127,Frederick Badami,22,18-25,MALE,42963000000035024,Dharwad South,Training and development officer,1,2021-09-23,2021-09-23,,,2026-07-15 14:36:44,2026-07-15 14:36:44,SYSTEM_SEED,SYSTEM_SEED
ACC-02128,Prakash Hegde,34,26-35,MALE,42963000000035016,Bengaluru Urban East,Chiropodist,1,2024-07-06,2024-07-06,,,2026-07-15 14:36:44,2026-07-15 14:36:44,SYSTEM_SEED,SYSTEM_SEED
ACC-02129,Manan Dash,52,46-55,MALE,42963000000035018,Chamarajanagar Rural,Social researcher,1,2022-02-18,2022-02-18,,,2026-07-15 14:36:44,2026-07-15 14:36:44,SYSTEM_SEED,SYSTEM_SEED
ACC-02130,Hamsini Brahmbhatt,29,26-35,FEMALE,42963000000035031,Koppal North,"Administrator, arts",1,2021-06-19,2021-06-19,,,2026-07-15 14:36:44,2026-07-15 14:36:44,SYSTEM_SEED,SYSTEM_SEED
ACC-02131,Harish Hegde,32,26-35,MALE,42963000000035034,Raichur Taluk HQ,Government social research officer,1,2023-12-10,2023-12-10,,,2026-07-15 14:36:44,2026-07-15 14:36:44,SYSTEM_SEED,SYSTEM_SEED
ACC-02132,Thomas Parmar,65,56-65,MALE,42963000000035034,Raichur Rural,"Editor, magazine features",1,2024-06-26,2024-06-26,,,2026-07-15 14:36:44,2026-07-15 14:36:44,SYSTEM_SEED,SYSTEM_SEED
ACC-02133,Manjunath Gowda,44,36-45,MALE,42963000000035036,Shivamogga Rural,"Engineer, technical sales",1,2022-05-22,2022-05-22,,,2026-07-15 14:36:44,2026-07-15 14:36:44,SYSTEM_SEED,SYSTEM_SEED
ACC-02134,Hritik Sathe,52,46-55,MALE,42963000000035027,Haveri South,Art gallery manager,1,2022-09-29,2022-09-29,,,2026-07-15 14:36:44,2026-07-15 14:36:44,SYSTEM_SEED,SYSTEM_SEED
ACC-02135,Saumya Morar,33,26-35,FEMALE,42963000000035012,Bagalkot Taluk HQ,"Producer, radio",1,2025-03-16,2025-03-16,,,2026-07-15 14:36:44,2026-07-15 14:36:44,SYSTEM_SEED,SYSTEM_SEED
ACC-02136,Aarnav Bava,23,18-25,MALE,42963000000035022,Dakshina Kannada North,Multimedia programmer,1,2021-12-19,2021-12-19,,,2026-07-15 14:36:44,2026-07-15 14:36:44,SYSTEM_SEED,SYSTEM_SEED
ACC-02137,Puttaswamy Devadiga,57,56-65,MALE,42963000000035040,Vijayapura South,"Engineer, drilling",1,2024-08-24,2024-08-24,,,2026-07-15 14:36:44,2026-07-15 14:36:44,SYSTEM_SEED,SYSTEM_SEED
ACC-02138,Rachit Khare,54,46-55,MALE,42963000000035027,Haveri East,"Engineer, communications",1,2022-04-09,2022-04-09,,,2026-07-15 14:36:44,2026-07-15 14:36:44,SYSTEM_SEED,SYSTEM_SEED
ACC-02139,Abhiram Sama,38,36-45,MALE,42963000000035037,Tumakuru Taluk HQ,Air broker,1,2023-07-15,2023-07-15,,,2026-07-15 14:36:44,2026-07-15 14:36:44,SYSTEM_SEED,SYSTEM_SEED
ACC-02140,Pahal Handa,28,26-35,FEMALE,42963000000035028,Kalaburagi East,Biomedical scientist,2,2023-05-28,2025-03-20,,,2026-07-15 14:36:44,2026-07-15 14:36:44,SYSTEM_SEED,SYSTEM_SEED
ACC-02141,Manjunath Reddy,37,36-45,MALE,42963000000035016,Bengaluru Urban Rural,English as a second language teacher,1,2024-03-30,2024-03-30,,,2026-07-15 14:36:44,2026-07-15 14:36:44,SYSTEM_SEED,SYSTEM_SEED
ACC-02142,Fiyaz Ganesh,29,26-35,MALE,42963000000035034,Raichur North,Armed forces operational officer,1,2021-08-08,2021-08-08,,,2026-07-15 14:36:44,2026-07-15 14:36:44,SYSTEM_SEED,SYSTEM_SEED
ACC-02143,Chatura Narain,47,46-55,MALE,42963000000035022,Dakshina Kannada Taluk HQ,IT trainer,1,2024-10-18,2024-10-18,,,2026-07-15 14:36:44,2026-07-15 14:36:44,SYSTEM_SEED,SYSTEM_SEED
ACC-02144,Hemang Rana,34,26-35,MALE,42963000000035024,Dharwad Taluk HQ,Phytotherapist,1,2022-11-19,2022-11-19,,,2026-07-15 14:36:44,2026-07-15 14:36:44,SYSTEM_SEED,SYSTEM_SEED
ACC-02145,Siddalingaiah Hegde,62,56-65,MALE,42963000000035028,Kalaburagi Taluk HQ,Community arts worker,1,2024-04-16,2024-04-16,,,2026-07-15 14:36:44,2026-07-15 14:36:44,SYSTEM_SEED,SYSTEM_SEED
ACC-02146,Vasanthamma Gowda,40,36-45,FEMALE,42963000000035036,Shivamogga North,Exhibition designer,1,2021-07-18,2021-07-18,,,2026-07-15 14:36:44,2026-07-15 14:36:44,SYSTEM_SEED,SYSTEM_SEED
ACC-02147,Chatresh Parikh,30,26-35,MALE,42963000000035023,Davanagere Taluk HQ,Jewellery designer,1,2021-10-29,2021-10-29,,,2026-07-15 14:36:44,2026-07-15 14:36:44,SYSTEM_SEED,SYSTEM_SEED
ACC-02148,Advika Ratti,59,56-65,FEMALE,42963000000035034,Raichur North,Interpreter,2,2023-09-24,2024-07-09,,,2026-07-15 14:36:44,2026-07-15 14:36:44,SYSTEM_SEED,SYSTEM_SEED
ACC-02149,Robert Kala,22,18-25,MALE,42963000000035022,Dakshina Kannada Taluk HQ,Proofreader,1,2022-08-04,2022-08-04,,,2026-07-15 14:36:44,2026-07-15 14:36:44,SYSTEM_SEED,SYSTEM_SEED
ACC-02150,Bachittar Mallick,51,46-55,MALE,42963000000035027,Haveri Taluk HQ,Youth worker,1,2022-02-05,2022-02-05,,,2026-07-15 14:36:44,2026-07-15 14:36:44,SYSTEM_SEED,SYSTEM_SEED
ACC-02151,Harish Setty,61,56-65,MALE,42963000000035022,Dakshina Kannada Taluk HQ,"Merchandiser, retail",1,2022-09-15,2022-09-15,,,2026-07-15 14:36:44,2026-07-15 14:36:44,SYSTEM_SEED,SYSTEM_SEED
ACC-02152,Bahadurjit Kamdar,50,46-55,MALE,42963000000035024,Dharwad South,Paediatric nurse,1,2023-12-03,2023-12-03,,,2026-07-15 14:36:44,2026-07-15 14:36:44,SYSTEM_SEED,SYSTEM_SEED
ACC-02153,Yahvi Chaudry,53,46-55,FEMALE,42963000000035026,Hassan South,Software engineer,1,2022-05-09,2022-05-09,,,2026-07-15 14:36:44,2026-07-15 14:36:44,SYSTEM_SEED,SYSTEM_SEED
ACC-02154,Jeremiah Chandran,54,46-55,MALE,42963000000035033,Mysuru East,Tourism officer,1,2023-09-09,2023-09-09,,,2026-07-15 14:36:44,2026-07-15 14:36:44,SYSTEM_SEED,SYSTEM_SEED
ACC-02155,Veeranna Bhat,28,26-35,MALE,42963000000035033,Mysuru Taluk HQ,"Journalist, broadcasting",1,2024-03-13,2024-03-13,,,2026-07-15 14:36:44,2026-07-15 14:36:44,SYSTEM_SEED,SYSTEM_SEED
ACC-02156,Ekalinga Natarajan,63,56-65,MALE,42963000000035014,Belagavi South,Economist,1,2021-03-04,2021-03-04,,,2026-07-15 14:36:44,2026-07-15 14:36:44,SYSTEM_SEED,SYSTEM_SEED
ACC-02157,Warda Bir,33,26-35,FEMALE,42963000000035024,Dharwad Rural,Legal executive,1,2025-08-13,2025-08-13,,,2026-07-15 14:36:44,2026-07-15 14:36:44,SYSTEM_SEED,SYSTEM_SEED
ACC-02158,Ravindranath Achar,56,56-65,MALE,42963000000035037,Tumakuru North,Adult nurse,1,2025-04-12,2025-04-12,,,2026-07-15 14:36:44,2026-07-15 14:36:44,SYSTEM_SEED,SYSTEM_SEED
ACC-02159,Rayaan Vaidya,50,46-55,MALE,42963000000035039,Uttara Kannada North,"Exhibitions officer, museum/gallery",1,2021-11-25,2021-11-25,,,2026-07-15 14:36:44,2026-07-15 14:36:44,SYSTEM_SEED,SYSTEM_SEED
ACC-02160,Jackson Bail,50,46-55,MALE,42963000000035019,Chikballapur South,Warehouse manager,1,2021-01-13,2021-01-13,,,2026-07-15 14:36:44,2026-07-15 14:36:44,SYSTEM_SEED,SYSTEM_SEED
ACC-02161,Mohammed Khalsa,21,18-25,MALE,42963000000035031,Koppal North,Phytotherapist,1,2021-10-23,2021-10-23,,,2026-07-15 14:36:44,2026-07-15 14:36:44,SYSTEM_SEED,SYSTEM_SEED
ACC-02162,Balveer Bhasin,28,26-35,MALE,42963000000035033,Mysuru Taluk HQ,"Copywriter, advertising",1,2021-06-01,2021-06-01,,,2026-07-15 14:36:44,2026-07-15 14:36:44,SYSTEM_SEED,SYSTEM_SEED
ACC-02163,Prakash Bhat,21,18-25,MALE,42963000000035016,Bengaluru Urban North,Minerals surveyor,1,2025-09-04,2025-09-04,,,2026-07-15 14:36:44,2026-07-15 14:36:44,SYSTEM_SEED,SYSTEM_SEED
ACC-02164,Manbir Jaggi,58,56-65,MALE,42963000000035040,Vijayapura North,"Designer, blown glass/stained glass",2,2022-11-06,2022-12-21,,,2026-07-15 14:36:44,2026-07-15 14:36:44,SYSTEM_SEED,SYSTEM_SEED
ACC-02165,Chandrakala Shetty,60,56-65,FEMALE,42963000000035040,Vijayapura South,Mining engineer,2,2021-11-24,2024-12-28,,,2026-07-15 14:36:44,2026-07-15 14:36:44,SYSTEM_SEED,SYSTEM_SEED
ACC-02166,Anjali Khanna,49,46-55,FEMALE,42963000000035042,Vijayanagara Rural,"Therapist, sports",1,2025-11-23,2025-11-23,,,2026-07-15 14:36:44,2026-07-15 14:36:44,SYSTEM_SEED,SYSTEM_SEED
ACC-02167,Nitesh Desai,26,26-35,MALE,42963000000035039,Uttara Kannada Rural,Health physicist,1,2023-02-28,2023-02-28,,,2026-07-15 14:36:44,2026-07-15 14:36:44,SYSTEM_SEED,SYSTEM_SEED
ACC-02168,Anusha Verma,25,18-25,FEMALE,42963000000035014,Belagavi South,Patent examiner,2,2022-02-03,2022-07-31,,,2026-07-15 14:36:44,2026-07-15 14:36:44,SYSTEM_SEED,SYSTEM_SEED
ACC-02169,Basavaraj Nayak,54,46-55,MALE,42963000000035028,Kalaburagi North,Homeopath,1,2023-11-13,2023-11-13,,,2026-07-15 14:36:44,2026-07-15 14:36:44,SYSTEM_SEED,SYSTEM_SEED
ACC-02170,Bhagyalakshmi Nayak,65,56-65,FEMALE,42963000000035029,Kodagu North,Aeronautical engineer,1,2023-11-16,2023-11-16,,,2026-07-15 14:36:44,2026-07-15 14:36:44,SYSTEM_SEED,SYSTEM_SEED
ACC-02171,Oni Oommen,21,18-25,FEMALE,42963000000035019,Chikballapur North,Financial manager,2,2024-08-06,2025-11-21,,,2026-07-15 14:36:44,2026-07-15 14:36:44,SYSTEM_SEED,SYSTEM_SEED
ACC-02172,Sujathamma Devadiga,32,26-35,FEMALE,42963000000035037,Tumakuru South,"Engineer, land",1,2022-07-23,2022-07-23,,,2026-07-15 14:36:44,2026-07-15 14:36:44,SYSTEM_SEED,SYSTEM_SEED
ACC-02173,Raghavendra Urs,26,26-35,MALE,42963000000035032,Mandya North,"Solicitor, Scotland",1,2021-05-01,2021-05-01,,,2026-07-15 14:36:44,2026-07-15 14:36:44,SYSTEM_SEED,SYSTEM_SEED
ACC-02174,Jeet Kapadia,20,18-25,MALE,42963000000035038,Udupi West,Translator,1,2024-12-02,2024-12-02,,,2026-07-15 14:36:44,2026-07-15 14:36:44,SYSTEM_SEED,SYSTEM_SEED
ACC-02175,Yoshita Nagy,23,18-25,FEMALE,42963000000035023,Davanagere East,"Education officer, museum",1,2021-09-14,2021-09-14,,,2026-07-15 14:36:44,2026-07-15 14:36:44,SYSTEM_SEED,SYSTEM_SEED
ACC-02176,Chandrashekar Rai,34,26-35,MALE,42963000000035022,Dakshina Kannada Rural,Private music teacher,1,2022-05-28,2022-05-28,,,2026-07-15 14:36:44,2026-07-15 14:36:44,SYSTEM_SEED,SYSTEM_SEED
ACC-02177,Bachittar Swamy,56,56-65,MALE,42963000000035018,Chamarajanagar East,Building control surveyor,2,2021-03-06,2021-06-19,,,2026-07-15 14:36:44,2026-07-15 14:36:44,SYSTEM_SEED,SYSTEM_SEED
ACC-02178,Ati Dhaliwal,47,46-55,FEMALE,42963000000035022,Dakshina Kannada Taluk HQ,"Engineer, energy",2,2022-03-03,2022-12-24,,,2026-07-15 14:36:44,2026-07-15 14:36:44,SYSTEM_SEED,SYSTEM_SEED
ACC-02179,Gopalakrishna Nayak,57,56-65,MALE,42963000000035026,Hassan Taluk HQ,Comptroller,2,2022-01-19,2022-04-20,,,2026-07-15 14:36:44,2026-07-15 14:36:44,SYSTEM_SEED,SYSTEM_SEED
ACC-02180,Gabriel Jayaraman,59,56-65,MALE,42963000000035016,Bengaluru Urban East,Fashion designer,1,2024-10-15,2024-10-15,,,2026-07-15 14:36:44,2026-07-15 14:36:44,SYSTEM_SEED,SYSTEM_SEED
ACC-02181,Unni Sibal,61,56-65,FEMALE,42963000000035038,Udupi Rural,Insurance risk surveyor,1,2023-06-03,2023-06-03,,,2026-07-15 14:36:44,2026-07-15 14:36:44,SYSTEM_SEED,SYSTEM_SEED
ACC-02182,Channabasappa Gowda,22,18-25,MALE,42963000000035024,Dharwad North,"Development worker, international aid",1,2022-09-20,2022-09-20,,,2026-07-15 14:36:44,2026-07-15 14:36:44,SYSTEM_SEED,SYSTEM_SEED
ACC-02183,Jason Samra,55,46-55,MALE,42963000000035033,Mysuru Taluk HQ,"Editor, commissioning",1,2022-11-19,2022-11-19,,,2026-07-15 14:36:44,2026-07-15 14:36:44,SYSTEM_SEED,SYSTEM_SEED
ACC-02184,Nidra Mangal,19,18-25,FEMALE,42963000000035019,Chikballapur Rural,Technical author,1,2023-03-15,2023-03-15,,,2026-07-15 14:36:44,2026-07-15 14:36:44,SYSTEM_SEED,SYSTEM_SEED
ACC-02185,Savitramma Reddy,52,46-55,FEMALE,42963000000035035,Ramanagara North,"Production assistant, radio",1,2021-08-29,2021-08-29,,,2026-07-15 14:36:44,2026-07-15 14:36:44,SYSTEM_SEED,SYSTEM_SEED
ACC-02186,Laban Srivastava,27,26-35,MALE,42963000000035027,Haveri North,Cartographer,1,2022-08-02,2022-08-02,,,2026-07-15 14:36:44,2026-07-15 14:36:44,SYSTEM_SEED,SYSTEM_SEED
ACC-02187,Bhagyalakshmi Rai,25,18-25,FEMALE,42963000000035023,Davanagere East,Media buyer,1,2022-08-14,2022-08-14,,,2026-07-15 14:36:44,2026-07-15 14:36:44,SYSTEM_SEED,SYSTEM_SEED
ACC-02188,Ranbir Ganesh,53,46-55,MALE,42963000000035038,Udupi East,Public affairs consultant,1,2023-04-16,2023-04-16,,,2026-07-15 14:36:44,2026-07-15 14:36:44,SYSTEM_SEED,SYSTEM_SEED
ACC-02189,Siddharth Tiwari,43,36-45,MALE,42963000000035024,Dharwad Taluk HQ,Travel agency manager,1,2022-06-01,2022-06-01,,,2026-07-15 14:36:44,2026-07-15 14:36:44,SYSTEM_SEED,SYSTEM_SEED
ACC-02190,Jayamma Hegde,42,36-45,FEMALE,42963000000035018,Chamarajanagar West,Police officer,1,2025-06-10,2025-06-10,,,2026-07-15 14:36:44,2026-07-15 14:36:44,SYSTEM_SEED,SYSTEM_SEED
ACC-02191,Chandrashekar Shetty,50,46-55,MALE,42963000000035035,Ramanagara West,"Designer, furniture",1,2021-08-23,2021-08-23,,,2026-07-15 14:36:44,2026-07-15 14:36:44,SYSTEM_SEED,SYSTEM_SEED
ACC-02192,Advaith Raj,36,36-45,MALE,42963000000035034,Raichur South,Physiotherapist,2,2023-03-03,2025-04-19,,,2026-07-15 14:36:44,2026-07-15 14:36:44,SYSTEM_SEED,SYSTEM_SEED
ACC-02193,Mason Yogi,59,56-65,MALE,42963000000035013,Ballari East,"Designer, ceramics/pottery",1,2022-05-09,2022-05-09,,,2026-07-15 14:36:44,2026-07-15 14:36:44,SYSTEM_SEED,SYSTEM_SEED
ACC-02194,Kabir Rai,30,26-35,MALE,42963000000035032,Mandya North,"Psychologist, educational",1,2021-03-19,2021-03-19,,,2026-07-15 14:36:44,2026-07-15 14:36:44,SYSTEM_SEED,SYSTEM_SEED
ACC-02195,Utkarsh Mander,63,56-65,MALE,42963000000035018,Chamarajanagar Taluk HQ,Mining engineer,1,2025-06-13,2025-06-13,,,2026-07-15 14:36:44,2026-07-15 14:36:44,SYSTEM_SEED,SYSTEM_SEED
ACC-02196,Sujathamma Poojary,37,36-45,FEMALE,42963000000035030,Kolar North,"Surveyor, planning and development",1,2024-10-23,2024-10-23,,,2026-07-15 14:36:44,2026-07-15 14:36:44,SYSTEM_SEED,SYSTEM_SEED
ACC-02197,Balendra Nath,28,26-35,MALE,42963000000035022,Dakshina Kannada Taluk HQ,Copy,1,2021-02-25,2021-02-25,,,2026-07-15 14:36:44,2026-07-15 14:36:44,SYSTEM_SEED,SYSTEM_SEED
ACC-02198,Lokesh Setty,23,18-25,MALE,42963000000035020,Chikkamagaluru East,"Psychotherapist, child",1,2022-07-03,2022-07-03,,,2026-07-15 14:36:44,2026-07-15 14:36:44,SYSTEM_SEED,SYSTEM_SEED
ACC-02199,Faras Gupta,60,56-65,MALE,42963000000035016,Bengaluru Urban South,"Accountant, chartered management",1,2023-03-14,2023-03-14,,,2026-07-15 14:36:44,2026-07-15 14:36:44,SYSTEM_SEED,SYSTEM_SEED
ACC-02200,Jagadish Hegde,59,56-65,MALE,42963000000035026,Hassan Rural,"Administrator, Civil Service",1,2023-11-06,2023-11-06,,,2026-07-15 14:36:44,2026-07-15 14:36:44,SYSTEM_SEED,SYSTEM_SEED
ACC-02201,Yatan Ravel,50,46-55,MALE,42963000000035036,Shivamogga Taluk HQ,Pathologist,1,2025-12-15,2025-12-15,,,2026-07-15 14:36:44,2026-07-15 14:36:44,SYSTEM_SEED,SYSTEM_SEED
ACC-02202,Ridhi Rajagopalan,52,46-55,FEMALE,42963000000035033,Mysuru West,Recruitment consultant,1,2025-08-15,2025-08-15,,,2026-07-15 14:36:44,2026-07-15 14:36:44,SYSTEM_SEED,SYSTEM_SEED
ACC-02203,Balendra Rege,61,56-65,MALE,42963000000035029,Kodagu East,Arboriculturist,1,2022-12-24,2022-12-24,,,2026-07-15 14:36:44,2026-07-15 14:36:44,SYSTEM_SEED,SYSTEM_SEED
ACC-02204,Reyansh Gaba,27,26-35,MALE,42963000000035030,Kolar Rural,"Engineer, biomedical",1,2024-02-21,2024-02-21,,,2026-07-15 14:36:44,2026-07-15 14:36:44,SYSTEM_SEED,SYSTEM_SEED
ACC-02205,Joshua Pall,23,18-25,MALE,42963000000035031,Koppal East,Sales executive,1,2024-12-20,2024-12-20,,,2026-07-15 14:36:44,2026-07-15 14:36:44,SYSTEM_SEED,SYSTEM_SEED
ACC-02206,Qarin Bhardwaj,34,26-35,MALE,42963000000035017,Bidar North,Musician,1,2025-09-08,2025-09-08,,,2026-07-15 14:36:44,2026-07-15 14:36:44,SYSTEM_SEED,SYSTEM_SEED
ACC-02207,Jatin Kibe,26,26-35,MALE,42963000000035033,Mysuru South,Purchasing manager,1,2025-06-10,2025-06-10,,,2026-07-15 14:36:44,2026-07-15 14:36:44,SYSTEM_SEED,SYSTEM_SEED
ACC-02208,Raghavendra Nayak,47,46-55,MALE,42963000000035041,Yadgir Taluk HQ,Animal nutritionist,1,2021-02-25,2021-02-25,,,2026-07-15 14:36:44,2026-07-15 14:36:44,SYSTEM_SEED,SYSTEM_SEED
ACC-02209,Nagaraj Poojary,41,36-45,MALE,42963000000035026,Hassan Taluk HQ,Medical illustrator,1,2024-01-21,2024-01-21,,,2026-07-15 14:36:44,2026-07-15 14:36:44,SYSTEM_SEED,SYSTEM_SEED
ACC-02210,Raghavendra Kulkarni,62,56-65,MALE,42963000000035018,Chamarajanagar Rural,Air broker,1,2021-04-19,2021-04-19,,,2026-07-15 14:36:44,2026-07-15 14:36:44,SYSTEM_SEED,SYSTEM_SEED
ACC-02211,Nagaraj Rai,51,46-55,MALE,42963000000035024,Dharwad East,Data scientist,1,2024-01-30,2024-01-30,,,2026-07-15 14:36:44,2026-07-15 14:36:44,SYSTEM_SEED,SYSTEM_SEED
ACC-02212,Vedant Din,64,56-65,MALE,42963000000035022,Dakshina Kannada Rural,Forest/woodland manager,1,2025-03-20,2025-03-20,,,2026-07-15 14:36:44,2026-07-15 14:36:44,SYSTEM_SEED,SYSTEM_SEED
ACC-02213,Faris Arora,35,26-35,MALE,42963000000035024,Dharwad East,Commercial horticulturist,1,2021-06-10,2021-06-10,,,2026-07-15 14:36:44,2026-07-15 14:36:44,SYSTEM_SEED,SYSTEM_SEED
ACC-02214,Sanaya Rao,55,46-55,FEMALE,42963000000035033,Mysuru South,Theatre director,2,2021-01-03,2022-02-13,,,2026-07-15 14:36:44,2026-07-15 14:36:44,SYSTEM_SEED,SYSTEM_SEED
ACC-02215,Girindra Sampath,64,56-65,MALE,42963000000035033,Mysuru Rural,Diagnostic radiographer,1,2021-09-11,2021-09-11,,,2026-07-15 14:36:44,2026-07-15 14:36:44,SYSTEM_SEED,SYSTEM_SEED
ACC-02216,Mahadevi Reddy,39,36-45,FEMALE,42963000000035040,Vijayapura South,Physiotherapist,1,2021-04-22,2021-04-22,,,2026-07-15 14:36:44,2026-07-15 14:36:44,SYSTEM_SEED,SYSTEM_SEED
ACC-02217,Matthew Tella,54,46-55,MALE,42963000000035024,Dharwad East,Site engineer,1,2025-07-07,2025-07-07,,,2026-07-15 14:36:44,2026-07-15 14:36:44,SYSTEM_SEED,SYSTEM_SEED
ACC-02218,Mitesh Sabharwal,42,36-45,MALE,42963000000035040,Vijayapura West,Chartered public finance accountant,1,2024-01-07,2024-01-07,,,2026-07-15 14:36:44,2026-07-15 14:36:44,SYSTEM_SEED,SYSTEM_SEED
ACC-02219,Lokesh Shetty,42,36-45,MALE,42963000000035041,Yadgir North,Clinical embryologist,1,2021-02-03,2021-02-03,,,2026-07-15 14:36:44,2026-07-15 14:36:44,SYSTEM_SEED,SYSTEM_SEED
ACC-02220,Akkamahadevi Bhat,23,18-25,FEMALE,42963000000035016,Bengaluru Urban Rural,"Teacher, primary school",1,2022-02-21,2022-02-21,,,2026-07-15 14:36:44,2026-07-15 14:36:44,SYSTEM_SEED,SYSTEM_SEED
ACC-02221,Ekbal Luthra,18,18-25,MALE,42963000000035027,Haveri West,"Engineer, manufacturing systems",1,2021-04-05,2021-04-05,,,2026-07-15 14:36:44,2026-07-15 14:36:44,SYSTEM_SEED,SYSTEM_SEED
ACC-02222,Mitesh Ahuja,37,36-45,MALE,42963000000035025,Gadag North,Dispensing optician,1,2022-10-03,2022-10-03,,,2026-07-15 14:36:44,2026-07-15 14:36:44,SYSTEM_SEED,SYSTEM_SEED
ACC-02223,Raghavendra Achar,43,36-45,MALE,42963000000035028,Kalaburagi East,Regulatory affairs officer,1,2024-10-16,2024-10-16,,,2026-07-15 14:36:44,2026-07-15 14:36:44,SYSTEM_SEED,SYSTEM_SEED
ACC-02224,Chasmum Boase,43,36-45,FEMALE,42963000000035020,Chikkamagaluru Taluk HQ,Pensions consultant,2,2021-06-24,2021-09-10,,,2026-07-15 14:36:44,2026-07-15 14:36:44,SYSTEM_SEED,SYSTEM_SEED
ACC-02225,Mitali Sankar,33,26-35,FEMALE,42963000000035012,Bagalkot South,"Doctor, hospital",1,2025-01-27,2025-01-27,,,2026-07-15 14:36:44,2026-07-15 14:36:44,SYSTEM_SEED,SYSTEM_SEED
ACC-02226,Rachit Grewal,26,26-35,MALE,42963000000035018,Chamarajanagar West,Contractor,1,2021-12-08,2021-12-08,,,2026-07-15 14:36:44,2026-07-15 14:36:44,SYSTEM_SEED,SYSTEM_SEED
ACC-02227,Parvatamma Gowda,25,18-25,FEMALE,42963000000035019,Chikballapur Rural,"Engineer, civil (consulting)",1,2025-08-03,2025-08-03,,,2026-07-15 14:36:44,2026-07-15 14:36:44,SYSTEM_SEED,SYSTEM_SEED
ACC-02228,Gavin Thakkar,34,26-35,MALE,42963000000035030,Kolar North,Clinical molecular geneticist,1,2023-07-04,2023-07-04,,,2026-07-15 14:36:44,2026-07-15 14:36:44,SYSTEM_SEED,SYSTEM_SEED
ACC-02229,Hitesh Grewal,28,26-35,MALE,42963000000035040,Vijayapura South,"Engineer, control and instrumentation",1,2025-07-16,2025-07-16,,,2026-07-15 14:36:44,2026-07-15 14:36:44,SYSTEM_SEED,SYSTEM_SEED
ACC-02230,Chandrashekar Devadiga,38,36-45,MALE,42963000000035038,Udupi West,Barrister's clerk,1,2024-02-20,2024-02-20,,,2026-07-15 14:36:44,2026-07-15 14:36:44,SYSTEM_SEED,SYSTEM_SEED
ACC-02231,Inaya Lad,44,36-45,FEMALE,42963000000035017,Bidar North,Osteopath,1,2024-03-25,2024-03-25,,,2026-07-15 14:36:44,2026-07-15 14:36:44,SYSTEM_SEED,SYSTEM_SEED
ACC-02232,Chatura Ganesan,24,18-25,MALE,42963000000035041,Yadgir Taluk HQ,Cartographer,1,2024-11-29,2024-11-29,,,2026-07-15 14:36:44,2026-07-15 14:36:44,SYSTEM_SEED,SYSTEM_SEED
ACC-02233,Brijesh Purohit,19,18-25,MALE,42963000000035026,Hassan Taluk HQ,Company secretary,1,2023-06-18,2023-06-18,,,2026-07-15 14:36:44,2026-07-15 14:36:44,SYSTEM_SEED,SYSTEM_SEED
ACC-02234,Azad Oommen,49,46-55,MALE,42963000000035040,Vijayapura North,Air traffic controller,1,2022-08-26,2022-08-26,,,2026-07-15 14:36:44,2026-07-15 14:36:44,SYSTEM_SEED,SYSTEM_SEED
ACC-02235,Veeranna Devadiga,27,26-35,MALE,42963000000035040,Vijayapura Taluk HQ,Textile designer,1,2021-09-29,2021-09-29,,,2026-07-15 14:36:44,2026-07-15 14:36:44,SYSTEM_SEED,SYSTEM_SEED
ACC-02236,Raghavendra Kulkarni,53,46-55,MALE,42963000000035019,Chikballapur Rural,Farm manager,1,2023-09-13,2023-09-13,,,2026-07-15 14:36:44,2026-07-15 14:36:44,SYSTEM_SEED,SYSTEM_SEED
ACC-02237,Thimmakka Setty,35,26-35,FEMALE,42963000000035033,Mysuru East,Purchasing manager,1,2023-03-15,2023-03-15,,,2026-07-15 14:36:44,2026-07-15 14:36:44,SYSTEM_SEED,SYSTEM_SEED
ACC-02238,Chandresh Andra,34,26-35,MALE,42963000000035019,Chikballapur Rural,"Biochemist, clinical",1,2021-10-23,2021-10-23,,,2026-07-15 14:36:44,2026-07-15 14:36:44,SYSTEM_SEED,SYSTEM_SEED
ACC-02239,Aarush Barman,49,46-55,MALE,42963000000035013,Ballari Rural,Chief Strategy Officer,1,2024-11-08,2024-11-08,,,2026-07-15 14:36:44,2026-07-15 14:36:44,SYSTEM_SEED,SYSTEM_SEED
ACC-02240,Aarush Prashad,28,26-35,MALE,42963000000035037,Tumakuru Rural,Toxicologist,2,2022-02-13,2025-11-16,,,2026-07-15 14:36:44,2026-07-15 14:36:44,SYSTEM_SEED,SYSTEM_SEED
ACC-02241,Xavier Solanki,19,18-25,MALE,42963000000035032,Mandya South,Leisure centre manager,2,2023-10-16,2025-07-23,,,2026-07-15 14:36:44,2026-07-15 14:36:44,SYSTEM_SEED,SYSTEM_SEED
ACC-02242,Siddalingaiah Devadiga,65,56-65,MALE,42963000000035035,Ramanagara East,Trade mark attorney,1,2024-09-14,2024-09-14,,,2026-07-15 14:36:44,2026-07-15 14:36:44,SYSTEM_SEED,SYSTEM_SEED
ACC-02243,Om Prabhakar,26,26-35,MALE,42963000000035027,Haveri South,Lobbyist,2,2023-06-22,2024-06-25,,,2026-07-15 14:36:44,2026-07-15 14:36:44,SYSTEM_SEED,SYSTEM_SEED
ACC-02244,Jagdish Patel,44,36-45,MALE,42963000000035017,Bidar Taluk HQ,Oceanographer,2,2021-01-03,2021-09-20,,,2026-07-15 14:36:44,2026-07-15 14:36:44,SYSTEM_SEED,SYSTEM_SEED
ACC-02245,Barkha Parekh,35,26-35,FEMALE,42963000000035039,Uttara Kannada Taluk HQ,Lawyer,1,2025-09-18,2025-09-18,,,2026-07-15 14:36:44,2026-07-15 14:36:44,SYSTEM_SEED,SYSTEM_SEED
ACC-02246,Aarav Shan,58,56-65,MALE,42963000000035032,Mandya East,Operational investment banker,1,2025-07-15,2025-07-15,,,2026-07-15 14:36:44,2026-07-15 14:36:44,SYSTEM_SEED,SYSTEM_SEED
ACC-02247,Agastya Das,52,46-55,MALE,42963000000035014,Belagavi South,Set designer,1,2025-12-04,2025-12-04,,,2026-07-15 14:36:44,2026-07-15 14:36:44,SYSTEM_SEED,SYSTEM_SEED
ACC-02248,Kritika Pillay,38,36-45,FEMALE,42963000000035030,Kolar Taluk HQ,Production engineer,1,2023-12-04,2023-12-04,,,2026-07-15 14:36:44,2026-07-15 14:36:44,SYSTEM_SEED,SYSTEM_SEED
ACC-02249,Kariyappa Urs,20,18-25,MALE,42963000000035013,Ballari North,Water engineer,1,2021-01-21,2021-01-21,,,2026-07-15 14:36:44,2026-07-15 14:36:44,SYSTEM_SEED,SYSTEM_SEED
ACC-02250,Lokesh Hegde,22,18-25,MALE,42963000000035021,Chitradurga East,Public relations officer,1,2025-02-15,2025-02-15,,,2026-07-15 14:36:44,2026-07-15 14:36:44,SYSTEM_SEED,SYSTEM_SEED
ACC-02251,Yashodamma Urs,19,18-25,FEMALE,42963000000035028,Kalaburagi Taluk HQ,"Scientist, biomedical",1,2024-10-22,2024-10-22,,,2026-07-15 14:36:44,2026-07-15 14:36:44,SYSTEM_SEED,SYSTEM_SEED
ACC-02252,Girindra Aggarwal,31,26-35,MALE,42963000000035033,Mysuru Rural,IT technical support officer,2,2025-04-15,2025-09-23,,,2026-07-15 14:36:44,2026-07-15 14:36:44,SYSTEM_SEED,SYSTEM_SEED
ACC-02253,Pranit Bath,62,56-65,MALE,42963000000035015,Bengaluru Rural Taluk HQ,"Journalist, magazine",1,2025-09-27,2025-09-27,,,2026-07-15 14:36:44,2026-07-15 14:36:44,SYSTEM_SEED,SYSTEM_SEED
ACC-02254,Raghavendra Rai,30,26-35,MALE,42963000000035016,Bengaluru Urban Rural,"Producer, radio",1,2025-06-09,2025-06-09,,,2026-07-15 14:36:44,2026-07-15 14:36:44,SYSTEM_SEED,SYSTEM_SEED
ACC-02255,Basavaraj Achar,27,26-35,MALE,42963000000035025,Gadag Rural,Facilities manager,1,2023-04-11,2023-04-11,,,2026-07-15 14:36:44,2026-07-15 14:36:44,SYSTEM_SEED,SYSTEM_SEED
ACC-02256,Ryan Bumb,29,26-35,MALE,42963000000035027,Haveri East,Magazine features editor,1,2025-05-13,2025-05-13,,,2026-07-15 14:36:44,2026-07-15 14:36:44,SYSTEM_SEED,SYSTEM_SEED
ACC-02257,Vyanjana Chaudhry,33,26-35,FEMALE,42963000000035022,Dakshina Kannada West,Musician,1,2025-02-08,2025-02-08,,,2026-07-15 14:36:44,2026-07-15 14:36:44,SYSTEM_SEED,SYSTEM_SEED
ACC-02258,Gunbir Dhar,40,36-45,MALE,42963000000035036,Shivamogga Rural,"Scientist, product/process development",1,2021-06-14,2021-06-14,,,2026-07-15 14:36:44,2026-07-15 14:36:44,SYSTEM_SEED,SYSTEM_SEED
ACC-02259,Jagadish Nayak,31,26-35,MALE,42963000000035039,Uttara Kannada Rural,"Teacher, music",1,2023-10-27,2023-10-27,,,2026-07-15 14:36:44,2026-07-15 14:36:44,SYSTEM_SEED,SYSTEM_SEED
ACC-02260,Devansh Tank,46,46-55,MALE,42963000000035018,Chamarajanagar West,Chartered loss adjuster,1,2023-05-13,2023-05-13,,,2026-07-15 14:36:44,2026-07-15 14:36:44,SYSTEM_SEED,SYSTEM_SEED
ACC-02261,Rathnamma Kulkarni,56,56-65,FEMALE,42963000000035029,Kodagu East,Illustrator,1,2024-01-05,2024-01-05,,,2026-07-15 14:36:44,2026-07-15 14:36:44,SYSTEM_SEED,SYSTEM_SEED
ACC-02262,Frado Sehgal,62,56-65,MALE,42963000000035032,Mandya North,Commercial art gallery manager,1,2024-09-27,2024-09-27,,,2026-07-15 14:36:44,2026-07-15 14:36:44,SYSTEM_SEED,SYSTEM_SEED
ACC-02263,Shivakumar Hegde,40,36-45,MALE,42963000000035018,Chamarajanagar West,Race relations officer,1,2022-08-22,2022-08-22,,,2026-07-15 14:36:44,2026-07-15 14:36:44,SYSTEM_SEED,SYSTEM_SEED
ACC-02264,Jairaj Kakar,40,36-45,MALE,42963000000035041,Yadgir Taluk HQ,"Doctor, hospital",1,2024-07-08,2024-07-08,,,2026-07-15 14:36:44,2026-07-15 14:36:44,SYSTEM_SEED,SYSTEM_SEED
ACC-02265,Chatresh Saran,21,18-25,MALE,42963000000035026,Hassan West,Air cabin crew,1,2025-06-21,2025-06-21,,,2026-07-15 14:36:44,2026-07-15 14:36:44,SYSTEM_SEED,SYSTEM_SEED
ACC-02266,Nihal Rajagopal,29,26-35,MALE,42963000000035022,Dakshina Kannada Taluk HQ,Health visitor,1,2022-05-01,2022-05-01,,,2026-07-15 14:36:44,2026-07-15 14:36:44,SYSTEM_SEED,SYSTEM_SEED
ACC-02267,Kabir Soni,50,46-55,MALE,42963000000035035,Ramanagara North,Community pharmacist,1,2025-11-11,2025-11-11,,,2026-07-15 14:36:44,2026-07-15 14:36:44,SYSTEM_SEED,SYSTEM_SEED
ACC-02268,Gangamma Naik,42,36-45,FEMALE,42963000000035013,Ballari East,Copy,1,2022-10-01,2022-10-01,,,2026-07-15 14:36:44,2026-07-15 14:36:44,SYSTEM_SEED,SYSTEM_SEED
ACC-02269,Chandani Natarajan,24,18-25,FEMALE,42963000000035022,Dakshina Kannada West,Environmental manager,1,2024-10-31,2024-10-31,,,2026-07-15 14:36:44,2026-07-15 14:36:44,SYSTEM_SEED,SYSTEM_SEED
ACC-02270,Onveer Purohit,32,26-35,MALE,42963000000035038,Udupi West,Museum/gallery curator,1,2021-08-16,2021-08-16,,,2026-07-15 14:36:44,2026-07-15 14:36:44,SYSTEM_SEED,SYSTEM_SEED
ACC-02271,Jackson Kapoor,58,56-65,MALE,42963000000035041,Yadgir East,Futures trader,1,2023-07-13,2023-07-13,,,2026-07-15 14:36:44,2026-07-15 14:36:44,SYSTEM_SEED,SYSTEM_SEED
ACC-02272,Maanav Chahal,60,56-65,MALE,42963000000035034,Raichur Rural,Clinical research associate,1,2023-08-19,2023-08-19,,,2026-07-15 14:36:44,2026-07-15 14:36:44,SYSTEM_SEED,SYSTEM_SEED
ACC-02273,Savitramma Devadiga,34,26-35,FEMALE,42963000000035026,Hassan North,Chartered public finance accountant,1,2021-12-20,2021-12-20,,,2026-07-15 14:36:44,2026-07-15 14:36:44,SYSTEM_SEED,SYSTEM_SEED
ACC-02274,Jagadish Poojary,38,36-45,MALE,42963000000035024,Dharwad North,"Librarian, public",2,2024-01-26,2024-03-24,,,2026-07-15 14:36:44,2026-07-15 14:36:44,SYSTEM_SEED,SYSTEM_SEED
ACC-02275,Kariyappa Urs,62,56-65,MALE,42963000000035042,Vijayanagara West,"Therapist, drama",1,2025-10-30,2025-10-30,,,2026-07-15 14:36:44,2026-07-15 14:36:44,SYSTEM_SEED,SYSTEM_SEED
ACC-02276,Dalbir Pillai,19,18-25,MALE,42963000000035030,Kolar South,Conference centre manager,1,2024-08-05,2024-08-05,,,2026-07-15 14:36:44,2026-07-15 14:36:44,SYSTEM_SEED,SYSTEM_SEED
ACC-02277,Yallappa Naik,34,26-35,MALE,42963000000035042,Vijayanagara Rural,Intelligence analyst,1,2024-12-26,2024-12-26,,,2026-07-15 14:36:44,2026-07-15 14:36:44,SYSTEM_SEED,SYSTEM_SEED
ACC-02278,Aadi Mukhopadhyay,60,56-65,MALE,42963000000035042,Vijayanagara North,Biomedical engineer,1,2025-07-31,2025-07-31,,,2026-07-15 14:36:44,2026-07-15 14:36:44,SYSTEM_SEED,SYSTEM_SEED
ACC-02279,Chandrashekar Reddy,29,26-35,MALE,42963000000035033,Mysuru North,Therapeutic radiographer,1,2023-12-31,2023-12-31,,,2026-07-15 14:36:44,2026-07-15 14:36:44,SYSTEM_SEED,SYSTEM_SEED
ACC-02280,Raghavendra Nayak,57,56-65,MALE,42963000000035042,Vijayanagara Taluk HQ,Social worker,1,2021-06-30,2021-06-30,,,2026-07-15 14:36:44,2026-07-15 14:36:44,SYSTEM_SEED,SYSTEM_SEED
ACC-02281,Rishi Sampath,42,36-45,MALE,42963000000035018,Chamarajanagar Rural,IT consultant,1,2023-03-02,2023-03-02,,,2026-07-15 14:36:44,2026-07-15 14:36:44,SYSTEM_SEED,SYSTEM_SEED
ACC-02282,Gangamma Bhat,48,46-55,FEMALE,42963000000035037,Tumakuru Taluk HQ,Medical sales representative,1,2022-06-22,2022-06-22,,,2026-07-15 14:36:44,2026-07-15 14:36:44,SYSTEM_SEED,SYSTEM_SEED
ACC-02283,Yoshita Kapadia,35,26-35,FEMALE,42963000000035022,Dakshina Kannada South,Clinical biochemist,1,2023-11-17,2023-11-17,,,2026-07-15 14:36:44,2026-07-15 14:36:44,SYSTEM_SEED,SYSTEM_SEED
ACC-02284,Pushpalatha Poojary,24,18-25,FEMALE,42963000000035036,Shivamogga West,Nutritional therapist,1,2022-03-14,2022-03-14,,,2026-07-15 14:36:44,2026-07-15 14:36:44,SYSTEM_SEED,SYSTEM_SEED
ACC-02285,Veda Mutti,37,36-45,FEMALE,42963000000035033,Mysuru South,Dance movement psychotherapist,1,2025-09-23,2025-09-23,,,2026-07-15 14:36:44,2026-07-15 14:36:44,SYSTEM_SEED,SYSTEM_SEED
ACC-02286,Januja Tata,27,26-35,FEMALE,42963000000035012,Bagalkot North,"Programmer, applications",1,2022-05-07,2022-05-07,,,2026-07-15 14:36:44,2026-07-15 14:36:44,SYSTEM_SEED,SYSTEM_SEED
ACC-02287,Lucky Dhingra,42,36-45,MALE,42963000000035016,Bengaluru Urban West,Animal nutritionist,1,2022-11-24,2022-11-24,,,2026-07-15 14:36:44,2026-07-15 14:36:44,SYSTEM_SEED,SYSTEM_SEED
ACC-02288,Sureshgowda Nayak,36,36-45,MALE,42963000000035031,Koppal South,Tour manager,2,2021-08-04,2025-10-31,,,2026-07-15 14:36:44,2026-07-15 14:36:44,SYSTEM_SEED,SYSTEM_SEED
ACC-02289,Mohammed Thakkar,42,36-45,MALE,42963000000035014,Belagavi East,Community pharmacist,1,2024-08-24,2024-08-24,,,2026-07-15 14:36:44,2026-07-15 14:36:44,SYSTEM_SEED,SYSTEM_SEED
ACC-02290,Gopalakrishna Setty,20,18-25,MALE,42963000000035022,Dakshina Kannada North,Graphic designer,1,2022-06-06,2022-06-06,,,2026-07-15 14:36:44,2026-07-15 14:36:44,SYSTEM_SEED,SYSTEM_SEED
ACC-02291,Shivakumar Urs,58,56-65,MALE,42963000000035031,Koppal South,"Teacher, secondary school",2,2023-03-08,2023-12-25,,,2026-07-15 14:36:44,2026-07-15 14:36:44,SYSTEM_SEED,SYSTEM_SEED
ACC-02292,Hritik Talwar,22,18-25,MALE,42963000000035014,Belagavi Rural,"Horticulturist, amenity",1,2024-08-12,2024-08-12,,,2026-07-15 14:36:44,2026-07-15 14:36:44,SYSTEM_SEED,SYSTEM_SEED
ACC-02293,Yallappa Nayak,39,36-45,MALE,42963000000035021,Chitradurga Taluk HQ,Mudlogger,1,2022-04-27,2022-04-27,,,2026-07-15 14:36:44,2026-07-15 14:36:44,SYSTEM_SEED,SYSTEM_SEED
ACC-02294,Ojas Dua,54,46-55,MALE,42963000000035033,Mysuru North,"Engineer, materials",2,2023-04-17,2025-07-29,,,2026-07-15 14:36:44,2026-07-15 14:36:44,SYSTEM_SEED,SYSTEM_SEED
ACC-02295,Atharv Gola,55,46-55,MALE,42963000000035021,Chitradurga South,Ranger/warden,2,2021-05-29,2025-07-05,,,2026-07-15 14:36:44,2026-07-15 14:36:44,SYSTEM_SEED,SYSTEM_SEED
ACC-02296,Mason Dutta,29,26-35,MALE,42963000000035014,Belagavi North,Advertising copywriter,1,2021-11-06,2021-11-06,,,2026-07-15 14:36:44,2026-07-15 14:36:44,SYSTEM_SEED,SYSTEM_SEED
ACC-02297,Pahal Sami,19,18-25,FEMALE,42963000000035018,Chamarajanagar North,Public librarian,2,2021-11-14,2025-09-19,,,2026-07-15 14:36:44,2026-07-15 14:36:44,SYSTEM_SEED,SYSTEM_SEED
ACC-02298,Shivani Raman,60,56-65,FEMALE,42963000000035012,Bagalkot Rural,Building surveyor,1,2023-10-25,2023-10-25,,,2026-07-15 14:36:44,2026-07-15 14:36:44,SYSTEM_SEED,SYSTEM_SEED
ACC-02299,Lohit Hayer,49,46-55,MALE,42963000000035015,Bengaluru Rural Taluk HQ,Sports therapist,1,2021-04-06,2021-04-06,,,2026-07-15 14:36:44,2026-07-15 14:36:44,SYSTEM_SEED,SYSTEM_SEED
ACC-02300,Chanakya Deep,27,26-35,MALE,42963000000035020,Chikkamagaluru West,Jewellery designer,1,2022-07-22,2022-07-22,,,2026-07-15 14:36:44,2026-07-15 14:36:44,SYSTEM_SEED,SYSTEM_SEED
ACC-02301,Nidra Shankar,33,26-35,FEMALE,42963000000035033,Mysuru West,"Development worker, community",1,2025-11-09,2025-11-09,,,2026-07-15 14:36:44,2026-07-15 14:36:44,SYSTEM_SEED,SYSTEM_SEED
ACC-02302,Timothy Subramanian,43,36-45,MALE,42963000000035024,Dharwad East,"Horticulturist, amenity",1,2022-09-25,2022-09-25,,,2026-07-15 14:36:44,2026-07-15 14:36:44,SYSTEM_SEED,SYSTEM_SEED
ACC-02303,Jagrati Kamdar,43,36-45,FEMALE,42963000000035013,Ballari East,"Engineer, building services",1,2024-04-19,2024-04-19,,,2026-07-15 14:36:44,2026-07-15 14:36:44,SYSTEM_SEED,SYSTEM_SEED
ACC-02304,Pratyush Chaudry,31,26-35,MALE,42963000000035014,Belagavi East,Data scientist,1,2024-05-18,2024-05-18,,,2026-07-15 14:36:44,2026-07-15 14:36:44,SYSTEM_SEED,SYSTEM_SEED
ACC-02305,Tanay Ganguly,32,26-35,MALE,42963000000035014,Belagavi North,Banker,2,2023-09-20,2023-12-05,,,2026-07-15 14:36:44,2026-07-15 14:36:44,SYSTEM_SEED,SYSTEM_SEED
ACC-02306,Akkamahadevi Devadiga,26,26-35,FEMALE,42963000000035024,Dharwad South,Chief Operating Officer,1,2024-09-18,2024-09-18,,,2026-07-15 14:36:44,2026-07-15 14:36:44,SYSTEM_SEED,SYSTEM_SEED
ACC-02307,Warjas Gola,62,56-65,MALE,42963000000035027,Haveri West,Associate Professor,2,2021-01-18,2021-06-03,,,2026-07-15 14:36:44,2026-07-15 14:36:44,SYSTEM_SEED,SYSTEM_SEED
ACC-02308,Yasti Nigam,48,46-55,FEMALE,42963000000035030,Kolar North,"Therapist, horticultural",1,2021-08-31,2021-08-31,,,2026-07-15 14:36:44,2026-07-15 14:36:44,SYSTEM_SEED,SYSTEM_SEED
ACC-02309,Falan Raval,58,56-65,MALE,42963000000035040,Vijayapura Rural,Financial risk analyst,1,2024-10-26,2024-10-26,,,2026-07-15 14:36:44,2026-07-15 14:36:44,SYSTEM_SEED,SYSTEM_SEED
ACC-02310,Daniel Khosla,54,46-55,MALE,42963000000035038,Udupi South,Occupational psychologist,1,2025-07-08,2025-07-08,,,2026-07-15 14:36:44,2026-07-15 14:36:44,SYSTEM_SEED,SYSTEM_SEED
ACC-02311,Savitramma Rai,30,26-35,FEMALE,42963000000035016,Bengaluru Urban South,Records manager,1,2025-05-14,2025-05-14,,,2026-07-15 14:36:44,2026-07-15 14:36:44,SYSTEM_SEED,SYSTEM_SEED
ACC-02312,Gabriel Prashad,30,26-35,MALE,42963000000035013,Ballari Rural,Chartered public finance accountant,1,2022-01-21,2022-01-21,,,2026-07-15 14:36:44,2026-07-15 14:36:44,SYSTEM_SEED,SYSTEM_SEED
ACC-02313,Gangamma Naik,55,46-55,FEMALE,42963000000035030,Kolar Taluk HQ,"Psychologist, educational",1,2021-05-19,2021-05-19,,,2026-07-15 14:36:44,2026-07-15 14:36:44,SYSTEM_SEED,SYSTEM_SEED
ACC-02314,Basavaraj Setty,28,26-35,MALE,42963000000035016,Bengaluru Urban South,Museum/gallery exhibitions officer,2,2021-01-16,2021-08-01,,,2026-07-15 14:36:44,2026-07-15 14:36:44,SYSTEM_SEED,SYSTEM_SEED
ACC-02315,Prakash Achar,49,46-55,MALE,42963000000035035,Ramanagara Rural,Haematologist,1,2021-09-16,2021-09-16,,,2026-07-15 14:36:44,2026-07-15 14:36:44,SYSTEM_SEED,SYSTEM_SEED
ACC-02316,Basavaraj Urs,47,46-55,MALE,42963000000035034,Raichur Taluk HQ,"Producer, television/film/video",2,2023-11-29,2024-09-19,,,2026-07-15 14:36:44,2026-07-15 14:36:44,SYSTEM_SEED,SYSTEM_SEED
ACC-02317,Aashi Dar,18,18-25,FEMALE,42963000000035016,Bengaluru Urban East,Commercial horticulturist,1,2025-10-30,2025-10-30,,,2026-07-15 14:36:44,2026-07-15 14:36:44,SYSTEM_SEED,SYSTEM_SEED
ACC-02318,Darsh Suresh,43,36-45,MALE,42963000000035020,Chikkamagaluru East,Sales executive,1,2024-04-01,2024-04-01,,,2026-07-15 14:36:44,2026-07-15 14:36:44,SYSTEM_SEED,SYSTEM_SEED
ACC-02319,Advay Srinivasan,49,46-55,MALE,42963000000035022,Dakshina Kannada West,Graphic designer,1,2024-12-01,2024-12-01,,,2026-07-15 14:36:44,2026-07-15 14:36:44,SYSTEM_SEED,SYSTEM_SEED
ACC-02320,Gautam Rajagopalan,46,46-55,MALE,42963000000035039,Uttara Kannada Taluk HQ,Radio broadcast assistant,1,2024-01-08,2024-01-08,,,2026-07-15 14:36:44,2026-07-15 14:36:44,SYSTEM_SEED,SYSTEM_SEED
ACC-02321,Rathnamma Reddy,44,36-45,FEMALE,42963000000035035,Ramanagara Rural,Politician's assistant,1,2021-10-05,2021-10-05,,,2026-07-15 14:36:44,2026-07-15 14:36:44,SYSTEM_SEED,SYSTEM_SEED
ACC-02322,Basavaraj Reddy,20,18-25,MALE,42963000000035018,Chamarajanagar North,Hydrogeologist,1,2025-05-01,2025-05-01,,,2026-07-15 14:36:44,2026-07-15 14:36:44,SYSTEM_SEED,SYSTEM_SEED
ACC-02323,Lokesh Gowda,40,36-45,MALE,42963000000035021,Chitradurga West,"Teacher, music",1,2022-10-10,2022-10-10,,,2026-07-15 14:36:44,2026-07-15 14:36:44,SYSTEM_SEED,SYSTEM_SEED
ACC-02324,Shivakumar Achar,65,56-65,MALE,42963000000035022,Dakshina Kannada North,Comptroller,1,2023-06-20,2023-06-20,,,2026-07-15 14:36:44,2026-07-15 14:36:44,SYSTEM_SEED,SYSTEM_SEED
ACC-02325,Yallappa Nayak,47,46-55,MALE,42963000000035024,Dharwad South,Child psychotherapist,1,2023-12-23,2023-12-23,,,2026-07-15 14:36:44,2026-07-15 14:36:44,SYSTEM_SEED,SYSTEM_SEED
ACC-02326,Puttaswamy Poojary,26,26-35,MALE,42963000000035027,Haveri Taluk HQ,"Journalist, magazine",1,2025-10-23,2025-10-23,,,2026-07-15 14:36:44,2026-07-15 14:36:44,SYSTEM_SEED,SYSTEM_SEED
ACC-02327,George Ravi,62,56-65,MALE,42963000000035022,Dakshina Kannada Taluk HQ,Advertising account planner,1,2024-10-24,2024-10-24,,,2026-07-15 14:36:44,2026-07-15 14:36:44,SYSTEM_SEED,SYSTEM_SEED
ACC-02328,Thimmaiah Naik,29,26-35,MALE,42963000000035022,Dakshina Kannada East,"Nurse, mental health",1,2022-12-21,2022-12-21,,,2026-07-15 14:36:44,2026-07-15 14:36:44,SYSTEM_SEED,SYSTEM_SEED
ACC-02329,Azad Venkataraman,44,36-45,MALE,42963000000035031,Koppal North,Television/film/video producer,1,2021-10-31,2021-10-31,,,2026-07-15 14:36:44,2026-07-15 14:36:44,SYSTEM_SEED,SYSTEM_SEED
ACC-02330,Hemang Dalal,23,18-25,MALE,42963000000035037,Tumakuru West,"Education officer, community",1,2023-05-23,2023-05-23,,,2026-07-15 14:36:44,2026-07-15 14:36:44,SYSTEM_SEED,SYSTEM_SEED
ACC-02331,Aahana Sekhon,57,56-65,FEMALE,42963000000035036,Shivamogga South,Interior and spatial designer,2,2022-09-04,2025-05-28,,,2026-07-15 14:36:44,2026-07-15 14:36:44,SYSTEM_SEED,SYSTEM_SEED
ACC-02332,Anmol Dave,57,56-65,MALE,42963000000035022,Dakshina Kannada East,"Teacher, special educational needs",1,2024-02-29,2024-02-29,,,2026-07-15 14:36:44,2026-07-15 14:36:44,SYSTEM_SEED,SYSTEM_SEED
ACC-02333,Puttaswamy Setty,60,56-65,MALE,42963000000035024,Dharwad South,"Engineer, maintenance",1,2023-02-18,2023-02-18,,,2026-07-15 14:36:44,2026-07-15 14:36:44,SYSTEM_SEED,SYSTEM_SEED
ACC-02334,Nagaraj Setty,36,36-45,MALE,42963000000035033,Mysuru Taluk HQ,"Designer, television/film set",1,2024-05-31,2024-05-31,,,2026-07-15 14:36:44,2026-07-15 14:36:44,SYSTEM_SEED,SYSTEM_SEED
ACC-02335,Channabasappa Achar,37,36-45,MALE,42963000000035029,Kodagu North,Chartered loss adjuster,1,2022-12-27,2022-12-27,,,2026-07-15 14:36:44,2026-07-15 14:36:44,SYSTEM_SEED,SYSTEM_SEED
ACC-02336,Anay Chad,56,56-65,MALE,42963000000035018,Chamarajanagar South,Company secretary,1,2022-12-15,2022-12-15,,,2026-07-15 14:36:44,2026-07-15 14:36:44,SYSTEM_SEED,SYSTEM_SEED
ACC-02337,Yallappa Shetty,35,26-35,MALE,42963000000035027,Haveri East,Risk manager,1,2025-03-04,2025-03-04,,,2026-07-15 14:36:44,2026-07-15 14:36:44,SYSTEM_SEED,SYSTEM_SEED
ACC-02338,Rajata Garg,34,26-35,FEMALE,42963000000035012,Bagalkot Rural,Pharmacologist,1,2025-12-13,2025-12-13,,,2026-07-15 14:36:44,2026-07-15 14:36:44,SYSTEM_SEED,SYSTEM_SEED
ACC-02339,Chandrashekar Achar,62,56-65,MALE,42963000000035027,Haveri South,Academic librarian,1,2023-07-23,2023-07-23,,,2026-07-15 14:36:44,2026-07-15 14:36:44,SYSTEM_SEED,SYSTEM_SEED
ACC-02340,Netra Batra,50,46-55,FEMALE,42963000000035023,Davanagere East,"Scientist, physiological",2,2021-01-16,2024-08-14,,,2026-07-15 14:36:44,2026-07-15 14:36:44,SYSTEM_SEED,SYSTEM_SEED
ACC-02341,Vamakshi Dey,64,56-65,FEMALE,42963000000035040,Vijayapura Rural,Technical author,1,2021-05-08,2021-05-08,,,2026-07-15 14:36:44,2026-07-15 14:36:44,SYSTEM_SEED,SYSTEM_SEED
ACC-02342,Naksh Virk,52,46-55,MALE,42963000000035030,Kolar West,Management consultant,1,2021-12-21,2021-12-21,,,2026-07-15 14:36:44,2026-07-15 14:36:44,SYSTEM_SEED,SYSTEM_SEED
ACC-02343,Akkamahadevi Setty,35,26-35,FEMALE,42963000000035015,Bengaluru Rural West,Trading standards officer,1,2024-02-25,2024-02-25,,,2026-07-15 14:36:44,2026-07-15 14:36:44,SYSTEM_SEED,SYSTEM_SEED
ACC-02344,Chavvi Basu,46,46-55,FEMALE,42963000000035016,Bengaluru Urban Taluk HQ,Fast food restaurant manager,2,2022-08-20,2023-09-19,,,2026-07-15 14:36:44,2026-07-15 14:36:44,SYSTEM_SEED,SYSTEM_SEED
ACC-02345,Girindra Dhar,48,46-55,MALE,42963000000035033,Mysuru South,Hydrographic surveyor,1,2024-07-09,2024-07-09,,,2026-07-15 14:36:44,2026-07-15 14:36:44,SYSTEM_SEED,SYSTEM_SEED
ACC-02346,Shanthakumari Rai,51,46-55,FEMALE,42963000000035022,Dakshina Kannada South,"Engineer, structural",1,2023-12-12,2023-12-12,,,2026-07-15 14:36:44,2026-07-15 14:36:44,SYSTEM_SEED,SYSTEM_SEED
ACC-02347,Jagadish Gowda,48,46-55,MALE,42963000000035034,Raichur North,Contractor,1,2022-07-04,2022-07-04,,,2026-07-15 14:36:44,2026-07-15 14:36:44,SYSTEM_SEED,SYSTEM_SEED
ACC-02348,Shivakumar Kulkarni,18,18-25,MALE,42963000000035013,Ballari South,Town planner,1,2022-06-18,2022-06-18,,,2026-07-15 14:36:44,2026-07-15 14:36:44,SYSTEM_SEED,SYSTEM_SEED
ACC-02349,Channabasappa Poojary,42,36-45,MALE,42963000000035040,Vijayapura West,Sub,1,2025-08-18,2025-08-18,,,2026-07-15 14:36:44,2026-07-15 14:36:44,SYSTEM_SEED,SYSTEM_SEED
ACC-02350,Rathnamma Hegde,21,18-25,FEMALE,42963000000035035,Ramanagara North,"Engineer, technical sales",1,2024-02-17,2024-02-17,,,2026-07-15 14:36:44,2026-07-15 14:36:44,SYSTEM_SEED,SYSTEM_SEED
ACC-02351,Liam Dave,25,18-25,MALE,42963000000035017,Bidar South,Writer,1,2025-08-01,2025-08-01,,,2026-07-15 14:36:44,2026-07-15 14:36:44,SYSTEM_SEED,SYSTEM_SEED
ACC-02352,Baljiwan Kumer,43,36-45,MALE,42963000000035037,Tumakuru West,Gaffer,1,2024-05-09,2024-05-09,,,2026-07-15 14:36:44,2026-07-15 14:36:44,SYSTEM_SEED,SYSTEM_SEED
ACC-02353,Finn Ratta,43,36-45,MALE,42963000000035017,Bidar Rural,"Programmer, multimedia",1,2022-09-19,2022-09-19,,,2026-07-15 14:36:44,2026-07-15 14:36:44,SYSTEM_SEED,SYSTEM_SEED
ACC-02354,Lakshmi Sandal,61,56-65,FEMALE,42963000000035036,Shivamogga West,Customer service manager,1,2024-04-09,2024-04-09,,,2026-07-15 14:36:44,2026-07-15 14:36:44,SYSTEM_SEED,SYSTEM_SEED
ACC-02355,Yallappa Achar,45,36-45,MALE,42963000000035041,Yadgir North,Social worker,1,2023-08-06,2023-08-06,,,2026-07-15 14:36:44,2026-07-15 14:36:44,SYSTEM_SEED,SYSTEM_SEED
ACC-02356,Parvatamma Poojary,22,18-25,FEMALE,42963000000035019,Chikballapur South,"Engineer, electronics",1,2025-12-21,2025-12-21,,,2026-07-15 14:36:44,2026-07-15 14:36:44,SYSTEM_SEED,SYSTEM_SEED
ACC-02357,Chandrakala Hegde,62,56-65,FEMALE,42963000000035021,Chitradurga North,Building services engineer,1,2021-02-04,2021-02-04,,,2026-07-15 14:36:44,2026-07-15 14:36:44,SYSTEM_SEED,SYSTEM_SEED
ACC-02358,Lakshmamma Shetty,52,46-55,FEMALE,42963000000035026,Hassan North,Geophysical data processor,1,2024-05-28,2024-05-28,,,2026-07-15 14:36:44,2026-07-15 14:36:44,SYSTEM_SEED,SYSTEM_SEED
ACC-02359,Jayamma Gowda,30,26-35,FEMALE,42963000000035036,Shivamogga North,"Engineer, automotive",1,2024-06-24,2024-06-24,,,2026-07-15 14:36:44,2026-07-15 14:36:44,SYSTEM_SEED,SYSTEM_SEED
ACC-02360,Nagaveni Reddy,30,26-35,FEMALE,42963000000035021,Chitradurga North,Microbiologist,1,2021-04-16,2021-04-16,,,2026-07-15 14:36:44,2026-07-15 14:36:44,SYSTEM_SEED,SYSTEM_SEED
ACC-02361,Siddalingaiah Urs,59,56-65,MALE,42963000000035015,Bengaluru Rural West,"Surveyor, rural practice",1,2024-10-20,2024-10-20,,,2026-07-15 14:36:44,2026-07-15 14:36:44,SYSTEM_SEED,SYSTEM_SEED
ACC-02362,Shaurya Dube,44,36-45,MALE,42963000000035024,Dharwad Rural,Interpreter,1,2024-04-21,2024-04-21,,,2026-07-15 14:36:44,2026-07-15 14:36:44,SYSTEM_SEED,SYSTEM_SEED
ACC-02363,Sachi Bal,43,36-45,FEMALE,42963000000035034,Raichur Taluk HQ,Trade mark attorney,1,2024-08-17,2024-08-17,,,2026-07-15 14:36:44,2026-07-15 14:36:44,SYSTEM_SEED,SYSTEM_SEED
ACC-02364,Balvan Madan,20,18-25,MALE,42963000000035026,Hassan Rural,Company secretary,1,2024-10-08,2024-10-08,,,2026-07-15 14:36:44,2026-07-15 14:36:44,SYSTEM_SEED,SYSTEM_SEED
ACC-02365,Samar Bhatti,38,36-45,MALE,42963000000035033,Mysuru West,Landscape architect,2,2021-11-21,2023-12-13,,,2026-07-15 14:36:44,2026-07-15 14:36:44,SYSTEM_SEED,SYSTEM_SEED
ACC-02366,Radhika Nath,35,26-35,FEMALE,42963000000035022,Dakshina Kannada Taluk HQ,Government social research officer,1,2025-12-26,2025-12-26,,,2026-07-15 14:36:44,2026-07-15 14:36:44,SYSTEM_SEED,SYSTEM_SEED
ACC-02367,Isaiah Mahal,27,26-35,MALE,42963000000035038,Udupi Rural,Administrator,2,2022-02-03,2024-03-03,,,2026-07-15 14:36:44,2026-07-15 14:36:44,SYSTEM_SEED,SYSTEM_SEED
ACC-02368,Ranbir Kapadia,60,56-65,MALE,42963000000035041,Yadgir South,Multimedia specialist,1,2024-07-05,2024-07-05,,,2026-07-15 14:36:44,2026-07-15 14:36:44,SYSTEM_SEED,SYSTEM_SEED
ACC-02369,Bhagyalakshmi Shetty,22,18-25,FEMALE,42963000000035024,Dharwad North,Civil Service fast streamer,1,2024-12-11,2024-12-11,,,2026-07-15 14:36:44,2026-07-15 14:36:44,SYSTEM_SEED,SYSTEM_SEED
ACC-02370,Raghavendra Gowda,38,36-45,MALE,42963000000035014,Belagavi North,Community pharmacist,1,2023-11-06,2023-11-06,,,2026-07-15 14:36:44,2026-07-15 14:36:44,SYSTEM_SEED,SYSTEM_SEED
ACC-02371,Zansi Mohan,28,26-35,FEMALE,42963000000035035,Ramanagara South,Theatre stage manager,1,2021-06-03,2021-06-03,,,2026-07-15 14:36:44,2026-07-15 14:36:44,SYSTEM_SEED,SYSTEM_SEED
ACC-02372,Pushpalatha Urs,45,36-45,FEMALE,42963000000035022,Dakshina Kannada North,Recruitment consultant,1,2025-11-04,2025-11-04,,,2026-07-15 14:36:44,2026-07-15 14:36:44,SYSTEM_SEED,SYSTEM_SEED
ACC-02373,Owen Manda,30,26-35,MALE,42963000000035017,Bidar North,Structural engineer,1,2021-10-30,2021-10-30,,,2026-07-15 14:36:44,2026-07-15 14:36:44,SYSTEM_SEED,SYSTEM_SEED
ACC-02374,Basavaraj Naik,57,56-65,MALE,42963000000035034,Raichur South,Geoscientist,1,2022-07-17,2022-07-17,,,2026-07-15 14:36:44,2026-07-15 14:36:44,SYSTEM_SEED,SYSTEM_SEED
ACC-02375,Lakshmamma Gowda,43,36-45,FEMALE,42963000000035027,Haveri North,Translator,1,2025-12-16,2025-12-16,,,2026-07-15 14:36:44,2026-07-15 14:36:44,SYSTEM_SEED,SYSTEM_SEED
ACC-02376,Siddalingaiah Devadiga,19,18-25,MALE,42963000000035017,Bidar Taluk HQ,Child psychotherapist,1,2024-04-14,2024-04-14,,,2026-07-15 14:36:44,2026-07-15 14:36:44,SYSTEM_SEED,SYSTEM_SEED
ACC-02377,Frederick Nadkarni,64,56-65,MALE,42963000000035032,Mandya East,Neurosurgeon,1,2023-11-18,2023-11-18,,,2026-07-15 14:36:44,2026-07-15 14:36:44,SYSTEM_SEED,SYSTEM_SEED
ACC-02378,Pooja Wali,47,46-55,FEMALE,42963000000035022,Dakshina Kannada East,Structural engineer,1,2022-12-07,2022-12-07,,,2026-07-15 14:36:44,2026-07-15 14:36:44,SYSTEM_SEED,SYSTEM_SEED
ACC-02379,Waida Datta,45,36-45,FEMALE,42963000000035016,Bengaluru Urban West,Futures trader,1,2022-12-26,2022-12-26,,,2026-07-15 14:36:44,2026-07-15 14:36:44,SYSTEM_SEED,SYSTEM_SEED
ACC-02380,Bhagyalakshmi Naik,40,36-45,FEMALE,42963000000035033,Mysuru South,Acupuncturist,1,2025-11-25,2025-11-25,,,2026-07-15 14:36:44,2026-07-15 14:36:44,SYSTEM_SEED,SYSTEM_SEED
ACC-02381,Kariyappa Poojary,59,56-65,MALE,42963000000035022,Dakshina Kannada Rural,Scientific laboratory technician,2,2022-06-16,2025-10-09,,,2026-07-15 14:36:44,2026-07-15 14:36:44,SYSTEM_SEED,SYSTEM_SEED
ACC-02382,Sureshgowda Naik,55,46-55,MALE,42963000000035027,Haveri North,"Designer, furniture",1,2025-11-30,2025-11-30,,,2026-07-15 14:36:44,2026-07-15 14:36:44,SYSTEM_SEED,SYSTEM_SEED
ACC-02383,Ekbal Radhakrishnan,19,18-25,MALE,42963000000035017,Bidar North,Tax inspector,1,2024-12-08,2024-12-08,,,2026-07-15 14:36:44,2026-07-15 14:36:44,SYSTEM_SEED,SYSTEM_SEED
ACC-02384,Gopalakrishna Setty,20,18-25,MALE,42963000000035016,Bengaluru Urban West,"Geologist, engineering",1,2025-04-19,2025-04-19,,,2026-07-15 14:36:44,2026-07-15 14:36:44,SYSTEM_SEED,SYSTEM_SEED
ACC-02385,Reva Krish,65,56-65,FEMALE,42963000000035034,Raichur Taluk HQ,Transport planner,1,2022-03-04,2022-03-04,,,2026-07-15 14:36:44,2026-07-15 14:36:44,SYSTEM_SEED,SYSTEM_SEED
ACC-02386,Kaveri Nayak,23,18-25,FEMALE,42963000000035024,Dharwad North,Personal assistant,2,2023-04-22,2024-01-20,,,2026-07-15 14:36:44,2026-07-15 14:36:44,SYSTEM_SEED,SYSTEM_SEED
ACC-02387,Sujathamma Kulkarni,36,36-45,FEMALE,42963000000035014,Belagavi Rural,"Programmer, systems",1,2023-10-19,2023-10-19,,,2026-07-15 14:36:44,2026-07-15 14:36:44,SYSTEM_SEED,SYSTEM_SEED
ACC-02388,Veeranna Devadiga,44,36-45,MALE,42963000000035039,Uttara Kannada Rural,"Education officer, museum",1,2025-08-11,2025-08-11,,,2026-07-15 14:36:44,2026-07-15 14:36:44,SYSTEM_SEED,SYSTEM_SEED
ACC-02389,Peter Sidhu,24,18-25,MALE,42963000000035036,Shivamogga Rural,Retail buyer,1,2025-06-04,2025-06-04,,,2026-07-15 14:36:44,2026-07-15 14:36:44,SYSTEM_SEED,SYSTEM_SEED
ACC-02390,Manya Sangha,62,56-65,FEMALE,42963000000035024,Dharwad East,"Scientist, research (life sciences)",2,2025-01-27,2025-02-17,,,2026-07-15 14:36:44,2026-07-15 14:36:44,SYSTEM_SEED,SYSTEM_SEED
ACC-02391,Niharika Chahal,24,18-25,FEMALE,42963000000035029,Kodagu North,Industrial/product designer,1,2023-05-28,2023-05-28,,,2026-07-15 14:36:44,2026-07-15 14:36:44,SYSTEM_SEED,SYSTEM_SEED
ACC-02392,Vasanthamma Poojary,34,26-35,FEMALE,42963000000035014,Belagavi West,Optometrist,2,2021-09-22,2025-12-24,,,2026-07-15 14:36:44,2026-07-15 14:36:44,SYSTEM_SEED,SYSTEM_SEED
ACC-02393,Chakradev Buch,46,46-55,MALE,42963000000035016,Bengaluru Urban Rural,Camera operator,1,2023-03-02,2023-03-02,,,2026-07-15 14:36:44,2026-07-15 14:36:44,SYSTEM_SEED,SYSTEM_SEED
ACC-02394,Chakradhar Gandhi,27,26-35,MALE,42963000000035022,Dakshina Kannada Taluk HQ,Teaching laboratory technician,1,2021-05-29,2021-05-29,,,2026-07-15 14:36:44,2026-07-15 14:36:44,SYSTEM_SEED,SYSTEM_SEED
ACC-02395,Brijesh Mangal,29,26-35,MALE,42963000000035016,Bengaluru Urban West,"Surveyor, building",1,2021-10-08,2021-10-08,,,2026-07-15 14:36:44,2026-07-15 14:36:44,SYSTEM_SEED,SYSTEM_SEED
ACC-02396,Veeranna Shetty,62,56-65,MALE,42963000000035022,Dakshina Kannada Rural,"Research officer, government",2,2022-08-04,2022-09-04,,,2026-07-15 14:36:44,2026-07-15 14:36:44,SYSTEM_SEED,SYSTEM_SEED
ACC-02397,Unnati Trivedi,34,26-35,FEMALE,42963000000035039,Uttara Kannada North,Copy,2,2022-02-05,2022-09-15,,,2026-07-15 14:36:44,2026-07-15 14:36:44,SYSTEM_SEED,SYSTEM_SEED
ACC-02398,Yuvraj Varma,33,26-35,MALE,42963000000035024,Dharwad East,Site engineer,1,2021-08-10,2021-08-10,,,2026-07-15 14:36:44,2026-07-15 14:36:44,SYSTEM_SEED,SYSTEM_SEED
ACC-02399,Kariyappa Hegde,54,46-55,MALE,42963000000035033,Mysuru North,Company secretary,2,2021-10-04,2023-02-28,,,2026-07-15 14:36:44,2026-07-15 14:36:44,SYSTEM_SEED,SYSTEM_SEED
ACC-02400,Thimmaiah Devadiga,23,18-25,MALE,42963000000035014,Belagavi West,"Optician, dispensing",1,2022-02-08,2022-02-08,,,2026-07-15 14:36:44,2026-07-15 14:36:44,SYSTEM_SEED,SYSTEM_SEED
ACC-02401,Vasanthamma Reddy,20,18-25,FEMALE,42963000000035018,Chamarajanagar Rural,"Administrator, education",2,2021-03-31,2025-04-05,,,2026-07-15 14:36:44,2026-07-15 14:36:44,SYSTEM_SEED,SYSTEM_SEED
ACC-02402,Aarini Sandal,57,56-65,FEMALE,42963000000035014,Belagavi Taluk HQ,Social researcher,1,2021-01-25,2021-01-25,,,2026-07-15 14:36:44,2026-07-15 14:36:44,SYSTEM_SEED,SYSTEM_SEED
ACC-02403,Jason Wable,47,46-55,MALE,42963000000035037,Tumakuru East,Transport planner,1,2025-12-19,2025-12-19,,,2026-07-15 14:36:44,2026-07-15 14:36:44,SYSTEM_SEED,SYSTEM_SEED
ACC-02404,Udarsh Ganguly,36,36-45,MALE,42963000000035032,Mandya North,"Scientist, research (physical sciences)",2,2022-01-21,2022-09-01,,,2026-07-15 14:36:44,2026-07-15 14:36:44,SYSTEM_SEED,SYSTEM_SEED
ACC-02405,Channabasappa Achar,56,56-65,MALE,42963000000035016,Bengaluru Urban South,Equality and diversity officer,1,2024-08-01,2024-08-01,,,2026-07-15 14:36:44,2026-07-15 14:36:44,SYSTEM_SEED,SYSTEM_SEED
ACC-02406,Baljiwan Peri,62,56-65,MALE,42963000000035022,Dakshina Kannada Rural,Contracting civil engineer,1,2025-12-16,2025-12-16,,,2026-07-15 14:36:44,2026-07-15 14:36:44,SYSTEM_SEED,SYSTEM_SEED
ACC-02407,Jagadish Devadiga,25,18-25,MALE,42963000000035024,Dharwad East,"Scientist, audiological",1,2021-05-24,2021-05-24,,,2026-07-15 14:36:44,2026-07-15 14:36:44,SYSTEM_SEED,SYSTEM_SEED
ACC-02408,Sujathamma Naik,65,56-65,FEMALE,42963000000035018,Chamarajanagar North,Manufacturing engineer,1,2024-06-05,2024-06-05,,,2026-07-15 14:36:44,2026-07-15 14:36:44,SYSTEM_SEED,SYSTEM_SEED
ACC-02409,Jagadish Hegde,19,18-25,MALE,42963000000035022,Dakshina Kannada East,Arts development officer,2,2025-10-03,2025-11-16,,,2026-07-15 14:36:44,2026-07-15 14:36:44,SYSTEM_SEED,SYSTEM_SEED
ACC-02410,Nagaveni Achar,29,26-35,FEMALE,42963000000035022,Dakshina Kannada Rural,"Pharmacist, hospital",1,2021-12-06,2021-12-06,,,2026-07-15 14:36:44,2026-07-15 14:36:44,SYSTEM_SEED,SYSTEM_SEED
ACC-02411,Lakshmamma Urs,42,36-45,FEMALE,42963000000035036,Shivamogga Rural,Research scientist (life sciences),1,2025-04-25,2025-04-25,,,2026-07-15 14:36:44,2026-07-15 14:36:44,SYSTEM_SEED,SYSTEM_SEED
ACC-02412,Frederick Prakash,18,18-25,MALE,42963000000035032,Mandya North,"Clinical scientist, histocompatibility and immunogenetics",1,2022-04-01,2022-04-01,,,2026-07-15 14:36:44,2026-07-15 14:36:44,SYSTEM_SEED,SYSTEM_SEED
ACC-02413,Jeet Zacharia,36,36-45,MALE,42963000000035020,Chikkamagaluru Taluk HQ,Commercial/residential surveyor,1,2025-04-17,2025-04-17,,,2026-07-15 14:36:44,2026-07-15 14:36:44,SYSTEM_SEED,SYSTEM_SEED
ACC-02414,Netra Subramanian,37,36-45,FEMALE,42963000000035024,Dharwad West,Hospital doctor,2,2022-01-16,2022-12-16,,,2026-07-15 14:36:44,2026-07-15 14:36:44,SYSTEM_SEED,SYSTEM_SEED
ACC-02415,Nagaveni Devadiga,56,56-65,FEMALE,42963000000035027,Haveri Taluk HQ,Geochemist,1,2021-07-24,2021-07-24,,,2026-07-15 14:36:44,2026-07-15 14:36:44,SYSTEM_SEED,SYSTEM_SEED
ACC-02416,Savitramma Setty,28,26-35,FEMALE,42963000000035012,Bagalkot West,"Engineer, production",1,2024-08-01,2024-08-01,,,2026-07-15 14:36:44,2026-07-15 14:36:44,SYSTEM_SEED,SYSTEM_SEED
ACC-02417,Ronith Kalla,61,56-65,MALE,42963000000035022,Dakshina Kannada South,Industrial/product designer,1,2025-06-14,2025-06-14,,,2026-07-15 14:36:44,2026-07-15 14:36:44,SYSTEM_SEED,SYSTEM_SEED
ACC-02418,Vincent Sura,30,26-35,MALE,42963000000035034,Raichur South,Barista,1,2021-08-22,2021-08-22,,,2026-07-15 14:36:44,2026-07-15 14:36:44,SYSTEM_SEED,SYSTEM_SEED
ACC-02419,Shanthakumari Nayak,57,56-65,FEMALE,42963000000035032,Mandya Rural,Market researcher,1,2024-01-04,2024-01-04,,,2026-07-15 14:36:44,2026-07-15 14:36:44,SYSTEM_SEED,SYSTEM_SEED
ACC-02420,Victor Narasimhan,31,26-35,MALE,42963000000035016,Bengaluru Urban Rural,Hydrogeologist,2,2022-12-04,2024-12-27,,,2026-07-15 14:36:44,2026-07-15 14:36:44,SYSTEM_SEED,SYSTEM_SEED
ACC-02421,Siddalingaiah Devadiga,38,36-45,MALE,42963000000035023,Davanagere East,Manufacturing systems engineer,1,2021-01-12,2021-01-12,,,2026-07-15 14:36:44,2026-07-15 14:36:44,SYSTEM_SEED,SYSTEM_SEED
ACC-02422,Raghavendra Achar,38,36-45,MALE,42963000000035034,Raichur North,Clinical biochemist,1,2024-07-11,2024-07-11,,,2026-07-15 14:36:44,2026-07-15 14:36:44,SYSTEM_SEED,SYSTEM_SEED
ACC-02423,Parth Grewal,19,18-25,MALE,42963000000035023,Davanagere South,Operational investment banker,1,2025-09-04,2025-09-04,,,2026-07-15 14:36:44,2026-07-15 14:36:44,SYSTEM_SEED,SYSTEM_SEED
ACC-02424,Aayush Chaudhuri,52,46-55,MALE,42963000000035014,Belagavi North,Plant breeder/geneticist,1,2024-10-10,2024-10-10,,,2026-07-15 14:36:44,2026-07-15 14:36:44,SYSTEM_SEED,SYSTEM_SEED
ACC-02425,Hardik Chad,19,18-25,MALE,42963000000035030,Kolar North,Seismic interpreter,1,2025-11-14,2025-11-14,,,2026-07-15 14:36:44,2026-07-15 14:36:44,SYSTEM_SEED,SYSTEM_SEED
ACC-02426,Puttaswamy Kulkarni,27,26-35,MALE,42963000000035028,Kalaburagi East,"Scientist, audiological",1,2024-12-19,2024-12-19,,,2026-07-15 14:36:44,2026-07-15 14:36:44,SYSTEM_SEED,SYSTEM_SEED
ACC-02427,Samesh Dasgupta,31,26-35,MALE,42963000000035013,Ballari South,Ranger/warden,1,2025-08-23,2025-08-23,,,2026-07-15 14:36:44,2026-07-15 14:36:44,SYSTEM_SEED,SYSTEM_SEED
ACC-02428,Faras Krishna,60,56-65,MALE,42963000000035032,Mandya East,Equities trader,2,2022-03-07,2025-06-26,,,2026-07-15 14:36:44,2026-07-15 14:36:44,SYSTEM_SEED,SYSTEM_SEED
ACC-02429,Siya Prasad,33,26-35,FEMALE,42963000000035024,Dharwad North,Hydrographic surveyor,1,2022-09-17,2022-09-17,,,2026-07-15 14:36:44,2026-07-15 14:36:44,SYSTEM_SEED,SYSTEM_SEED
ACC-02430,Upadhriti Gopal,59,56-65,FEMALE,42963000000035023,Davanagere Rural,Software engineer,1,2021-04-02,2021-04-02,,,2026-07-15 14:36:44,2026-07-15 14:36:44,SYSTEM_SEED,SYSTEM_SEED
ACC-02431,Chatura Sarna,36,36-45,MALE,42963000000035031,Koppal Taluk HQ,Print production planner,1,2025-04-14,2025-04-14,,,2026-07-15 14:36:44,2026-07-15 14:36:44,SYSTEM_SEED,SYSTEM_SEED
ACC-02432,Nagaraj Achar,45,36-45,MALE,42963000000035022,Dakshina Kannada West,"Designer, television/film set",1,2021-07-06,2021-07-06,,,2026-07-15 14:36:44,2026-07-15 14:36:44,SYSTEM_SEED,SYSTEM_SEED
ACC-02433,Raagini Saraf,19,18-25,FEMALE,42963000000035030,Kolar Taluk HQ,"Accountant, chartered public finance",1,2022-01-21,2022-01-21,,,2026-07-15 14:36:44,2026-07-15 14:36:44,SYSTEM_SEED,SYSTEM_SEED
ACC-02434,Veeranna Setty,30,26-35,MALE,42963000000035017,Bidar Taluk HQ,Mechanical engineer,1,2021-10-12,2021-10-12,,,2026-07-15 14:36:44,2026-07-15 14:36:44,SYSTEM_SEED,SYSTEM_SEED
ACC-02435,Christopher Gupta,20,18-25,MALE,42963000000035019,Chikballapur North,Higher education careers adviser,1,2024-06-14,2024-06-14,,,2026-07-15 14:36:44,2026-07-15 14:36:44,SYSTEM_SEED,SYSTEM_SEED
ACC-02436,Chandrakala Naik,63,56-65,FEMALE,42963000000035037,Tumakuru North,Architect,1,2024-03-25,2024-03-25,,,2026-07-15 14:36:44,2026-07-15 14:36:44,SYSTEM_SEED,SYSTEM_SEED
ACC-02437,Chandrakala Rai,24,18-25,FEMALE,42963000000035040,Vijayapura Rural,Contracting civil engineer,1,2024-04-11,2024-04-11,,,2026-07-15 14:36:44,2026-07-15 14:36:44,SYSTEM_SEED,SYSTEM_SEED
ACC-02438,Shivansh Narula,36,36-45,MALE,42963000000035025,Gadag Taluk HQ,Ambulance person,1,2025-05-02,2025-05-02,,,2026-07-15 14:36:44,2026-07-15 14:36:44,SYSTEM_SEED,SYSTEM_SEED
ACC-02439,Shivakumar Bhat,63,56-65,MALE,42963000000035022,Dakshina Kannada East,"Designer, multimedia",1,2021-02-24,2021-02-24,,,2026-07-15 14:36:44,2026-07-15 14:36:44,SYSTEM_SEED,SYSTEM_SEED
ACC-02440,Wriddhish Lata,52,46-55,MALE,42963000000035024,Dharwad Taluk HQ,Commissioning editor,1,2025-09-26,2025-09-26,,,2026-07-15 14:36:44,2026-07-15 14:36:44,SYSTEM_SEED,SYSTEM_SEED
ACC-02441,Pushpalatha Shetty,24,18-25,FEMALE,42963000000035033,Mysuru West,"Pharmacist, community",2,2023-08-30,2024-11-26,,,2026-07-15 14:36:44,2026-07-15 14:36:44,SYSTEM_SEED,SYSTEM_SEED
ACC-02442,Prakash Setty,52,46-55,MALE,42963000000035014,Belagavi North,Records manager,1,2025-04-01,2025-04-01,,,2026-07-15 14:36:44,2026-07-15 14:36:44,SYSTEM_SEED,SYSTEM_SEED
ACC-02443,Devansh Nair,61,56-65,MALE,42963000000035012,Bagalkot North,Office manager,1,2022-06-20,2022-06-20,,,2026-07-15 14:36:44,2026-07-15 14:36:44,SYSTEM_SEED,SYSTEM_SEED
ACC-02444,Dominic Choudhary,54,46-55,MALE,42963000000035040,Vijayapura East,Clinical cytogeneticist,1,2024-02-24,2024-02-24,,,2026-07-15 14:36:44,2026-07-15 14:36:44,SYSTEM_SEED,SYSTEM_SEED
ACC-02445,Dev Dugal,46,46-55,MALE,42963000000035030,Kolar South,Local government officer,1,2022-03-24,2022-03-24,,,2026-07-15 14:36:44,2026-07-15 14:36:44,SYSTEM_SEED,SYSTEM_SEED
ACC-02446,Jagat Ben,51,46-55,MALE,42963000000035021,Chitradurga East,"Lighting technician, broadcasting/film/video",1,2025-11-20,2025-11-20,,,2026-07-15 14:36:44,2026-07-15 14:36:44,SYSTEM_SEED,SYSTEM_SEED
ACC-02447,Aayush Saraf,58,56-65,MALE,42963000000035022,Dakshina Kannada East,Quantity surveyor,1,2021-05-24,2021-05-24,,,2026-07-15 14:36:44,2026-07-15 14:36:44,SYSTEM_SEED,SYSTEM_SEED
ACC-02448,Lohit Sunder,65,56-65,MALE,42963000000035021,Chitradurga West,Charity fundraiser,1,2021-11-10,2021-11-10,,,2026-07-15 14:36:44,2026-07-15 14:36:44,SYSTEM_SEED,SYSTEM_SEED
ACC-02449,Kariyappa Hegde,45,36-45,MALE,42963000000035033,Mysuru West,"Pilot, airline",1,2023-08-09,2023-08-09,,,2026-07-15 14:36:44,2026-07-15 14:36:44,SYSTEM_SEED,SYSTEM_SEED
ACC-02450,Faraj Vaidya,27,26-35,MALE,42963000000035033,Mysuru North,"Embryologist, clinical",1,2022-03-13,2022-03-13,,,2026-07-15 14:36:44,2026-07-15 14:36:44,SYSTEM_SEED,SYSTEM_SEED
ACC-02451,Parvatamma Urs,29,26-35,FEMALE,42963000000035014,Belagavi Taluk HQ,Fisheries officer,2,2023-10-19,2024-06-29,,,2026-07-15 14:36:44,2026-07-15 14:36:44,SYSTEM_SEED,SYSTEM_SEED
ACC-02452,Dakshesh Lall,20,18-25,MALE,42963000000035020,Chikkamagaluru West,Firefighter,2,2021-04-23,2024-07-03,,,2026-07-15 14:36:44,2026-07-15 14:36:44,SYSTEM_SEED,SYSTEM_SEED
ACC-02453,Sureshgowda Bhat,31,26-35,MALE,42963000000035034,Raichur West,"Pilot, airline",1,2024-03-28,2024-03-28,,,2026-07-15 14:36:44,2026-07-15 14:36:44,SYSTEM_SEED,SYSTEM_SEED
ACC-02454,Girijamma Devadiga,62,56-65,FEMALE,42963000000035037,Tumakuru North,"Engineer, civil (contracting)",1,2025-04-10,2025-04-10,,,2026-07-15 14:36:44,2026-07-15 14:36:44,SYSTEM_SEED,SYSTEM_SEED
ACC-02455,Dalaja Thakkar,44,36-45,FEMALE,42963000000035028,Kalaburagi West,Tree surgeon,1,2025-11-07,2025-11-07,,,2026-07-15 14:36:44,2026-07-15 14:36:44,SYSTEM_SEED,SYSTEM_SEED
ACC-02456,Girindra Dixit,35,26-35,MALE,42963000000035027,Haveri Rural,Estate manager/land agent,1,2025-11-21,2025-11-21,,,2026-07-15 14:36:44,2026-07-15 14:36:44,SYSTEM_SEED,SYSTEM_SEED
ACC-02457,Veeranna Gowda,28,26-35,MALE,42963000000035025,Gadag Taluk HQ,Community arts worker,1,2022-01-01,2022-01-01,,,2026-07-15 14:36:44,2026-07-15 14:36:44,SYSTEM_SEED,SYSTEM_SEED
ACC-02458,Sai Barad,32,26-35,MALE,42963000000035037,Tumakuru Taluk HQ,Graphic designer,1,2025-02-08,2025-02-08,,,2026-07-15 14:36:44,2026-07-15 14:36:44,SYSTEM_SEED,SYSTEM_SEED
ACC-02459,Basavaraj Gowda,65,56-65,MALE,42963000000035032,Mandya Taluk HQ,"Engineer, agricultural",1,2021-04-24,2021-04-24,,,2026-07-15 14:36:44,2026-07-15 14:36:44,SYSTEM_SEED,SYSTEM_SEED
ACC-02460,Tanay Badami,40,36-45,MALE,42963000000035040,Vijayapura West,Warehouse manager,1,2023-09-24,2023-09-24,,,2026-07-15 14:36:44,2026-07-15 14:36:44,SYSTEM_SEED,SYSTEM_SEED
ACC-02461,Harish Gowda,39,36-45,MALE,42963000000035017,Bidar South,"Engineer, communications",2,2022-01-07,2023-08-01,,,2026-07-15 14:36:44,2026-07-15 14:36:44,SYSTEM_SEED,SYSTEM_SEED
ACC-02462,Atharv Rai,58,56-65,MALE,42963000000035013,Ballari South,Orthoptist,1,2022-10-21,2022-10-21,,,2026-07-15 14:36:44,2026-07-15 14:36:44,SYSTEM_SEED,SYSTEM_SEED
ACC-02463,Jack Kapadia,33,26-35,MALE,42963000000035038,Udupi West,Legal secretary,1,2022-11-08,2022-11-08,,,2026-07-15 14:36:44,2026-07-15 14:36:44,SYSTEM_SEED,SYSTEM_SEED
ACC-02464,Kariyappa Reddy,63,56-65,MALE,42963000000035012,Bagalkot West,Physiological scientist,1,2022-11-25,2022-11-25,,,2026-07-15 14:36:44,2026-07-15 14:36:44,SYSTEM_SEED,SYSTEM_SEED
ACC-02465,Azaan Uppal,28,26-35,MALE,42963000000035031,Koppal West,Physiotherapist,1,2023-05-31,2023-05-31,,,2026-07-15 14:36:44,2026-07-15 14:36:44,SYSTEM_SEED,SYSTEM_SEED
ACC-02466,Shivakumar Naik,21,18-25,MALE,42963000000035014,Belagavi East,Arts development officer,1,2022-08-08,2022-08-08,,,2026-07-15 14:36:44,2026-07-15 14:36:44,SYSTEM_SEED,SYSTEM_SEED
ACC-02467,Dayamai Luthra,45,36-45,FEMALE,42963000000035040,Vijayapura North,Medical physicist,1,2023-09-03,2023-09-03,,,2026-07-15 14:36:44,2026-07-15 14:36:44,SYSTEM_SEED,SYSTEM_SEED
ACC-02468,Thimmaiah Achar,53,46-55,MALE,42963000000035042,Vijayanagara East,Health visitor,1,2023-05-11,2023-05-11,,,2026-07-15 14:36:44,2026-07-15 14:36:44,SYSTEM_SEED,SYSTEM_SEED
ACC-02469,Shaurya Koshy,61,56-65,MALE,42963000000035034,Raichur North,IT consultant,1,2021-02-06,2021-02-06,,,2026-07-15 14:36:44,2026-07-15 14:36:44,SYSTEM_SEED,SYSTEM_SEED
ACC-02470,Gavin Baria,48,46-55,MALE,42963000000035023,Davanagere West,Academic librarian,2,2024-10-30,2025-01-07,,,2026-07-15 14:36:44,2026-07-15 14:36:44,SYSTEM_SEED,SYSTEM_SEED
ACC-02471,Naveen Kala,39,36-45,MALE,42963000000035030,Kolar West,Higher education lecturer,1,2022-02-14,2022-02-14,,,2026-07-15 14:36:44,2026-07-15 14:36:44,SYSTEM_SEED,SYSTEM_SEED
ACC-02472,Meera Chaudhuri,43,36-45,FEMALE,42963000000035016,Bengaluru Urban North,Plant breeder/geneticist,1,2023-05-08,2023-05-08,,,2026-07-15 14:36:44,2026-07-15 14:36:44,SYSTEM_SEED,SYSTEM_SEED
ACC-02473,Jonathan Swamy,45,36-45,MALE,42963000000035026,Hassan Taluk HQ,Medical physicist,1,2023-02-10,2023-02-10,,,2026-07-15 14:36:44,2026-07-15 14:36:44,SYSTEM_SEED,SYSTEM_SEED
ACC-02474,Thimmaiah Setty,18,18-25,MALE,42963000000035041,Yadgir North,"Lecturer, higher education",1,2021-09-15,2021-09-15,,,2026-07-15 14:36:44,2026-07-15 14:36:44,SYSTEM_SEED,SYSTEM_SEED
ACC-02475,Daksh Chatterjee,30,26-35,MALE,42963000000035038,Udupi North,"Administrator, Civil Service",1,2021-05-04,2021-05-04,,,2026-07-15 14:36:44,2026-07-15 14:36:44,SYSTEM_SEED,SYSTEM_SEED
ACC-02476,Noah Patel,24,18-25,MALE,42963000000035031,Koppal Rural,Medical illustrator,2,2023-12-04,2025-06-07,,,2026-07-15 14:36:44,2026-07-15 14:36:44,SYSTEM_SEED,SYSTEM_SEED
ACC-02477,Girijamma Urs,32,26-35,FEMALE,42963000000035022,Dakshina Kannada Taluk HQ,Theme park manager,1,2025-12-24,2025-12-24,,,2026-07-15 14:36:44,2026-07-15 14:36:44,SYSTEM_SEED,SYSTEM_SEED
ACC-02478,Jagat Majumdar,51,46-55,MALE,42963000000035024,Dharwad Rural,"Engineer, materials",2,2025-07-22,2025-08-12,,,2026-07-15 14:36:44,2026-07-15 14:36:44,SYSTEM_SEED,SYSTEM_SEED
ACC-02479,Caleb Cherian,62,56-65,MALE,42963000000035012,Bagalkot East,"Conservator, furniture",1,2024-05-12,2024-05-12,,,2026-07-15 14:36:44,2026-07-15 14:36:44,SYSTEM_SEED,SYSTEM_SEED
ACC-02480,Anvi Halder,49,46-55,FEMALE,42963000000035022,Dakshina Kannada East,"Engineer, automotive",1,2023-08-08,2023-08-08,,,2026-07-15 14:36:44,2026-07-15 14:36:44,SYSTEM_SEED,SYSTEM_SEED
ACC-02481,Chandran Borde,58,56-65,MALE,42963000000035033,Mysuru North,Sports coach,1,2021-11-25,2021-11-25,,,2026-07-15 14:36:44,2026-07-15 14:36:44,SYSTEM_SEED,SYSTEM_SEED
ACC-02482,Matthew Som,18,18-25,MALE,42963000000035030,Kolar West,"Engineer, drilling",1,2025-09-30,2025-09-30,,,2026-07-15 14:36:44,2026-07-15 14:36:44,SYSTEM_SEED,SYSTEM_SEED
ACC-02483,Anya Datta,24,18-25,FEMALE,42963000000035037,Tumakuru North,"Engineer, agricultural",2,2021-01-10,2024-09-21,,,2026-07-15 14:36:44,2026-07-15 14:36:44,SYSTEM_SEED,SYSTEM_SEED
ACC-02484,Lajita Palan,22,18-25,FEMALE,42963000000035029,Kodagu East,Medical secretary,1,2024-09-10,2024-09-10,,,2026-07-15 14:36:44,2026-07-15 14:36:44,SYSTEM_SEED,SYSTEM_SEED
ACC-02485,Daniel Sarin,44,36-45,MALE,42963000000035016,Bengaluru Urban Rural,Broadcast journalist,1,2025-07-27,2025-07-27,,,2026-07-15 14:36:44,2026-07-15 14:36:44,SYSTEM_SEED,SYSTEM_SEED
ACC-02486,Shaurya Viswanathan,25,18-25,MALE,42963000000035022,Dakshina Kannada West,Retail manager,2,2023-07-07,2025-04-26,,,2026-07-15 14:36:44,2026-07-15 14:36:44,SYSTEM_SEED,SYSTEM_SEED
ACC-02487,Fiyaz Mahal,52,46-55,MALE,42963000000035030,Kolar South,"Conservation officer, nature",1,2021-07-03,2021-07-03,,,2026-07-15 14:36:44,2026-07-15 14:36:44,SYSTEM_SEED,SYSTEM_SEED
ACC-02488,Akkamahadevi Urs,40,36-45,FEMALE,42963000000035031,Koppal Rural,Horticultural consultant,1,2023-09-12,2023-09-12,,,2026-07-15 14:36:44,2026-07-15 14:36:44,SYSTEM_SEED,SYSTEM_SEED
ACC-02489,Ravindranath Bhat,27,26-35,MALE,42963000000035032,Mandya East,Armed forces technical officer,2,2024-10-30,2025-04-28,,,2026-07-15 14:36:44,2026-07-15 14:36:44,SYSTEM_SEED,SYSTEM_SEED
ACC-02490,Harish Naik,28,26-35,MALE,42963000000035029,Kodagu South,Systems developer,1,2023-11-26,2023-11-26,,,2026-07-15 14:36:44,2026-07-15 14:36:44,SYSTEM_SEED,SYSTEM_SEED
ACC-02491,Ikshita Rao,46,46-55,FEMALE,42963000000035017,Bidar West,"Research officer, trade union",1,2025-06-23,2025-06-23,,,2026-07-15 14:36:44,2026-07-15 14:36:44,SYSTEM_SEED,SYSTEM_SEED
ACC-02492,Puttaswamy Poojary,54,46-55,MALE,42963000000035038,Udupi West,Site engineer,1,2021-05-09,2021-05-09,,,2026-07-15 14:36:44,2026-07-15 14:36:44,SYSTEM_SEED,SYSTEM_SEED
ACC-02493,Fitan Sarma,35,26-35,MALE,42963000000035031,Koppal Taluk HQ,Sales executive,2,2025-01-26,2025-03-11,,,2026-07-15 14:36:44,2026-07-15 14:36:44,SYSTEM_SEED,SYSTEM_SEED
ACC-02494,Saumya Rattan,46,46-55,FEMALE,42963000000035033,Mysuru West,Training and development officer,1,2021-12-20,2021-12-20,,,2026-07-15 14:36:44,2026-07-15 14:36:44,SYSTEM_SEED,SYSTEM_SEED
ACC-02495,Sunandamma Naik,56,56-65,FEMALE,42963000000035012,Bagalkot West,Glass blower/designer,1,2024-03-24,2024-03-24,,,2026-07-15 14:36:44,2026-07-15 14:36:44,SYSTEM_SEED,SYSTEM_SEED
ACC-02496,Hiral Aggarwal,44,36-45,FEMALE,42963000000035023,Davanagere South,"Designer, jewellery",1,2023-11-09,2023-11-09,,,2026-07-15 14:36:44,2026-07-15 14:36:44,SYSTEM_SEED,SYSTEM_SEED
ACC-02497,Aayush Varghese,22,18-25,MALE,42963000000035033,Mysuru East,"Programmer, applications",1,2023-08-13,2023-08-13,,,2026-07-15 14:36:44,2026-07-15 14:36:44,SYSTEM_SEED,SYSTEM_SEED
ACC-02498,Girijamma Devadiga,49,46-55,FEMALE,42963000000035012,Bagalkot South,Retail manager,1,2025-03-04,2025-03-04,,,2026-07-15 14:36:44,2026-07-15 14:36:44,SYSTEM_SEED,SYSTEM_SEED
ACC-02499,Raghavendra Nayak,61,56-65,MALE,42963000000035032,Mandya West,"Scientist, water quality",1,2022-01-03,2022-01-03,,,2026-07-15 14:36:44,2026-07-15 14:36:44,SYSTEM_SEED,SYSTEM_SEED
ACC-02500,Thimmaiah Poojary,54,46-55,MALE,42963000000035020,Chikkamagaluru West,Futures trader,1,2023-07-04,2023-07-04,,,2026-07-15 14:36:44,2026-07-15 14:36:44,SYSTEM_SEED,SYSTEM_SEED
ACC-02501,Sujathamma Poojary,50,46-55,FEMALE,42963000000035036,Shivamogga South,Immunologist,1,2022-05-11,2022-05-11,,,2026-07-15 14:36:44,2026-07-15 14:36:44,SYSTEM_SEED,SYSTEM_SEED
ACC-02502,Manbir Loyal,47,46-55,MALE,42963000000035025,Gadag North,Sub,1,2023-09-18,2023-09-18,,,2026-07-15 14:36:44,2026-07-15 14:36:44,SYSTEM_SEED,SYSTEM_SEED
ACC-02503,Frederick Kapur,43,36-45,MALE,42963000000035033,Mysuru West,Armed forces technical officer,1,2025-08-28,2025-08-28,,,2026-07-15 14:36:44,2026-07-15 14:36:44,SYSTEM_SEED,SYSTEM_SEED
ACC-02504,Yallappa Bhat,24,18-25,MALE,42963000000035042,Vijayanagara Taluk HQ,"Social research officer, government",1,2025-06-21,2025-06-21,,,2026-07-15 14:36:44,2026-07-15 14:36:44,SYSTEM_SEED,SYSTEM_SEED
ACC-02505,Girijamma Naik,34,26-35,FEMALE,42963000000035020,Chikkamagaluru Rural,Field seismologist,1,2025-03-20,2025-03-20,,,2026-07-15 14:36:44,2026-07-15 14:36:44,SYSTEM_SEED,SYSTEM_SEED
ACC-02506,Basavaraj Rai,58,56-65,MALE,42963000000035025,Gadag North,"Horticulturist, amenity",1,2021-12-13,2021-12-13,,,2026-07-15 14:36:44,2026-07-15 14:36:44,SYSTEM_SEED,SYSTEM_SEED
ACC-02507,Ethan Mall,25,18-25,MALE,42963000000035036,Shivamogga North,Contracting civil engineer,1,2023-11-20,2023-11-20,,,2026-07-15 14:36:44,2026-07-15 14:36:44,SYSTEM_SEED,SYSTEM_SEED
ACC-02508,Ati Kothari,43,36-45,FEMALE,42963000000035016,Bengaluru Urban East,"Engineer, materials",1,2024-12-31,2024-12-31,,,2026-07-15 14:36:44,2026-07-15 14:36:44,SYSTEM_SEED,SYSTEM_SEED
ACC-02509,Aachal Palan,43,36-45,FEMALE,42963000000035020,Chikkamagaluru Taluk HQ,Trade union research officer,1,2022-04-09,2022-04-09,,,2026-07-15 14:36:44,2026-07-15 14:36:44,SYSTEM_SEED,SYSTEM_SEED
ACC-02510,Vasanthamma Kulkarni,19,18-25,FEMALE,42963000000035036,Shivamogga South,"Merchandiser, retail",1,2025-12-05,2025-12-05,,,2026-07-15 14:36:44,2026-07-15 14:36:44,SYSTEM_SEED,SYSTEM_SEED
ACC-02511,Benjamin Lalla,40,36-45,MALE,42963000000035025,Gadag Taluk HQ,Contracting civil engineer,1,2022-03-05,2022-03-05,,,2026-07-15 14:36:44,2026-07-15 14:36:44,SYSTEM_SEED,SYSTEM_SEED
ACC-02512,Manan Nair,53,46-55,MALE,42963000000035038,Udupi North,Barista,1,2024-11-20,2024-11-20,,,2026-07-15 14:36:44,2026-07-15 14:36:44,SYSTEM_SEED,SYSTEM_SEED
ACC-02513,Prakash Nayak,60,56-65,MALE,42963000000035035,Ramanagara West,Administrator,1,2021-11-07,2021-11-07,,,2026-07-15 14:36:44,2026-07-15 14:36:44,SYSTEM_SEED,SYSTEM_SEED
ACC-02514,Januja Mammen,53,46-55,FEMALE,42963000000035018,Chamarajanagar East,"Editor, commissioning",1,2021-08-01,2021-08-01,,,2026-07-15 14:36:44,2026-07-15 14:36:44,SYSTEM_SEED,SYSTEM_SEED
ACC-02515,Abhiram Yogi,34,26-35,MALE,42963000000035036,Shivamogga Taluk HQ,Television production assistant,1,2025-07-11,2025-07-11,,,2026-07-15 14:36:44,2026-07-15 14:36:44,SYSTEM_SEED,SYSTEM_SEED
ACC-02516,Rayaan Kurian,53,46-55,MALE,42963000000035022,Dakshina Kannada North,Trade mark attorney,1,2023-06-09,2023-06-09,,,2026-07-15 14:36:44,2026-07-15 14:36:44,SYSTEM_SEED,SYSTEM_SEED
ACC-02517,Timothy Kannan,18,18-25,MALE,42963000000035016,Bengaluru Urban South,"Journalist, broadcasting",1,2024-03-07,2024-03-07,,,2026-07-15 14:36:44,2026-07-15 14:36:44,SYSTEM_SEED,SYSTEM_SEED
ACC-02518,Rathnamma Urs,18,18-25,FEMALE,42963000000035013,Ballari East,Geophysical data processor,1,2021-09-30,2021-09-30,,,2026-07-15 14:36:44,2026-07-15 14:36:44,SYSTEM_SEED,SYSTEM_SEED
ACC-02519,Rudra Dugal,61,56-65,MALE,42963000000035022,Dakshina Kannada West,Product designer,1,2021-09-13,2021-09-13,,,2026-07-15 14:36:44,2026-07-15 14:36:44,SYSTEM_SEED,SYSTEM_SEED
ACC-02520,Raghavendra Reddy,40,36-45,MALE,42963000000035030,Kolar South,Exhibition designer,1,2025-01-01,2025-01-01,,,2026-07-15 14:36:44,2026-07-15 14:36:44,SYSTEM_SEED,SYSTEM_SEED
ACC-02521,Qarin Divan,24,18-25,MALE,42963000000035027,Haveri North,Quality manager,1,2024-02-24,2024-02-24,,,2026-07-15 14:36:44,2026-07-15 14:36:44,SYSTEM_SEED,SYSTEM_SEED
ACC-02522,Yug Golla,46,46-55,MALE,42963000000035042,Vijayanagara South,Psychiatric nurse,1,2022-04-20,2022-04-20,,,2026-07-15 14:36:44,2026-07-15 14:36:44,SYSTEM_SEED,SYSTEM_SEED
ACC-02523,Sureshgowda Urs,45,36-45,MALE,42963000000035024,Dharwad Taluk HQ,Electrical engineer,1,2021-03-14,2021-03-14,,,2026-07-15 14:36:44,2026-07-15 14:36:44,SYSTEM_SEED,SYSTEM_SEED
ACC-02524,Ijaya Swaminathan,59,56-65,FEMALE,42963000000035016,Bengaluru Urban East,Education administrator,2,2024-11-29,2025-08-21,,,2026-07-15 14:36:44,2026-07-15 14:36:44,SYSTEM_SEED,SYSTEM_SEED
ACC-02525,Lakshmamma Reddy,59,56-65,FEMALE,42963000000035035,Ramanagara South,Herbalist,1,2021-06-15,2021-06-15,,,2026-07-15 14:36:44,2026-07-15 14:36:44,SYSTEM_SEED,SYSTEM_SEED
ACC-02526,Prakash Shetty,62,56-65,MALE,42963000000035016,Bengaluru Urban South,Advertising art director,1,2025-07-19,2025-07-19,,,2026-07-15 14:36:44,2026-07-15 14:36:44,SYSTEM_SEED,SYSTEM_SEED
ACC-02527,Finn Goel,26,26-35,MALE,42963000000035028,Kalaburagi East,"Nurse, mental health",2,2023-04-11,2023-06-06,,,2026-07-15 14:36:44,2026-07-15 14:36:44,SYSTEM_SEED,SYSTEM_SEED
ACC-02528,Shivakumar Bhat,48,46-55,MALE,42963000000035019,Chikballapur East,Translator,1,2021-10-06,2021-10-06,,,2026-07-15 14:36:44,2026-07-15 14:36:44,SYSTEM_SEED,SYSTEM_SEED
ACC-02529,Bakhshi Dhar,41,36-45,MALE,42963000000035016,Bengaluru Urban East,Building surveyor,1,2023-10-03,2023-10-03,,,2026-07-15 14:36:44,2026-07-15 14:36:44,SYSTEM_SEED,SYSTEM_SEED
ACC-02530,Puttaswamy Rai,27,26-35,MALE,42963000000035034,Raichur West,Physiological scientist,1,2024-03-26,2024-03-26,,,2026-07-15 14:36:44,2026-07-15 14:36:44,SYSTEM_SEED,SYSTEM_SEED
ACC-02531,Utkarsh Rau,56,56-65,MALE,42963000000035024,Dharwad South,Chiropodist,1,2024-05-26,2024-05-26,,,2026-07-15 14:36:44,2026-07-15 14:36:44,SYSTEM_SEED,SYSTEM_SEED
ACC-02532,Kariyappa Hegde,45,36-45,MALE,42963000000035033,Mysuru West,Secretary/administrator,1,2023-11-29,2023-11-29,,,2026-07-15 14:36:44,2026-07-15 14:36:44,SYSTEM_SEED,SYSTEM_SEED
ACC-02533,Parvatamma Devadiga,18,18-25,FEMALE,42963000000035021,Chitradurga Taluk HQ,"Copywriter, advertising",1,2022-12-12,2022-12-12,,,2026-07-15 14:36:44,2026-07-15 14:36:44,SYSTEM_SEED,SYSTEM_SEED
ACC-02534,Chandresh Purohit,34,26-35,MALE,42963000000035024,Dharwad East,Music tutor,1,2022-03-07,2022-03-07,,,2026-07-15 14:36:44,2026-07-15 14:36:44,SYSTEM_SEED,SYSTEM_SEED
ACC-02535,Christopher Arya,37,36-45,MALE,42963000000035026,Hassan South,Armed forces logistics/support/administrative officer,1,2021-10-23,2021-10-23,,,2026-07-15 14:36:44,2026-07-15 14:36:44,SYSTEM_SEED,SYSTEM_SEED
ACC-02536,Jeet Chacko,41,36-45,MALE,42963000000035028,Kalaburagi South,"Geologist, wellsite",2,2022-04-05,2024-01-09,,,2026-07-15 14:36:44,2026-07-15 14:36:44,SYSTEM_SEED,SYSTEM_SEED
ACC-02537,Abha Andra,28,26-35,FEMALE,42963000000035015,Bengaluru Rural North,Claims inspector/assessor,1,2023-10-18,2023-10-18,,,2026-07-15 14:36:44,2026-07-15 14:36:44,SYSTEM_SEED,SYSTEM_SEED
ACC-02538,Chandrakala Naik,52,46-55,FEMALE,42963000000035018,Chamarajanagar South,Special effects artist,1,2022-04-01,2022-04-01,,,2026-07-15 14:36:44,2026-07-15 14:36:44,SYSTEM_SEED,SYSTEM_SEED
ACC-02539,Kariyappa Urs,39,36-45,MALE,42963000000035033,Mysuru West,Lexicographer,1,2023-08-29,2023-08-29,,,2026-07-15 14:36:44,2026-07-15 14:36:44,SYSTEM_SEED,SYSTEM_SEED
ACC-02540,Jayamma Nayak,21,18-25,FEMALE,42963000000035012,Bagalkot North,Chartered certified accountant,2,2024-01-08,2025-11-28,,,2026-07-15 14:36:44,2026-07-15 14:36:44,SYSTEM_SEED,SYSTEM_SEED
ACC-02541,Sureshgowda Poojary,23,18-25,MALE,42963000000035040,Vijayapura Rural,"Engineer, electrical",1,2023-07-18,2023-07-18,,,2026-07-15 14:36:44,2026-07-15 14:36:44,SYSTEM_SEED,SYSTEM_SEED
ACC-02542,Wriddhish Sawhney,27,26-35,MALE,42963000000035030,Kolar North,"Development worker, community",2,2021-06-18,2025-08-18,,,2026-07-15 14:36:44,2026-07-15 14:36:44,SYSTEM_SEED,SYSTEM_SEED
ACC-02543,Noah Srinivas,45,36-45,MALE,42963000000035033,Mysuru West,"Designer, fashion/clothing",1,2023-12-14,2023-12-14,,,2026-07-15 14:36:44,2026-07-15 14:36:44,SYSTEM_SEED,SYSTEM_SEED
ACC-02544,Puttaswamy Urs,64,56-65,MALE,42963000000035018,Chamarajanagar Rural,Financial planner,1,2023-04-09,2023-04-09,,,2026-07-15 14:36:44,2026-07-15 14:36:44,SYSTEM_SEED,SYSTEM_SEED
ACC-02545,Yallappa Nayak,38,36-45,MALE,42963000000035026,Hassan South,Banker,1,2023-12-20,2023-12-20,,,2026-07-15 14:36:44,2026-07-15 14:36:44,SYSTEM_SEED,SYSTEM_SEED
ACC-02546,Puttaswamy Hegde,28,26-35,MALE,42963000000035032,Mandya East,Speech and language therapist,1,2023-04-16,2023-04-16,,,2026-07-15 14:36:44,2026-07-15 14:36:44,SYSTEM_SEED,SYSTEM_SEED
ACC-02547,Raghavendra Achar,25,18-25,MALE,42963000000035042,Vijayanagara Taluk HQ,"Geologist, engineering",1,2024-12-10,2024-12-10,,,2026-07-15 14:36:44,2026-07-15 14:36:44,SYSTEM_SEED,SYSTEM_SEED
ACC-02548,Chandrashekar Bhat,46,46-55,MALE,42963000000035014,Belagavi Rural,Speech and language therapist,1,2021-08-10,2021-08-10,,,2026-07-15 14:36:44,2026-07-15 14:36:44,SYSTEM_SEED,SYSTEM_SEED
ACC-02549,Advaith Basu,21,18-25,MALE,42963000000035022,Dakshina Kannada South,"Civil engineer, contracting",1,2022-08-13,2022-08-13,,,2026-07-15 14:36:44,2026-07-15 14:36:44,SYSTEM_SEED,SYSTEM_SEED
ACC-02550,Manjunath Setty,46,46-55,MALE,42963000000035024,Dharwad South,Sport and exercise psychologist,1,2025-11-08,2025-11-08,,,2026-07-15 14:36:44,2026-07-15 14:36:44,SYSTEM_SEED,SYSTEM_SEED
ACC-02551,Charan Vaidya,58,56-65,MALE,42963000000035017,Bidar South,Pathologist,1,2024-07-25,2024-07-25,,,2026-07-15 14:36:44,2026-07-15 14:36:44,SYSTEM_SEED,SYSTEM_SEED
ACC-02552,Aadi Kapur,46,46-55,MALE,42963000000035037,Tumakuru Rural,Aeronautical engineer,2,2023-07-03,2024-07-17,,,2026-07-15 14:36:44,2026-07-15 14:36:44,SYSTEM_SEED,SYSTEM_SEED
ACC-02553,Tanay Rajan,36,36-45,MALE,42963000000035016,Bengaluru Urban East,Data processing manager,1,2025-04-26,2025-04-26,,,2026-07-15 14:36:44,2026-07-15 14:36:44,SYSTEM_SEED,SYSTEM_SEED
ACC-02554,Yashodamma Devadiga,25,18-25,FEMALE,42963000000035022,Dakshina Kannada North,Manufacturing engineer,1,2022-02-09,2022-02-09,,,2026-07-15 14:36:44,2026-07-15 14:36:44,SYSTEM_SEED,SYSTEM_SEED
ACC-02555,Isaiah Rajagopalan,34,26-35,MALE,42963000000035020,Chikkamagaluru North,"Clinical scientist, histocompatibility and immunogenetics",1,2023-12-11,2023-12-11,,,2026-07-15 14:36:44,2026-07-15 14:36:44,SYSTEM_SEED,SYSTEM_SEED
ACC-02556,Frado Choudhary,20,18-25,MALE,42963000000035022,Dakshina Kannada West,Environmental manager,1,2023-03-17,2023-03-17,,,2026-07-15 14:36:44,2026-07-15 14:36:44,SYSTEM_SEED,SYSTEM_SEED
ACC-02557,Lakshmamma Reddy,19,18-25,FEMALE,42963000000035018,Chamarajanagar Taluk HQ,"Civil engineer, consulting",1,2024-11-26,2024-11-26,,,2026-07-15 14:36:44,2026-07-15 14:36:44,SYSTEM_SEED,SYSTEM_SEED
ACC-02558,Thimmaiah Achar,22,18-25,MALE,42963000000035032,Mandya North,Herbalist,1,2024-11-21,2024-11-21,,,2026-07-15 14:36:44,2026-07-15 14:36:44,SYSTEM_SEED,SYSTEM_SEED
ACC-02559,Brinda Nath,45,36-45,FEMALE,42963000000035040,Vijayapura West,Commissioning editor,1,2025-12-20,2025-12-20,,,2026-07-15 14:36:44,2026-07-15 14:36:44,SYSTEM_SEED,SYSTEM_SEED
ACC-02560,Chaman Bassi,52,46-55,FEMALE,42963000000035038,Udupi West,Trade union research officer,1,2024-09-24,2024-09-24,,,2026-07-15 14:36:44,2026-07-15 14:36:44,SYSTEM_SEED,SYSTEM_SEED
ACC-02561,Veeranna Devadiga,22,18-25,MALE,42963000000035022,Dakshina Kannada North,Dentist,1,2024-02-21,2024-02-21,,,2026-07-15 14:36:44,2026-07-15 14:36:44,SYSTEM_SEED,SYSTEM_SEED
ACC-02562,Tanish Wali,18,18-25,MALE,42963000000035020,Chikkamagaluru North,"Lecturer, higher education",1,2022-09-15,2022-09-15,,,2026-07-15 14:36:44,2026-07-15 14:36:44,SYSTEM_SEED,SYSTEM_SEED
ACC-02563,Harish Devadiga,38,36-45,MALE,42963000000035032,Mandya Rural,Tourism officer,1,2025-12-07,2025-12-07,,,2026-07-15 14:36:44,2026-07-15 14:36:44,SYSTEM_SEED,SYSTEM_SEED
ACC-02564,Simon Doctor,37,36-45,MALE,42963000000035023,Davanagere North,Illustrator,1,2023-04-17,2023-04-17,,,2026-07-15 14:36:44,2026-07-15 14:36:44,SYSTEM_SEED,SYSTEM_SEED
ACC-02565,Owen Chawla,38,36-45,MALE,42963000000035033,Mysuru West,Geoscientist,2,2024-01-01,2024-10-14,,,2026-07-15 14:36:44,2026-07-15 14:36:44,SYSTEM_SEED,SYSTEM_SEED
ACC-02566,Raksha Lanka,21,18-25,FEMALE,42963000000035015,Bengaluru Rural Taluk HQ,Camera operator,1,2023-02-12,2023-02-12,,,2026-07-15 14:36:44,2026-07-15 14:36:44,SYSTEM_SEED,SYSTEM_SEED
ACC-02567,Falan Din,40,36-45,MALE,42963000000035023,Davanagere South,IT consultant,1,2025-01-04,2025-01-04,,,2026-07-15 14:36:44,2026-07-15 14:36:44,SYSTEM_SEED,SYSTEM_SEED
ACC-02568,Robert Sekhon,35,26-35,MALE,42963000000035037,Tumakuru Rural,Purchasing manager,1,2022-09-30,2022-09-30,,,2026-07-15 14:36:44,2026-07-15 14:36:44,SYSTEM_SEED,SYSTEM_SEED
ACC-02569,Kariyappa Achar,48,46-55,MALE,42963000000035024,Dharwad East,Broadcast engineer,1,2022-07-05,2022-07-05,,,2026-07-15 14:36:44,2026-07-15 14:36:44,SYSTEM_SEED,SYSTEM_SEED
ACC-02570,Tanay Mallick,55,46-55,MALE,42963000000035040,Vijayapura North,Dance movement psychotherapist,1,2025-10-30,2025-10-30,,,2026-07-15 14:36:44,2026-07-15 14:36:44,SYSTEM_SEED,SYSTEM_SEED
ACC-02571,Channabasappa Achar,31,26-35,MALE,42963000000035035,Ramanagara South,Chemical engineer,1,2025-11-17,2025-11-17,,,2026-07-15 14:36:44,2026-07-15 14:36:44,SYSTEM_SEED,SYSTEM_SEED
ACC-02572,Eesha Gopal,42,36-45,FEMALE,42963000000035029,Kodagu South,Musician,1,2022-02-16,2022-02-16,,,2026-07-15 14:36:44,2026-07-15 14:36:44,SYSTEM_SEED,SYSTEM_SEED
ACC-02573,Odika Talwar,21,18-25,FEMALE,42963000000035029,Kodagu Taluk HQ,Photographer,1,2025-01-14,2025-01-14,,,2026-07-15 14:36:44,2026-07-15 14:36:44,SYSTEM_SEED,SYSTEM_SEED
ACC-02574,Channabasappa Bhat,62,56-65,MALE,42963000000035013,Ballari South,Quarry manager,1,2025-05-17,2025-05-17,,,2026-07-15 14:36:44,2026-07-15 14:36:44,SYSTEM_SEED,SYSTEM_SEED
ACC-02575,Manjunath Kulkarni,48,46-55,MALE,42963000000035018,Chamarajanagar Rural,Patent attorney,1,2021-08-25,2021-08-25,,,2026-07-15 14:36:44,2026-07-15 14:36:44,SYSTEM_SEED,SYSTEM_SEED
ACC-02576,Chandrakala Bhat,63,56-65,FEMALE,42963000000035022,Dakshina Kannada West,Town planner,2,2021-11-30,2024-10-14,,,2026-07-15 14:36:44,2026-07-15 14:36:44,SYSTEM_SEED,SYSTEM_SEED
ACC-02577,Parvatamma Naik,44,36-45,FEMALE,42963000000035031,Koppal Rural,"Lecturer, further education",1,2025-01-19,2025-01-19,,,2026-07-15 14:36:44,2026-07-15 14:36:44,SYSTEM_SEED,SYSTEM_SEED
ACC-02578,Krisha Rajagopal,36,36-45,FEMALE,42963000000035022,Dakshina Kannada West,Personal assistant,1,2021-12-07,2021-12-07,,,2026-07-15 14:36:44,2026-07-15 14:36:44,SYSTEM_SEED,SYSTEM_SEED
ACC-02579,Xiti Walia,51,46-55,FEMALE,42963000000035020,Chikkamagaluru Rural,Software engineer,1,2021-07-23,2021-07-23,,,2026-07-15 14:36:44,2026-07-15 14:36:44,SYSTEM_SEED,SYSTEM_SEED
ACC-02580,Sanaya Chacko,57,56-65,FEMALE,42963000000035033,Mysuru East,Telecommunications researcher,1,2024-11-08,2024-11-08,,,2026-07-15 14:36:44,2026-07-15 14:36:44,SYSTEM_SEED,SYSTEM_SEED
ACC-02581,Imaran Chahal,28,26-35,MALE,42963000000035027,Haveri East,Farm manager,1,2022-10-18,2022-10-18,,,2026-07-15 14:36:44,2026-07-15 14:36:44,SYSTEM_SEED,SYSTEM_SEED
ACC-02582,Aarav Jani,39,36-45,MALE,42963000000035030,Kolar West,Adult guidance worker,1,2023-12-29,2023-12-29,,,2026-07-15 14:36:44,2026-07-15 14:36:44,SYSTEM_SEED,SYSTEM_SEED
ACC-02583,Warjas Deol,26,26-35,MALE,42963000000035040,Vijayapura West,Clinical molecular geneticist,1,2025-12-31,2025-12-31,,,2026-07-15 14:36:44,2026-07-15 14:36:44,SYSTEM_SEED,SYSTEM_SEED
ACC-02584,Yashodamma Devadiga,21,18-25,FEMALE,42963000000035016,Bengaluru Urban Rural,Best boy,2,2021-08-30,2024-09-04,,,2026-07-15 14:36:44,2026-07-15 14:36:44,SYSTEM_SEED,SYSTEM_SEED
ACC-02585,Pranit Dewan,52,46-55,MALE,42963000000035029,Kodagu Rural,Hospital pharmacist,1,2021-07-30,2021-07-30,,,2026-07-15 14:36:44,2026-07-15 14:36:44,SYSTEM_SEED,SYSTEM_SEED
ACC-02586,Veeranna Poojary,22,18-25,MALE,42963000000035035,Ramanagara Rural,Psychiatrist,1,2023-07-03,2023-07-03,,,2026-07-15 14:36:44,2026-07-15 14:36:44,SYSTEM_SEED,SYSTEM_SEED
ACC-02587,Shivansh Kibe,56,56-65,MALE,42963000000035039,Uttara Kannada Taluk HQ,"Engineer, materials",1,2021-06-07,2021-06-07,,,2026-07-15 14:36:44,2026-07-15 14:36:44,SYSTEM_SEED,SYSTEM_SEED
ACC-02588,Yashodamma Bhat,47,46-55,FEMALE,42963000000035012,Bagalkot South,Environmental manager,1,2025-03-20,2025-03-20,,,2026-07-15 14:36:44,2026-07-15 14:36:44,SYSTEM_SEED,SYSTEM_SEED
ACC-02589,Ekapad Dalal,34,26-35,MALE,42963000000035039,Uttara Kannada South,Customer service manager,1,2025-09-05,2025-09-05,,,2026-07-15 14:36:44,2026-07-15 14:36:44,SYSTEM_SEED,SYSTEM_SEED
ACC-02590,Amara Samra,31,26-35,FEMALE,42963000000035023,Davanagere North,Meteorologist,2,2023-04-19,2024-10-03,,,2026-07-15 14:36:44,2026-07-15 14:36:44,SYSTEM_SEED,SYSTEM_SEED
ACC-02591,Chatresh Borah,51,46-55,MALE,42963000000035042,Vijayanagara Taluk HQ,Publishing rights manager,1,2023-02-13,2023-02-13,,,2026-07-15 14:36:44,2026-07-15 14:36:44,SYSTEM_SEED,SYSTEM_SEED
ACC-02592,Basavaraj Poojary,23,18-25,MALE,42963000000035016,Bengaluru Urban West,"Therapist, music",1,2024-07-10,2024-07-10,,,2026-07-15 14:36:44,2026-07-15 14:36:44,SYSTEM_SEED,SYSTEM_SEED
ACC-02593,Alexander Din,50,46-55,MALE,42963000000035022,Dakshina Kannada West,Medical secretary,1,2024-09-23,2024-09-23,,,2026-07-15 14:36:44,2026-07-15 14:36:44,SYSTEM_SEED,SYSTEM_SEED
ACC-02594,Balveer Konda,25,18-25,MALE,42963000000035033,Mysuru West,Camera operator,1,2022-11-23,2022-11-23,,,2026-07-15 14:36:44,2026-07-15 14:36:44,SYSTEM_SEED,SYSTEM_SEED
ACC-02595,Puttaswamy Achar,49,46-55,MALE,42963000000035036,Shivamogga Taluk HQ,"Administrator, charities/voluntary organisations",1,2025-02-25,2025-02-25,,,2026-07-15 14:36:44,2026-07-15 14:36:44,SYSTEM_SEED,SYSTEM_SEED
ACC-02596,Falan Gopal,19,18-25,MALE,42963000000035033,Mysuru Rural,"Psychotherapist, dance movement",1,2025-01-05,2025-01-05,,,2026-07-15 14:36:44,2026-07-15 14:36:44,SYSTEM_SEED,SYSTEM_SEED
ACC-02597,Harish Devadiga,54,46-55,MALE,42963000000035030,Kolar East,Counselling psychologist,1,2022-12-13,2022-12-13,,,2026-07-15 14:36:44,2026-07-15 14:36:44,SYSTEM_SEED,SYSTEM_SEED
ACC-02598,Vasanthamma Kulkarni,54,46-55,FEMALE,42963000000035013,Ballari East,"Secretary, company",1,2024-04-19,2024-04-19,,,2026-07-15 14:36:44,2026-07-15 14:36:44,SYSTEM_SEED,SYSTEM_SEED
ACC-02599,Raghavendra Hegde,45,36-45,MALE,42963000000035028,Kalaburagi Rural,Hydrographic surveyor,1,2024-06-08,2024-06-08,,,2026-07-15 14:36:44,2026-07-15 14:36:44,SYSTEM_SEED,SYSTEM_SEED
ACC-02600,Tripti Nazareth,60,56-65,FEMALE,42963000000035021,Chitradurga Taluk HQ,"Producer, radio",1,2024-09-09,2024-09-09,,,2026-07-15 14:36:44,2026-07-15 14:36:44,SYSTEM_SEED,SYSTEM_SEED
ACC-02601,Luke Choudhry,64,56-65,MALE,42963000000035024,Dharwad Rural,"Designer, furniture",1,2023-05-12,2023-05-12,,,2026-07-15 14:36:44,2026-07-15 14:36:44,SYSTEM_SEED,SYSTEM_SEED
ACC-02602,Amol Ghose,38,36-45,MALE,42963000000035017,Bidar Taluk HQ,Retail manager,2,2021-06-12,2021-08-13,,,2026-07-15 14:36:44,2026-07-15 14:36:44,SYSTEM_SEED,SYSTEM_SEED
ACC-02603,Manjunath Setty,65,56-65,MALE,42963000000035033,Mysuru West,"Designer, multimedia",1,2023-08-07,2023-08-07,,,2026-07-15 14:36:44,2026-07-15 14:36:44,SYSTEM_SEED,SYSTEM_SEED
ACC-02604,Rudra Sampath,23,18-25,MALE,42963000000035012,Bagalkot West,"Programme researcher, broadcasting/film/video",1,2025-09-17,2025-09-17,,,2026-07-15 14:36:44,2026-07-15 14:36:44,SYSTEM_SEED,SYSTEM_SEED
ACC-02605,Zashil Mohan,26,26-35,MALE,42963000000035037,Tumakuru South,Ergonomist,1,2021-04-11,2021-04-11,,,2026-07-15 14:36:44,2026-07-15 14:36:44,SYSTEM_SEED,SYSTEM_SEED
ACC-02606,Gangamma Poojary,26,26-35,FEMALE,42963000000035030,Kolar Rural,Pharmacologist,2,2022-02-16,2023-02-28,,,2026-07-15 14:36:44,2026-07-15 14:36:44,SYSTEM_SEED,SYSTEM_SEED
ACC-02607,Thimmaiah Rai,45,36-45,MALE,42963000000035013,Ballari West,"Designer, graphic",1,2025-06-20,2025-06-20,,,2026-07-15 14:36:44,2026-07-15 14:36:44,SYSTEM_SEED,SYSTEM_SEED
ACC-02608,Chakradhar Vig,24,18-25,MALE,42963000000035037,Tumakuru Taluk HQ,Multimedia programmer,1,2024-10-30,2024-10-30,,,2026-07-15 14:36:44,2026-07-15 14:36:44,SYSTEM_SEED,SYSTEM_SEED
ACC-02609,Hitesh Rattan,36,36-45,MALE,42963000000035021,Chitradurga South,Water engineer,1,2025-11-11,2025-11-11,,,2026-07-15 14:36:44,2026-07-15 14:36:44,SYSTEM_SEED,SYSTEM_SEED
ACC-02610,Chandrakala Rai,31,26-35,FEMALE,42963000000035033,Mysuru Rural,Banker,1,2023-10-02,2023-10-02,,,2026-07-15 14:36:44,2026-07-15 14:36:44,SYSTEM_SEED,SYSTEM_SEED
ACC-02611,Ravindranath Naik,51,46-55,MALE,42963000000035024,Dharwad East,English as a foreign language teacher,1,2024-01-13,2024-01-13,,,2026-07-15 14:36:44,2026-07-15 14:36:44,SYSTEM_SEED,SYSTEM_SEED
ACC-02612,Channabasappa Reddy,23,18-25,MALE,42963000000035017,Bidar West,"Nurse, children's",1,2021-07-07,2021-07-07,,,2026-07-15 14:36:44,2026-07-15 14:36:44,SYSTEM_SEED,SYSTEM_SEED
ACC-02613,Channabasappa Gowda,33,26-35,MALE,42963000000035017,Bidar Rural,Educational psychologist,1,2023-01-25,2023-01-25,,,2026-07-15 14:36:44,2026-07-15 14:36:44,SYSTEM_SEED,SYSTEM_SEED
ACC-02614,Vivaan Sood,18,18-25,MALE,42963000000035029,Kodagu East,Intelligence analyst,1,2024-05-24,2024-05-24,,,2026-07-15 14:36:44,2026-07-15 14:36:44,SYSTEM_SEED,SYSTEM_SEED
ACC-02615,Ranveer Gala,23,18-25,MALE,42963000000035022,Dakshina Kannada East,Audiological scientist,1,2023-02-12,2023-02-12,,,2026-07-15 14:36:44,2026-07-15 14:36:44,SYSTEM_SEED,SYSTEM_SEED
ACC-02616,Simon Hayer,60,56-65,MALE,42963000000035018,Chamarajanagar East,Geophysicist/field seismologist,1,2025-02-23,2025-02-23,,,2026-07-15 14:36:44,2026-07-15 14:36:44,SYSTEM_SEED,SYSTEM_SEED
ACC-02617,Charles Brahmbhatt,42,36-45,MALE,42963000000035018,Chamarajanagar North,Medical laboratory scientific officer,1,2021-07-15,2021-07-15,,,2026-07-15 14:36:44,2026-07-15 14:36:44,SYSTEM_SEED,SYSTEM_SEED
ACC-02618,Amrita Khatri,40,36-45,FEMALE,42963000000035022,Dakshina Kannada Taluk HQ,Herbalist,1,2023-08-12,2023-08-12,,,2026-07-15 14:36:44,2026-07-15 14:36:44,SYSTEM_SEED,SYSTEM_SEED
ACC-02619,Girijamma Gowda,42,36-45,FEMALE,42963000000035020,Chikkamagaluru Rural,"Designer, textile",1,2024-11-26,2024-11-26,,,2026-07-15 14:36:44,2026-07-15 14:36:44,SYSTEM_SEED,SYSTEM_SEED
ACC-02620,Bachittar Kakar,26,26-35,MALE,42963000000035036,Shivamogga East,"Therapist, speech and language",1,2021-02-16,2021-02-16,,,2026-07-15 14:36:44,2026-07-15 14:36:44,SYSTEM_SEED,SYSTEM_SEED
ACC-02621,Kariyappa Bhat,49,46-55,MALE,42963000000035016,Bengaluru Urban West,"Administrator, arts",2,2025-11-01,2025-11-22,,,2026-07-15 14:36:44,2026-07-15 14:36:44,SYSTEM_SEED,SYSTEM_SEED
ACC-02622,Ijaya Jaggi,44,36-45,FEMALE,42963000000035042,Vijayanagara East,Amenity horticulturist,1,2023-09-26,2023-09-26,,,2026-07-15 14:36:44,2026-07-15 14:36:44,SYSTEM_SEED,SYSTEM_SEED
ACC-02623,Kariyappa Bhat,18,18-25,MALE,42963000000035022,Dakshina Kannada Taluk HQ,Financial adviser,1,2023-01-23,2023-01-23,,,2026-07-15 14:36:44,2026-07-15 14:36:44,SYSTEM_SEED,SYSTEM_SEED
ACC-02624,Shivakumar Hegde,42,36-45,MALE,42963000000035035,Ramanagara Taluk HQ,Geophysical data processor,1,2023-01-04,2023-01-04,,,2026-07-15 14:36:44,2026-07-15 14:36:44,SYSTEM_SEED,SYSTEM_SEED
ACC-02625,Anthony Sule,24,18-25,MALE,42963000000035029,Kodagu South,Armed forces technical officer,2,2021-11-06,2024-08-05,,,2026-07-15 14:36:44,2026-07-15 14:36:44,SYSTEM_SEED,SYSTEM_SEED
ACC-02626,Prakash Reddy,58,56-65,MALE,42963000000035038,Udupi South,Art therapist,1,2025-04-07,2025-04-07,,,2026-07-15 14:36:44,2026-07-15 14:36:44,SYSTEM_SEED,SYSTEM_SEED
ACC-02627,Chakradhar More,20,18-25,MALE,42963000000035042,Vijayanagara Taluk HQ,Actuary,1,2021-02-13,2021-02-13,,,2026-07-15 14:36:44,2026-07-15 14:36:44,SYSTEM_SEED,SYSTEM_SEED
ACC-02628,Megha Rao,30,26-35,FEMALE,42963000000035031,Koppal North,"Restaurant manager, fast food",1,2023-04-02,2023-04-02,,,2026-07-15 14:36:44,2026-07-15 14:36:44,SYSTEM_SEED,SYSTEM_SEED
ACC-02629,Jagadish Devadiga,49,46-55,MALE,42963000000035042,Vijayanagara East,"Engineer, broadcasting (operations)",1,2023-12-10,2023-12-10,,,2026-07-15 14:36:44,2026-07-15 14:36:44,SYSTEM_SEED,SYSTEM_SEED
ACC-02630,Rohan Parekh,31,26-35,MALE,42963000000035023,Davanagere West,"Conservation officer, nature",1,2024-06-22,2024-06-22,,,2026-07-15 14:36:44,2026-07-15 14:36:44,SYSTEM_SEED,SYSTEM_SEED
ACC-02631,Nagaraj Devadiga,24,18-25,MALE,42963000000035019,Chikballapur Taluk HQ,Chief Strategy Officer,1,2023-10-25,2023-10-25,,,2026-07-15 14:36:44,2026-07-15 14:36:44,SYSTEM_SEED,SYSTEM_SEED
ACC-02632,Puttaswamy Setty,51,46-55,MALE,42963000000035033,Mysuru North,Learning disability nurse,1,2021-05-04,2021-05-04,,,2026-07-15 14:36:44,2026-07-15 14:36:44,SYSTEM_SEED,SYSTEM_SEED
ACC-02633,Zayan Chaudhuri,19,18-25,MALE,42963000000035027,Haveri Taluk HQ,Retail buyer,1,2021-08-14,2021-08-14,,,2026-07-15 14:36:44,2026-07-15 14:36:44,SYSTEM_SEED,SYSTEM_SEED
ACC-02634,Channabasappa Nayak,44,36-45,MALE,42963000000035024,Dharwad Rural,Dealer,1,2024-08-11,2024-08-11,,,2026-07-15 14:36:44,2026-07-15 14:36:44,SYSTEM_SEED,SYSTEM_SEED
ACC-02635,Veeranna Setty,18,18-25,MALE,42963000000035027,Haveri South,Aeronautical engineer,1,2024-08-26,2024-08-26,,,2026-07-15 14:36:44,2026-07-15 14:36:44,SYSTEM_SEED,SYSTEM_SEED
ACC-02636,William Barad,57,56-65,MALE,42963000000035025,Gadag South,Horticultural therapist,1,2023-03-30,2023-03-30,,,2026-07-15 14:36:44,2026-07-15 14:36:44,SYSTEM_SEED,SYSTEM_SEED
ACC-02637,Faqid Sheth,40,36-45,MALE,42963000000035016,Bengaluru Urban South,Careers information officer,1,2021-12-23,2021-12-23,,,2026-07-15 14:36:44,2026-07-15 14:36:44,SYSTEM_SEED,SYSTEM_SEED
ACC-02638,Jack Kale,52,46-55,MALE,42963000000035033,Mysuru East,Counsellor,1,2023-10-19,2023-10-19,,,2026-07-15 14:36:44,2026-07-15 14:36:44,SYSTEM_SEED,SYSTEM_SEED
ACC-02639,Zashil Varty,25,18-25,MALE,42963000000035024,Dharwad Taluk HQ,Transport planner,1,2024-11-14,2024-11-14,,,2026-07-15 14:36:44,2026-07-15 14:36:44,SYSTEM_SEED,SYSTEM_SEED
ACC-02640,Udarsh Deep,59,56-65,MALE,42963000000035041,Yadgir West,"Librarian, academic",1,2022-01-19,2022-01-19,,,2026-07-15 14:36:44,2026-07-15 14:36:44,SYSTEM_SEED,SYSTEM_SEED
ACC-02641,Pranit Sankar,25,18-25,MALE,42963000000035034,Raichur South,Archaeologist,1,2024-07-11,2024-07-11,,,2026-07-15 14:36:44,2026-07-15 14:36:44,SYSTEM_SEED,SYSTEM_SEED
ACC-02642,Parvatamma Poojary,64,56-65,FEMALE,42963000000035033,Mysuru West,Naval architect,1,2024-09-16,2024-09-16,,,2026-07-15 14:36:44,2026-07-15 14:36:44,SYSTEM_SEED,SYSTEM_SEED
ACC-02643,Ishita Borde,50,46-55,FEMALE,42963000000035033,Mysuru West,"Designer, ceramics/pottery",1,2023-05-21,2023-05-21,,,2026-07-15 14:36:44,2026-07-15 14:36:44,SYSTEM_SEED,SYSTEM_SEED
ACC-02644,Chasmum Aurora,49,46-55,FEMALE,42963000000035017,Bidar Rural,Customer service manager,1,2025-10-02,2025-10-02,,,2026-07-15 14:36:44,2026-07-15 14:36:44,SYSTEM_SEED,SYSTEM_SEED
ACC-02645,Caleb Tara,65,56-65,MALE,42963000000035022,Dakshina Kannada Rural,Chief Marketing Officer,2,2022-05-16,2023-08-21,,,2026-07-15 14:36:44,2026-07-15 14:36:44,SYSTEM_SEED,SYSTEM_SEED
ACC-02646,Sunandamma Devadiga,32,26-35,FEMALE,42963000000035017,Bidar Taluk HQ,"Programme researcher, broadcasting/film/video",1,2024-05-29,2024-05-29,,,2026-07-15 14:36:44,2026-07-15 14:36:44,SYSTEM_SEED,SYSTEM_SEED
ACC-02647,Frado Merchant,34,26-35,MALE,42963000000035015,Bengaluru Rural West,"Designer, television/film set",1,2023-05-13,2023-05-13,,,2026-07-15 14:36:44,2026-07-15 14:36:44,SYSTEM_SEED,SYSTEM_SEED
ACC-02648,Rathnamma Poojary,18,18-25,FEMALE,42963000000035029,Kodagu West,Broadcast journalist,1,2024-06-30,2024-06-30,,,2026-07-15 14:36:44,2026-07-15 14:36:44,SYSTEM_SEED,SYSTEM_SEED
ACC-02649,Rajata Pandit,58,56-65,FEMALE,42963000000035037,Tumakuru North,Chartered public finance accountant,1,2022-09-28,2022-09-28,,,2026-07-15 14:36:44,2026-07-15 14:36:44,SYSTEM_SEED,SYSTEM_SEED
ACC-02650,Nagaraj Setty,52,46-55,MALE,42963000000035016,Bengaluru Urban North,Building services engineer,2,2022-10-04,2025-10-27,,,2026-07-15 14:36:44,2026-07-15 14:36:44,SYSTEM_SEED,SYSTEM_SEED
ACC-02651,Kariyappa Kulkarni,20,18-25,MALE,42963000000035039,Uttara Kannada North,Editorial assistant,1,2023-10-25,2023-10-25,,,2026-07-15 14:36:44,2026-07-15 14:36:44,SYSTEM_SEED,SYSTEM_SEED
ACC-02652,Kai Solanki,23,18-25,MALE,42963000000035029,Kodagu South,Furniture conservator/restorer,2,2024-09-03,2025-07-16,,,2026-07-15 14:36:44,2026-07-15 14:36:44,SYSTEM_SEED,SYSTEM_SEED
ACC-02653,Nagaraj Hegde,46,46-55,MALE,42963000000035024,Dharwad Taluk HQ,Private music teacher,1,2022-03-02,2022-03-02,,,2026-07-15 14:36:44,2026-07-15 14:36:44,SYSTEM_SEED,SYSTEM_SEED
ACC-02654,David Sura,21,18-25,MALE,42963000000035033,Mysuru West,Archaeologist,1,2024-03-06,2024-03-06,,,2026-07-15 14:36:44,2026-07-15 14:36:44,SYSTEM_SEED,SYSTEM_SEED
ACC-02655,Mekhala Rattan,63,56-65,FEMALE,42963000000035019,Chikballapur North,Osteopath,1,2021-12-20,2021-12-20,,,2026-07-15 14:36:44,2026-07-15 14:36:44,SYSTEM_SEED,SYSTEM_SEED
ACC-02656,Thomas Peri,35,26-35,MALE,42963000000035022,Dakshina Kannada West,Science writer,1,2023-03-25,2023-03-25,,,2026-07-15 14:36:44,2026-07-15 14:36:44,SYSTEM_SEED,SYSTEM_SEED
ACC-02657,Ridhi Chacko,59,56-65,FEMALE,42963000000035014,Belagavi Rural,Patent attorney,1,2021-03-25,2021-03-25,,,2026-07-15 14:36:44,2026-07-15 14:36:44,SYSTEM_SEED,SYSTEM_SEED
ACC-02658,Karan Basak,57,56-65,MALE,42963000000035021,Chitradurga North,Web designer,2,2021-04-07,2022-01-01,,,2026-07-15 14:36:44,2026-07-15 14:36:44,SYSTEM_SEED,SYSTEM_SEED
ACC-02659,Jason Anand,27,26-35,MALE,42963000000035033,Mysuru East,"Designer, fashion/clothing",2,2021-04-25,2024-12-11,,,2026-07-15 14:36:44,2026-07-15 14:36:44,SYSTEM_SEED,SYSTEM_SEED
ACC-02660,Mohini Prashad,19,18-25,FEMALE,42963000000035028,Kalaburagi East,"Designer, interior/spatial",1,2023-09-20,2023-09-20,,,2026-07-15 14:36:44,2026-07-15 14:36:44,SYSTEM_SEED,SYSTEM_SEED
ACC-02661,Balhaar Kapoor,27,26-35,MALE,42963000000035033,Mysuru West,Network engineer,1,2021-02-05,2021-02-05,,,2026-07-15 14:36:44,2026-07-15 14:36:44,SYSTEM_SEED,SYSTEM_SEED
ACC-02662,Gopalakrishna Devadiga,44,36-45,MALE,42963000000035017,Bidar South,"Psychologist, counselling",1,2024-04-12,2024-04-12,,,2026-07-15 14:36:44,2026-07-15 14:36:44,SYSTEM_SEED,SYSTEM_SEED
ACC-02663,Lokesh Naik,27,26-35,MALE,42963000000035017,Bidar East,Chief Financial Officer,1,2025-08-09,2025-08-09,,,2026-07-15 14:36:44,2026-07-15 14:36:44,SYSTEM_SEED,SYSTEM_SEED
ACC-02664,Vidhi Sidhu,24,18-25,FEMALE,42963000000035015,Bengaluru Rural Taluk HQ,Social researcher,1,2023-10-07,2023-10-07,,,2026-07-15 14:36:44,2026-07-15 14:36:44,SYSTEM_SEED,SYSTEM_SEED
ACC-02665,Shanthakumari Hegde,20,18-25,FEMALE,42963000000035017,Bidar Rural,"Psychologist, occupational",1,2025-12-28,2025-12-28,,,2026-07-15 14:36:44,2026-07-15 14:36:44,SYSTEM_SEED,SYSTEM_SEED
ACC-02666,Chaman Gole,42,36-45,FEMALE,42963000000035017,Bidar North,Clinical cytogeneticist,1,2025-02-28,2025-02-28,,,2026-07-15 14:36:44,2026-07-15 14:36:44,SYSTEM_SEED,SYSTEM_SEED
ACC-02667,Tarak Iyengar,52,46-55,MALE,42963000000035022,Dakshina Kannada North,Operational investment banker,1,2021-02-12,2021-02-12,,,2026-07-15 14:36:44,2026-07-15 14:36:44,SYSTEM_SEED,SYSTEM_SEED
ACC-02668,Bhagyalakshmi Gowda,21,18-25,FEMALE,42963000000035040,Vijayapura West,Land/geomatics surveyor,1,2021-08-30,2021-08-30,,,2026-07-15 14:36:44,2026-07-15 14:36:44,SYSTEM_SEED,SYSTEM_SEED
ACC-02669,Shivakumar Urs,39,36-45,MALE,42963000000035034,Raichur North,Bookseller,1,2022-12-27,2022-12-27,,,2026-07-15 14:36:44,2026-07-15 14:36:44,SYSTEM_SEED,SYSTEM_SEED
ACC-02670,Veeranna Achar,22,18-25,MALE,42963000000035027,Haveri Taluk HQ,Investment analyst,1,2024-05-15,2024-05-15,,,2026-07-15 14:36:44,2026-07-15 14:36:44,SYSTEM_SEED,SYSTEM_SEED
ACC-02671,Xavier Kala,18,18-25,MALE,42963000000035022,Dakshina Kannada South,Publishing copy,1,2024-02-29,2024-02-29,,,2026-07-15 14:36:44,2026-07-15 14:36:44,SYSTEM_SEED,SYSTEM_SEED
ACC-02672,Maya Sha,19,18-25,FEMALE,42963000000035014,Belagavi North,Arboriculturist,1,2021-02-19,2021-02-19,,,2026-07-15 14:36:44,2026-07-15 14:36:44,SYSTEM_SEED,SYSTEM_SEED
ACC-02673,Vrinda Dhingra,39,36-45,FEMALE,42963000000035041,Yadgir Taluk HQ,"Engineer, production",1,2024-02-03,2024-02-03,,,2026-07-15 14:36:44,2026-07-15 14:36:44,SYSTEM_SEED,SYSTEM_SEED
ACC-02674,Siddalingaiah Hegde,19,18-25,MALE,42963000000035034,Raichur North,IT consultant,1,2023-12-03,2023-12-03,,,2026-07-15 14:36:44,2026-07-15 14:36:44,SYSTEM_SEED,SYSTEM_SEED
ACC-02675,Gopalakrishna Hegde,20,18-25,MALE,42963000000035031,Koppal North,Tax inspector,2,2025-10-20,2025-12-17,,,2026-07-15 14:36:44,2026-07-15 14:36:44,SYSTEM_SEED,SYSTEM_SEED
ACC-02676,Ranveer Bhatia,52,46-55,MALE,42963000000035035,Ramanagara Rural,Medical illustrator,1,2022-09-30,2022-09-30,,,2026-07-15 14:36:44,2026-07-15 14:36:44,SYSTEM_SEED,SYSTEM_SEED
ACC-02677,Ravindranath Devadiga,50,46-55,MALE,42963000000035024,Dharwad North,Planning and development surveyor,1,2021-06-26,2021-06-26,,,2026-07-15 14:36:44,2026-07-15 14:36:44,SYSTEM_SEED,SYSTEM_SEED
ACC-02678,Jalsa Bhagat,29,26-35,FEMALE,42963000000035016,Bengaluru Urban South,"Engineer, mining",1,2021-06-08,2021-06-08,,,2026-07-15 14:36:44,2026-07-15 14:36:44,SYSTEM_SEED,SYSTEM_SEED
ACC-02679,Siddharth Madan,38,36-45,MALE,42963000000035037,Tumakuru South,Forensic psychologist,1,2024-07-12,2024-07-12,,,2026-07-15 14:36:44,2026-07-15 14:36:44,SYSTEM_SEED,SYSTEM_SEED
ACC-02680,Sureshgowda Hegde,65,56-65,MALE,42963000000035023,Davanagere West,"Editor, commissioning",1,2024-10-31,2024-10-31,,,2026-07-15 14:36:44,2026-07-15 14:36:44,SYSTEM_SEED,SYSTEM_SEED
ACC-02681,Ekta Biswas,28,26-35,FEMALE,42963000000035026,Hassan Taluk HQ,Graphic designer,1,2022-05-07,2022-05-07,,,2026-07-15 14:36:44,2026-07-15 14:36:44,SYSTEM_SEED,SYSTEM_SEED
ACC-02682,Chaitaly Misra,48,46-55,FEMALE,42963000000035036,Shivamogga South,Production engineer,1,2024-06-17,2024-06-17,,,2026-07-15 14:36:44,2026-07-15 14:36:44,SYSTEM_SEED,SYSTEM_SEED
ACC-02683,Hredhaan Lad,33,26-35,MALE,42963000000035022,Dakshina Kannada North,Educational psychologist,1,2022-11-16,2022-11-16,,,2026-07-15 14:36:44,2026-07-15 14:36:44,SYSTEM_SEED,SYSTEM_SEED
ACC-02684,Jagadish Naik,32,26-35,MALE,42963000000035033,Mysuru South,Audiological scientist,2,2023-03-12,2023-05-30,,,2026-07-15 14:36:44,2026-07-15 14:36:44,SYSTEM_SEED,SYSTEM_SEED
ACC-02685,Jagadish Rai,27,26-35,MALE,42963000000035015,Bengaluru Rural North,Chief Executive Officer,1,2023-10-16,2023-10-16,,,2026-07-15 14:36:44,2026-07-15 14:36:44,SYSTEM_SEED,SYSTEM_SEED
ACC-02686,Gopalakrishna Naik,31,26-35,MALE,42963000000035039,Uttara Kannada Rural,Phytotherapist,1,2022-05-12,2022-05-12,,,2026-07-15 14:36:44,2026-07-15 14:36:44,SYSTEM_SEED,SYSTEM_SEED
ACC-02687,Neha Gala,60,56-65,FEMALE,42963000000035033,Mysuru South,"Engineer, civil (contracting)",1,2021-09-06,2021-09-06,,,2026-07-15 14:36:44,2026-07-15 14:36:44,SYSTEM_SEED,SYSTEM_SEED
ACC-02688,Shaurya Subramaniam,65,56-65,MALE,42963000000035035,Ramanagara East,Public relations officer,1,2022-05-22,2022-05-22,,,2026-07-15 14:36:44,2026-07-15 14:36:44,SYSTEM_SEED,SYSTEM_SEED
ACC-02689,Kaveri Reddy,29,26-35,FEMALE,42963000000035022,Dakshina Kannada Rural,Social worker,1,2022-04-16,2022-04-16,,,2026-07-15 14:36:44,2026-07-15 14:36:44,SYSTEM_SEED,SYSTEM_SEED
ACC-02690,Jagadish Devadiga,58,56-65,MALE,42963000000035022,Dakshina Kannada East,"Designer, multimedia",1,2024-10-30,2024-10-30,,,2026-07-15 14:36:44,2026-07-15 14:36:44,SYSTEM_SEED,SYSTEM_SEED
ACC-02691,Peter Ramachandran,23,18-25,MALE,42963000000035030,Kolar South,Administrator,1,2021-06-06,2021-06-06,,,2026-07-15 14:36:44,2026-07-15 14:36:44,SYSTEM_SEED,SYSTEM_SEED
ACC-02692,Brinda Dhillon,64,56-65,FEMALE,42963000000035027,Haveri Rural,Jewellery designer,1,2022-06-02,2022-06-02,,,2026-07-15 14:36:44,2026-07-15 14:36:44,SYSTEM_SEED,SYSTEM_SEED
ACC-02693,Raghavendra Achar,26,26-35,MALE,42963000000035019,Chikballapur West,Investment analyst,1,2025-05-04,2025-05-04,,,2026-07-15 14:36:44,2026-07-15 14:36:44,SYSTEM_SEED,SYSTEM_SEED
ACC-02694,Harish Hegde,40,36-45,MALE,42963000000035016,Bengaluru Urban West,"Administrator, education",1,2023-05-29,2023-05-29,,,2026-07-15 14:36:44,2026-07-15 14:36:44,SYSTEM_SEED,SYSTEM_SEED
ACC-02695,Veer Divan,60,56-65,MALE,42963000000035015,Bengaluru Rural West,Restaurant manager,1,2021-05-11,2021-05-11,,,2026-07-15 14:36:44,2026-07-15 14:36:44,SYSTEM_SEED,SYSTEM_SEED
ACC-02696,Shivakumar Bhat,55,46-55,MALE,42963000000035039,Uttara Kannada East,Investment analyst,1,2025-09-28,2025-09-28,,,2026-07-15 14:36:44,2026-07-15 14:36:44,SYSTEM_SEED,SYSTEM_SEED
ACC-02697,Tanvi Lall,62,56-65,FEMALE,42963000000035020,Chikkamagaluru West,"Scientist, research (life sciences)",1,2022-03-21,2022-03-21,,,2026-07-15 14:36:44,2026-07-15 14:36:44,SYSTEM_SEED,SYSTEM_SEED
ACC-02698,Varenya Dass,44,36-45,FEMALE,42963000000035018,Chamarajanagar West,"Production assistant, television",1,2022-07-01,2022-07-01,,,2026-07-15 14:36:44,2026-07-15 14:36:44,SYSTEM_SEED,SYSTEM_SEED
ACC-02699,Ravindranath Gowda,61,56-65,MALE,42963000000035023,Davanagere Taluk HQ,Technical sales engineer,1,2021-11-27,2021-11-27,,,2026-07-15 14:36:44,2026-07-15 14:36:44,SYSTEM_SEED,SYSTEM_SEED
ACC-02700,Nagaraj Gowda,50,46-55,MALE,42963000000035025,Gadag West,Chief Strategy Officer,2,2021-02-25,2024-02-16,,,2026-07-15 14:36:44,2026-07-15 14:36:44,SYSTEM_SEED,SYSTEM_SEED
ACC-02701,Ikbal Guha,65,56-65,MALE,42963000000035018,Chamarajanagar West,Petroleum engineer,1,2024-12-23,2024-12-23,,,2026-07-15 14:36:44,2026-07-15 14:36:44,SYSTEM_SEED,SYSTEM_SEED
ACC-02702,Bhagyalakshmi Devadiga,23,18-25,FEMALE,42963000000035042,Vijayanagara South,Sports coach,1,2024-02-13,2024-02-13,,,2026-07-15 14:36:44,2026-07-15 14:36:44,SYSTEM_SEED,SYSTEM_SEED
ACC-02703,Shivakumar Shetty,57,56-65,MALE,42963000000035036,Shivamogga Taluk HQ,Dietitian,1,2021-09-11,2021-09-11,,,2026-07-15 14:36:44,2026-07-15 14:36:44,SYSTEM_SEED,SYSTEM_SEED
ACC-02704,Hritik Pall,21,18-25,MALE,42963000000035022,Dakshina Kannada West,"Engineer, manufacturing systems",1,2024-11-20,2024-11-20,,,2026-07-15 14:36:44,2026-07-15 14:36:44,SYSTEM_SEED,SYSTEM_SEED
ACC-02705,Advika Prabhakar,30,26-35,FEMALE,42963000000035022,Dakshina Kannada Rural,Medical physicist,2,2022-11-19,2024-07-29,,,2026-07-15 14:36:44,2026-07-15 14:36:44,SYSTEM_SEED,SYSTEM_SEED
ACC-02706,Matthew Mohanty,26,26-35,MALE,42963000000035036,Shivamogga North,Retail buyer,1,2025-10-03,2025-10-03,,,2026-07-15 14:36:44,2026-07-15 14:36:44,SYSTEM_SEED,SYSTEM_SEED
ACC-02707,Zaid Shah,35,26-35,MALE,42963000000035026,Hassan South,Patent attorney,1,2022-05-27,2022-05-27,,,2026-07-15 14:36:44,2026-07-15 14:36:44,SYSTEM_SEED,SYSTEM_SEED
ACC-02708,Kaveri Hegde,46,46-55,FEMALE,42963000000035040,Vijayapura North,Paediatric nurse,1,2023-03-03,2023-03-03,,,2026-07-15 14:36:44,2026-07-15 14:36:44,SYSTEM_SEED,SYSTEM_SEED
ACC-02709,Patrick Sandhu,54,46-55,MALE,42963000000035041,Yadgir South,"Scientist, research (medical)",1,2021-08-16,2021-08-16,,,2026-07-15 14:36:44,2026-07-15 14:36:44,SYSTEM_SEED,SYSTEM_SEED
ACC-02710,Deepa Goda,45,36-45,FEMALE,42963000000035017,Bidar Taluk HQ,Proofreader,1,2024-03-27,2024-03-27,,,2026-07-15 14:36:44,2026-07-15 14:36:44,SYSTEM_SEED,SYSTEM_SEED
ACC-02711,Sureshgowda Nayak,28,26-35,MALE,42963000000035014,Belagavi Rural,Phytotherapist,1,2021-09-03,2021-09-03,,,2026-07-15 14:36:44,2026-07-15 14:36:44,SYSTEM_SEED,SYSTEM_SEED
ACC-02712,Puttaswamy Gowda,27,26-35,MALE,42963000000035037,Tumakuru North,Midwife,1,2023-11-16,2023-11-16,,,2026-07-15 14:36:44,2026-07-15 14:36:44,SYSTEM_SEED,SYSTEM_SEED
ACC-02713,Vasanthamma Bhat,31,26-35,FEMALE,42963000000035012,Bagalkot East,"Editor, film/video",1,2021-11-18,2021-11-18,,,2026-07-15 14:36:44,2026-07-15 14:36:44,SYSTEM_SEED,SYSTEM_SEED
ACC-02714,Tejas Raj,33,26-35,MALE,42963000000035034,Raichur East,Higher education careers adviser,1,2023-10-19,2023-10-19,,,2026-07-15 14:36:44,2026-07-15 14:36:44,SYSTEM_SEED,SYSTEM_SEED
ACC-02715,Akkamahadevi Gowda,47,46-55,FEMALE,42963000000035018,Chamarajanagar West,Press sub,1,2022-06-11,2022-06-11,,,2026-07-15 14:36:44,2026-07-15 14:36:44,SYSTEM_SEED,SYSTEM_SEED
ACC-02716,Chavvi Chahal,51,46-55,FEMALE,42963000000035027,Haveri Taluk HQ,Civil Service administrator,1,2025-08-12,2025-08-12,,,2026-07-15 14:36:44,2026-07-15 14:36:44,SYSTEM_SEED,SYSTEM_SEED
ACC-02717,Abhiram Sabharwal,25,18-25,MALE,42963000000035018,Chamarajanagar Taluk HQ,Civil Service administrator,1,2023-09-29,2023-09-29,,,2026-07-15 14:36:44,2026-07-15 14:36:44,SYSTEM_SEED,SYSTEM_SEED
ACC-02718,Chandresh Sawhney,19,18-25,MALE,42963000000035027,Haveri Taluk HQ,Retail manager,1,2023-11-20,2023-11-20,,,2026-07-15 14:36:44,2026-07-15 14:36:44,SYSTEM_SEED,SYSTEM_SEED
ACC-02719,Mohini Salvi,42,36-45,FEMALE,42963000000035027,Haveri North,"Engineer, mining",1,2022-10-01,2022-10-01,,,2026-07-15 14:36:44,2026-07-15 14:36:44,SYSTEM_SEED,SYSTEM_SEED
ACC-02720,Utkarsh Raj,33,26-35,MALE,42963000000035016,Bengaluru Urban East,Colour technologist,1,2024-12-04,2024-12-04,,,2026-07-15 14:36:44,2026-07-15 14:36:44,SYSTEM_SEED,SYSTEM_SEED
ACC-02721,Vrinda Dash,65,56-65,FEMALE,42963000000035036,Shivamogga West,Make,1,2021-07-27,2021-07-27,,,2026-07-15 14:36:44,2026-07-15 14:36:44,SYSTEM_SEED,SYSTEM_SEED
ACC-02722,Samuel Randhawa,64,56-65,MALE,42963000000035024,Dharwad Taluk HQ,Actor,1,2021-09-11,2021-09-11,,,2026-07-15 14:36:44,2026-07-15 14:36:44,SYSTEM_SEED,SYSTEM_SEED
ACC-02723,Isaac Tripathi,42,36-45,MALE,42963000000035012,Bagalkot South,Herpetologist,2,2023-05-29,2024-11-05,,,2026-07-15 14:36:44,2026-07-15 14:36:44,SYSTEM_SEED,SYSTEM_SEED
ACC-02724,Kevin Mohanty,37,36-45,MALE,42963000000035026,Hassan Taluk HQ,Patent examiner,1,2023-11-01,2023-11-01,,,2026-07-15 14:36:44,2026-07-15 14:36:44,SYSTEM_SEED,SYSTEM_SEED
ACC-02725,Aarnav Sachdeva,53,46-55,MALE,42963000000035023,Davanagere East,Amenity horticulturist,1,2024-11-22,2024-11-22,,,2026-07-15 14:36:44,2026-07-15 14:36:44,SYSTEM_SEED,SYSTEM_SEED
ACC-02726,Channabasappa Kulkarni,33,26-35,MALE,42963000000035013,Ballari West,"Administrator, local government",1,2021-09-02,2021-09-02,,,2026-07-15 14:36:44,2026-07-15 14:36:44,SYSTEM_SEED,SYSTEM_SEED
ACC-02727,Shanthakumari Hegde,50,46-55,FEMALE,42963000000035019,Chikballapur Taluk HQ,Agricultural engineer,1,2022-07-22,2022-07-22,,,2026-07-15 14:36:44,2026-07-15 14:36:44,SYSTEM_SEED,SYSTEM_SEED
ACC-02728,Rachit Venkataraman,64,56-65,MALE,42963000000035036,Shivamogga Taluk HQ,Tourism officer,1,2023-12-18,2023-12-18,,,2026-07-15 14:36:44,2026-07-15 14:36:44,SYSTEM_SEED,SYSTEM_SEED
ACC-02729,Gopalakrishna Nayak,24,18-25,MALE,42963000000035025,Gadag West,"Investment banker, corporate",2,2021-08-11,2024-10-24,,,2026-07-15 14:36:44,2026-07-15 14:36:44,SYSTEM_SEED,SYSTEM_SEED
ACC-02730,Frederick Sani,53,46-55,MALE,42963000000035030,Kolar South,Financial controller,1,2022-01-19,2022-01-19,,,2026-07-15 14:36:44,2026-07-15 14:36:44,SYSTEM_SEED,SYSTEM_SEED
ACC-02731,Inaya Ramaswamy,50,46-55,FEMALE,42963000000035016,Bengaluru Urban South,Arts development officer,1,2021-04-29,2021-04-29,,,2026-07-15 14:36:44,2026-07-15 14:36:44,SYSTEM_SEED,SYSTEM_SEED
ACC-02732,Nagaveni Setty,27,26-35,FEMALE,42963000000035041,Yadgir Rural,Technical brewer,1,2021-04-18,2021-04-18,,,2026-07-15 14:36:44,2026-07-15 14:36:44,SYSTEM_SEED,SYSTEM_SEED
ACC-02733,Manjunath Shetty,18,18-25,MALE,42963000000035014,Belagavi East,"Pilot, airline",1,2025-01-06,2025-01-06,,,2026-07-15 14:36:44,2026-07-15 14:36:44,SYSTEM_SEED,SYSTEM_SEED
ACC-02734,Yashodamma Achar,44,36-45,FEMALE,42963000000035013,Ballari West,"Conservation officer, historic buildings",1,2021-12-14,2021-12-14,,,2026-07-15 14:36:44,2026-07-15 14:36:44,SYSTEM_SEED,SYSTEM_SEED
ACC-02735,Gabriel Rau,34,26-35,MALE,42963000000035019,Chikballapur South,"Investment banker, corporate",1,2024-09-20,2024-09-20,,,2026-07-15 14:36:44,2026-07-15 14:36:44,SYSTEM_SEED,SYSTEM_SEED
ACC-02736,Chandrashekar Hegde,43,36-45,MALE,42963000000035023,Davanagere Taluk HQ,"Scientist, forensic",1,2021-09-27,2021-09-27,,,2026-07-15 14:36:44,2026-07-15 14:36:44,SYSTEM_SEED,SYSTEM_SEED
ACC-02737,Urmi Kashyap,53,46-55,FEMALE,42963000000035016,Bengaluru Urban Rural,Child psychotherapist,1,2021-05-17,2021-05-17,,,2026-07-15 14:36:44,2026-07-15 14:36:44,SYSTEM_SEED,SYSTEM_SEED
ACC-02738,Yashawini Dani,19,18-25,FEMALE,42963000000035035,Ramanagara West,Technical author,2,2021-04-30,2022-10-07,,,2026-07-15 14:36:44,2026-07-15 14:36:44,SYSTEM_SEED,SYSTEM_SEED
ACC-02739,Jagadish Nayak,23,18-25,MALE,42963000000035032,Mandya North,"Nurse, children's",1,2022-08-29,2022-08-29,,,2026-07-15 14:36:44,2026-07-15 14:36:44,SYSTEM_SEED,SYSTEM_SEED
ACC-02740,Fariq Naidu,50,46-55,MALE,42963000000035024,Dharwad South,"Engineer, electronics",1,2025-06-10,2025-06-10,,,2026-07-15 14:36:44,2026-07-15 14:36:44,SYSTEM_SEED,SYSTEM_SEED
ACC-02741,Chakradhar Bal,18,18-25,MALE,42963000000035016,Bengaluru Urban North,Press sub,1,2021-01-12,2021-01-12,,,2026-07-15 14:36:44,2026-07-15 14:36:44,SYSTEM_SEED,SYSTEM_SEED
ACC-02742,Ganga Bala,20,18-25,FEMALE,42963000000035026,Hassan Taluk HQ,Waste management officer,2,2022-10-18,2024-10-15,,,2026-07-15 14:36:44,2026-07-15 14:36:44,SYSTEM_SEED,SYSTEM_SEED
ACC-02743,Jagadish Devadiga,49,46-55,MALE,42963000000035019,Chikballapur North,Speech and language therapist,1,2023-08-30,2023-08-30,,,2026-07-15 14:36:44,2026-07-15 14:36:44,SYSTEM_SEED,SYSTEM_SEED
ACC-02744,Prakash Naik,40,36-45,MALE,42963000000035030,Kolar North,Careers information officer,1,2023-10-19,2023-10-19,,,2026-07-15 14:36:44,2026-07-15 14:36:44,SYSTEM_SEED,SYSTEM_SEED
ACC-02745,Prakash Hegde,40,36-45,MALE,42963000000035042,Vijayanagara North,"Teacher, music",1,2022-11-14,2022-11-14,,,2026-07-15 14:36:44,2026-07-15 14:36:44,SYSTEM_SEED,SYSTEM_SEED
ACC-02746,Advik De,57,56-65,MALE,42963000000035015,Bengaluru Rural North,Professor Emeritus,1,2022-03-02,2022-03-02,,,2026-07-15 14:36:44,2026-07-15 14:36:44,SYSTEM_SEED,SYSTEM_SEED
ACC-02747,Harish Nayak,53,46-55,MALE,42963000000035032,Mandya East,Materials engineer,1,2024-03-21,2024-03-21,,,2026-07-15 14:36:44,2026-07-15 14:36:44,SYSTEM_SEED,SYSTEM_SEED
ACC-02748,Jagdish Kapadia,22,18-25,MALE,42963000000035029,Kodagu South,Human resources officer,2,2022-07-06,2024-03-28,,,2026-07-15 14:36:44,2026-07-15 14:36:44,SYSTEM_SEED,SYSTEM_SEED
ACC-02749,Ravindranath Hegde,40,36-45,MALE,42963000000035027,Haveri Taluk HQ,"Engineer, biomedical",1,2025-12-13,2025-12-13,,,2026-07-15 14:36:44,2026-07-15 14:36:44,SYSTEM_SEED,SYSTEM_SEED
ACC-02750,Bhagyalakshmi Shetty,21,18-25,FEMALE,42963000000035024,Dharwad East,Social worker,1,2021-04-18,2021-04-18,,,2026-07-15 14:36:44,2026-07-15 14:36:44,SYSTEM_SEED,SYSTEM_SEED
ACC-02751,Veeranna Poojary,44,36-45,MALE,42963000000035012,Bagalkot West,Financial trader,1,2024-07-17,2024-07-17,,,2026-07-15 14:36:44,2026-07-15 14:36:44,SYSTEM_SEED,SYSTEM_SEED
ACC-02752,Kaveri Poojary,27,26-35,FEMALE,42963000000035024,Dharwad North,Multimedia specialist,1,2021-08-09,2021-08-09,,,2026-07-15 14:36:44,2026-07-15 14:36:44,SYSTEM_SEED,SYSTEM_SEED
ACC-02753,Atharv Maharaj,54,46-55,MALE,42963000000035033,Mysuru East,Charity fundraiser,1,2025-09-23,2025-09-23,,,2026-07-15 14:36:44,2026-07-15 14:36:44,SYSTEM_SEED,SYSTEM_SEED
ACC-02754,Nagaveni Bhat,22,18-25,FEMALE,42963000000035022,Dakshina Kannada Rural,Cytogeneticist,1,2023-06-20,2023-06-20,,,2026-07-15 14:36:44,2026-07-15 14:36:44,SYSTEM_SEED,SYSTEM_SEED
ACC-02755,Charan Choudhry,41,36-45,MALE,42963000000035012,Bagalkot East,Psychiatric nurse,1,2021-02-11,2021-02-11,,,2026-07-15 14:36:44,2026-07-15 14:36:44,SYSTEM_SEED,SYSTEM_SEED
ACC-02756,Chatresh Dhar,38,36-45,MALE,42963000000035018,Chamarajanagar Rural,Heritage manager,1,2023-11-12,2023-11-12,,,2026-07-15 14:36:44,2026-07-15 14:36:44,SYSTEM_SEED,SYSTEM_SEED
ACC-02757,Hemangini Chander,34,26-35,FEMALE,42963000000035021,Chitradurga South,Careers adviser,1,2025-01-20,2025-01-20,,,2026-07-15 14:36:44,2026-07-15 14:36:44,SYSTEM_SEED,SYSTEM_SEED
ACC-02758,Siddalingaiah Reddy,59,56-65,MALE,42963000000035016,Bengaluru Urban North,"Research officer, trade union",1,2021-08-30,2021-08-30,,,2026-07-15 14:36:44,2026-07-15 14:36:44,SYSTEM_SEED,SYSTEM_SEED
ACC-02759,Hemang Raman,58,56-65,MALE,42963000000035020,Chikkamagaluru Taluk HQ,Chiropractor,2,2023-09-05,2024-02-25,,,2026-07-15 14:36:44,2026-07-15 14:36:44,SYSTEM_SEED,SYSTEM_SEED
ACC-02760,Akkamahadevi Rai,24,18-25,FEMALE,42963000000035029,Kodagu East,Recycling officer,1,2025-12-14,2025-12-14,,,2026-07-15 14:36:44,2026-07-15 14:36:44,SYSTEM_SEED,SYSTEM_SEED
ACC-02761,Samuel Borah,64,56-65,MALE,42963000000035033,Mysuru North,"Radiographer, therapeutic",1,2023-12-20,2023-12-20,,,2026-07-15 14:36:44,2026-07-15 14:36:44,SYSTEM_SEED,SYSTEM_SEED
ACC-02762,Henry Saini,64,56-65,MALE,42963000000035021,Chitradurga South,Mining engineer,1,2022-11-22,2022-11-22,,,2026-07-15 14:36:44,2026-07-15 14:36:44,SYSTEM_SEED,SYSTEM_SEED
ACC-02763,Umang Dyal,33,26-35,MALE,42963000000035022,Dakshina Kannada Taluk HQ,Education administrator,1,2025-10-20,2025-10-20,,,2026-07-15 14:36:44,2026-07-15 14:36:44,SYSTEM_SEED,SYSTEM_SEED
ACC-02764,Aashi Gokhale,49,46-55,FEMALE,42963000000035042,Vijayanagara North,Tax adviser,1,2025-11-10,2025-11-10,,,2026-07-15 14:36:44,2026-07-15 14:36:44,SYSTEM_SEED,SYSTEM_SEED
ACC-02765,Daniel Oza,38,36-45,MALE,42963000000035033,Mysuru North,"Loss adjuster, chartered",1,2025-12-03,2025-12-03,,,2026-07-15 14:36:44,2026-07-15 14:36:44,SYSTEM_SEED,SYSTEM_SEED
ACC-02766,Siddalingaiah Gowda,47,46-55,MALE,42963000000035031,Koppal West,Radio broadcast assistant,2,2022-09-03,2025-12-15,,,2026-07-15 14:36:44,2026-07-15 14:36:44,SYSTEM_SEED,SYSTEM_SEED
ACC-02767,Fariq Vig,43,36-45,MALE,42963000000035036,Shivamogga East,Forest/woodland manager,1,2025-06-06,2025-06-06,,,2026-07-15 14:36:44,2026-07-15 14:36:44,SYSTEM_SEED,SYSTEM_SEED
ACC-02768,Gopal Balan,40,36-45,MALE,42963000000035040,Vijayapura North,Social worker,1,2023-05-06,2023-05-06,,,2026-07-15 14:36:44,2026-07-15 14:36:44,SYSTEM_SEED,SYSTEM_SEED
ACC-02769,Channabasappa Devadiga,26,26-35,MALE,42963000000035019,Chikballapur East,Advice worker,1,2025-04-01,2025-04-01,,,2026-07-15 14:36:44,2026-07-15 14:36:44,SYSTEM_SEED,SYSTEM_SEED
ACC-02770,Janaki Patla,52,46-55,FEMALE,42963000000035024,Dharwad South,Colour technologist,1,2022-11-29,2022-11-29,,,2026-07-15 14:36:44,2026-07-15 14:36:44,SYSTEM_SEED,SYSTEM_SEED
ACC-02771,Alexander Narang,57,56-65,MALE,42963000000035020,Chikkamagaluru Taluk HQ,Corporate investment banker,1,2024-08-21,2024-08-21,,,2026-07-15 14:36:44,2026-07-15 14:36:44,SYSTEM_SEED,SYSTEM_SEED
ACC-02772,Lokesh Rai,60,56-65,MALE,42963000000035016,Bengaluru Urban Taluk HQ,English as a second language teacher,1,2022-12-17,2022-12-17,,,2026-07-15 14:36:44,2026-07-15 14:36:44,SYSTEM_SEED,SYSTEM_SEED
ACC-02773,Dev Loyal,20,18-25,MALE,42963000000035023,Davanagere West,Graphic designer,2,2023-11-09,2024-10-25,,,2026-07-15 14:36:44,2026-07-15 14:36:44,SYSTEM_SEED,SYSTEM_SEED
ACC-02774,Irya Chanda,37,36-45,FEMALE,42963000000035024,Dharwad South,Magazine features editor,2,2021-07-05,2023-12-17,,,2026-07-15 14:36:44,2026-07-15 14:36:44,SYSTEM_SEED,SYSTEM_SEED
ACC-02775,Nagaraj Setty,27,26-35,MALE,42963000000035016,Bengaluru Urban North,Structural engineer,1,2021-06-15,2021-06-15,,,2026-07-15 14:36:44,2026-07-15 14:36:44,SYSTEM_SEED,SYSTEM_SEED
ACC-02776,Vinaya Tandon,37,36-45,FEMALE,42963000000035014,Belagavi Rural,Press photographer,1,2021-11-03,2021-11-03,,,2026-07-15 14:36:44,2026-07-15 14:36:44,SYSTEM_SEED,SYSTEM_SEED
ACC-02777,Gopal Krishna,42,36-45,MALE,42963000000035026,Hassan North,Early years teacher,1,2024-01-27,2024-01-27,,,2026-07-15 14:36:44,2026-07-15 14:36:44,SYSTEM_SEED,SYSTEM_SEED
ACC-02778,Logan Ramaswamy,23,18-25,MALE,42963000000035022,Dakshina Kannada South,"Civil engineer, contracting",1,2021-11-14,2021-11-14,,,2026-07-15 14:36:44,2026-07-15 14:36:44,SYSTEM_SEED,SYSTEM_SEED
ACC-02779,Rathnamma Shetty,56,56-65,FEMALE,42963000000035033,Mysuru West,Television production assistant,1,2021-04-01,2021-04-01,,,2026-07-15 14:36:44,2026-07-15 14:36:44,SYSTEM_SEED,SYSTEM_SEED
ACC-02780,Nagaraj Setty,29,26-35,MALE,42963000000035012,Bagalkot South,Theatre manager,1,2022-10-07,2022-10-07,,,2026-07-15 14:36:44,2026-07-15 14:36:44,SYSTEM_SEED,SYSTEM_SEED
ACC-02781,Fitan Jha,59,56-65,MALE,42963000000035035,Ramanagara Taluk HQ,Ranger/warden,1,2023-01-12,2023-01-12,,,2026-07-15 14:36:44,2026-07-15 14:36:44,SYSTEM_SEED,SYSTEM_SEED
ACC-02782,Udant Sampath,60,56-65,MALE,42963000000035033,Mysuru North,"Therapist, occupational",1,2025-04-06,2025-04-06,,,2026-07-15 14:36:44,2026-07-15 14:36:44,SYSTEM_SEED,SYSTEM_SEED
ACC-02783,Nathaniel Chokshi,52,46-55,MALE,42963000000035026,Hassan East,Training and development officer,2,2021-07-13,2024-04-12,,,2026-07-15 14:36:44,2026-07-15 14:36:44,SYSTEM_SEED,SYSTEM_SEED
ACC-02784,Tanish Iyengar,33,26-35,MALE,42963000000035012,Bagalkot North,Tax adviser,1,2021-01-08,2021-01-08,,,2026-07-15 14:36:44,2026-07-15 14:36:44,SYSTEM_SEED,SYSTEM_SEED
ACC-02785,Rachit Bhatt,37,36-45,MALE,42963000000035018,Chamarajanagar South,"Production assistant, television",2,2025-06-28,2025-12-11,,,2026-07-15 14:36:44,2026-07-15 14:36:44,SYSTEM_SEED,SYSTEM_SEED
ACC-02786,Anika Vaidya,50,46-55,FEMALE,42963000000035037,Tumakuru North,Forensic scientist,1,2023-01-26,2023-01-26,,,2026-07-15 14:36:44,2026-07-15 14:36:44,SYSTEM_SEED,SYSTEM_SEED
ACC-02787,Nandini Wali,64,56-65,FEMALE,42963000000035014,Belagavi West,Management consultant,1,2025-06-13,2025-06-13,,,2026-07-15 14:36:44,2026-07-15 14:36:44,SYSTEM_SEED,SYSTEM_SEED
ACC-02788,Amruta Contractor,44,36-45,FEMALE,42963000000035026,Hassan East,Education administrator,1,2022-06-18,2022-06-18,,,2026-07-15 14:36:44,2026-07-15 14:36:44,SYSTEM_SEED,SYSTEM_SEED
ACC-02789,Harish Kulkarni,34,26-35,MALE,42963000000035037,Tumakuru Taluk HQ,IT trainer,1,2023-11-28,2023-11-28,,,2026-07-15 14:36:44,2026-07-15 14:36:44,SYSTEM_SEED,SYSTEM_SEED
ACC-02790,Rathnamma Shetty,20,18-25,FEMALE,42963000000035016,Bengaluru Urban North,"Pilot, airline",1,2022-11-18,2022-11-18,,,2026-07-15 14:36:44,2026-07-15 14:36:44,SYSTEM_SEED,SYSTEM_SEED
ACC-02791,Kariyappa Poojary,60,56-65,MALE,42963000000035033,Mysuru Taluk HQ,Electronics engineer,2,2024-03-11,2025-03-22,,,2026-07-15 14:36:44,2026-07-15 14:36:44,SYSTEM_SEED,SYSTEM_SEED
ACC-02792,Girijamma Urs,25,18-25,FEMALE,42963000000035033,Mysuru West,Materials engineer,1,2024-02-12,2024-02-12,,,2026-07-15 14:36:44,2026-07-15 14:36:44,SYSTEM_SEED,SYSTEM_SEED
ACC-02793,Balhaar Kale,45,36-45,MALE,42963000000035012,Bagalkot East,Meteorologist,1,2022-12-30,2022-12-30,,,2026-07-15 14:36:44,2026-07-15 14:36:44,SYSTEM_SEED,SYSTEM_SEED
ACC-02794,Elijah Murthy,27,26-35,MALE,42963000000035015,Bengaluru Rural West,Community education officer,2,2022-04-05,2025-02-13,,,2026-07-15 14:36:44,2026-07-15 14:36:44,SYSTEM_SEED,SYSTEM_SEED
ACC-02795,Kaveri Gowda,42,36-45,FEMALE,42963000000035014,Belagavi Rural,Acupuncturist,1,2023-01-21,2023-01-21,,,2026-07-15 14:36:44,2026-07-15 14:36:44,SYSTEM_SEED,SYSTEM_SEED
ACC-02796,Abdul Narasimhan,30,26-35,MALE,42963000000035015,Bengaluru Rural West,"Engineer, production",1,2022-03-11,2022-03-11,,,2026-07-15 14:36:44,2026-07-15 14:36:44,SYSTEM_SEED,SYSTEM_SEED
ACC-02797,Oeshi Kaul,57,56-65,FEMALE,42963000000035028,Kalaburagi Taluk HQ,"Surveyor, planning and development",1,2022-07-08,2022-07-08,,,2026-07-15 14:36:44,2026-07-15 14:36:44,SYSTEM_SEED,SYSTEM_SEED
ACC-02798,Akkamahadevi Poojary,23,18-25,FEMALE,42963000000035035,Ramanagara South,Brewing technologist,1,2021-12-11,2021-12-11,,,2026-07-15 14:36:44,2026-07-15 14:36:44,SYSTEM_SEED,SYSTEM_SEED
ACC-02799,Sureshgowda Urs,48,46-55,MALE,42963000000035035,Ramanagara Taluk HQ,Musician,1,2024-11-07,2024-11-07,,,2026-07-15 14:36:44,2026-07-15 14:36:44,SYSTEM_SEED,SYSTEM_SEED
ACC-02800,Jagvi Vyas,55,46-55,FEMALE,42963000000035035,Ramanagara West,"Engineer, water",2,2021-09-04,2025-12-24,,,2026-07-15 14:36:44,2026-07-15 14:36:44,SYSTEM_SEED,SYSTEM_SEED
ACC-02801,Maya Borde,44,36-45,FEMALE,42963000000035013,Ballari Rural,"Teacher, secondary school",1,2022-05-12,2022-05-12,,,2026-07-15 14:36:44,2026-07-15 14:36:44,SYSTEM_SEED,SYSTEM_SEED
ACC-02802,Rathnamma Nayak,42,36-45,FEMALE,42963000000035038,Udupi Rural,"Pharmacist, community",1,2021-08-18,2021-08-18,,,2026-07-15 14:36:44,2026-07-15 14:36:44,SYSTEM_SEED,SYSTEM_SEED
ACC-02803,Nitara Nagarajan,57,56-65,FEMALE,42963000000035042,Vijayanagara Rural,"Engineer, civil (consulting)",1,2025-09-02,2025-09-02,,,2026-07-15 14:36:44,2026-07-15 14:36:44,SYSTEM_SEED,SYSTEM_SEED
ACC-02804,Aryan Tak,50,46-55,MALE,42963000000035018,Chamarajanagar South,Research scientist (physical sciences),1,2021-11-30,2021-11-30,,,2026-07-15 14:36:44,2026-07-15 14:36:44,SYSTEM_SEED,SYSTEM_SEED
ACC-02805,Laksh Sama,58,56-65,MALE,42963000000035024,Dharwad South,Communications engineer,1,2025-09-29,2025-09-29,,,2026-07-15 14:36:44,2026-07-15 14:36:44,SYSTEM_SEED,SYSTEM_SEED
ACC-02806,Sujathamma Rai,18,18-25,FEMALE,42963000000035029,Kodagu North,Company secretary,1,2024-06-15,2024-06-15,,,2026-07-15 14:36:44,2026-07-15 14:36:44,SYSTEM_SEED,SYSTEM_SEED
ACC-02807,Harinakshi Narain,39,36-45,FEMALE,42963000000035025,Gadag Taluk HQ,"Therapist, art",2,2021-11-08,2025-07-15,,,2026-07-15 14:36:44,2026-07-15 14:36:44,SYSTEM_SEED,SYSTEM_SEED
ACC-02808,Jagat Bail,48,46-55,MALE,42963000000035039,Uttara Kannada Rural,Higher education careers adviser,1,2022-12-10,2022-12-10,,,2026-07-15 14:36:44,2026-07-15 14:36:44,SYSTEM_SEED,SYSTEM_SEED
ACC-02809,Jayamma Setty,46,46-55,FEMALE,42963000000035025,Gadag East,Adult nurse,1,2021-06-27,2021-06-27,,,2026-07-15 14:36:44,2026-07-15 14:36:44,SYSTEM_SEED,SYSTEM_SEED
ACC-02810,Vihaan Mane,56,56-65,MALE,42963000000035033,Mysuru East,"Conservator, museum/gallery",1,2021-11-17,2021-11-17,,,2026-07-15 14:36:44,2026-07-15 14:36:44,SYSTEM_SEED,SYSTEM_SEED
ACC-02811,Basavaraj Bhat,25,18-25,MALE,42963000000035040,Vijayapura Rural,Operational researcher,1,2025-08-10,2025-08-10,,,2026-07-15 14:36:44,2026-07-15 14:36:44,SYSTEM_SEED,SYSTEM_SEED
ACC-02812,Anmol Nazareth,50,46-55,MALE,42963000000035015,Bengaluru Rural North,"Administrator, sports",1,2025-04-01,2025-04-01,,,2026-07-15 14:36:44,2026-07-15 14:36:44,SYSTEM_SEED,SYSTEM_SEED
ACC-02813,Vrinda Chandran,26,26-35,FEMALE,42963000000035038,Udupi West,Pathologist,2,2021-09-22,2021-12-23,,,2026-07-15 14:36:44,2026-07-15 14:36:44,SYSTEM_SEED,SYSTEM_SEED
ACC-02814,Sureshgowda Setty,58,56-65,MALE,42963000000035042,Vijayanagara Taluk HQ,Illustrator,1,2024-03-22,2024-03-22,,,2026-07-15 14:36:44,2026-07-15 14:36:44,SYSTEM_SEED,SYSTEM_SEED
ACC-02815,Manjunath Gowda,52,46-55,MALE,42963000000035017,Bidar East,Haematologist,2,2021-11-03,2025-06-03,,,2026-07-15 14:36:44,2026-07-15 14:36:44,SYSTEM_SEED,SYSTEM_SEED
ACC-02816,Basavaraj Naik,44,36-45,MALE,42963000000035027,Haveri South,Investment analyst,1,2025-01-21,2025-01-21,,,2026-07-15 14:36:44,2026-07-15 14:36:44,SYSTEM_SEED,SYSTEM_SEED
ACC-02817,Ryan Buch,53,46-55,MALE,42963000000035012,Bagalkot West,"Surveyor, commercial/residential",1,2025-12-24,2025-12-24,,,2026-07-15 14:36:44,2026-07-15 14:36:44,SYSTEM_SEED,SYSTEM_SEED
ACC-02818,Yatin Batta,41,36-45,MALE,42963000000035034,Raichur West,"Nurse, learning disability",1,2021-11-05,2021-11-05,,,2026-07-15 14:36:44,2026-07-15 14:36:44,SYSTEM_SEED,SYSTEM_SEED
ACC-02819,Utkarsh Tak,20,18-25,MALE,42963000000035012,Bagalkot Rural,Community development worker,1,2023-11-20,2023-11-20,,,2026-07-15 14:36:44,2026-07-15 14:36:44,SYSTEM_SEED,SYSTEM_SEED
ACC-02820,Charan Balakrishnan,36,36-45,MALE,42963000000035017,Bidar North,Environmental manager,1,2022-06-10,2022-06-10,,,2026-07-15 14:36:44,2026-07-15 14:36:44,SYSTEM_SEED,SYSTEM_SEED
ACC-02821,Harish Reddy,43,36-45,MALE,42963000000035041,Yadgir West,Art gallery manager,1,2022-11-09,2022-11-09,,,2026-07-15 14:36:44,2026-07-15 14:36:44,SYSTEM_SEED,SYSTEM_SEED
ACC-02822,Ravindranath Bhat,20,18-25,MALE,42963000000035034,Raichur South,Administrator,1,2022-07-26,2022-07-26,,,2026-07-15 14:36:44,2026-07-15 14:36:44,SYSTEM_SEED,SYSTEM_SEED
ACC-02823,Damini Naidu,47,46-55,FEMALE,42963000000035019,Chikballapur Taluk HQ,Press photographer,2,2021-10-05,2023-08-07,,,2026-07-15 14:36:44,2026-07-15 14:36:44,SYSTEM_SEED,SYSTEM_SEED
ACC-02824,Frederick Chakrabarti,42,36-45,MALE,42963000000035034,Raichur South,"Engineer, aeronautical",1,2023-05-29,2023-05-29,,,2026-07-15 14:36:44,2026-07-15 14:36:44,SYSTEM_SEED,SYSTEM_SEED
ACC-02825,Aahana Ben,22,18-25,FEMALE,42963000000035024,Dharwad North,Futures trader,1,2023-11-24,2023-11-24,,,2026-07-15 14:36:44,2026-07-15 14:36:44,SYSTEM_SEED,SYSTEM_SEED
ACC-02826,Christopher Bava,54,46-55,MALE,42963000000035036,Shivamogga South,Industrial buyer,1,2024-04-19,2024-04-19,,,2026-07-15 14:36:44,2026-07-15 14:36:44,SYSTEM_SEED,SYSTEM_SEED
ACC-02827,Libni Narayan,62,56-65,FEMALE,42963000000035033,Mysuru North,Video editor,1,2025-08-09,2025-08-09,,,2026-07-15 14:36:44,2026-07-15 14:36:44,SYSTEM_SEED,SYSTEM_SEED
ACC-02828,Lopa Garde,23,18-25,FEMALE,42963000000035021,Chitradurga East,Corporate investment banker,1,2022-11-21,2022-11-21,,,2026-07-15 14:36:44,2026-07-15 14:36:44,SYSTEM_SEED,SYSTEM_SEED
ACC-02829,Basavaraj Devadiga,37,36-45,MALE,42963000000035035,Ramanagara Taluk HQ,Television production assistant,1,2023-08-03,2023-08-03,,,2026-07-15 14:36:44,2026-07-15 14:36:44,SYSTEM_SEED,SYSTEM_SEED
ACC-02830,Thimmaiah Setty,31,26-35,MALE,42963000000035017,Bidar South,Psychiatrist,2,2024-10-31,2024-12-08,,,2026-07-15 14:36:44,2026-07-15 14:36:44,SYSTEM_SEED,SYSTEM_SEED
ACC-02831,Harish Achar,28,26-35,MALE,42963000000035019,Chikballapur West,Communications engineer,1,2024-02-17,2024-02-17,,,2026-07-15 14:36:44,2026-07-15 14:36:44,SYSTEM_SEED,SYSTEM_SEED
ACC-02832,Prakash Bhat,32,26-35,MALE,42963000000035027,Haveri Taluk HQ,Computer games developer,1,2024-04-18,2024-04-18,,,2026-07-15 14:36:44,2026-07-15 14:36:44,SYSTEM_SEED,SYSTEM_SEED
ACC-02833,Gangamma Urs,32,26-35,FEMALE,42963000000035012,Bagalkot East,"Investment banker, operational",1,2022-08-09,2022-08-09,,,2026-07-15 14:36:44,2026-07-15 14:36:44,SYSTEM_SEED,SYSTEM_SEED
ACC-02834,Basavaraj Rai,56,56-65,MALE,42963000000035035,Ramanagara North,Data scientist,1,2022-01-18,2022-01-18,,,2026-07-15 14:36:44,2026-07-15 14:36:44,SYSTEM_SEED,SYSTEM_SEED
ACC-02835,Gopalakrishna Reddy,20,18-25,MALE,42963000000035016,Bengaluru Urban East,Television/film/video producer,1,2021-09-29,2021-09-29,,,2026-07-15 14:36:44,2026-07-15 14:36:44,SYSTEM_SEED,SYSTEM_SEED
ACC-02836,Vansha Das,64,56-65,FEMALE,42963000000035022,Dakshina Kannada West,"Scientist, research (maths)",1,2021-11-25,2021-11-25,,,2026-07-15 14:36:44,2026-07-15 14:36:44,SYSTEM_SEED,SYSTEM_SEED
ACC-02837,Waida Suri,42,36-45,FEMALE,42963000000035032,Mandya North,Health visitor,2,2022-08-22,2023-07-12,,,2026-07-15 14:36:44,2026-07-15 14:36:44,SYSTEM_SEED,SYSTEM_SEED
ACC-02838,Wyatt Kara,32,26-35,MALE,42963000000035031,Koppal South,Chief Executive Officer,1,2024-06-19,2024-06-19,,,2026-07-15 14:36:44,2026-07-15 14:36:44,SYSTEM_SEED,SYSTEM_SEED
ACC-02839,Basavaraj Rai,32,26-35,MALE,42963000000035021,Chitradurga Taluk HQ,"Geneticist, molecular",1,2021-03-17,2021-03-17,,,2026-07-15 14:36:44,2026-07-15 14:36:44,SYSTEM_SEED,SYSTEM_SEED
ACC-02840,Sureshgowda Reddy,25,18-25,MALE,42963000000035038,Udupi South,Housing manager/officer,1,2021-04-22,2021-04-22,,,2026-07-15 14:36:44,2026-07-15 14:36:44,SYSTEM_SEED,SYSTEM_SEED
ACC-02841,Patrick Kibe,27,26-35,MALE,42963000000035024,Dharwad West,"Engineer, land",2,2023-12-03,2025-03-31,,,2026-07-15 14:36:44,2026-07-15 14:36:44,SYSTEM_SEED,SYSTEM_SEED
ACC-02842,Sunandamma Poojary,45,36-45,FEMALE,42963000000035037,Tumakuru West,Careers adviser,1,2021-02-28,2021-02-28,,,2026-07-15 14:36:44,2026-07-15 14:36:44,SYSTEM_SEED,SYSTEM_SEED
ACC-02843,Yachana Bhasin,39,36-45,FEMALE,42963000000035021,Chitradurga Taluk HQ,"Engineer, petroleum",1,2025-03-21,2025-03-21,,,2026-07-15 14:36:44,2026-07-15 14:36:44,SYSTEM_SEED,SYSTEM_SEED
ACC-02844,Sujathamma Devadiga,26,26-35,FEMALE,42963000000035026,Hassan South,"Administrator, Civil Service",2,2022-08-15,2024-08-31,,,2026-07-15 14:36:44,2026-07-15 14:36:44,SYSTEM_SEED,SYSTEM_SEED
ACC-02845,Vinaya Rajan,24,18-25,FEMALE,42963000000035016,Bengaluru Urban West,Emergency planning/management officer,1,2024-12-24,2024-12-24,,,2026-07-15 14:36:44,2026-07-15 14:36:44,SYSTEM_SEED,SYSTEM_SEED
ACC-02846,Nagaveni Naik,49,46-55,FEMALE,42963000000035025,Gadag East,Ranger/warden,1,2025-08-14,2025-08-14,,,2026-07-15 14:36:44,2026-07-15 14:36:44,SYSTEM_SEED,SYSTEM_SEED
ACC-02847,Onkar Joshi,58,56-65,MALE,42963000000035013,Ballari West,Therapeutic radiographer,1,2025-07-20,2025-07-20,,,2026-07-15 14:36:44,2026-07-15 14:36:44,SYSTEM_SEED,SYSTEM_SEED
ACC-02848,Nachiket Setty,47,46-55,MALE,42963000000035016,Bengaluru Urban Taluk HQ,"Designer, exhibition/display",1,2021-06-17,2021-06-17,,,2026-07-15 14:36:44,2026-07-15 14:36:44,SYSTEM_SEED,SYSTEM_SEED
ACC-02849,Raghavendra Setty,27,26-35,MALE,42963000000035020,Chikkamagaluru South,Retail merchandiser,1,2025-02-14,2025-02-14,,,2026-07-15 14:36:44,2026-07-15 14:36:44,SYSTEM_SEED,SYSTEM_SEED
ACC-02850,Eiravati Kanda,45,36-45,FEMALE,42963000000035033,Mysuru Taluk HQ,Medical physicist,1,2021-01-06,2021-01-06,,,2026-07-15 14:36:44,2026-07-15 14:36:44,SYSTEM_SEED,SYSTEM_SEED
ACC-02851,Sujathamma Poojary,40,36-45,FEMALE,42963000000035014,Belagavi Taluk HQ,Musician,1,2021-02-04,2021-02-04,,,2026-07-15 14:36:44,2026-07-15 14:36:44,SYSTEM_SEED,SYSTEM_SEED
ACC-02852,Nagaraj Setty,50,46-55,MALE,42963000000035024,Dharwad Rural,Production manager,1,2025-05-20,2025-05-20,,,2026-07-15 14:36:44,2026-07-15 14:36:44,SYSTEM_SEED,SYSTEM_SEED
ACC-02853,Ryan Guha,48,46-55,MALE,42963000000035026,Hassan North,Broadcast presenter,1,2021-06-20,2021-06-20,,,2026-07-15 14:36:44,2026-07-15 14:36:44,SYSTEM_SEED,SYSTEM_SEED
ACC-02854,Harish Devadiga,48,46-55,MALE,42963000000035031,Koppal South,Health physicist,2,2023-08-26,2024-07-11,,,2026-07-15 14:36:44,2026-07-15 14:36:44,SYSTEM_SEED,SYSTEM_SEED
ACC-02855,Fitan Mohanty,37,36-45,MALE,42963000000035042,Vijayanagara North,Technical brewer,2,2022-11-15,2024-01-12,,,2026-07-15 14:36:44,2026-07-15 14:36:44,SYSTEM_SEED,SYSTEM_SEED
ACC-02856,Prakash Bhat,46,46-55,MALE,42963000000035020,Chikkamagaluru South,"Civil engineer, consulting",1,2021-03-08,2021-03-08,,,2026-07-15 14:36:44,2026-07-15 14:36:44,SYSTEM_SEED,SYSTEM_SEED
ACC-02857,Bhagyalakshmi Naik,63,56-65,FEMALE,42963000000035024,Dharwad West,Data processing manager,1,2025-10-20,2025-10-20,,,2026-07-15 14:36:44,2026-07-15 14:36:44,SYSTEM_SEED,SYSTEM_SEED
ACC-02858,Chatresh Choudhary,29,26-35,MALE,42963000000035021,Chitradurga East,Financial adviser,1,2024-09-19,2024-09-19,,,2026-07-15 14:36:44,2026-07-15 14:36:44,SYSTEM_SEED,SYSTEM_SEED
ACC-02859,Victor Grover,61,56-65,MALE,42963000000035025,Gadag East,"Geologist, engineering",1,2025-09-16,2025-09-16,,,2026-07-15 14:36:44,2026-07-15 14:36:44,SYSTEM_SEED,SYSTEM_SEED
ACC-02860,Wazir Wali,29,26-35,MALE,42963000000035026,Hassan Taluk HQ,Production manager,1,2025-03-27,2025-03-27,,,2026-07-15 14:36:44,2026-07-15 14:36:44,SYSTEM_SEED,SYSTEM_SEED
ACC-02861,Akkamahadevi Devadiga,46,46-55,FEMALE,42963000000035023,Davanagere Rural,Management consultant,1,2024-03-29,2024-03-29,,,2026-07-15 14:36:44,2026-07-15 14:36:44,SYSTEM_SEED,SYSTEM_SEED
ACC-02862,Chandrakala Kulkarni,42,36-45,FEMALE,42963000000035032,Mandya Rural,Geochemist,2,2022-11-23,2024-08-24,,,2026-07-15 14:36:44,2026-07-15 14:36:44,SYSTEM_SEED,SYSTEM_SEED
ACC-02863,Veeranna Reddy,31,26-35,MALE,42963000000035040,Vijayapura East,Commissioning editor,1,2022-11-26,2022-11-26,,,2026-07-15 14:36:44,2026-07-15 14:36:44,SYSTEM_SEED,SYSTEM_SEED
ACC-02864,Jagadish Poojary,44,36-45,MALE,42963000000035032,Mandya West,Statistician,1,2024-09-18,2024-09-18,,,2026-07-15 14:36:44,2026-07-15 14:36:44,SYSTEM_SEED,SYSTEM_SEED
ACC-02865,Peter Sankar,45,36-45,MALE,42963000000035033,Mysuru West,"Engineer, petroleum",1,2024-06-29,2024-06-29,,,2026-07-15 14:36:44,2026-07-15 14:36:44,SYSTEM_SEED,SYSTEM_SEED
ACC-02866,Rushil Thakkar,21,18-25,MALE,42963000000035022,Dakshina Kannada Taluk HQ,Plant breeder/geneticist,1,2025-11-18,2025-11-18,,,2026-07-15 14:36:44,2026-07-15 14:36:44,SYSTEM_SEED,SYSTEM_SEED
ACC-02867,Avni Sastry,34,26-35,FEMALE,42963000000035025,Gadag East,Government social research officer,1,2023-02-01,2023-02-01,,,2026-07-15 14:36:44,2026-07-15 14:36:44,SYSTEM_SEED,SYSTEM_SEED
ACC-02868,Pushpalatha Setty,55,46-55,FEMALE,42963000000035032,Mandya South,Merchant navy officer,1,2023-05-24,2023-05-24,,,2026-07-15 14:36:44,2026-07-15 14:36:44,SYSTEM_SEED,SYSTEM_SEED
ACC-02869,Akkamahadevi Nayak,33,26-35,FEMALE,42963000000035019,Chikballapur West,Chief Technology Officer,1,2021-12-25,2021-12-25,,,2026-07-15 14:36:44,2026-07-15 14:36:44,SYSTEM_SEED,SYSTEM_SEED
ACC-02870,Rayaan Sami,56,56-65,MALE,42963000000035033,Mysuru West,"Engineer, biomedical",1,2023-10-19,2023-10-19,,,2026-07-15 14:36:44,2026-07-15 14:36:44,SYSTEM_SEED,SYSTEM_SEED
ACC-02871,Girindra Rau,44,36-45,MALE,42963000000035033,Mysuru South,"Editor, commissioning",1,2025-12-30,2025-12-30,,,2026-07-15 14:36:44,2026-07-15 14:36:44,SYSTEM_SEED,SYSTEM_SEED
ACC-02872,Yatin Venkataraman,56,56-65,MALE,42963000000035037,Tumakuru South,Police officer,1,2021-05-02,2021-05-02,,,2026-07-15 14:36:44,2026-07-15 14:36:44,SYSTEM_SEED,SYSTEM_SEED
ACC-02873,Aryan Kothari,18,18-25,MALE,42963000000035021,Chitradurga Rural,Clinical psychologist,1,2025-10-18,2025-10-18,,,2026-07-15 14:36:44,2026-07-15 14:36:44,SYSTEM_SEED,SYSTEM_SEED
ACC-02874,Sureshgowda Bhat,38,36-45,MALE,42963000000035023,Davanagere West,English as a foreign language teacher,2,2022-12-14,2024-11-01,,,2026-07-15 14:36:44,2026-07-15 14:36:44,SYSTEM_SEED,SYSTEM_SEED
ACC-02875,Nagaraj Naik,47,46-55,MALE,42963000000035024,Dharwad East,Colour technologist,1,2021-09-04,2021-09-04,,,2026-07-15 14:36:44,2026-07-15 14:36:44,SYSTEM_SEED,SYSTEM_SEED
ACC-02876,Andrew Lata,22,18-25,MALE,42963000000035028,Kalaburagi North,Field trials officer,1,2023-12-07,2023-12-07,,,2026-07-15 14:36:44,2026-07-15 14:36:44,SYSTEM_SEED,SYSTEM_SEED
ACC-02877,Chandresh Majumdar,51,46-55,MALE,42963000000035019,Chikballapur East,Equities trader,1,2021-03-02,2021-03-02,,,2026-07-15 14:36:44,2026-07-15 14:36:44,SYSTEM_SEED,SYSTEM_SEED
ACC-02878,Rohan Ramaswamy,31,26-35,MALE,42963000000035037,Tumakuru North,Chiropractor,1,2025-07-05,2025-07-05,,,2026-07-15 14:36:44,2026-07-15 14:36:44,SYSTEM_SEED,SYSTEM_SEED
ACC-02879,Kaveri Naik,47,46-55,FEMALE,42963000000035033,Mysuru Rural,English as a second language teacher,1,2021-04-03,2021-04-03,,,2026-07-15 14:36:44,2026-07-15 14:36:44,SYSTEM_SEED,SYSTEM_SEED
ACC-02880,Chandrakala Kulkarni,27,26-35,FEMALE,42963000000035024,Dharwad East,"Geologist, wellsite",1,2025-09-24,2025-09-24,,,2026-07-15 14:36:44,2026-07-15 14:36:44,SYSTEM_SEED,SYSTEM_SEED
ACC-02881,Harshil Garg,41,36-45,MALE,42963000000035030,Kolar West,"Engineer, electronics",2,2023-09-18,2025-02-16,,,2026-07-15 14:36:44,2026-07-15 14:36:44,SYSTEM_SEED,SYSTEM_SEED
ACC-02882,Kariyappa Gowda,25,18-25,MALE,42963000000035041,Yadgir South,"Loss adjuster, chartered",1,2025-05-23,2025-05-23,,,2026-07-15 14:36:44,2026-07-15 14:36:44,SYSTEM_SEED,SYSTEM_SEED
ACC-02883,Maanas Aggarwal,28,26-35,MALE,42963000000035029,Kodagu Taluk HQ,Chief Marketing Officer,1,2021-12-17,2021-12-17,,,2026-07-15 14:36:44,2026-07-15 14:36:44,SYSTEM_SEED,SYSTEM_SEED
ACC-02884,Zayan Sood,36,36-45,MALE,42963000000035019,Chikballapur West,Industrial/product designer,1,2025-08-18,2025-08-18,,,2026-07-15 14:36:44,2026-07-15 14:36:44,SYSTEM_SEED,SYSTEM_SEED
ACC-02885,Harish Kulkarni,53,46-55,MALE,42963000000035018,Chamarajanagar East,Field trials officer,1,2021-12-10,2021-12-10,,,2026-07-15 14:36:44,2026-07-15 14:36:44,SYSTEM_SEED,SYSTEM_SEED
ACC-02886,Nakul Boase,55,46-55,MALE,42963000000035012,Bagalkot North,Dietitian,2,2021-12-17,2022-07-25,,,2026-07-15 14:36:44,2026-07-15 14:36:44,SYSTEM_SEED,SYSTEM_SEED
ACC-02887,Shivakumar Achar,29,26-35,MALE,42963000000035013,Ballari West,"Embryologist, clinical",1,2024-10-24,2024-10-24,,,2026-07-15 14:36:44,2026-07-15 14:36:44,SYSTEM_SEED,SYSTEM_SEED
ACC-02888,Vedant Dhar,18,18-25,MALE,42963000000035015,Bengaluru Rural South,"Administrator, Civil Service",1,2023-11-29,2023-11-29,,,2026-07-15 14:36:44,2026-07-15 14:36:44,SYSTEM_SEED,SYSTEM_SEED
ACC-02889,Gopalakrishna Gowda,29,26-35,MALE,42963000000035031,Koppal East,Public relations account executive,1,2022-06-22,2022-06-22,,,2026-07-15 14:36:44,2026-07-15 14:36:44,SYSTEM_SEED,SYSTEM_SEED
ACC-02890,Siddalingaiah Setty,52,46-55,MALE,42963000000035013,Ballari Taluk HQ,Phytotherapist,1,2025-12-23,2025-12-23,,,2026-07-15 14:36:44,2026-07-15 14:36:44,SYSTEM_SEED,SYSTEM_SEED
ACC-02891,Lakshmamma Devadiga,31,26-35,FEMALE,42963000000035035,Ramanagara Taluk HQ,"Lecturer, higher education",2,2021-03-24,2021-05-09,,,2026-07-15 14:36:44,2026-07-15 14:36:44,SYSTEM_SEED,SYSTEM_SEED
ACC-02892,Hema Lalla,39,36-45,FEMALE,42963000000035032,Mandya South,Camera operator,1,2022-09-10,2022-09-10,,,2026-07-15 14:36:44,2026-07-15 14:36:44,SYSTEM_SEED,SYSTEM_SEED
ACC-02893,Sujathamma Naik,55,46-55,FEMALE,42963000000035017,Bidar South,"Doctor, hospital",1,2022-05-25,2022-05-25,,,2026-07-15 14:36:44,2026-07-15 14:36:44,SYSTEM_SEED,SYSTEM_SEED
ACC-02894,Harish Kulkarni,35,26-35,MALE,42963000000035022,Dakshina Kannada East,Acupuncturist,1,2022-12-09,2022-12-09,,,2026-07-15 14:36:44,2026-07-15 14:36:44,SYSTEM_SEED,SYSTEM_SEED
ACC-02895,Warjas Agarwal,28,26-35,MALE,42963000000035027,Haveri East,Records manager,1,2025-02-28,2025-02-28,,,2026-07-15 14:36:44,2026-07-15 14:36:44,SYSTEM_SEED,SYSTEM_SEED
ACC-02896,Manjunath Achar,33,26-35,MALE,42963000000035039,Uttara Kannada Taluk HQ,Firefighter,1,2021-11-14,2021-11-14,,,2026-07-15 14:36:44,2026-07-15 14:36:44,SYSTEM_SEED,SYSTEM_SEED
ACC-02897,Christopher Bath,65,56-65,MALE,42963000000035022,Dakshina Kannada South,Adult guidance worker,1,2025-06-14,2025-06-14,,,2026-07-15 14:36:44,2026-07-15 14:36:44,SYSTEM_SEED,SYSTEM_SEED
ACC-02898,Channabasappa Kulkarni,21,18-25,MALE,42963000000035016,Bengaluru Urban West,Tax adviser,1,2024-08-27,2024-08-27,,,2026-07-15 14:36:44,2026-07-15 14:36:44,SYSTEM_SEED,SYSTEM_SEED
ACC-02899,Ishaan Vohra,38,36-45,MALE,42963000000035015,Bengaluru Rural Rural,Retail manager,1,2024-06-30,2024-06-30,,,2026-07-15 14:36:44,2026-07-15 14:36:44,SYSTEM_SEED,SYSTEM_SEED
ACC-02900,Ethan Chandra,56,56-65,MALE,42963000000035018,Chamarajanagar North,Chiropodist,1,2022-06-02,2022-06-02,,,2026-07-15 14:36:44,2026-07-15 14:36:44,SYSTEM_SEED,SYSTEM_SEED
ACC-02901,Oliver Sethi,49,46-55,MALE,42963000000035016,Bengaluru Urban North,Recycling officer,1,2021-11-06,2021-11-06,,,2026-07-15 14:36:44,2026-07-15 14:36:44,SYSTEM_SEED,SYSTEM_SEED
ACC-02902,Rathnamma Nayak,54,46-55,FEMALE,42963000000035016,Bengaluru Urban Taluk HQ,Make,1,2022-08-15,2022-08-15,,,2026-07-15 14:36:44,2026-07-15 14:36:44,SYSTEM_SEED,SYSTEM_SEED
ACC-02903,Widisha Kulkarni,37,36-45,FEMALE,42963000000035041,Yadgir East,Medical sales representative,1,2021-05-27,2021-05-27,,,2026-07-15 14:36:44,2026-07-15 14:36:44,SYSTEM_SEED,SYSTEM_SEED
ACC-02904,Abeer Pandit,21,18-25,MALE,42963000000035016,Bengaluru Urban East,Illustrator,1,2021-10-03,2021-10-03,,,2026-07-15 14:36:44,2026-07-15 14:36:44,SYSTEM_SEED,SYSTEM_SEED
ACC-02905,Kariyappa Devadiga,46,46-55,MALE,42963000000035022,Dakshina Kannada North,"Lecturer, further education",2,2021-10-08,2024-11-14,,,2026-07-15 14:36:44,2026-07-15 14:36:44,SYSTEM_SEED,SYSTEM_SEED
ACC-02906,Lokesh Achar,53,46-55,MALE,42963000000035030,Kolar East,"Scientist, marine",1,2024-12-15,2024-12-15,,,2026-07-15 14:36:44,2026-07-15 14:36:44,SYSTEM_SEED,SYSTEM_SEED
ACC-02907,Dayita Madan,34,26-35,FEMALE,42963000000035029,Kodagu South,"Scientist, physiological",1,2023-04-09,2023-04-09,,,2026-07-15 14:36:44,2026-07-15 14:36:44,SYSTEM_SEED,SYSTEM_SEED
ACC-02908,Veeranna Reddy,19,18-25,MALE,42963000000035024,Dharwad South,Advertising art director,1,2021-06-08,2021-06-08,,,2026-07-15 14:36:44,2026-07-15 14:36:44,SYSTEM_SEED,SYSTEM_SEED
ACC-02909,Tripti Kannan,18,18-25,FEMALE,42963000000035023,Davanagere South,Curator,2,2021-06-26,2023-09-16,,,2026-07-15 14:36:44,2026-07-15 14:36:44,SYSTEM_SEED,SYSTEM_SEED
ACC-02910,Chandrashekar Bhat,44,36-45,MALE,42963000000035036,Shivamogga Taluk HQ,Marketing executive,1,2022-01-03,2022-01-03,,,2026-07-15 14:36:44,2026-07-15 14:36:44,SYSTEM_SEED,SYSTEM_SEED
ACC-02911,Kaveri Achar,60,56-65,FEMALE,42963000000035033,Mysuru Taluk HQ,Research scientist (medical),1,2021-04-23,2021-04-23,,,2026-07-15 14:36:44,2026-07-15 14:36:44,SYSTEM_SEED,SYSTEM_SEED
ACC-02912,Raghavendra Setty,28,26-35,MALE,42963000000035017,Bidar South,Airline pilot,1,2024-11-26,2024-11-26,,,2026-07-15 14:36:44,2026-07-15 14:36:44,SYSTEM_SEED,SYSTEM_SEED
ACC-02913,Vasanthamma Achar,33,26-35,FEMALE,42963000000035029,Kodagu Taluk HQ,Financial risk analyst,1,2022-04-20,2022-04-20,,,2026-07-15 14:36:44,2026-07-15 14:36:44,SYSTEM_SEED,SYSTEM_SEED
ACC-02914,Pranit Jhaveri,55,46-55,MALE,42963000000035018,Chamarajanagar South,Chartered public finance accountant,1,2024-03-31,2024-03-31,,,2026-07-15 14:36:44,2026-07-15 14:36:44,SYSTEM_SEED,SYSTEM_SEED
ACC-02915,Kariyappa Poojary,30,26-35,MALE,42963000000035018,Chamarajanagar South,"Engineer, biomedical",1,2021-01-20,2021-01-20,,,2026-07-15 14:36:44,2026-07-15 14:36:44,SYSTEM_SEED,SYSTEM_SEED
ACC-02916,Chatura Mahal,22,18-25,MALE,42963000000035013,Ballari Rural,Sport and exercise psychologist,1,2024-03-23,2024-03-23,,,2026-07-15 14:36:44,2026-07-15 14:36:44,SYSTEM_SEED,SYSTEM_SEED
ACC-02917,Zansi Gill,39,36-45,FEMALE,42963000000035022,Dakshina Kannada Taluk HQ,Geochemist,1,2021-06-08,2021-06-08,,,2026-07-15 14:36:44,2026-07-15 14:36:44,SYSTEM_SEED,SYSTEM_SEED
ACC-02918,Puttaswamy Shetty,57,56-65,MALE,42963000000035038,Udupi South,Magazine journalist,1,2021-06-06,2021-06-06,,,2026-07-15 14:36:44,2026-07-15 14:36:44,SYSTEM_SEED,SYSTEM_SEED
ACC-02919,Ravindranath Achar,63,56-65,MALE,42963000000035032,Mandya West,Learning disability nurse,1,2021-07-26,2021-07-26,,,2026-07-15 14:36:44,2026-07-15 14:36:44,SYSTEM_SEED,SYSTEM_SEED
ACC-02920,Lakshmamma Achar,53,46-55,FEMALE,42963000000035035,Ramanagara North,"Nurse, adult",2,2021-11-25,2024-04-21,,,2026-07-15 14:36:44,2026-07-15 14:36:44,SYSTEM_SEED,SYSTEM_SEED
ACC-02921,Mahadevi Reddy,33,26-35,FEMALE,42963000000035017,Bidar North,Theme park manager,1,2023-11-06,2023-11-06,,,2026-07-15 14:36:44,2026-07-15 14:36:44,SYSTEM_SEED,SYSTEM_SEED
ACC-02922,Veeranna Gowda,55,46-55,MALE,42963000000035023,Davanagere South,Pensions consultant,1,2022-06-03,2022-06-03,,,2026-07-15 14:36:44,2026-07-15 14:36:44,SYSTEM_SEED,SYSTEM_SEED
ACC-02923,Nilima Halder,54,46-55,FEMALE,42963000000035033,Mysuru Rural,Architectural technologist,1,2022-04-05,2022-04-05,,,2026-07-15 14:36:44,2026-07-15 14:36:44,SYSTEM_SEED,SYSTEM_SEED
ACC-02924,Darsh Sant,32,26-35,MALE,42963000000035016,Bengaluru Urban South,"Programme researcher, broadcasting/film/video",1,2025-12-14,2025-12-14,,,2026-07-15 14:36:44,2026-07-15 14:36:44,SYSTEM_SEED,SYSTEM_SEED
ACC-02925,Maanas Choudhary,35,26-35,MALE,42963000000035015,Bengaluru Rural Taluk HQ,Actuary,1,2025-09-19,2025-09-19,,,2026-07-15 14:36:44,2026-07-15 14:36:44,SYSTEM_SEED,SYSTEM_SEED
ACC-02926,Ethan Shukla,46,46-55,MALE,42963000000035034,Raichur East,Dealer,2,2023-11-24,2023-12-17,,,2026-07-15 14:36:44,2026-07-15 14:36:44,SYSTEM_SEED,SYSTEM_SEED
ACC-02927,Finn Mitter,38,36-45,MALE,42963000000035039,Uttara Kannada West,"Radiographer, therapeutic",1,2025-09-10,2025-09-10,,,2026-07-15 14:36:44,2026-07-15 14:36:44,SYSTEM_SEED,SYSTEM_SEED
ACC-02928,Manjunath Devadiga,26,26-35,MALE,42963000000035041,Yadgir East,Homeopath,1,2022-09-01,2022-09-01,,,2026-07-15 14:36:44,2026-07-15 14:36:44,SYSTEM_SEED,SYSTEM_SEED
ACC-02929,Manan Aurora,30,26-35,MALE,42963000000035014,Belagavi West,Professor Emeritus,1,2021-12-28,2021-12-28,,,2026-07-15 14:36:44,2026-07-15 14:36:44,SYSTEM_SEED,SYSTEM_SEED
ACC-02930,Basavaraj Reddy,41,36-45,MALE,42963000000035019,Chikballapur North,Architect,1,2022-12-08,2022-12-08,,,2026-07-15 14:36:44,2026-07-15 14:36:44,SYSTEM_SEED,SYSTEM_SEED
ACC-02931,Gopalakrishna Achar,56,56-65,MALE,42963000000035033,Mysuru North,"Engineer, water",1,2021-11-17,2021-11-17,,,2026-07-15 14:36:44,2026-07-15 14:36:44,SYSTEM_SEED,SYSTEM_SEED
ACC-02932,Diya Bera,46,46-55,FEMALE,42963000000035022,Dakshina Kannada Taluk HQ,Records manager,1,2022-06-03,2022-06-03,,,2026-07-15 14:36:44,2026-07-15 14:36:44,SYSTEM_SEED,SYSTEM_SEED
ACC-02933,Gopalakrishna Urs,55,46-55,MALE,42963000000035016,Bengaluru Urban North,Information officer,1,2021-04-16,2021-04-16,,,2026-07-15 14:36:44,2026-07-15 14:36:44,SYSTEM_SEED,SYSTEM_SEED
ACC-02934,Ravindranath Naik,24,18-25,MALE,42963000000035024,Dharwad East,"Accountant, chartered public finance",2,2025-09-04,2025-11-16,,,2026-07-15 14:36:44,2026-07-15 14:36:44,SYSTEM_SEED,SYSTEM_SEED
ACC-02935,Thimmaiah Nayak,35,26-35,MALE,42963000000035024,Dharwad East,Planning and development surveyor,1,2025-11-30,2025-11-30,,,2026-07-15 14:36:44,2026-07-15 14:36:44,SYSTEM_SEED,SYSTEM_SEED
ACC-02936,Aadi Bedi,34,26-35,MALE,42963000000035022,Dakshina Kannada North,Food technologist,1,2024-01-04,2024-01-04,,,2026-07-15 14:36:44,2026-07-15 14:36:44,SYSTEM_SEED,SYSTEM_SEED
ACC-02937,Parth Mander,62,56-65,MALE,42963000000035013,Ballari Taluk HQ,Retail buyer,2,2022-12-20,2023-05-01,,,2026-07-15 14:36:44,2026-07-15 14:36:44,SYSTEM_SEED,SYSTEM_SEED
ACC-02938,Basavaraj Achar,46,46-55,MALE,42963000000035035,Ramanagara West,"Surveyor, mining",1,2025-02-22,2025-02-22,,,2026-07-15 14:36:44,2026-07-15 14:36:44,SYSTEM_SEED,SYSTEM_SEED
ACC-02939,Chameli Madan,28,26-35,FEMALE,42963000000035031,Koppal South,Customer service manager,1,2024-06-01,2024-06-01,,,2026-07-15 14:36:44,2026-07-15 14:36:44,SYSTEM_SEED,SYSTEM_SEED
ACC-02940,Lokesh Naik,38,36-45,MALE,42963000000035037,Tumakuru Rural,"Engineer, chemical",2,2022-01-21,2023-10-02,,,2026-07-15 14:36:44,2026-07-15 14:36:44,SYSTEM_SEED,SYSTEM_SEED
ACC-02941,Banjeet Mannan,24,18-25,MALE,42963000000035014,Belagavi South,English as a foreign language teacher,1,2023-08-21,2023-08-21,,,2026-07-15 14:36:44,2026-07-15 14:36:44,SYSTEM_SEED,SYSTEM_SEED
ACC-02942,Lakshmamma Urs,40,36-45,FEMALE,42963000000035012,Bagalkot North,Ambulance person,2,2023-01-23,2023-05-28,,,2026-07-15 14:36:44,2026-07-15 14:36:44,SYSTEM_SEED,SYSTEM_SEED
ACC-02943,Manjunath Nayak,24,18-25,MALE,42963000000035028,Kalaburagi Taluk HQ,Public librarian,1,2022-09-04,2022-09-04,,,2026-07-15 14:36:44,2026-07-15 14:36:44,SYSTEM_SEED,SYSTEM_SEED
ACC-02944,Jeet Raju,51,46-55,MALE,42963000000035036,Shivamogga West,"Pharmacist, hospital",1,2022-09-18,2022-09-18,,,2026-07-15 14:36:44,2026-07-15 14:36:44,SYSTEM_SEED,SYSTEM_SEED
ACC-02945,Channabasappa Naik,47,46-55,MALE,42963000000035030,Kolar South,Oceanographer,1,2025-03-23,2025-03-23,,,2026-07-15 14:36:44,2026-07-15 14:36:44,SYSTEM_SEED,SYSTEM_SEED
ACC-02946,Kalpit Mittal,62,56-65,MALE,42963000000035033,Mysuru North,"Therapist, speech and language",1,2021-12-19,2021-12-19,,,2026-07-15 14:36:44,2026-07-15 14:36:44,SYSTEM_SEED,SYSTEM_SEED
ACC-02947,Nagaraj Nayak,23,18-25,MALE,42963000000035024,Dharwad Rural,Insurance risk surveyor,1,2021-05-21,2021-05-21,,,2026-07-15 14:36:44,2026-07-15 14:36:44,SYSTEM_SEED,SYSTEM_SEED
ACC-02948,Urmi Naidu,38,36-45,FEMALE,42963000000035032,Mandya Taluk HQ,Technical sales engineer,1,2021-08-19,2021-08-19,,,2026-07-15 14:36:44,2026-07-15 14:36:44,SYSTEM_SEED,SYSTEM_SEED
ACC-02949,Harish Krishna,55,46-55,MALE,42963000000035016,Bengaluru Urban Taluk HQ,Control and instrumentation engineer,1,2023-03-02,2023-03-02,,,2026-07-15 14:36:44,2026-07-15 14:36:44,SYSTEM_SEED,SYSTEM_SEED
ACC-02950,Harish Mitra,37,36-45,MALE,42963000000035033,Mysuru Taluk HQ,Industrial/product designer,1,2021-12-06,2021-12-06,,,2026-07-15 14:36:44,2026-07-15 14:36:44,SYSTEM_SEED,SYSTEM_SEED
ACC-02951,Yashodamma Poojary,45,36-45,FEMALE,42963000000035024,Dharwad North,Chartered certified accountant,1,2022-04-12,2022-04-12,,,2026-07-15 14:36:44,2026-07-15 14:36:44,SYSTEM_SEED,SYSTEM_SEED
ACC-02952,Vihaan Goswami,33,26-35,MALE,42963000000035033,Mysuru West,Mining engineer,1,2021-04-23,2021-04-23,,,2026-07-15 14:36:44,2026-07-15 14:36:44,SYSTEM_SEED,SYSTEM_SEED
ACC-02953,Girijamma Gowda,45,36-45,FEMALE,42963000000035022,Dakshina Kannada North,Press sub,1,2022-02-15,2022-02-15,,,2026-07-15 14:36:44,2026-07-15 14:36:44,SYSTEM_SEED,SYSTEM_SEED
ACC-02954,Ekapad Vyas,39,36-45,MALE,42963000000035024,Dharwad South,Private music teacher,1,2022-10-14,2022-10-14,,,2026-07-15 14:36:44,2026-07-15 14:36:44,SYSTEM_SEED,SYSTEM_SEED
ACC-02955,Zayan Parmar,45,36-45,MALE,42963000000035019,Chikballapur South,Psychotherapist,1,2021-05-09,2021-05-09,,,2026-07-15 14:36:44,2026-07-15 14:36:44,SYSTEM_SEED,SYSTEM_SEED
ACC-02956,Tanay Shukla,58,56-65,MALE,42963000000035024,Dharwad Rural,Petroleum engineer,1,2024-07-18,2024-07-18,,,2026-07-15 14:36:44,2026-07-15 14:36:44,SYSTEM_SEED,SYSTEM_SEED
ACC-02957,Vedhika Bala,51,46-55,FEMALE,42963000000035025,Gadag West,"Surveyor, land/geomatics",1,2022-08-05,2022-08-05,,,2026-07-15 14:36:44,2026-07-15 14:36:44,SYSTEM_SEED,SYSTEM_SEED
ACC-02958,Shivakumar Urs,28,26-35,MALE,42963000000035041,Yadgir East,Aid worker,2,2022-09-20,2025-02-15,,,2026-07-15 14:36:44,2026-07-15 14:36:44,SYSTEM_SEED,SYSTEM_SEED
ACC-02959,Thimmaiah Shetty,26,26-35,MALE,42963000000035022,Dakshina Kannada East,"Pharmacist, community",1,2022-12-14,2022-12-14,,,2026-07-15 14:36:44,2026-07-15 14:36:44,SYSTEM_SEED,SYSTEM_SEED
ACC-02960,Ekiya Mittal,48,46-55,FEMALE,42963000000035016,Bengaluru Urban North,Financial manager,1,2024-03-08,2024-03-08,,,2026-07-15 14:36:44,2026-07-15 14:36:44,SYSTEM_SEED,SYSTEM_SEED
ACC-02961,Puttaswamy Urs,41,36-45,MALE,42963000000035020,Chikkamagaluru South,Telecommunications researcher,1,2025-05-03,2025-05-03,,,2026-07-15 14:36:44,2026-07-15 14:36:44,SYSTEM_SEED,SYSTEM_SEED
ACC-02962,Vasanthamma Naik,23,18-25,FEMALE,42963000000035034,Raichur North,Science writer,2,2024-09-01,2025-05-18,,,2026-07-15 14:36:44,2026-07-15 14:36:44,SYSTEM_SEED,SYSTEM_SEED
ACC-02963,Gangamma Bhat,29,26-35,FEMALE,42963000000035037,Tumakuru North,Midwife,1,2021-08-17,2021-08-17,,,2026-07-15 14:36:44,2026-07-15 14:36:44,SYSTEM_SEED,SYSTEM_SEED
ACC-02964,Nandini Bera,40,36-45,FEMALE,42963000000035033,Mysuru Rural,"Nurse, learning disability",1,2025-09-13,2025-09-13,,,2026-07-15 14:36:44,2026-07-15 14:36:44,SYSTEM_SEED,SYSTEM_SEED
ACC-02965,Saksham Ahuja,43,36-45,MALE,42963000000035016,Bengaluru Urban South,"Psychologist, counselling",1,2024-04-30,2024-04-30,,,2026-07-15 14:36:44,2026-07-15 14:36:44,SYSTEM_SEED,SYSTEM_SEED
ACC-02966,Avi Chad,46,46-55,MALE,42963000000035016,Bengaluru Urban West,Automotive engineer,1,2022-10-09,2022-10-09,,,2026-07-15 14:36:44,2026-07-15 14:36:44,SYSTEM_SEED,SYSTEM_SEED
ACC-02967,Damyanti Nath,34,26-35,FEMALE,42963000000035038,Udupi Taluk HQ,"Therapist, music",1,2022-02-20,2022-02-20,,,2026-07-15 14:36:44,2026-07-15 14:36:44,SYSTEM_SEED,SYSTEM_SEED
ACC-02968,Nagaraj Hegde,28,26-35,MALE,42963000000035034,Raichur South,Chief Strategy Officer,1,2022-09-15,2022-09-15,,,2026-07-15 14:36:44,2026-07-15 14:36:44,SYSTEM_SEED,SYSTEM_SEED
ACC-02969,Wridesh Narula,54,46-55,MALE,42963000000035027,Haveri Taluk HQ,"Biochemist, clinical",1,2024-05-27,2024-05-27,,,2026-07-15 14:36:44,2026-07-15 14:36:44,SYSTEM_SEED,SYSTEM_SEED
ACC-02970,Avi Jayaraman,56,56-65,MALE,42963000000035032,Mandya North,"Scientist, clinical (histocompatibility and immunogenetics)",1,2025-11-05,2025-11-05,,,2026-07-15 14:36:44,2026-07-15 14:36:44,SYSTEM_SEED,SYSTEM_SEED
ACC-02971,Ravindranath Gowda,62,56-65,MALE,42963000000035024,Dharwad South,Cytogeneticist,1,2023-10-05,2023-10-05,,,2026-07-15 14:36:44,2026-07-15 14:36:44,SYSTEM_SEED,SYSTEM_SEED
ACC-02972,Yallappa Rai,39,36-45,MALE,42963000000035036,Shivamogga East,"Surveyor, planning and development",1,2024-04-10,2024-04-10,,,2026-07-15 14:36:44,2026-07-15 14:36:44,SYSTEM_SEED,SYSTEM_SEED
ACC-02973,Ekansh Kapoor,30,26-35,MALE,42963000000035016,Bengaluru Urban South,"Designer, fashion/clothing",2,2021-05-13,2022-06-06,,,2026-07-15 14:36:44,2026-07-15 14:36:44,SYSTEM_SEED,SYSTEM_SEED
ACC-02974,Nachiket Ahuja,59,56-65,MALE,42963000000035013,Ballari West,Radio producer,1,2025-05-08,2025-05-08,,,2026-07-15 14:36:44,2026-07-15 14:36:44,SYSTEM_SEED,SYSTEM_SEED
ACC-02975,Deepa Bhavsar,22,18-25,FEMALE,42963000000035014,Belagavi West,Academic librarian,2,2023-05-22,2025-12-16,,,2026-07-15 14:36:44,2026-07-15 14:36:44,SYSTEM_SEED,SYSTEM_SEED
ACC-02976,Darpan Venkatesh,32,26-35,MALE,42963000000035018,Chamarajanagar West,Chief Strategy Officer,1,2023-02-01,2023-02-01,,,2026-07-15 14:36:44,2026-07-15 14:36:44,SYSTEM_SEED,SYSTEM_SEED
ACC-02977,Sujathamma Hegde,57,56-65,FEMALE,42963000000035016,Bengaluru Urban Taluk HQ,Firefighter,1,2023-07-18,2023-07-18,,,2026-07-15 14:36:44,2026-07-15 14:36:44,SYSTEM_SEED,SYSTEM_SEED
ACC-02978,Charles Som,55,46-55,MALE,42963000000035017,Bidar Rural,Agricultural consultant,1,2025-08-12,2025-08-12,,,2026-07-15 14:36:44,2026-07-15 14:36:44,SYSTEM_SEED,SYSTEM_SEED
ACC-02979,Thimmaiah Naik,20,18-25,MALE,42963000000035023,Davanagere East,Risk analyst,1,2023-12-07,2023-12-07,,,2026-07-15 14:36:44,2026-07-15 14:36:44,SYSTEM_SEED,SYSTEM_SEED
ACC-02980,Nagaraj Reddy,49,46-55,MALE,42963000000035031,Koppal Taluk HQ,"Producer, radio",2,2022-05-28,2024-10-07,,,2026-07-15 14:36:44,2026-07-15 14:36:44,SYSTEM_SEED,SYSTEM_SEED
ACC-02981,Ayaan Dara,61,56-65,MALE,42963000000035033,Mysuru Taluk HQ,Hydrologist,1,2021-03-14,2021-03-14,,,2026-07-15 14:36:44,2026-07-15 14:36:44,SYSTEM_SEED,SYSTEM_SEED
ACC-02982,Wyatt Gour,48,46-55,MALE,42963000000035042,Vijayanagara East,Farm manager,2,2021-09-05,2022-08-05,,,2026-07-15 14:36:44,2026-07-15 14:36:44,SYSTEM_SEED,SYSTEM_SEED
ACC-02983,Theodore Dasgupta,36,36-45,MALE,42963000000035017,Bidar South,Podiatrist,2,2021-10-29,2025-10-07,,,2026-07-15 14:36:44,2026-07-15 14:36:44,SYSTEM_SEED,SYSTEM_SEED
ACC-02984,Siddalingaiah Naik,18,18-25,MALE,42963000000035012,Bagalkot North,Dancer,1,2022-08-25,2022-08-25,,,2026-07-15 14:36:44,2026-07-15 14:36:44,SYSTEM_SEED,SYSTEM_SEED
ACC-02985,George Dhar,35,26-35,MALE,42963000000035023,Davanagere East,Financial adviser,1,2022-02-19,2022-02-19,,,2026-07-15 14:36:44,2026-07-15 14:36:44,SYSTEM_SEED,SYSTEM_SEED
ACC-02986,Harish Poojary,60,56-65,MALE,42963000000035016,Bengaluru Urban North,"Doctor, hospital",1,2024-06-20,2024-06-20,,,2026-07-15 14:36:44,2026-07-15 14:36:44,SYSTEM_SEED,SYSTEM_SEED
ACC-02987,Wazir Srinivasan,44,36-45,MALE,42963000000035016,Bengaluru Urban West,Horticultural consultant,1,2025-06-01,2025-06-01,,,2026-07-15 14:36:44,2026-07-15 14:36:44,SYSTEM_SEED,SYSTEM_SEED
ACC-02988,Shanthakumari Shetty,34,26-35,FEMALE,42963000000035019,Chikballapur North,Horticultural consultant,1,2025-06-07,2025-06-07,,,2026-07-15 14:36:44,2026-07-15 14:36:44,SYSTEM_SEED,SYSTEM_SEED
ACC-02989,Nagaraj Kulkarni,30,26-35,MALE,42963000000035033,Mysuru South,Chiropodist,1,2022-08-30,2022-08-30,,,2026-07-15 14:36:44,2026-07-15 14:36:44,SYSTEM_SEED,SYSTEM_SEED
ACC-02990,Kariyappa Devadiga,25,18-25,MALE,42963000000035039,Uttara Kannada East,Theatre stage manager,1,2022-09-27,2022-09-27,,,2026-07-15 14:36:44,2026-07-15 14:36:44,SYSTEM_SEED,SYSTEM_SEED
ACC-02991,Raksha Maharaj,60,56-65,FEMALE,42963000000035038,Udupi East,"Nurse, adult",1,2021-08-16,2021-08-16,,,2026-07-15 14:36:44,2026-07-15 14:36:44,SYSTEM_SEED,SYSTEM_SEED
ACC-02992,Chatresh Shetty,44,36-45,MALE,42963000000035038,Udupi East,Pension scheme manager,1,2023-10-06,2023-10-06,,,2026-07-15 14:36:44,2026-07-15 14:36:44,SYSTEM_SEED,SYSTEM_SEED
ACC-02993,Prakash Naik,62,56-65,MALE,42963000000035017,Bidar West,"Physicist, medical",2,2023-09-12,2024-11-08,,,2026-07-15 14:36:44,2026-07-15 14:36:44,SYSTEM_SEED,SYSTEM_SEED
ACC-02994,Akshay Mander,20,18-25,MALE,42963000000035035,Ramanagara Taluk HQ,"Programmer, systems",2,2021-11-30,2023-02-28,,,2026-07-15 14:36:44,2026-07-15 14:36:44,SYSTEM_SEED,SYSTEM_SEED
ACC-02995,Thimmaiah Bhat,48,46-55,MALE,42963000000035021,Chitradurga East,Community arts worker,1,2021-12-04,2021-12-04,,,2026-07-15 14:36:44,2026-07-15 14:36:44,SYSTEM_SEED,SYSTEM_SEED
ACC-02996,Aashi Mitter,19,18-25,FEMALE,42963000000035042,Vijayanagara East,Analytical chemist,2,2024-10-24,2025-12-30,,,2026-07-15 14:36:44,2026-07-15 14:36:44,SYSTEM_SEED,SYSTEM_SEED
ACC-02997,Prakash Urs,57,56-65,MALE,42963000000035029,Kodagu North,Water quality scientist,1,2023-06-14,2023-06-14,,,2026-07-15 14:36:44,2026-07-15 14:36:44,SYSTEM_SEED,SYSTEM_SEED
ACC-02998,Manjunath Devadiga,20,18-25,MALE,42963000000035038,Udupi South,"Producer, television/film/video",1,2022-10-24,2022-10-24,,,2026-07-15 14:36:44,2026-07-15 14:36:44,SYSTEM_SEED,SYSTEM_SEED
ACC-02999,Sureshgowda Naik,35,26-35,MALE,42963000000035033,Mysuru North,Archivist,1,2024-10-31,2024-10-31,,,2026-07-15 14:36:44,2026-07-15 14:36:44,SYSTEM_SEED,SYSTEM_SEED
ACC-03000,Ekiya Sidhu,35,26-35,FEMALE,42963000000035022,Dakshina Kannada North,Proofreader,1,2024-12-21,2024-12-21,,,2026-07-15 14:36:44,2026-07-15 14:36:44,SYSTEM_SEED,SYSTEM_SEED
ACC-03001,Aayush Dutt,50,46-55,MALE,42963000000035035,Ramanagara East,Materials engineer,1,2025-11-18,2025-11-18,,,2026-07-15 14:36:44,2026-07-15 14:36:44,SYSTEM_SEED,SYSTEM_SEED
ACC-03002,Raghavendra Kulkarni,54,46-55,MALE,42963000000035033,Mysuru South,"Restaurant manager, fast food",2,2022-06-20,2024-08-30,,,2026-07-15 14:36:44,2026-07-15 14:36:44,SYSTEM_SEED,SYSTEM_SEED
ACC-03003,Jagadish Reddy,52,46-55,MALE,42963000000035022,Dakshina Kannada West,Retail manager,1,2023-07-16,2023-07-16,,,2026-07-15 14:36:44,2026-07-15 14:36:44,SYSTEM_SEED,SYSTEM_SEED
ACC-03004,Owen Vohra,54,46-55,MALE,42963000000035013,Ballari North,Newspaper journalist,2,2021-11-28,2024-12-28,,,2026-07-15 14:36:44,2026-07-15 14:36:44,SYSTEM_SEED,SYSTEM_SEED
ACC-03005,Gagan Doshi,30,26-35,MALE,42963000000035025,Gadag South,Management consultant,1,2024-04-04,2024-04-04,,,2026-07-15 14:36:44,2026-07-15 14:36:44,SYSTEM_SEED,SYSTEM_SEED
ACC-03006,Victor Dey,22,18-25,MALE,42963000000035030,Kolar Taluk HQ,Health promotion specialist,1,2025-07-12,2025-07-12,,,2026-07-15 14:36:44,2026-07-15 14:36:44,SYSTEM_SEED,SYSTEM_SEED
ACC-03007,Ronith Bir,56,56-65,MALE,42963000000035022,Dakshina Kannada South,Radio broadcast assistant,1,2025-12-16,2025-12-16,,,2026-07-15 14:36:44,2026-07-15 14:36:44,SYSTEM_SEED,SYSTEM_SEED
ACC-03008,Warinder Gole,58,56-65,MALE,42963000000035038,Udupi South,Teaching laboratory technician,1,2024-01-10,2024-01-10,,,2026-07-15 14:36:44,2026-07-15 14:36:44,SYSTEM_SEED,SYSTEM_SEED
ACC-03009,Dhruv Naik,29,26-35,MALE,42963000000035015,Bengaluru Rural North,Theatre stage manager,1,2021-04-11,2021-04-11,,,2026-07-15 14:36:44,2026-07-15 14:36:44,SYSTEM_SEED,SYSTEM_SEED
ACC-03010,Saksham Bir,38,36-45,MALE,42963000000035034,Raichur Taluk HQ,Armed forces technical officer,1,2021-10-09,2021-10-09,,,2026-07-15 14:36:44,2026-07-15 14:36:44,SYSTEM_SEED,SYSTEM_SEED
ACC-03011,Fariq Kata,55,46-55,MALE,42963000000035034,Raichur Taluk HQ,Chief Operating Officer,2,2024-01-10,2025-09-23,,,2026-07-15 14:36:44,2026-07-15 14:36:44,SYSTEM_SEED,SYSTEM_SEED
ACC-03012,Sureshgowda Kulkarni,34,26-35,MALE,42963000000035031,Koppal Rural,Claims inspector/assessor,1,2022-01-09,2022-01-09,,,2026-07-15 14:36:44,2026-07-15 14:36:44,SYSTEM_SEED,SYSTEM_SEED
ACC-03013,Manjunath Devadiga,58,56-65,MALE,42963000000035023,Davanagere West,Restaurant manager,1,2021-06-26,2021-06-26,,,2026-07-15 14:36:44,2026-07-15 14:36:44,SYSTEM_SEED,SYSTEM_SEED
ACC-03014,Bhagyalakshmi Reddy,51,46-55,FEMALE,42963000000035019,Chikballapur Rural,Publishing copy,1,2022-10-16,2022-10-16,,,2026-07-15 14:36:44,2026-07-15 14:36:44,SYSTEM_SEED,SYSTEM_SEED
ACC-03015,Jack Khalsa,42,36-45,MALE,42963000000035014,Belagavi Rural,Civil Service fast streamer,1,2024-11-30,2024-11-30,,,2026-07-15 14:36:44,2026-07-15 14:36:44,SYSTEM_SEED,SYSTEM_SEED
ACC-03016,Shivakumar Kulkarni,40,36-45,MALE,42963000000035038,Udupi East,Ecologist,1,2023-05-08,2023-05-08,,,2026-07-15 14:36:44,2026-07-15 14:36:44,SYSTEM_SEED,SYSTEM_SEED
ACC-03017,Mahadevi Reddy,26,26-35,FEMALE,42963000000035032,Mandya West,Music tutor,1,2025-11-24,2025-11-24,,,2026-07-15 14:36:44,2026-07-15 14:36:44,SYSTEM_SEED,SYSTEM_SEED
ACC-03018,Gopalakrishna Bhat,22,18-25,MALE,42963000000035022,Dakshina Kannada South,Petroleum engineer,1,2024-01-18,2024-01-18,,,2026-07-15 14:36:44,2026-07-15 14:36:44,SYSTEM_SEED,SYSTEM_SEED
ACC-03019,Bhavani Krishna,51,46-55,FEMALE,42963000000035033,Mysuru Taluk HQ,Colour technologist,1,2024-05-19,2024-05-19,,,2026-07-15 14:36:44,2026-07-15 14:36:44,SYSTEM_SEED,SYSTEM_SEED
ACC-03020,Balhaar Sathe,27,26-35,MALE,42963000000035024,Dharwad North,Minerals surveyor,1,2022-11-07,2022-11-07,,,2026-07-15 14:36:44,2026-07-15 14:36:44,SYSTEM_SEED,SYSTEM_SEED
ACC-03021,Thimmakka Shetty,54,46-55,FEMALE,42963000000035036,Shivamogga South,Training and development officer,1,2023-01-30,2023-01-30,,,2026-07-15 14:36:44,2026-07-15 14:36:44,SYSTEM_SEED,SYSTEM_SEED
ACC-03022,Gagan Nagi,20,18-25,MALE,42963000000035032,Mandya West,Clinical cytogeneticist,2,2023-12-11,2024-10-02,,,2026-07-15 14:36:44,2026-07-15 14:36:44,SYSTEM_SEED,SYSTEM_SEED
ACC-03023,Ranbir Deol,42,36-45,MALE,42963000000035012,Bagalkot South,"Teacher, secondary school",1,2022-01-06,2022-01-06,,,2026-07-15 14:36:44,2026-07-15 14:36:44,SYSTEM_SEED,SYSTEM_SEED
ACC-03024,Indira Krishnan,44,36-45,FEMALE,42963000000035033,Mysuru South,Recycling officer,1,2024-12-13,2024-12-13,,,2026-07-15 14:36:44,2026-07-15 14:36:44,SYSTEM_SEED,SYSTEM_SEED
ACC-03025,Nagaveni Reddy,20,18-25,FEMALE,42963000000035018,Chamarajanagar West,Primary school teacher,1,2022-02-13,2022-02-13,,,2026-07-15 14:36:44,2026-07-15 14:36:44,SYSTEM_SEED,SYSTEM_SEED
ACC-03026,Sunandamma Nayak,50,46-55,FEMALE,42963000000035018,Chamarajanagar East,Higher education lecturer,1,2024-11-19,2024-11-19,,,2026-07-15 14:36:44,2026-07-15 14:36:44,SYSTEM_SEED,SYSTEM_SEED
ACC-03027,Harrison Edwin,60,56-65,MALE,42963000000035017,Bidar East,Politician's assistant,1,2024-07-28,2024-07-28,,,2026-07-15 14:36:44,2026-07-15 14:36:44,SYSTEM_SEED,SYSTEM_SEED
ACC-03028,Caleb Bajwa,62,56-65,MALE,42963000000035034,Raichur West,Chief Operating Officer,1,2025-03-05,2025-03-05,,,2026-07-15 14:36:44,2026-07-15 14:36:44,SYSTEM_SEED,SYSTEM_SEED
ACC-03029,Shanthakumari Kulkarni,26,26-35,FEMALE,42963000000035016,Bengaluru Urban East,"Engineer, electronics",1,2024-11-19,2024-11-19,,,2026-07-15 14:36:44,2026-07-15 14:36:44,SYSTEM_SEED,SYSTEM_SEED
ACC-03030,Ekaraj Ahluwalia,54,46-55,MALE,42963000000035030,Kolar West,Media buyer,1,2023-04-13,2023-04-13,,,2026-07-15 14:36:44,2026-07-15 14:36:44,SYSTEM_SEED,SYSTEM_SEED
ACC-03031,Balendra Oak,19,18-25,MALE,42963000000035033,Mysuru Rural,Electrical engineer,2,2021-11-15,2024-07-08,,,2026-07-15 14:36:44,2026-07-15 14:36:44,SYSTEM_SEED,SYSTEM_SEED
ACC-03032,Puttaswamy Nayak,50,46-55,MALE,42963000000035023,Davanagere West,"Secretary, company",1,2025-01-12,2025-01-12,,,2026-07-15 14:36:44,2026-07-15 14:36:44,SYSTEM_SEED,SYSTEM_SEED
ACC-03033,Girish Johal,20,18-25,MALE,42963000000035022,Dakshina Kannada West,"Teacher, English as a foreign language",1,2022-08-26,2022-08-26,,,2026-07-15 14:36:44,2026-07-15 14:36:44,SYSTEM_SEED,SYSTEM_SEED
ACC-03034,Zashil Pandey,44,36-45,MALE,42963000000035017,Bidar North,Marketing executive,2,2021-11-28,2025-05-30,,,2026-07-15 14:36:44,2026-07-15 14:36:44,SYSTEM_SEED,SYSTEM_SEED
ACC-03035,Bhavna Sarna,62,56-65,FEMALE,42963000000035025,Gadag West,Physiotherapist,1,2022-08-19,2022-08-19,,,2026-07-15 14:36:44,2026-07-15 14:36:44,SYSTEM_SEED,SYSTEM_SEED
ACC-03036,Pushpalatha Setty,48,46-55,FEMALE,42963000000035042,Vijayanagara Rural,Mudlogger,1,2021-10-23,2021-10-23,,,2026-07-15 14:36:44,2026-07-15 14:36:44,SYSTEM_SEED,SYSTEM_SEED
ACC-03037,Chaaya Datta,38,36-45,FEMALE,42963000000035036,Shivamogga Rural,"Scientist, forensic",1,2025-10-25,2025-10-25,,,2026-07-15 14:36:44,2026-07-15 14:36:44,SYSTEM_SEED,SYSTEM_SEED
ACC-03038,Harish Urs,37,36-45,MALE,42963000000035027,Haveri East,Hydrogeologist,2,2025-08-28,2025-11-06,,,2026-07-15 14:36:44,2026-07-15 14:36:44,SYSTEM_SEED,SYSTEM_SEED
ACC-03039,Daniel Tara,21,18-25,MALE,42963000000035019,Chikballapur East,Exercise physiologist,1,2021-01-29,2021-01-29,,,2026-07-15 14:36:44,2026-07-15 14:36:44,SYSTEM_SEED,SYSTEM_SEED
ACC-03040,Noah Bajaj,62,56-65,MALE,42963000000035033,Mysuru East,Environmental manager,1,2024-12-17,2024-12-17,,,2026-07-15 14:36:44,2026-07-15 14:36:44,SYSTEM_SEED,SYSTEM_SEED
ACC-03041,Ravindranath Poojary,61,56-65,MALE,42963000000035033,Mysuru North,Horticultural consultant,1,2024-01-14,2024-01-14,,,2026-07-15 14:36:44,2026-07-15 14:36:44,SYSTEM_SEED,SYSTEM_SEED
ACC-03042,Saumya Parmar,21,18-25,FEMALE,42963000000035033,Mysuru North,Broadcast journalist,2,2021-06-12,2025-09-23,,,2026-07-15 14:36:44,2026-07-15 14:36:44,SYSTEM_SEED,SYSTEM_SEED
ACC-03043,Maanas Borde,54,46-55,MALE,42963000000035040,Vijayapura Taluk HQ,Social researcher,1,2021-09-25,2021-09-25,,,2026-07-15 14:36:44,2026-07-15 14:36:44,SYSTEM_SEED,SYSTEM_SEED
ACC-03044,Yochana Tella,48,46-55,FEMALE,42963000000035017,Bidar West,Insurance underwriter,2,2021-11-09,2025-01-19,,,2026-07-15 14:36:44,2026-07-15 14:36:44,SYSTEM_SEED,SYSTEM_SEED
ACC-03045,Barkha Choudhry,29,26-35,FEMALE,42963000000035033,Mysuru West,Television floor manager,1,2022-06-29,2022-06-29,,,2026-07-15 14:36:44,2026-07-15 14:36:44,SYSTEM_SEED,SYSTEM_SEED
ACC-03046,Karan Balan,23,18-25,MALE,42963000000035031,Koppal West,Amenity horticulturist,1,2021-10-26,2021-10-26,,,2026-07-15 14:36:44,2026-07-15 14:36:44,SYSTEM_SEED,SYSTEM_SEED
ACC-03047,Ucchal Lal,28,26-35,FEMALE,42963000000035024,Dharwad East,"Engineer, control and instrumentation",1,2025-05-06,2025-05-06,,,2026-07-15 14:36:44,2026-07-15 14:36:44,SYSTEM_SEED,SYSTEM_SEED
ACC-03048,Bhanumati Dewan,62,56-65,FEMALE,42963000000035021,Chitradurga North,"Engineer, energy",1,2022-03-30,2022-03-30,,,2026-07-15 14:36:44,2026-07-15 14:36:44,SYSTEM_SEED,SYSTEM_SEED
ACC-03049,Bhavani Keer,32,26-35,FEMALE,42963000000035024,Dharwad Taluk HQ,"Research officer, political party",1,2024-03-22,2024-03-22,,,2026-07-15 14:36:44,2026-07-15 14:36:44,SYSTEM_SEED,SYSTEM_SEED
ACC-03050,Andrew Pal,52,46-55,MALE,42963000000035023,Davanagere West,Building services engineer,1,2022-07-04,2022-07-04,,,2026-07-15 14:36:44,2026-07-15 14:36:44,SYSTEM_SEED,SYSTEM_SEED
ACC-03051,Banjeet Srinivas,34,26-35,MALE,42963000000035016,Bengaluru Urban North,"Conservation officer, nature",1,2023-08-07,2023-08-07,,,2026-07-15 14:36:44,2026-07-15 14:36:44,SYSTEM_SEED,SYSTEM_SEED
ACC-03052,Anvi Chawla,19,18-25,FEMALE,42963000000035017,Bidar West,Animal technologist,1,2021-02-27,2021-02-27,,,2026-07-15 14:36:44,2026-07-15 14:36:44,SYSTEM_SEED,SYSTEM_SEED
ACC-03053,Gopalakrishna Nayak,61,56-65,MALE,42963000000035041,Yadgir North,Research scientist (maths),1,2024-02-08,2024-02-08,,,2026-07-15 14:36:44,2026-07-15 14:36:44,SYSTEM_SEED,SYSTEM_SEED
ACC-03054,Parth Sankar,38,36-45,MALE,42963000000035020,Chikkamagaluru West,Purchasing manager,2,2024-05-25,2025-08-03,,,2026-07-15 14:36:44,2026-07-15 14:36:44,SYSTEM_SEED,SYSTEM_SEED
ACC-03055,Yallappa Achar,62,56-65,MALE,42963000000035012,Bagalkot East,Immunologist,1,2024-08-08,2024-08-08,,,2026-07-15 14:36:44,2026-07-15 14:36:44,SYSTEM_SEED,SYSTEM_SEED
ACC-03056,Kariyappa Hegde,46,46-55,MALE,42963000000035013,Ballari West,Estate agent,1,2023-02-28,2023-02-28,,,2026-07-15 14:36:44,2026-07-15 14:36:44,SYSTEM_SEED,SYSTEM_SEED
ACC-03057,Ayaan Bal,39,36-45,MALE,42963000000035035,Ramanagara Taluk HQ,"Engineer, building services",1,2023-11-30,2023-11-30,,,2026-07-15 14:36:44,2026-07-15 14:36:44,SYSTEM_SEED,SYSTEM_SEED
ACC-03058,Aditya Subramaniam,41,36-45,MALE,42963000000035018,Chamarajanagar North,Associate Professor,1,2025-01-05,2025-01-05,,,2026-07-15 14:36:44,2026-07-15 14:36:44,SYSTEM_SEED,SYSTEM_SEED
ACC-03059,Saanvi Dass,35,26-35,FEMALE,42963000000035018,Chamarajanagar Rural,Planning and development surveyor,1,2023-07-09,2023-07-09,,,2026-07-15 14:36:44,2026-07-15 14:36:44,SYSTEM_SEED,SYSTEM_SEED
ACC-03060,Chandrashekar Urs,35,26-35,MALE,42963000000035031,Koppal North,Physiotherapist,1,2023-06-07,2023-06-07,,,2026-07-15 14:36:44,2026-07-15 14:36:44,SYSTEM_SEED,SYSTEM_SEED
ACC-03061,Devika Sarma,62,56-65,FEMALE,42963000000035031,Koppal East,Commercial/residential surveyor,1,2021-01-06,2021-01-06,,,2026-07-15 14:36:44,2026-07-15 14:36:44,SYSTEM_SEED,SYSTEM_SEED
ACC-03062,Qushi Hari,64,56-65,FEMALE,42963000000035026,Hassan West,Lobbyist,1,2024-01-15,2024-01-15,,,2026-07-15 14:36:44,2026-07-15 14:36:44,SYSTEM_SEED,SYSTEM_SEED
ACC-03063,Nagaraj Nayak,18,18-25,MALE,42963000000035022,Dakshina Kannada North,Press sub,1,2021-03-21,2021-03-21,,,2026-07-15 14:36:44,2026-07-15 14:36:44,SYSTEM_SEED,SYSTEM_SEED
ACC-03064,Jagat Kata,61,56-65,MALE,42963000000035016,Bengaluru Urban West,Chief Executive Officer,1,2025-03-08,2025-03-08,,,2026-07-15 14:36:44,2026-07-15 14:36:44,SYSTEM_SEED,SYSTEM_SEED
ACC-03065,Jhalak Sachar,55,46-55,FEMALE,42963000000035037,Tumakuru Taluk HQ,Software engineer,1,2024-11-14,2024-11-14,,,2026-07-15 14:36:44,2026-07-15 14:36:44,SYSTEM_SEED,SYSTEM_SEED
ACC-03066,Abhimanyu Krish,24,18-25,MALE,42963000000035022,Dakshina Kannada West,Barista,1,2022-11-24,2022-11-24,,,2026-07-15 14:36:44,2026-07-15 14:36:44,SYSTEM_SEED,SYSTEM_SEED
ACC-03067,Ayush Date,64,56-65,MALE,42963000000035031,Koppal Rural,Print production planner,2,2022-04-20,2025-04-01,,,2026-07-15 14:36:44,2026-07-15 14:36:44,SYSTEM_SEED,SYSTEM_SEED
ACC-03068,Siddalingaiah Setty,50,46-55,MALE,42963000000035015,Bengaluru Rural Taluk HQ,Education administrator,1,2023-02-14,2023-02-14,,,2026-07-15 14:36:44,2026-07-15 14:36:44,SYSTEM_SEED,SYSTEM_SEED
ACC-03069,Anthony Murthy,25,18-25,MALE,42963000000035024,Dharwad North,Maintenance engineer,1,2022-03-14,2022-03-14,,,2026-07-15 14:36:44,2026-07-15 14:36:44,SYSTEM_SEED,SYSTEM_SEED
ACC-03070,Chandrashekar Poojary,44,36-45,MALE,42963000000035030,Kolar Taluk HQ,Town planner,2,2023-10-02,2025-03-06,,,2026-07-15 14:36:44,2026-07-15 14:36:44,SYSTEM_SEED,SYSTEM_SEED
ACC-03071,Gopalakrishna Devadiga,50,46-55,MALE,42963000000035029,Kodagu North,Financial risk analyst,2,2023-04-12,2024-02-14,,,2026-07-15 14:36:44,2026-07-15 14:36:44,SYSTEM_SEED,SYSTEM_SEED
ACC-03072,Shivakumar Bhat,43,36-45,MALE,42963000000035016,Bengaluru Urban North,"Horticulturist, commercial",1,2023-03-24,2023-03-24,,,2026-07-15 14:36:44,2026-07-15 14:36:44,SYSTEM_SEED,SYSTEM_SEED
ACC-03073,Prakash Kulkarni,59,56-65,MALE,42963000000035037,Tumakuru West,"Conservation officer, nature",2,2024-11-19,2024-12-06,,,2026-07-15 14:36:44,2026-07-15 14:36:44,SYSTEM_SEED,SYSTEM_SEED
ACC-03074,Basavaraj Devadiga,38,36-45,MALE,42963000000035033,Mysuru North,Trading standards officer,1,2024-12-22,2024-12-22,,,2026-07-15 14:36:44,2026-07-15 14:36:44,SYSTEM_SEED,SYSTEM_SEED
ACC-03075,Wriddhish Das,51,46-55,MALE,42963000000035025,Gadag South,Camera operator,1,2021-11-24,2021-11-24,,,2026-07-15 14:36:44,2026-07-15 14:36:44,SYSTEM_SEED,SYSTEM_SEED
ACC-03076,Jeremiah Jha,54,46-55,MALE,42963000000035016,Bengaluru Urban Rural,"Research officer, trade union",1,2024-08-20,2024-08-20,,,2026-07-15 14:36:44,2026-07-15 14:36:44,SYSTEM_SEED,SYSTEM_SEED
ACC-03077,Imaran Sawhney,35,26-35,MALE,42963000000035015,Bengaluru Rural Taluk HQ,Immigration officer,1,2022-10-24,2022-10-24,,,2026-07-15 14:36:44,2026-07-15 14:36:44,SYSTEM_SEED,SYSTEM_SEED
ACC-03078,Madhav Konda,45,36-45,MALE,42963000000035040,Vijayapura Rural,Secretary/administrator,2,2021-10-31,2023-07-09,,,2026-07-15 14:36:44,2026-07-15 14:36:44,SYSTEM_SEED,SYSTEM_SEED
ACC-03079,Gangamma Naik,56,56-65,FEMALE,42963000000035038,Udupi East,"Geologist, engineering",2,2021-08-27,2023-12-12,,,2026-07-15 14:36:44,2026-07-15 14:36:44,SYSTEM_SEED,SYSTEM_SEED
ACC-03080,Chandrashekar Bhat,43,36-45,MALE,42963000000035022,Dakshina Kannada North,"Investment banker, operational",1,2023-12-30,2023-12-30,,,2026-07-15 14:36:44,2026-07-15 14:36:44,SYSTEM_SEED,SYSTEM_SEED
ACC-03081,Chandrashekar Nayak,19,18-25,MALE,42963000000035018,Chamarajanagar North,Special educational needs teacher,1,2025-09-19,2025-09-19,,,2026-07-15 14:36:44,2026-07-15 14:36:44,SYSTEM_SEED,SYSTEM_SEED
ACC-03082,Avi Pal,44,36-45,MALE,42963000000035017,Bidar South,Paediatric nurse,2,2023-08-17,2024-02-10,,,2026-07-15 14:36:44,2026-07-15 14:36:44,SYSTEM_SEED,SYSTEM_SEED
ACC-03083,Girijamma Reddy,35,26-35,FEMALE,42963000000035019,Chikballapur Rural,Wellsite geologist,1,2021-02-07,2021-02-07,,,2026-07-15 14:36:44,2026-07-15 14:36:44,SYSTEM_SEED,SYSTEM_SEED
ACC-03084,Thimmaiah Nayak,59,56-65,MALE,42963000000035016,Bengaluru Urban East,"Radiographer, diagnostic",1,2025-07-07,2025-07-07,,,2026-07-15 14:36:44,2026-07-15 14:36:44,SYSTEM_SEED,SYSTEM_SEED
ACC-03085,Parvatamma Setty,18,18-25,FEMALE,42963000000035014,Belagavi Rural,Health service manager,1,2025-10-17,2025-10-17,,,2026-07-15 14:36:44,2026-07-15 14:36:44,SYSTEM_SEED,SYSTEM_SEED
ACC-03086,Raghavendra Poojary,60,56-65,MALE,42963000000035016,Bengaluru Urban East,Careers information officer,1,2025-10-31,2025-10-31,,,2026-07-15 14:36:44,2026-07-15 14:36:44,SYSTEM_SEED,SYSTEM_SEED
ACC-03087,Jagadish Poojary,56,56-65,MALE,42963000000035012,Bagalkot East,"Engineer, electronics",1,2023-07-09,2023-07-09,,,2026-07-15 14:36:44,2026-07-15 14:36:44,SYSTEM_SEED,SYSTEM_SEED
ACC-03088,Nagaraj Achar,41,36-45,MALE,42963000000035018,Chamarajanagar East,"Copywriter, advertising",2,2023-10-16,2024-07-14,,,2026-07-15 14:36:44,2026-07-15 14:36:44,SYSTEM_SEED,SYSTEM_SEED
ACC-03089,Michael Kade,43,36-45,MALE,42963000000035035,Ramanagara Taluk HQ,Community education officer,1,2023-05-03,2023-05-03,,,2026-07-15 14:36:44,2026-07-15 14:36:44,SYSTEM_SEED,SYSTEM_SEED
ACC-03090,Ekavir Banik,33,26-35,MALE,42963000000035029,Kodagu East,Farm manager,1,2023-12-12,2023-12-12,,,2026-07-15 14:36:44,2026-07-15 14:36:44,SYSTEM_SEED,SYSTEM_SEED
ACC-03091,Utkarsh Comar,18,18-25,MALE,42963000000035016,Bengaluru Urban North,Advertising art director,1,2023-08-21,2023-08-21,,,2026-07-15 14:36:44,2026-07-15 14:36:44,SYSTEM_SEED,SYSTEM_SEED
ACC-03092,Anika Madan,42,36-45,FEMALE,42963000000035021,Chitradurga Rural,Health physicist,1,2021-02-18,2021-02-18,,,2026-07-15 14:36:44,2026-07-15 14:36:44,SYSTEM_SEED,SYSTEM_SEED
ACC-03093,Shivakumar Shetty,37,36-45,MALE,42963000000035013,Ballari West,Theatre stage manager,1,2022-06-14,2022-06-14,,,2026-07-15 14:36:44,2026-07-15 14:36:44,SYSTEM_SEED,SYSTEM_SEED
ACC-03094,Mason Chad,23,18-25,MALE,42963000000035032,Mandya South,Best boy,1,2024-12-08,2024-12-08,,,2026-07-15 14:36:44,2026-07-15 14:36:44,SYSTEM_SEED,SYSTEM_SEED
ACC-03095,Rehaan Tandon,35,26-35,MALE,42963000000035032,Mandya East,Advertising account executive,1,2022-03-09,2022-03-09,,,2026-07-15 14:36:44,2026-07-15 14:36:44,SYSTEM_SEED,SYSTEM_SEED
ACC-03096,Rehaan Sawhney,62,56-65,MALE,42963000000035019,Chikballapur West,Armed forces operational officer,2,2023-11-21,2024-08-25,,,2026-07-15 14:36:44,2026-07-15 14:36:44,SYSTEM_SEED,SYSTEM_SEED
ACC-03097,Yallappa Devadiga,52,46-55,MALE,42963000000035016,Bengaluru Urban East,Environmental manager,1,2025-07-11,2025-07-11,,,2026-07-15 14:36:44,2026-07-15 14:36:44,SYSTEM_SEED,SYSTEM_SEED
ACC-03098,Savitramma Reddy,33,26-35,FEMALE,42963000000035025,Gadag North,"Engineer, land",1,2024-12-25,2024-12-25,,,2026-07-15 14:36:44,2026-07-15 14:36:44,SYSTEM_SEED,SYSTEM_SEED
ACC-03099,Bhagyalakshmi Reddy,30,26-35,FEMALE,42963000000035041,Yadgir East,Museum education officer,1,2025-08-27,2025-08-27,,,2026-07-15 14:36:44,2026-07-15 14:36:44,SYSTEM_SEED,SYSTEM_SEED
ACC-03100,Tanveer Walia,47,46-55,MALE,42963000000035028,Kalaburagi West,Associate Professor,1,2022-04-05,2022-04-05,,,2026-07-15 14:36:44,2026-07-15 14:36:44,SYSTEM_SEED,SYSTEM_SEED
ACC-03101,Raghavendra Achar,44,36-45,MALE,42963000000035019,Chikballapur South,Industrial/product designer,1,2022-08-05,2022-08-05,,,2026-07-15 14:36:44,2026-07-15 14:36:44,SYSTEM_SEED,SYSTEM_SEED
ACC-03102,Owen Bal,54,46-55,MALE,42963000000035035,Ramanagara Rural,Transport planner,1,2022-04-09,2022-04-09,,,2026-07-15 14:36:44,2026-07-15 14:36:44,SYSTEM_SEED,SYSTEM_SEED
ACC-03103,Nagaraj Naik,29,26-35,MALE,42963000000035016,Bengaluru Urban West,Legal secretary,1,2023-04-30,2023-04-30,,,2026-07-15 14:36:44,2026-07-15 14:36:44,SYSTEM_SEED,SYSTEM_SEED
ACC-03104,Shanthakumari Achar,51,46-55,FEMALE,42963000000035022,Dakshina Kannada West,Garment/textile technologist,1,2022-07-04,2022-07-04,,,2026-07-15 14:36:44,2026-07-15 14:36:44,SYSTEM_SEED,SYSTEM_SEED
ACC-03105,Akshay Om,26,26-35,MALE,42963000000035012,Bagalkot Taluk HQ,Wellsite geologist,1,2022-02-22,2022-02-22,,,2026-07-15 14:36:44,2026-07-15 14:36:44,SYSTEM_SEED,SYSTEM_SEED
ACC-03106,Tanay Bhandari,47,46-55,MALE,42963000000035040,Vijayapura East,Clinical embryologist,1,2024-09-05,2024-09-05,,,2026-07-15 14:36:44,2026-07-15 14:36:44,SYSTEM_SEED,SYSTEM_SEED
ACC-03107,Channabasappa Achar,29,26-35,MALE,42963000000035017,Bidar West,Surgeon,1,2022-01-22,2022-01-22,,,2026-07-15 14:36:44,2026-07-15 14:36:44,SYSTEM_SEED,SYSTEM_SEED
ACC-03108,Maanas Warrior,60,56-65,MALE,42963000000035035,Ramanagara Rural,"Psychologist, educational",1,2022-12-23,2022-12-23,,,2026-07-15 14:36:44,2026-07-15 14:36:44,SYSTEM_SEED,SYSTEM_SEED
ACC-03109,Kalpit Gaba,56,56-65,MALE,42963000000035034,Raichur North,Museum/gallery curator,1,2025-03-24,2025-03-24,,,2026-07-15 14:36:44,2026-07-15 14:36:44,SYSTEM_SEED,SYSTEM_SEED
ACC-03110,Jagat Deo,31,26-35,MALE,42963000000035021,Chitradurga East,"Administrator, local government",1,2024-01-20,2024-01-20,,,2026-07-15 14:36:44,2026-07-15 14:36:44,SYSTEM_SEED,SYSTEM_SEED
ACC-03111,Laksh Chada,43,36-45,MALE,42963000000035027,Haveri East,Fisheries officer,1,2025-07-15,2025-07-15,,,2026-07-15 14:36:44,2026-07-15 14:36:44,SYSTEM_SEED,SYSTEM_SEED
ACC-03112,Shivakumar Gowda,46,46-55,MALE,42963000000035029,Kodagu South,Special effects artist,1,2024-08-24,2024-08-24,,,2026-07-15 14:36:44,2026-07-15 14:36:44,SYSTEM_SEED,SYSTEM_SEED
ACC-03113,Om Rana,25,18-25,MALE,42963000000035018,Chamarajanagar Taluk HQ,Arboriculturist,1,2022-06-01,2022-06-01,,,2026-07-15 14:36:44,2026-07-15 14:36:44,SYSTEM_SEED,SYSTEM_SEED
ACC-03114,Radhika Luthra,51,46-55,FEMALE,42963000000035040,Vijayapura West,Fitness centre manager,1,2023-01-15,2023-01-15,,,2026-07-15 14:36:44,2026-07-15 14:36:44,SYSTEM_SEED,SYSTEM_SEED
ACC-03115,Thimmakka Urs,33,26-35,FEMALE,42963000000035015,Bengaluru Rural North,Translator,1,2024-10-27,2024-10-27,,,2026-07-15 14:36:44,2026-07-15 14:36:44,SYSTEM_SEED,SYSTEM_SEED
ACC-03116,David Mohanty,56,56-65,MALE,42963000000035014,Belagavi East,"Teacher, adult education",1,2023-12-28,2023-12-28,,,2026-07-15 14:36:44,2026-07-15 14:36:44,SYSTEM_SEED,SYSTEM_SEED
ACC-03117,Libni Gola,18,18-25,FEMALE,42963000000035013,Ballari South,"Producer, radio",2,2021-04-10,2021-08-06,,,2026-07-15 14:36:44,2026-07-15 14:36:44,SYSTEM_SEED,SYSTEM_SEED
ACC-03118,Abhiram Sarraf,37,36-45,MALE,42963000000035014,Belagavi Rural,Acupuncturist,1,2025-10-04,2025-10-04,,,2026-07-15 14:36:44,2026-07-15 14:36:44,SYSTEM_SEED,SYSTEM_SEED
ACC-03119,Girijamma Urs,47,46-55,FEMALE,42963000000035040,Vijayapura Rural,"Psychologist, prison and probation services",1,2021-02-10,2021-02-10,,,2026-07-15 14:36:44,2026-07-15 14:36:44,SYSTEM_SEED,SYSTEM_SEED
ACC-03120,Manjunath Kulkarni,22,18-25,MALE,42963000000035041,Yadgir Taluk HQ,Animator,1,2023-04-02,2023-04-02,,,2026-07-15 14:36:44,2026-07-15 14:36:44,SYSTEM_SEED,SYSTEM_SEED
ACC-03121,Wriddhish Kamdar,36,36-45,MALE,42963000000035033,Mysuru North,Osteopath,1,2021-10-03,2021-10-03,,,2026-07-15 14:36:44,2026-07-15 14:36:44,SYSTEM_SEED,SYSTEM_SEED
ACC-03122,Yallappa Devadiga,37,36-45,MALE,42963000000035016,Bengaluru Urban South,Barrister,1,2022-03-19,2022-03-19,,,2026-07-15 14:36:44,2026-07-15 14:36:44,SYSTEM_SEED,SYSTEM_SEED
ACC-03123,Lakshit Murthy,27,26-35,MALE,42963000000035038,Udupi East,Bonds trader,1,2025-10-17,2025-10-17,,,2026-07-15 14:36:44,2026-07-15 14:36:44,SYSTEM_SEED,SYSTEM_SEED
ACC-03124,Hemangini Kuruvilla,26,26-35,FEMALE,42963000000035013,Ballari East,Health and safety adviser,1,2024-02-14,2024-02-14,,,2026-07-15 14:36:44,2026-07-15 14:36:44,SYSTEM_SEED,SYSTEM_SEED
ACC-03125,Yug Datta,59,56-65,MALE,42963000000035021,Chitradurga South,Ergonomist,1,2021-05-26,2021-05-26,,,2026-07-15 14:36:44,2026-07-15 14:36:44,SYSTEM_SEED,SYSTEM_SEED
ACC-03126,Ethan Bawa,28,26-35,MALE,42963000000035033,Mysuru Rural,"Exhibitions officer, museum/gallery",1,2022-11-17,2022-11-17,,,2026-07-15 14:36:44,2026-07-15 14:36:44,SYSTEM_SEED,SYSTEM_SEED
ACC-03127,Channabasappa Urs,26,26-35,MALE,42963000000035020,Chikkamagaluru Rural,Colour technologist,1,2025-02-08,2025-02-08,,,2026-07-15 14:36:44,2026-07-15 14:36:44,SYSTEM_SEED,SYSTEM_SEED
ACC-03128,Puttaswamy Kulkarni,27,26-35,MALE,42963000000035014,Belagavi North,Arboriculturist,2,2021-08-19,2022-01-11,,,2026-07-15 14:36:44,2026-07-15 14:36:44,SYSTEM_SEED,SYSTEM_SEED
ACC-03129,Yashica Sarraf,19,18-25,FEMALE,42963000000035027,Haveri East,TEFL teacher,1,2022-02-02,2022-02-02,,,2026-07-15 14:36:44,2026-07-15 14:36:44,SYSTEM_SEED,SYSTEM_SEED
ACC-03130,Anvi Kari,45,36-45,FEMALE,42963000000035029,Kodagu West,"Biochemist, clinical",1,2021-01-25,2021-01-25,,,2026-07-15 14:36:44,2026-07-15 14:36:44,SYSTEM_SEED,SYSTEM_SEED
ACC-03131,Kabir Babu,34,26-35,MALE,42963000000035027,Haveri North,Manufacturing engineer,1,2024-04-03,2024-04-03,,,2026-07-15 14:36:44,2026-07-15 14:36:44,SYSTEM_SEED,SYSTEM_SEED
ACC-03132,Kamya Palla,54,46-55,FEMALE,42963000000035040,Vijayapura West,Clinical embryologist,1,2024-12-14,2024-12-14,,,2026-07-15 14:36:44,2026-07-15 14:36:44,SYSTEM_SEED,SYSTEM_SEED
ACC-03133,Yashica Sawhney,20,18-25,FEMALE,42963000000035030,Kolar East,"Clinical scientist, histocompatibility and immunogenetics",1,2024-06-18,2024-06-18,,,2026-07-15 14:36:44,2026-07-15 14:36:44,SYSTEM_SEED,SYSTEM_SEED
ACC-03134,Sureshgowda Nayak,52,46-55,MALE,42963000000035016,Bengaluru Urban South,Sales promotion account executive,1,2024-12-14,2024-12-14,,,2026-07-15 14:36:44,2026-07-15 14:36:44,SYSTEM_SEED,SYSTEM_SEED
ACC-03135,Channabasappa Reddy,33,26-35,MALE,42963000000035029,Kodagu East,Careers adviser,2,2021-06-08,2021-12-06,,,2026-07-15 14:36:44,2026-07-15 14:36:44,SYSTEM_SEED,SYSTEM_SEED
ACC-03136,Harsh Nanda,24,18-25,MALE,42963000000035040,Vijayapura South,"Teacher, English as a foreign language",1,2025-04-05,2025-04-05,,,2026-07-15 14:36:44,2026-07-15 14:36:44,SYSTEM_SEED,SYSTEM_SEED
ACC-03137,Sarthak Bora,48,46-55,MALE,42963000000035016,Bengaluru Urban Rural,Physiological scientist,1,2023-09-28,2023-09-28,,,2026-07-15 14:36:44,2026-07-15 14:36:44,SYSTEM_SEED,SYSTEM_SEED
ACC-03138,Akkamahadevi Shetty,59,56-65,FEMALE,42963000000035041,Yadgir North,Heritage manager,1,2022-11-22,2022-11-22,,,2026-07-15 14:36:44,2026-07-15 14:36:44,SYSTEM_SEED,SYSTEM_SEED
ACC-03139,Kaveri Rai,37,36-45,FEMALE,42963000000035024,Dharwad North,Customer service manager,1,2023-05-27,2023-05-27,,,2026-07-15 14:36:44,2026-07-15 14:36:44,SYSTEM_SEED,SYSTEM_SEED
ACC-03140,Omisha Parsa,22,18-25,FEMALE,42963000000035031,Koppal West,Legal executive,1,2024-01-05,2024-01-05,,,2026-07-15 14:36:44,2026-07-15 14:36:44,SYSTEM_SEED,SYSTEM_SEED
ACC-03141,Chandrashekar Devadiga,38,36-45,MALE,42963000000035036,Shivamogga East,Orthoptist,1,2025-03-24,2025-03-24,,,2026-07-15 14:36:44,2026-07-15 14:36:44,SYSTEM_SEED,SYSTEM_SEED
ACC-03142,Sureshgowda Rai,49,46-55,MALE,42963000000035017,Bidar Taluk HQ,Minerals surveyor,1,2023-08-23,2023-08-23,,,2026-07-15 14:36:44,2026-07-15 14:36:44,SYSTEM_SEED,SYSTEM_SEED
ACC-03143,Manan Balasubramanian,32,26-35,MALE,42963000000035023,Davanagere Rural,"Designer, multimedia",1,2021-01-02,2021-01-02,,,2026-07-15 14:36:44,2026-07-15 14:36:44,SYSTEM_SEED,SYSTEM_SEED
ACC-03144,Puttaswamy Kulkarni,29,26-35,MALE,42963000000035041,Yadgir West,"Merchandiser, retail",1,2025-09-20,2025-09-20,,,2026-07-15 14:36:44,2026-07-15 14:36:44,SYSTEM_SEED,SYSTEM_SEED
ACC-03145,Mohini Doctor,65,56-65,FEMALE,42963000000035036,Shivamogga Taluk HQ,"Therapist, art",1,2021-10-13,2021-10-13,,,2026-07-15 14:36:44,2026-07-15 14:36:44,SYSTEM_SEED,SYSTEM_SEED
ACC-03146,Chatresh Kakar,55,46-55,MALE,42963000000035017,Bidar North,Intelligence analyst,2,2021-06-21,2022-08-20,,,2026-07-15 14:36:44,2026-07-15 14:36:44,SYSTEM_SEED,SYSTEM_SEED
ACC-03147,Kaveri Setty,47,46-55,FEMALE,42963000000035013,Ballari South,Sales promotion account executive,1,2024-07-09,2024-07-09,,,2026-07-15 14:36:44,2026-07-15 14:36:44,SYSTEM_SEED,SYSTEM_SEED
ACC-03148,Hritik Radhakrishnan,37,36-45,MALE,42963000000035019,Chikballapur West,Television floor manager,1,2023-07-19,2023-07-19,,,2026-07-15 14:36:44,2026-07-15 14:36:44,SYSTEM_SEED,SYSTEM_SEED
ACC-03149,Shivakumar Gowda,56,56-65,MALE,42963000000035012,Bagalkot East,Amenity horticulturist,2,2023-09-02,2023-10-30,,,2026-07-15 14:36:44,2026-07-15 14:36:44,SYSTEM_SEED,SYSTEM_SEED
ACC-03150,Rayaan Brar,65,56-65,MALE,42963000000035041,Yadgir North,Careers adviser,1,2025-10-03,2025-10-03,,,2026-07-15 14:36:44,2026-07-15 14:36:44,SYSTEM_SEED,SYSTEM_SEED
ACC-03151,Basavaraj Urs,32,26-35,MALE,42963000000035021,Chitradurga East,Environmental manager,1,2025-05-20,2025-05-20,,,2026-07-15 14:36:44,2026-07-15 14:36:44,SYSTEM_SEED,SYSTEM_SEED
ACC-03152,Divya Wable,44,36-45,FEMALE,42963000000035021,Chitradurga West,Arts development officer,2,2021-04-21,2025-07-24,,,2026-07-15 14:36:44,2026-07-15 14:36:44,SYSTEM_SEED,SYSTEM_SEED
ACC-03153,Thomas Nadig,22,18-25,MALE,42963000000035034,Raichur Rural,Geophysical data processor,1,2025-06-26,2025-06-26,,,2026-07-15 14:36:44,2026-07-15 14:36:44,SYSTEM_SEED,SYSTEM_SEED
ACC-03154,Manan Kohli,53,46-55,MALE,42963000000035037,Tumakuru Taluk HQ,Land/geomatics surveyor,1,2025-01-28,2025-01-28,,,2026-07-15 14:36:44,2026-07-15 14:36:44,SYSTEM_SEED,SYSTEM_SEED
ACC-03155,Radhika Kashyap,48,46-55,FEMALE,42963000000035032,Mandya North,"Programmer, applications",1,2025-12-11,2025-12-11,,,2026-07-15 14:36:44,2026-07-15 14:36:44,SYSTEM_SEED,SYSTEM_SEED
ACC-03156,Raghavendra Reddy,52,46-55,MALE,42963000000035028,Kalaburagi North,International aid/development worker,1,2021-06-04,2021-06-04,,,2026-07-15 14:36:44,2026-07-15 14:36:44,SYSTEM_SEED,SYSTEM_SEED
ACC-03157,Jai Saxena,34,26-35,MALE,42963000000035013,Ballari West,Outdoor activities/education manager,2,2022-04-21,2022-08-13,,,2026-07-15 14:36:44,2026-07-15 14:36:44,SYSTEM_SEED,SYSTEM_SEED
ACC-03158,Veeranna Urs,40,36-45,MALE,42963000000035025,Gadag Taluk HQ,Medical illustrator,1,2023-11-02,2023-11-02,,,2026-07-15 14:36:44,2026-07-15 14:36:44,SYSTEM_SEED,SYSTEM_SEED
ACC-03159,Sujathamma Shetty,64,56-65,FEMALE,42963000000035033,Mysuru South,Cartographer,2,2023-06-17,2024-09-10,,,2026-07-15 14:36:44,2026-07-15 14:36:44,SYSTEM_SEED,SYSTEM_SEED
ACC-03160,Rathnamma Poojary,63,56-65,FEMALE,42963000000035034,Raichur West,Management consultant,2,2022-02-03,2023-09-13,,,2026-07-15 14:36:44,2026-07-15 14:36:44,SYSTEM_SEED,SYSTEM_SEED
ACC-03161,Sureshgowda Kulkarni,60,56-65,MALE,42963000000035016,Bengaluru Urban East,"Surveyor, minerals",1,2024-12-23,2024-12-23,,,2026-07-15 14:36:44,2026-07-15 14:36:44,SYSTEM_SEED,SYSTEM_SEED
ACC-03162,Manjunath Kulkarni,18,18-25,MALE,42963000000035014,Belagavi Taluk HQ,Risk analyst,2,2023-09-22,2025-10-03,,,2026-07-15 14:36:44,2026-07-15 14:36:44,SYSTEM_SEED,SYSTEM_SEED
ACC-03163,Pratyush Sule,63,56-65,MALE,42963000000035021,Chitradurga Taluk HQ,Trade union research officer,1,2021-09-27,2021-09-27,,,2026-07-15 14:36:44,2026-07-15 14:36:44,SYSTEM_SEED,SYSTEM_SEED
ACC-03164,Mahadevi Achar,52,46-55,FEMALE,42963000000035019,Chikballapur Rural,Event organiser,1,2023-04-19,2023-04-19,,,2026-07-15 14:36:44,2026-07-15 14:36:44,SYSTEM_SEED,SYSTEM_SEED
ACC-03165,Veeranna Gowda,52,46-55,MALE,42963000000035016,Bengaluru Urban Rural,"Production assistant, radio",1,2025-12-14,2025-12-14,,,2026-07-15 14:36:44,2026-07-15 14:36:44,SYSTEM_SEED,SYSTEM_SEED
ACC-03166,Kariyappa Setty,31,26-35,MALE,42963000000035028,Kalaburagi Rural,Personal assistant,1,2022-05-09,2022-05-09,,,2026-07-15 14:36:44,2026-07-15 14:36:44,SYSTEM_SEED,SYSTEM_SEED
ACC-03167,Dev Yogi,64,56-65,MALE,42963000000035013,Ballari West,Financial risk analyst,1,2024-10-02,2024-10-02,,,2026-07-15 14:36:44,2026-07-15 14:36:44,SYSTEM_SEED,SYSTEM_SEED
ACC-03168,Ekapad Lad,53,46-55,MALE,42963000000035022,Dakshina Kannada Rural,Historic buildings inspector/conservation officer,1,2024-01-20,2024-01-20,,,2026-07-15 14:36:44,2026-07-15 14:36:44,SYSTEM_SEED,SYSTEM_SEED
ACC-03169,Naksh Dalal,62,56-65,MALE,42963000000035033,Mysuru West,Ceramics designer,1,2025-03-04,2025-03-04,,,2026-07-15 14:36:44,2026-07-15 14:36:44,SYSTEM_SEED,SYSTEM_SEED
ACC-03170,Kariyappa Achar,52,46-55,MALE,42963000000035012,Bagalkot Rural,Osteopath,1,2025-01-26,2025-01-26,,,2026-07-15 14:36:44,2026-07-15 14:36:44,SYSTEM_SEED,SYSTEM_SEED
ACC-03171,Zayyan Divan,39,36-45,MALE,42963000000035015,Bengaluru Rural South,Teaching laboratory technician,1,2023-12-11,2023-12-11,,,2026-07-15 14:36:44,2026-07-15 14:36:44,SYSTEM_SEED,SYSTEM_SEED
ACC-03172,Hardik Gole,62,56-65,MALE,42963000000035024,Dharwad North,Professor Emeritus,1,2023-04-30,2023-04-30,,,2026-07-15 14:36:44,2026-07-15 14:36:44,SYSTEM_SEED,SYSTEM_SEED
ACC-03173,Geetika Dara,64,56-65,FEMALE,42963000000035018,Chamarajanagar North,Personal assistant,1,2024-03-21,2024-03-21,,,2026-07-15 14:36:44,2026-07-15 14:36:44,SYSTEM_SEED,SYSTEM_SEED
ACC-03174,Sujathamma Shetty,30,26-35,FEMALE,42963000000035014,Belagavi South,General practice doctor,1,2022-10-24,2022-10-24,,,2026-07-15 14:36:44,2026-07-15 14:36:44,SYSTEM_SEED,SYSTEM_SEED
ACC-03175,Chandresh Date,19,18-25,MALE,42963000000035024,Dharwad Taluk HQ,Analytical chemist,1,2021-04-02,2021-04-02,,,2026-07-15 14:36:44,2026-07-15 14:36:44,SYSTEM_SEED,SYSTEM_SEED
ACC-03176,Advik Ganesan,45,36-45,MALE,42963000000035024,Dharwad West,"Buyer, industrial",1,2023-10-12,2023-10-12,,,2026-07-15 14:36:44,2026-07-15 14:36:44,SYSTEM_SEED,SYSTEM_SEED
ACC-03177,Rishi Sami,53,46-55,MALE,42963000000035024,Dharwad West,Manufacturing systems engineer,1,2023-02-22,2023-02-22,,,2026-07-15 14:36:44,2026-07-15 14:36:44,SYSTEM_SEED,SYSTEM_SEED
ACC-03178,Suhani Khurana,28,26-35,FEMALE,42963000000035013,Ballari Taluk HQ,Hospital doctor,1,2023-06-06,2023-06-06,,,2026-07-15 14:36:44,2026-07-15 14:36:44,SYSTEM_SEED,SYSTEM_SEED
ACC-03179,Parvatamma Kulkarni,56,56-65,FEMALE,42963000000035032,Mandya North,Commissioning editor,2,2021-12-05,2025-03-25,,,2026-07-15 14:36:44,2026-07-15 14:36:44,SYSTEM_SEED,SYSTEM_SEED
ACC-03180,Pahal Chokshi,23,18-25,FEMALE,42963000000035015,Bengaluru Rural North,Armed forces technical officer,1,2025-08-15,2025-08-15,,,2026-07-15 14:36:44,2026-07-15 14:36:44,SYSTEM_SEED,SYSTEM_SEED
ACC-03181,Veeranna Shetty,42,36-45,MALE,42963000000035022,Dakshina Kannada West,"Buyer, retail",1,2022-05-28,2022-05-28,,,2026-07-15 14:36:44,2026-07-15 14:36:44,SYSTEM_SEED,SYSTEM_SEED
ACC-03182,Savitramma Poojary,39,36-45,FEMALE,42963000000035027,Haveri North,Marine scientist,1,2022-11-18,2022-11-18,,,2026-07-15 14:36:44,2026-07-15 14:36:44,SYSTEM_SEED,SYSTEM_SEED
ACC-03183,Tara Sengupta,60,56-65,FEMALE,42963000000035016,Bengaluru Urban East,Press photographer,1,2022-06-11,2022-06-11,,,2026-07-15 14:36:44,2026-07-15 14:36:44,SYSTEM_SEED,SYSTEM_SEED
ACC-03184,Waida Desai,20,18-25,FEMALE,42963000000035020,Chikkamagaluru Rural,"Education officer, museum",1,2021-08-04,2021-08-04,,,2026-07-15 14:36:44,2026-07-15 14:36:44,SYSTEM_SEED,SYSTEM_SEED
ACC-03185,Puttaswamy Poojary,61,56-65,MALE,42963000000035042,Vijayanagara West,Theme park manager,2,2022-06-14,2025-04-21,,,2026-07-15 14:36:44,2026-07-15 14:36:44,SYSTEM_SEED,SYSTEM_SEED
ACC-03186,Faqid Amble,48,46-55,MALE,42963000000035031,Koppal South,"Therapist, horticultural",1,2023-05-01,2023-05-01,,,2026-07-15 14:36:44,2026-07-15 14:36:44,SYSTEM_SEED,SYSTEM_SEED
ACC-03187,Chandrashekar Kulkarni,41,36-45,MALE,42963000000035033,Mysuru West,"Therapist, horticultural",1,2025-04-15,2025-04-15,,,2026-07-15 14:36:44,2026-07-15 14:36:44,SYSTEM_SEED,SYSTEM_SEED
ACC-03188,Utkarsh Raghavan,61,56-65,MALE,42963000000035038,Udupi Rural,IT sales professional,1,2021-09-10,2021-09-10,,,2026-07-15 14:36:44,2026-07-15 14:36:44,SYSTEM_SEED,SYSTEM_SEED
ACC-03189,Gaurang Trivedi,30,26-35,MALE,42963000000035014,Belagavi South,Theatre stage manager,1,2022-08-21,2022-08-21,,,2026-07-15 14:36:44,2026-07-15 14:36:44,SYSTEM_SEED,SYSTEM_SEED
ACC-03190,Chanakya Kata,42,36-45,MALE,42963000000035033,Mysuru West,Human resources officer,2,2024-03-10,2024-08-08,,,2026-07-15 14:36:44,2026-07-15 14:36:44,SYSTEM_SEED,SYSTEM_SEED
ACC-03191,Onkar Bava,39,36-45,MALE,42963000000035033,Mysuru East,"Surveyor, rural practice",1,2025-02-19,2025-02-19,,,2026-07-15 14:36:44,2026-07-15 14:36:44,SYSTEM_SEED,SYSTEM_SEED
ACC-03192,Mekhala Naidu,49,46-55,FEMALE,42963000000035035,Ramanagara North,Music tutor,1,2021-12-03,2021-12-03,,,2026-07-15 14:36:44,2026-07-15 14:36:44,SYSTEM_SEED,SYSTEM_SEED
ACC-03193,Yashodamma Reddy,44,36-45,FEMALE,42963000000035016,Bengaluru Urban Taluk HQ,"Investment banker, operational",1,2025-12-24,2025-12-24,,,2026-07-15 14:36:44,2026-07-15 14:36:44,SYSTEM_SEED,SYSTEM_SEED
ACC-03194,Savitramma Hegde,41,36-45,FEMALE,42963000000035018,Chamarajanagar Rural,"Editor, magazine features",1,2021-09-05,2021-09-05,,,2026-07-15 14:36:44,2026-07-15 14:36:44,SYSTEM_SEED,SYSTEM_SEED
ACC-03195,Sureshgowda Kulkarni,52,46-55,MALE,42963000000035020,Chikkamagaluru West,Customer service manager,1,2021-09-26,2021-09-26,,,2026-07-15 14:36:44,2026-07-15 14:36:44,SYSTEM_SEED,SYSTEM_SEED
ACC-03196,Henry Sani,46,46-55,MALE,42963000000035012,Bagalkot West,"Scientist, physiological",2,2022-11-02,2023-03-19,,,2026-07-15 14:36:44,2026-07-15 14:36:44,SYSTEM_SEED,SYSTEM_SEED
ACC-03197,Nirja Chaudhary,43,36-45,FEMALE,42963000000035013,Ballari Taluk HQ,"Loss adjuster, chartered",2,2021-04-24,2024-07-17,,,2026-07-15 14:36:44,2026-07-15 14:36:44,SYSTEM_SEED,SYSTEM_SEED
ACC-03198,Manjunath Reddy,43,36-45,MALE,42963000000035018,Chamarajanagar Taluk HQ,Higher education careers adviser,1,2022-10-02,2022-10-02,,,2026-07-15 14:36:44,2026-07-15 14:36:44,SYSTEM_SEED,SYSTEM_SEED
ACC-03199,Dhriti Mani,41,36-45,FEMALE,42963000000035013,Ballari Rural,Graphic designer,1,2025-01-19,2025-01-19,,,2026-07-15 14:36:44,2026-07-15 14:36:44,SYSTEM_SEED,SYSTEM_SEED
ACC-03200,Urvashi Kapur,23,18-25,FEMALE,42963000000035030,Kolar Taluk HQ,"Doctor, general practice",1,2021-11-08,2021-11-08,,,2026-07-15 14:36:44,2026-07-15 14:36:44,SYSTEM_SEED,SYSTEM_SEED
ACC-03201,Lokesh Achar,57,56-65,MALE,42963000000035026,Hassan Taluk HQ,Homeopath,1,2023-08-18,2023-08-18,,,2026-07-15 14:36:44,2026-07-15 14:36:44,SYSTEM_SEED,SYSTEM_SEED
ACC-03202,Manjunath Nayak,55,46-55,MALE,42963000000035016,Bengaluru Urban Taluk HQ,Futures trader,1,2025-09-02,2025-09-02,,,2026-07-15 14:36:44,2026-07-15 14:36:44,SYSTEM_SEED,SYSTEM_SEED
ACC-03203,Nagaraj Rai,27,26-35,MALE,42963000000035022,Dakshina Kannada North,Trading standards officer,1,2024-11-08,2024-11-08,,,2026-07-15 14:36:44,2026-07-15 14:36:44,SYSTEM_SEED,SYSTEM_SEED
ACC-03204,Jack Mallick,62,56-65,MALE,42963000000035017,Bidar South,Counsellor,1,2023-04-13,2023-04-13,,,2026-07-15 14:36:44,2026-07-15 14:36:44,SYSTEM_SEED,SYSTEM_SEED
ACC-03205,Ishanvi Trivedi,54,46-55,FEMALE,42963000000035024,Dharwad North,Dispensing optician,1,2021-04-15,2021-04-15,,,2026-07-15 14:36:44,2026-07-15 14:36:44,SYSTEM_SEED,SYSTEM_SEED
ACC-03206,Anmol Zacharia,25,18-25,MALE,42963000000035027,Haveri East,Soil scientist,1,2022-04-10,2022-04-10,,,2026-07-15 14:36:44,2026-07-15 14:36:44,SYSTEM_SEED,SYSTEM_SEED
ACC-03207,Aarini Suresh,20,18-25,FEMALE,42963000000035014,Belagavi East,Agricultural engineer,1,2025-03-12,2025-03-12,,,2026-07-15 14:36:44,2026-07-15 14:36:44,SYSTEM_SEED,SYSTEM_SEED
ACC-03208,Harsh Manda,20,18-25,MALE,42963000000035016,Bengaluru Urban South,"Teacher, English as a foreign language",2,2023-06-09,2023-09-20,,,2026-07-15 14:36:44,2026-07-15 14:36:44,SYSTEM_SEED,SYSTEM_SEED
ACC-03209,Vamakshi Verma,49,46-55,FEMALE,42963000000035040,Vijayapura South,Computer games developer,1,2021-04-02,2021-04-02,,,2026-07-15 14:36:44,2026-07-15 14:36:44,SYSTEM_SEED,SYSTEM_SEED
ACC-03210,Neelima Choudhary,35,26-35,FEMALE,42963000000035042,Vijayanagara North,Communications engineer,1,2023-03-05,2023-03-05,,,2026-07-15 14:36:44,2026-07-15 14:36:44,SYSTEM_SEED,SYSTEM_SEED
ACC-03211,Tarak Tak,20,18-25,MALE,42963000000035021,Chitradurga West,General practice doctor,1,2025-02-12,2025-02-12,,,2026-07-15 14:36:44,2026-07-15 14:36:44,SYSTEM_SEED,SYSTEM_SEED
ACC-03212,Ekapad Mallick,36,36-45,MALE,42963000000035032,Mandya North,Commercial horticulturist,2,2022-04-04,2022-04-13,,,2026-07-15 14:36:44,2026-07-15 14:36:44,SYSTEM_SEED,SYSTEM_SEED
ACC-03213,Balveer Kapadia,50,46-55,MALE,42963000000035015,Bengaluru Rural Rural,Cabin crew,2,2023-06-25,2025-08-28,,,2026-07-15 14:36:44,2026-07-15 14:36:44,SYSTEM_SEED,SYSTEM_SEED
ACC-03214,Gaurangi Tripathi,53,46-55,FEMALE,42963000000035016,Bengaluru Urban East,Legal executive,1,2021-10-14,2021-10-14,,,2026-07-15 14:36:44,2026-07-15 14:36:44,SYSTEM_SEED,SYSTEM_SEED
ACC-03215,Utkarsh Varghese,40,36-45,MALE,42963000000035029,Kodagu South,"Buyer, retail",1,2025-07-22,2025-07-22,,,2026-07-15 14:36:44,2026-07-15 14:36:44,SYSTEM_SEED,SYSTEM_SEED
ACC-03216,Ravindranath Naik,36,36-45,MALE,42963000000035033,Mysuru North,International aid/development worker,1,2024-04-15,2024-04-15,,,2026-07-15 14:36:44,2026-07-15 14:36:44,SYSTEM_SEED,SYSTEM_SEED
ACC-03217,Harish Devadiga,56,56-65,MALE,42963000000035034,Raichur West,Arboriculturist,2,2023-09-18,2024-12-06,,,2026-07-15 14:36:44,2026-07-15 14:36:44,SYSTEM_SEED,SYSTEM_SEED
ACC-03218,Daksha Verma,49,46-55,FEMALE,42963000000035014,Belagavi East,"Investment banker, corporate",1,2025-11-25,2025-11-25,,,2026-07-15 14:36:44,2026-07-15 14:36:44,SYSTEM_SEED,SYSTEM_SEED
ACC-03219,Andrew Anand,18,18-25,MALE,42963000000035018,Chamarajanagar Taluk HQ,Financial trader,1,2024-08-25,2024-08-25,,,2026-07-15 14:36:44,2026-07-15 14:36:44,SYSTEM_SEED,SYSTEM_SEED
ACC-03220,Shivakumar Gowda,44,36-45,MALE,42963000000035036,Shivamogga East,"Copywriter, advertising",1,2023-02-05,2023-02-05,,,2026-07-15 14:36:44,2026-07-15 14:36:44,SYSTEM_SEED,SYSTEM_SEED
ACC-03221,Imaran Hayre,18,18-25,MALE,42963000000035020,Chikkamagaluru North,Geochemist,2,2024-09-22,2025-11-18,,,2026-07-15 14:36:44,2026-07-15 14:36:44,SYSTEM_SEED,SYSTEM_SEED
ACC-03222,Faqid Sundaram,44,36-45,MALE,42963000000035039,Uttara Kannada North,"Embryologist, clinical",1,2021-03-06,2021-03-06,,,2026-07-15 14:36:44,2026-07-15 14:36:44,SYSTEM_SEED,SYSTEM_SEED
ACC-03223,Lohit Deep,30,26-35,MALE,42963000000035022,Dakshina Kannada South,"Engineer, civil (contracting)",1,2024-12-08,2024-12-08,,,2026-07-15 14:36:44,2026-07-15 14:36:44,SYSTEM_SEED,SYSTEM_SEED
ACC-03224,Lakshmamma Nayak,50,46-55,FEMALE,42963000000035022,Dakshina Kannada Taluk HQ,Chartered management accountant,1,2023-01-25,2023-01-25,,,2026-07-15 14:36:44,2026-07-15 14:36:44,SYSTEM_SEED,SYSTEM_SEED
ACC-03225,Aarav Saraf,22,18-25,MALE,42963000000035024,Dharwad Rural,Broadcast engineer,1,2023-04-09,2023-04-09,,,2026-07-15 14:36:44,2026-07-15 14:36:44,SYSTEM_SEED,SYSTEM_SEED
ACC-03226,Hemang Gokhale,23,18-25,MALE,42963000000035023,Davanagere South,Arboriculturist,1,2021-09-15,2021-09-15,,,2026-07-15 14:36:44,2026-07-15 14:36:44,SYSTEM_SEED,SYSTEM_SEED
ACC-03227,Karan Rai,45,36-45,MALE,42963000000035014,Belagavi West,Television production assistant,1,2023-06-30,2023-06-30,,,2026-07-15 14:36:44,2026-07-15 14:36:44,SYSTEM_SEED,SYSTEM_SEED
ACC-03228,Prakash Hegde,21,18-25,MALE,42963000000035022,Dakshina Kannada North,Farm manager,1,2025-09-01,2025-09-01,,,2026-07-15 14:36:44,2026-07-15 14:36:44,SYSTEM_SEED,SYSTEM_SEED
ACC-03229,Yallappa Shetty,33,26-35,MALE,42963000000035028,Kalaburagi Taluk HQ,Magazine journalist,1,2024-08-30,2024-08-30,,,2026-07-15 14:36:44,2026-07-15 14:36:44,SYSTEM_SEED,SYSTEM_SEED
ACC-03230,Raghavendra Poojary,63,56-65,MALE,42963000000035022,Dakshina Kannada Taluk HQ,Radio broadcast assistant,1,2021-06-18,2021-06-18,,,2026-07-15 14:36:44,2026-07-15 14:36:44,SYSTEM_SEED,SYSTEM_SEED
ACC-03231,Mason Kata,61,56-65,MALE,42963000000035035,Ramanagara East,"Horticulturist, commercial",1,2023-02-07,2023-02-07,,,2026-07-15 14:36:44,2026-07-15 14:36:44,SYSTEM_SEED,SYSTEM_SEED
ACC-03232,Wishi Ramanathan,55,46-55,FEMALE,42963000000035014,Belagavi Taluk HQ,"Therapist, sports",2,2022-08-04,2025-08-12,,,2026-07-15 14:36:44,2026-07-15 14:36:44,SYSTEM_SEED,SYSTEM_SEED
ACC-03233,Thimmaiah Nayak,54,46-55,MALE,42963000000035040,Vijayapura West,Marketing executive,1,2021-05-09,2021-05-09,,,2026-07-15 14:36:44,2026-07-15 14:36:44,SYSTEM_SEED,SYSTEM_SEED
ACC-03234,Manbir Char,52,46-55,MALE,42963000000035022,Dakshina Kannada South,English as a foreign language teacher,1,2024-03-12,2024-03-12,,,2026-07-15 14:36:44,2026-07-15 14:36:44,SYSTEM_SEED,SYSTEM_SEED
ACC-03235,Puttaswamy Reddy,63,56-65,MALE,42963000000035022,Dakshina Kannada Taluk HQ,"Clinical scientist, histocompatibility and immunogenetics",1,2025-04-08,2025-04-08,,,2026-07-15 14:36:44,2026-07-15 14:36:44,SYSTEM_SEED,SYSTEM_SEED
ACC-03236,Ubika Sekhon,53,46-55,FEMALE,42963000000035018,Chamarajanagar Rural,"Journalist, magazine",1,2022-07-31,2022-07-31,,,2026-07-15 14:36:44,2026-07-15 14:36:44,SYSTEM_SEED,SYSTEM_SEED
ACC-03237,Simon D’Alia,56,56-65,MALE,42963000000035024,Dharwad West,"Editor, commissioning",1,2025-07-24,2025-07-24,,,2026-07-15 14:36:44,2026-07-15 14:36:44,SYSTEM_SEED,SYSTEM_SEED
ACC-03238,Odika Comar,47,46-55,FEMALE,42963000000035022,Dakshina Kannada South,"Loss adjuster, chartered",1,2025-08-31,2025-08-31,,,2026-07-15 14:36:44,2026-07-15 14:36:44,SYSTEM_SEED,SYSTEM_SEED
ACC-03239,Devansh Sule,61,56-65,MALE,42963000000035024,Dharwad North,Records manager,1,2023-08-28,2023-08-28,,,2026-07-15 14:36:44,2026-07-15 14:36:44,SYSTEM_SEED,SYSTEM_SEED
ACC-03240,Kamya Balakrishnan,65,56-65,FEMALE,42963000000035032,Mandya Rural,Horticultural therapist,1,2021-09-23,2021-09-23,,,2026-07-15 14:36:44,2026-07-15 14:36:44,SYSTEM_SEED,SYSTEM_SEED
ACC-03241,Basavaraj Setty,23,18-25,MALE,42963000000035026,Hassan Rural,"Geologist, wellsite",1,2024-04-03,2024-04-03,,,2026-07-15 14:36:44,2026-07-15 14:36:44,SYSTEM_SEED,SYSTEM_SEED
ACC-03242,Channabasappa Rai,24,18-25,MALE,42963000000035027,Haveri East,"Runner, broadcasting/film/video",1,2025-10-25,2025-10-25,,,2026-07-15 14:36:44,2026-07-15 14:36:44,SYSTEM_SEED,SYSTEM_SEED
ACC-03243,Jagadish Urs,49,46-55,MALE,42963000000035018,Chamarajanagar Rural,"Engineer, structural",1,2021-01-18,2021-01-18,,,2026-07-15 14:36:44,2026-07-15 14:36:44,SYSTEM_SEED,SYSTEM_SEED
ACC-03244,Jayamma Poojary,56,56-65,FEMALE,42963000000035032,Mandya West,Osteopath,1,2025-10-08,2025-10-08,,,2026-07-15 14:36:44,2026-07-15 14:36:44,SYSTEM_SEED,SYSTEM_SEED
ACC-03245,Vasanthamma Naik,43,36-45,FEMALE,42963000000035020,Chikkamagaluru South,"Biochemist, clinical",1,2023-02-24,2023-02-24,,,2026-07-15 14:36:44,2026-07-15 14:36:44,SYSTEM_SEED,SYSTEM_SEED
ACC-03246,Leena Nadkarni,33,26-35,FEMALE,42963000000035033,Mysuru East,Paramedic,1,2022-02-27,2022-02-27,,,2026-07-15 14:36:44,2026-07-15 14:36:44,SYSTEM_SEED,SYSTEM_SEED
ACC-03247,Timothy Sandal,42,36-45,MALE,42963000000035029,Kodagu North,Oceanographer,1,2023-12-13,2023-12-13,,,2026-07-15 14:36:44,2026-07-15 14:36:44,SYSTEM_SEED,SYSTEM_SEED
ACC-03248,Avi Loyal,34,26-35,MALE,42963000000035016,Bengaluru Urban North,"Radiographer, diagnostic",1,2023-03-23,2023-03-23,,,2026-07-15 14:36:44,2026-07-15 14:36:44,SYSTEM_SEED,SYSTEM_SEED
ACC-03249,Vasanthamma Kulkarni,57,56-65,FEMALE,42963000000035040,Vijayapura South,English as a foreign language teacher,2,2021-02-04,2022-10-14,,,2026-07-15 14:36:44,2026-07-15 14:36:44,SYSTEM_SEED,SYSTEM_SEED
ACC-03250,Kariyappa Gowda,59,56-65,MALE,42963000000035016,Bengaluru Urban West,"Librarian, academic",1,2023-03-17,2023-03-17,,,2026-07-15 14:36:44,2026-07-15 14:36:44,SYSTEM_SEED,SYSTEM_SEED
ACC-03251,Nikita Sem,24,18-25,FEMALE,42963000000035018,Chamarajanagar Taluk HQ,Outdoor activities/education manager,2,2021-11-09,2022-10-18,,,2026-07-15 14:36:44,2026-07-15 14:36:44,SYSTEM_SEED,SYSTEM_SEED
ACC-03252,Kaveri Bhat,45,36-45,FEMALE,42963000000035029,Kodagu South,Environmental consultant,1,2021-06-23,2021-06-23,,,2026-07-15 14:36:44,2026-07-15 14:36:44,SYSTEM_SEED,SYSTEM_SEED
ACC-03253,Harshil Choudhary,36,36-45,MALE,42963000000035016,Bengaluru Urban East,Visual merchandiser,1,2021-06-22,2021-06-22,,,2026-07-15 14:36:44,2026-07-15 14:36:44,SYSTEM_SEED,SYSTEM_SEED
ACC-03254,Dhruv Zacharia,60,56-65,MALE,42963000000035014,Belagavi North,Advertising account planner,1,2025-04-28,2025-04-28,,,2026-07-15 14:36:44,2026-07-15 14:36:44,SYSTEM_SEED,SYSTEM_SEED
ACC-03255,Ranveer Chana,56,56-65,MALE,42963000000035012,Bagalkot South,"Lecturer, further education",1,2021-08-01,2021-08-01,,,2026-07-15 14:36:44,2026-07-15 14:36:44,SYSTEM_SEED,SYSTEM_SEED
ACC-03256,Nagaveni Urs,38,36-45,FEMALE,42963000000035037,Tumakuru South,Manufacturing engineer,1,2025-11-28,2025-11-28,,,2026-07-15 14:36:44,2026-07-15 14:36:44,SYSTEM_SEED,SYSTEM_SEED
ACC-03257,Siddalingaiah Rai,26,26-35,MALE,42963000000035038,Udupi East,Surgeon,2,2022-09-04,2023-11-19,,,2026-07-15 14:36:44,2026-07-15 14:36:44,SYSTEM_SEED,SYSTEM_SEED
ACC-03258,Aryan Venkataraman,54,46-55,MALE,42963000000035032,Mandya North,"Engineer, materials",1,2022-10-07,2022-10-07,,,2026-07-15 14:36:44,2026-07-15 14:36:44,SYSTEM_SEED,SYSTEM_SEED
ACC-03259,Basavaraj Urs,53,46-55,MALE,42963000000035041,Yadgir East,Medical illustrator,1,2023-07-29,2023-07-29,,,2026-07-15 14:36:44,2026-07-15 14:36:44,SYSTEM_SEED,SYSTEM_SEED
ACC-03260,Jagadish Naik,36,36-45,MALE,42963000000035042,Vijayanagara East,Social worker,2,2023-06-09,2024-07-29,,,2026-07-15 14:36:44,2026-07-15 14:36:44,SYSTEM_SEED,SYSTEM_SEED
ACC-03261,Jayamma Devadiga,58,56-65,FEMALE,42963000000035033,Mysuru East,"Engineer, civil (contracting)",1,2021-03-10,2021-03-10,,,2026-07-15 14:36:44,2026-07-15 14:36:44,SYSTEM_SEED,SYSTEM_SEED
ACC-03262,Chandrakala Reddy,47,46-55,FEMALE,42963000000035024,Dharwad Rural,"Designer, graphic",1,2025-11-09,2025-11-09,,,2026-07-15 14:36:44,2026-07-15 14:36:44,SYSTEM_SEED,SYSTEM_SEED
ACC-03263,Ravindranath Reddy,50,46-55,MALE,42963000000035032,Mandya South,Social worker,2,2022-09-05,2024-04-23,,,2026-07-15 14:36:44,2026-07-15 14:36:44,SYSTEM_SEED,SYSTEM_SEED
ACC-03264,Ishwar Mannan,64,56-65,MALE,42963000000035024,Dharwad East,"Designer, television/film set",1,2021-04-23,2021-04-23,,,2026-07-15 14:36:44,2026-07-15 14:36:44,SYSTEM_SEED,SYSTEM_SEED
ACC-03265,Manjunath Reddy,18,18-25,MALE,42963000000035017,Bidar Taluk HQ,Midwife,1,2021-01-16,2021-01-16,,,2026-07-15 14:36:44,2026-07-15 14:36:44,SYSTEM_SEED,SYSTEM_SEED
ACC-03266,Thimmaiah Setty,39,36-45,MALE,42963000000035029,Kodagu South,Learning disability nurse,1,2025-09-17,2025-09-17,,,2026-07-15 14:36:44,2026-07-15 14:36:44,SYSTEM_SEED,SYSTEM_SEED
ACC-03267,Bhagyalakshmi Nayak,26,26-35,FEMALE,42963000000035030,Kolar East,Patent attorney,1,2025-04-10,2025-04-10,,,2026-07-15 14:36:44,2026-07-15 14:36:44,SYSTEM_SEED,SYSTEM_SEED
ACC-03268,Sureshgowda Shetty,63,56-65,MALE,42963000000035020,Chikkamagaluru Taluk HQ,"Engineer, structural",1,2023-12-25,2023-12-25,,,2026-07-15 14:36:44,2026-07-15 14:36:44,SYSTEM_SEED,SYSTEM_SEED
ACC-03269,Abha Banik,61,56-65,FEMALE,42963000000035030,Kolar South,Advertising account planner,1,2023-06-12,2023-06-12,,,2026-07-15 14:36:44,2026-07-15 14:36:44,SYSTEM_SEED,SYSTEM_SEED
ACC-03270,Zashil Rao,50,46-55,MALE,42963000000035016,Bengaluru Urban North,Radio producer,1,2022-01-31,2022-01-31,,,2026-07-15 14:36:44,2026-07-15 14:36:44,SYSTEM_SEED,SYSTEM_SEED
ACC-03271,Shivakumar Kulkarni,41,36-45,MALE,42963000000035027,Haveri North,Archivist,1,2025-11-15,2025-11-15,,,2026-07-15 14:36:44,2026-07-15 14:36:44,SYSTEM_SEED,SYSTEM_SEED
ACC-03272,Savitramma Poojary,18,18-25,FEMALE,42963000000035036,Shivamogga West,"Designer, graphic",1,2024-01-15,2024-01-15,,,2026-07-15 14:36:44,2026-07-15 14:36:44,SYSTEM_SEED,SYSTEM_SEED
ACC-03273,Matthew Bajwa,60,56-65,MALE,42963000000035042,Vijayanagara East,Event organiser,1,2021-08-04,2021-08-04,,,2026-07-15 14:36:44,2026-07-15 14:36:44,SYSTEM_SEED,SYSTEM_SEED
ACC-03274,Anika Magar,34,26-35,FEMALE,42963000000035040,Vijayapura South,Community pharmacist,1,2023-06-12,2023-06-12,,,2026-07-15 14:36:44,2026-07-15 14:36:44,SYSTEM_SEED,SYSTEM_SEED
ACC-03275,Sureshgowda Nayak,54,46-55,MALE,42963000000035024,Dharwad West,Multimedia programmer,1,2023-10-01,2023-10-01,,,2026-07-15 14:36:44,2026-07-15 14:36:44,SYSTEM_SEED,SYSTEM_SEED
ACC-03276,Dominic Madan,31,26-35,MALE,42963000000035015,Bengaluru Rural West,Chartered accountant,1,2024-02-20,2024-02-20,,,2026-07-15 14:36:44,2026-07-15 14:36:44,SYSTEM_SEED,SYSTEM_SEED
ACC-03277,Balhaar Thaman,62,56-65,MALE,42963000000035033,Mysuru Rural,Pathologist,1,2024-09-12,2024-09-12,,,2026-07-15 14:36:44,2026-07-15 14:36:44,SYSTEM_SEED,SYSTEM_SEED
ACC-03278,Advika Doshi,54,46-55,FEMALE,42963000000035036,Shivamogga West,Chief of Staff,2,2024-02-12,2024-11-13,,,2026-07-15 14:36:44,2026-07-15 14:36:44,SYSTEM_SEED,SYSTEM_SEED
ACC-03279,Gunbir Muni,22,18-25,MALE,42963000000035018,Chamarajanagar West,Jewellery designer,1,2021-10-04,2021-10-04,,,2026-07-15 14:36:44,2026-07-15 14:36:44,SYSTEM_SEED,SYSTEM_SEED
ACC-03280,Yashvi Bajaj,45,36-45,FEMALE,42963000000035013,Ballari South,Immigration officer,1,2022-11-18,2022-11-18,,,2026-07-15 14:36:44,2026-07-15 14:36:44,SYSTEM_SEED,SYSTEM_SEED
ACC-03281,Lakshmamma Naik,38,36-45,FEMALE,42963000000035012,Bagalkot East,Graphic designer,1,2024-04-07,2024-04-07,,,2026-07-15 14:36:44,2026-07-15 14:36:44,SYSTEM_SEED,SYSTEM_SEED
ACC-03282,Mahadevi Achar,45,36-45,FEMALE,42963000000035020,Chikkamagaluru South,Proofreader,1,2023-02-26,2023-02-26,,,2026-07-15 14:36:44,2026-07-15 14:36:44,SYSTEM_SEED,SYSTEM_SEED
ACC-03283,Veeranna Achar,42,36-45,MALE,42963000000035015,Bengaluru Rural Rural,"Engineer, electrical",1,2024-11-09,2024-11-09,,,2026-07-15 14:36:44,2026-07-15 14:36:44,SYSTEM_SEED,SYSTEM_SEED
ACC-03284,Gangamma Rai,52,46-55,FEMALE,42963000000035035,Ramanagara West,Chiropodist,1,2023-05-04,2023-05-04,,,2026-07-15 14:36:44,2026-07-15 14:36:44,SYSTEM_SEED,SYSTEM_SEED
ACC-03285,Nagaraj Gowda,36,36-45,MALE,42963000000035027,Haveri Taluk HQ,"Geneticist, molecular",1,2022-08-12,2022-08-12,,,2026-07-15 14:36:44,2026-07-15 14:36:44,SYSTEM_SEED,SYSTEM_SEED
ACC-03286,Riya Manne,62,56-65,FEMALE,42963000000035014,Belagavi East,"Pilot, airline",1,2021-05-15,2021-05-15,,,2026-07-15 14:36:44,2026-07-15 14:36:44,SYSTEM_SEED,SYSTEM_SEED
ACC-03287,Indrajit Ray,65,56-65,MALE,42963000000035032,Mandya North,"Surveyor, mining",1,2022-11-02,2022-11-02,,,2026-07-15 14:36:44,2026-07-15 14:36:44,SYSTEM_SEED,SYSTEM_SEED
ACC-03288,Wyatt Mane,26,26-35,MALE,42963000000035039,Uttara Kannada West,"Social research officer, government",1,2023-05-01,2023-05-01,,,2026-07-15 14:36:44,2026-07-15 14:36:44,SYSTEM_SEED,SYSTEM_SEED
ACC-03289,Rayaan Badal,63,56-65,MALE,42963000000035039,Uttara Kannada South,Research scientist (maths),1,2024-10-30,2024-10-30,,,2026-07-15 14:36:44,2026-07-15 14:36:44,SYSTEM_SEED,SYSTEM_SEED
ACC-03290,Quincy Chokshi,29,26-35,MALE,42963000000035035,Ramanagara North,Production manager,1,2024-10-12,2024-10-12,,,2026-07-15 14:36:44,2026-07-15 14:36:44,SYSTEM_SEED,SYSTEM_SEED
ACC-03291,Advik Ranganathan,39,36-45,MALE,42963000000035022,Dakshina Kannada West,Exhibition designer,1,2022-12-25,2022-12-25,,,2026-07-15 14:36:44,2026-07-15 14:36:44,SYSTEM_SEED,SYSTEM_SEED
ACC-03292,Qasim Sood,62,56-65,MALE,42963000000035024,Dharwad West,"Surveyor, quantity",1,2024-03-01,2024-03-01,,,2026-07-15 14:36:44,2026-07-15 14:36:44,SYSTEM_SEED,SYSTEM_SEED
ACC-03293,Nimrat Natarajan,51,46-55,FEMALE,42963000000035016,Bengaluru Urban North,Cytogeneticist,1,2023-09-13,2023-09-13,,,2026-07-15 14:36:44,2026-07-15 14:36:44,SYSTEM_SEED,SYSTEM_SEED
ACC-03294,Charvi Gara,46,46-55,FEMALE,42963000000035025,Gadag East,"Engineer, maintenance (IT)",1,2021-05-22,2021-05-22,,,2026-07-15 14:36:44,2026-07-15 14:36:44,SYSTEM_SEED,SYSTEM_SEED
ACC-03295,Jeet Chacko,21,18-25,MALE,42963000000035021,Chitradurga South,Counsellor,1,2021-10-12,2021-10-12,,,2026-07-15 14:36:44,2026-07-15 14:36:44,SYSTEM_SEED,SYSTEM_SEED
ACC-03296,Gopalakrishna Urs,22,18-25,MALE,42963000000035022,Dakshina Kannada North,Operational researcher,1,2025-11-12,2025-11-12,,,2026-07-15 14:36:44,2026-07-15 14:36:44,SYSTEM_SEED,SYSTEM_SEED
ACC-03297,Yutika Kaul,62,56-65,FEMALE,42963000000035033,Mysuru South,Barrister's clerk,1,2024-11-03,2024-11-03,,,2026-07-15 14:36:44,2026-07-15 14:36:44,SYSTEM_SEED,SYSTEM_SEED
ACC-03298,Lajita Sabharwal,43,36-45,FEMALE,42963000000035020,Chikkamagaluru West,Insurance risk surveyor,1,2025-03-04,2025-03-04,,,2026-07-15 14:36:44,2026-07-15 14:36:44,SYSTEM_SEED,SYSTEM_SEED
ACC-03299,Faqid Bansal,56,56-65,MALE,42963000000035026,Hassan South,IT technical support officer,1,2024-09-15,2024-09-15,,,2026-07-15 14:36:44,2026-07-15 14:36:44,SYSTEM_SEED,SYSTEM_SEED
ACC-03300,Aarnav Loyal,43,36-45,MALE,42963000000035012,Bagalkot West,"Engineer, manufacturing systems",1,2025-04-28,2025-04-28,,,2026-07-15 14:36:44,2026-07-15 14:36:44,SYSTEM_SEED,SYSTEM_SEED
ACC-03301,Zaid Munshi,45,36-45,MALE,42963000000035032,Mandya West,Fashion designer,2,2024-04-07,2025-05-19,,,2026-07-15 14:36:44,2026-07-15 14:36:44,SYSTEM_SEED,SYSTEM_SEED
ACC-03302,Vihaan Subramanian,42,36-45,MALE,42963000000035017,Bidar North,"Scientist, audiological",1,2022-04-05,2022-04-05,,,2026-07-15 14:36:44,2026-07-15 14:36:44,SYSTEM_SEED,SYSTEM_SEED
ACC-03303,Charles Sandal,18,18-25,MALE,42963000000035037,Tumakuru East,Careers adviser,2,2023-01-23,2024-03-15,,,2026-07-15 14:36:44,2026-07-15 14:36:44,SYSTEM_SEED,SYSTEM_SEED
ACC-03304,Eesha Arya,27,26-35,FEMALE,42963000000035017,Bidar Taluk HQ,"Designer, television/film set",1,2024-04-07,2024-04-07,,,2026-07-15 14:36:44,2026-07-15 14:36:44,SYSTEM_SEED,SYSTEM_SEED
ACC-03305,Geetika Hora,52,46-55,FEMALE,42963000000035014,Belagavi East,Primary school teacher,1,2025-03-06,2025-03-06,,,2026-07-15 14:36:44,2026-07-15 14:36:44,SYSTEM_SEED,SYSTEM_SEED
ACC-03306,Harish Reddy,23,18-25,MALE,42963000000035022,Dakshina Kannada South,Clothing/textile technologist,1,2023-08-24,2023-08-24,,,2026-07-15 14:36:44,2026-07-15 14:36:44,SYSTEM_SEED,SYSTEM_SEED
ACC-03307,Simon Tandon,40,36-45,MALE,42963000000035038,Udupi Rural,"Doctor, hospital",1,2024-02-23,2024-02-23,,,2026-07-15 14:36:44,2026-07-15 14:36:44,SYSTEM_SEED,SYSTEM_SEED
ACC-03308,Sureshgowda Nayak,50,46-55,MALE,42963000000035022,Dakshina Kannada West,"Scientist, water quality",1,2023-04-28,2023-04-28,,,2026-07-15 14:36:44,2026-07-15 14:36:44,SYSTEM_SEED,SYSTEM_SEED
ACC-03309,Ekiya Sahota,43,36-45,FEMALE,42963000000035021,Chitradurga South,Oceanographer,1,2025-07-06,2025-07-06,,,2026-07-15 14:36:44,2026-07-15 14:36:44,SYSTEM_SEED,SYSTEM_SEED
ACC-03310,Manbir Dalal,49,46-55,MALE,42963000000035022,Dakshina Kannada North,"Presenter, broadcasting",2,2023-07-09,2024-09-04,,,2026-07-15 14:36:44,2026-07-15 14:36:44,SYSTEM_SEED,SYSTEM_SEED
ACC-03311,Akkamahadevi Gowda,34,26-35,FEMALE,42963000000035024,Dharwad East,Hospital pharmacist,1,2023-04-09,2023-04-09,,,2026-07-15 14:36:44,2026-07-15 14:36:44,SYSTEM_SEED,SYSTEM_SEED
ACC-03312,Neel Prabhu,51,46-55,MALE,42963000000035024,Dharwad East,"Surveyor, rural practice",1,2023-11-27,2023-11-27,,,2026-07-15 14:36:44,2026-07-15 14:36:44,SYSTEM_SEED,SYSTEM_SEED
ACC-03313,Chandrashekar Rai,51,46-55,MALE,42963000000035037,Tumakuru Taluk HQ,Diagnostic radiographer,2,2021-03-02,2023-07-13,,,2026-07-15 14:36:44,2026-07-15 14:36:44,SYSTEM_SEED,SYSTEM_SEED
ACC-03314,Gangamma Naik,44,36-45,FEMALE,42963000000035022,Dakshina Kannada North,Counsellor,1,2024-11-14,2024-11-14,,,2026-07-15 14:36:44,2026-07-15 14:36:44,SYSTEM_SEED,SYSTEM_SEED
ACC-03315,Thimmaiah Achar,34,26-35,MALE,42963000000035037,Tumakuru West,Horticultural therapist,1,2024-05-22,2024-05-22,,,2026-07-15 14:36:44,2026-07-15 14:36:44,SYSTEM_SEED,SYSTEM_SEED
ACC-03316,Lakshmamma Poojary,48,46-55,FEMALE,42963000000035040,Vijayapura West,"Scientist, research (medical)",1,2024-06-14,2024-06-14,,,2026-07-15 14:36:44,2026-07-15 14:36:44,SYSTEM_SEED,SYSTEM_SEED
ACC-03317,Ria Venkataraman,44,36-45,FEMALE,42963000000035039,Uttara Kannada Taluk HQ,Trade union research officer,1,2022-05-28,2022-05-28,,,2026-07-15 14:36:44,2026-07-15 14:36:44,SYSTEM_SEED,SYSTEM_SEED
ACC-03318,Warinder Shere,50,46-55,MALE,42963000000035033,Mysuru East,"Engineer, materials",1,2021-10-04,2021-10-04,,,2026-07-15 14:36:44,2026-07-15 14:36:44,SYSTEM_SEED,SYSTEM_SEED
ACC-03319,Ekansh Gala,20,18-25,MALE,42963000000035033,Mysuru North,"Scientist, research (physical sciences)",1,2021-07-29,2021-07-29,,,2026-07-15 14:36:44,2026-07-15 14:36:44,SYSTEM_SEED,SYSTEM_SEED
ACC-03320,Aashi Nadkarni,44,36-45,FEMALE,42963000000035017,Bidar South,Pension scheme manager,1,2024-07-11,2024-07-11,,,2026-07-15 14:36:44,2026-07-15 14:36:44,SYSTEM_SEED,SYSTEM_SEED
ACC-03321,Shivakumar Gowda,35,26-35,MALE,42963000000035016,Bengaluru Urban North,Editorial assistant,2,2024-03-06,2024-11-01,,,2026-07-15 14:36:44,2026-07-15 14:36:44,SYSTEM_SEED,SYSTEM_SEED
ACC-03322,Bhagyalakshmi Bhat,20,18-25,FEMALE,42963000000035034,Raichur West,Dealer,2,2024-01-05,2024-12-06,,,2026-07-15 14:36:44,2026-07-15 14:36:44,SYSTEM_SEED,SYSTEM_SEED
ACC-03323,Channabasappa Setty,65,56-65,MALE,42963000000035026,Hassan South,"Psychotherapist, dance movement",1,2025-10-07,2025-10-07,,,2026-07-15 14:36:44,2026-07-15 14:36:44,SYSTEM_SEED,SYSTEM_SEED
ACC-03324,Yallappa Gowda,65,56-65,MALE,42963000000035014,Belagavi West,Broadcast engineer,2,2023-09-20,2024-08-02,,,2026-07-15 14:36:44,2026-07-15 14:36:44,SYSTEM_SEED,SYSTEM_SEED
ACC-03325,Nimrat Guha,45,36-45,FEMALE,42963000000035030,Kolar East,"Engineer, communications",1,2025-11-18,2025-11-18,,,2026-07-15 14:36:44,2026-07-15 14:36:44,SYSTEM_SEED,SYSTEM_SEED
ACC-03326,Veer Narayanan,56,56-65,MALE,42963000000035024,Dharwad West,Chief Marketing Officer,1,2024-03-06,2024-03-06,,,2026-07-15 14:36:44,2026-07-15 14:36:44,SYSTEM_SEED,SYSTEM_SEED
ACC-03327,Jagadish Bhat,49,46-55,MALE,42963000000035016,Bengaluru Urban South,"Biochemist, clinical",1,2025-12-22,2025-12-22,,,2026-07-15 14:36:44,2026-07-15 14:36:44,SYSTEM_SEED,SYSTEM_SEED
ACC-03328,Nagaraj Bhat,25,18-25,MALE,42963000000035017,Bidar Taluk HQ,Psychotherapist,1,2024-10-01,2024-10-01,,,2026-07-15 14:36:44,2026-07-15 14:36:44,SYSTEM_SEED,SYSTEM_SEED
ACC-03329,Lokesh Rai,37,36-45,MALE,42963000000035021,Chitradurga East,"Therapist, music",1,2022-11-03,2022-11-03,,,2026-07-15 14:36:44,2026-07-15 14:36:44,SYSTEM_SEED,SYSTEM_SEED
ACC-03330,Bhavna Palla,62,56-65,FEMALE,42963000000035024,Dharwad Taluk HQ,"Surveyor, land/geomatics",1,2025-05-24,2025-05-24,,,2026-07-15 14:36:44,2026-07-15 14:36:44,SYSTEM_SEED,SYSTEM_SEED
ACC-03331,Pooja Atwal,54,46-55,FEMALE,42963000000035021,Chitradurga North,"Engineer, automotive",1,2024-06-22,2024-06-22,,,2026-07-15 14:36:44,2026-07-15 14:36:44,SYSTEM_SEED,SYSTEM_SEED
ACC-03332,Pushpalatha Achar,54,46-55,FEMALE,42963000000035018,Chamarajanagar Rural,Haematologist,1,2022-06-11,2022-06-11,,,2026-07-15 14:36:44,2026-07-15 14:36:44,SYSTEM_SEED,SYSTEM_SEED
ACC-03333,Unni Mohan,53,46-55,FEMALE,42963000000035013,Ballari East,Mental health nurse,1,2024-01-09,2024-01-09,,,2026-07-15 14:36:44,2026-07-15 14:36:44,SYSTEM_SEED,SYSTEM_SEED
ACC-03334,Joshua Jain,18,18-25,MALE,42963000000035016,Bengaluru Urban South,Careers adviser,1,2023-02-27,2023-02-27,,,2026-07-15 14:36:44,2026-07-15 14:36:44,SYSTEM_SEED,SYSTEM_SEED
ACC-03335,Charan Kalita,27,26-35,MALE,42963000000035030,Kolar Taluk HQ,Health service manager,1,2023-08-27,2023-08-27,,,2026-07-15 14:36:44,2026-07-15 14:36:44,SYSTEM_SEED,SYSTEM_SEED
ACC-03336,Thimmakka Achar,32,26-35,FEMALE,42963000000035041,Yadgir North,"Editor, magazine features",1,2022-08-07,2022-08-07,,,2026-07-15 14:36:44,2026-07-15 14:36:44,SYSTEM_SEED,SYSTEM_SEED
ACC-03337,Charan Date,39,36-45,MALE,42963000000035025,Gadag Taluk HQ,"Scientist, research (maths)",1,2025-07-05,2025-07-05,,,2026-07-15 14:36:44,2026-07-15 14:36:44,SYSTEM_SEED,SYSTEM_SEED
ACC-03338,Chandrashekar Poojary,47,46-55,MALE,42963000000035017,Bidar Taluk HQ,Theatre manager,1,2023-01-07,2023-01-07,,,2026-07-15 14:36:44,2026-07-15 14:36:44,SYSTEM_SEED,SYSTEM_SEED
ACC-03339,Noah Malhotra,54,46-55,MALE,42963000000035033,Mysuru East,Warden/ranger,1,2025-07-31,2025-07-31,,,2026-07-15 14:36:44,2026-07-15 14:36:44,SYSTEM_SEED,SYSTEM_SEED
ACC-03340,Jagrati Ganguly,36,36-45,FEMALE,42963000000035026,Hassan West,"Accountant, chartered",1,2023-02-11,2023-02-11,,,2026-07-15 14:36:44,2026-07-15 14:36:44,SYSTEM_SEED,SYSTEM_SEED
ACC-03341,Prakash Hegde,41,36-45,MALE,42963000000035041,Yadgir West,Exhibition designer,1,2021-12-11,2021-12-11,,,2026-07-15 14:36:44,2026-07-15 14:36:44,SYSTEM_SEED,SYSTEM_SEED
ACC-03342,Chakradev Din,45,36-45,MALE,42963000000035033,Mysuru Rural,Customer service manager,1,2023-11-18,2023-11-18,,,2026-07-15 14:36:44,2026-07-15 14:36:44,SYSTEM_SEED,SYSTEM_SEED
ACC-03343,Thimmaiah Bhat,51,46-55,MALE,42963000000035033,Mysuru Rural,"Development worker, international aid",1,2024-07-15,2024-07-15,,,2026-07-15 14:36:44,2026-07-15 14:36:44,SYSTEM_SEED,SYSTEM_SEED
ACC-03344,Thimmaiah Kulkarni,26,26-35,MALE,42963000000035036,Shivamogga East,Public relations officer,2,2021-10-03,2024-10-01,,,2026-07-15 14:36:44,2026-07-15 14:36:44,SYSTEM_SEED,SYSTEM_SEED
ACC-03345,Neel Brahmbhatt,62,56-65,MALE,42963000000035025,Gadag Taluk HQ,Associate Professor,1,2025-09-04,2025-09-04,,,2026-07-15 14:36:44,2026-07-15 14:36:44,SYSTEM_SEED,SYSTEM_SEED
ACC-03346,Manjunath Naik,54,46-55,MALE,42963000000035023,Davanagere East,"Copywriter, advertising",1,2024-07-31,2024-07-31,,,2026-07-15 14:36:44,2026-07-15 14:36:44,SYSTEM_SEED,SYSTEM_SEED
ACC-03347,Veeranna Reddy,19,18-25,MALE,42963000000035033,Mysuru Rural,Sales promotion account executive,1,2022-11-27,2022-11-27,,,2026-07-15 14:36:44,2026-07-15 14:36:44,SYSTEM_SEED,SYSTEM_SEED
ACC-03348,Shivakumar Kulkarni,57,56-65,MALE,42963000000035033,Mysuru East,Printmaker,1,2025-03-22,2025-03-22,,,2026-07-15 14:36:44,2026-07-15 14:36:44,SYSTEM_SEED,SYSTEM_SEED
ACC-03349,Siddalingaiah Poojary,36,36-45,MALE,42963000000035040,Vijayapura Rural,"Physicist, medical",1,2021-04-07,2021-04-07,,,2026-07-15 14:36:44,2026-07-15 14:36:44,SYSTEM_SEED,SYSTEM_SEED
ACC-03350,Yallappa Poojary,18,18-25,MALE,42963000000035022,Dakshina Kannada Rural,Public house manager,1,2023-03-22,2023-03-22,,,2026-07-15 14:36:44,2026-07-15 14:36:44,SYSTEM_SEED,SYSTEM_SEED
ACC-03351,Gopalakrishna Setty,59,56-65,MALE,42963000000035039,Uttara Kannada West,"Journalist, newspaper",1,2021-10-31,2021-10-31,,,2026-07-15 14:36:44,2026-07-15 14:36:44,SYSTEM_SEED,SYSTEM_SEED
ACC-03352,Zashil Dalal,23,18-25,MALE,42963000000035024,Dharwad South,Financial adviser,1,2024-05-24,2024-05-24,,,2026-07-15 14:36:44,2026-07-15 14:36:44,SYSTEM_SEED,SYSTEM_SEED
ACC-03353,Ranbir Rajan,27,26-35,MALE,42963000000035038,Udupi South,Public relations account executive,1,2023-04-06,2023-04-06,,,2026-07-15 14:36:44,2026-07-15 14:36:44,SYSTEM_SEED,SYSTEM_SEED
ACC-03354,Nachiket Vig,54,46-55,MALE,42963000000035021,Chitradurga West,Investment analyst,2,2021-01-14,2022-02-02,,,2026-07-15 14:36:44,2026-07-15 14:36:44,SYSTEM_SEED,SYSTEM_SEED
ACC-03355,Jalsa Ganesan,19,18-25,FEMALE,42963000000035040,Vijayapura North,Health physicist,1,2025-11-24,2025-11-24,,,2026-07-15 14:36:44,2026-07-15 14:36:44,SYSTEM_SEED,SYSTEM_SEED
ACC-03356,Sunandamma Hegde,26,26-35,FEMALE,42963000000035024,Dharwad East,Customer service manager,1,2023-10-16,2023-10-16,,,2026-07-15 14:36:44,2026-07-15 14:36:44,SYSTEM_SEED,SYSTEM_SEED
ACC-03357,Timothy Suri,57,56-65,MALE,42963000000035024,Dharwad North,Fitness centre manager,1,2022-11-19,2022-11-19,,,2026-07-15 14:36:44,2026-07-15 14:36:44,SYSTEM_SEED,SYSTEM_SEED
ACC-03358,Teerth Pall,28,26-35,MALE,42963000000035018,Chamarajanagar West,"Editor, magazine features",1,2024-07-06,2024-07-06,,,2026-07-15 14:36:44,2026-07-15 14:36:44,SYSTEM_SEED,SYSTEM_SEED
ACC-03359,Rajeshri Shukla,21,18-25,FEMALE,42963000000035013,Ballari East,Logistics and distribution manager,1,2025-11-05,2025-11-05,,,2026-07-15 14:36:44,2026-07-15 14:36:44,SYSTEM_SEED,SYSTEM_SEED
ACC-03360,Jalsa Halder,38,36-45,FEMALE,42963000000035035,Ramanagara Rural,Museum/gallery exhibitions officer,1,2021-11-05,2021-11-05,,,2026-07-15 14:36:44,2026-07-15 14:36:44,SYSTEM_SEED,SYSTEM_SEED
ACC-03361,Gaurav Anne,52,46-55,MALE,42963000000035029,Kodagu Rural,"Engineer, building services",1,2025-01-17,2025-01-17,,,2026-07-15 14:36:44,2026-07-15 14:36:44,SYSTEM_SEED,SYSTEM_SEED
ACC-03362,Pranit Vora,53,46-55,MALE,42963000000035019,Chikballapur East,"Engineer, broadcasting (operations)",1,2023-09-01,2023-09-01,,,2026-07-15 14:36:44,2026-07-15 14:36:44,SYSTEM_SEED,SYSTEM_SEED
ACC-03363,Siddalingaiah Reddy,55,46-55,MALE,42963000000035021,Chitradurga East,"Accountant, chartered public finance",1,2022-06-06,2022-06-06,,,2026-07-15 14:36:44,2026-07-15 14:36:44,SYSTEM_SEED,SYSTEM_SEED
ACC-03364,Nitesh Chandra,38,36-45,MALE,42963000000035021,Chitradurga Taluk HQ,"Merchandiser, retail",1,2022-04-28,2022-04-28,,,2026-07-15 14:36:44,2026-07-15 14:36:44,SYSTEM_SEED,SYSTEM_SEED
ACC-03365,Yashasvi Arya,52,46-55,FEMALE,42963000000035026,Hassan East,Training and development officer,1,2024-03-15,2024-03-15,,,2026-07-15 14:36:44,2026-07-15 14:36:44,SYSTEM_SEED,SYSTEM_SEED
ACC-03366,Anay Maharaj,65,56-65,MALE,42963000000035017,Bidar South,Quality manager,1,2021-09-06,2021-09-06,,,2026-07-15 14:36:44,2026-07-15 14:36:44,SYSTEM_SEED,SYSTEM_SEED
ACC-03367,Anthony Kulkarni,55,46-55,MALE,42963000000035014,Belagavi Taluk HQ,Graphic designer,1,2023-12-08,2023-12-08,,,2026-07-15 14:36:44,2026-07-15 14:36:44,SYSTEM_SEED,SYSTEM_SEED
ACC-03368,Channabasappa Setty,53,46-55,MALE,42963000000035028,Kalaburagi Rural,Barista,1,2025-08-23,2025-08-23,,,2026-07-15 14:36:44,2026-07-15 14:36:44,SYSTEM_SEED,SYSTEM_SEED
ACC-03369,Warinder Sha,58,56-65,MALE,42963000000035022,Dakshina Kannada West,Recycling officer,1,2023-04-20,2023-04-20,,,2026-07-15 14:36:44,2026-07-15 14:36:44,SYSTEM_SEED,SYSTEM_SEED
ACC-03370,Warjas Chawla,31,26-35,MALE,42963000000035024,Dharwad East,Arboriculturist,1,2021-11-29,2021-11-29,,,2026-07-15 14:36:44,2026-07-15 14:36:44,SYSTEM_SEED,SYSTEM_SEED
ACC-03371,Jagadish Gowda,44,36-45,MALE,42963000000035017,Bidar Rural,Merchant navy officer,1,2023-09-04,2023-09-04,,,2026-07-15 14:36:44,2026-07-15 14:36:44,SYSTEM_SEED,SYSTEM_SEED
ACC-03372,Yashodamma Reddy,48,46-55,FEMALE,42963000000035022,Dakshina Kannada Rural,Air cabin crew,1,2023-03-02,2023-03-02,,,2026-07-15 14:36:44,2026-07-15 14:36:44,SYSTEM_SEED,SYSTEM_SEED
ACC-03373,Gaurang Deep,24,18-25,MALE,42963000000035016,Bengaluru Urban Rural,Charity fundraiser,1,2023-08-02,2023-08-02,,,2026-07-15 14:36:44,2026-07-15 14:36:44,SYSTEM_SEED,SYSTEM_SEED
ACC-03374,Dipta Bhalla,56,56-65,FEMALE,42963000000035013,Ballari Rural,"Producer, radio",1,2022-10-12,2022-10-12,,,2026-07-15 14:36:44,2026-07-15 14:36:44,SYSTEM_SEED,SYSTEM_SEED
ACC-03375,Nirja Chatterjee,23,18-25,FEMALE,42963000000035026,Hassan Taluk HQ,Sport and exercise psychologist,1,2023-10-20,2023-10-20,,,2026-07-15 14:36:44,2026-07-15 14:36:44,SYSTEM_SEED,SYSTEM_SEED
ACC-03376,Gunbir Badal,27,26-35,MALE,42963000000035040,Vijayapura West,Learning mentor,2,2022-10-06,2024-10-06,,,2026-07-15 14:36:44,2026-07-15 14:36:44,SYSTEM_SEED,SYSTEM_SEED
ACC-03377,Hamsini Peri,51,46-55,FEMALE,42963000000035030,Kolar Taluk HQ,"Scientist, clinical (histocompatibility and immunogenetics)",1,2021-01-03,2021-01-03,,,2026-07-15 14:36:44,2026-07-15 14:36:44,SYSTEM_SEED,SYSTEM_SEED
ACC-03378,Saksham Saha,50,46-55,MALE,42963000000035033,Mysuru Taluk HQ,"Biochemist, clinical",1,2022-09-17,2022-09-17,,,2026-07-15 14:36:44,2026-07-15 14:36:44,SYSTEM_SEED,SYSTEM_SEED
ACC-03379,Savitramma Reddy,59,56-65,FEMALE,42963000000035036,Shivamogga Rural,Bookseller,1,2024-12-03,2024-12-03,,,2026-07-15 14:36:44,2026-07-15 14:36:44,SYSTEM_SEED,SYSTEM_SEED
ACC-03380,Siddalingaiah Achar,56,56-65,MALE,42963000000035013,Ballari North,"Engineer, automotive",1,2025-01-30,2025-01-30,,,2026-07-15 14:36:44,2026-07-15 14:36:44,SYSTEM_SEED,SYSTEM_SEED
ACC-03381,Vasanthamma Naik,32,26-35,FEMALE,42963000000035024,Dharwad East,Retail banker,1,2025-04-13,2025-04-13,,,2026-07-15 14:36:44,2026-07-15 14:36:44,SYSTEM_SEED,SYSTEM_SEED
ACC-03382,Nagaraj Urs,53,46-55,MALE,42963000000035029,Kodagu West,Data scientist,1,2024-08-09,2024-08-09,,,2026-07-15 14:36:44,2026-07-15 14:36:44,SYSTEM_SEED,SYSTEM_SEED
ACC-03383,Benjamin Gera,60,56-65,MALE,42963000000035040,Vijayapura South,"Producer, radio",1,2025-01-22,2025-01-22,,,2026-07-15 14:36:44,2026-07-15 14:36:44,SYSTEM_SEED,SYSTEM_SEED
ACC-03384,Lakshit Issac,56,56-65,MALE,42963000000035039,Uttara Kannada North,Risk analyst,2,2021-08-01,2021-08-29,,,2026-07-15 14:36:44,2026-07-15 14:36:44,SYSTEM_SEED,SYSTEM_SEED
ACC-03385,Harini Aggarwal,63,56-65,FEMALE,42963000000035021,Chitradurga South,Insurance risk surveyor,1,2025-10-29,2025-10-29,,,2026-07-15 14:36:44,2026-07-15 14:36:44,SYSTEM_SEED,SYSTEM_SEED
ACC-03386,Parth Dalal,47,46-55,MALE,42963000000035025,Gadag West,Licensed conveyancer,1,2024-02-09,2024-02-09,,,2026-07-15 14:36:44,2026-07-15 14:36:44,SYSTEM_SEED,SYSTEM_SEED
ACC-03387,Caleb Sheth,64,56-65,MALE,42963000000035037,Tumakuru North,Chartered management accountant,1,2025-03-24,2025-03-24,,,2026-07-15 14:36:44,2026-07-15 14:36:44,SYSTEM_SEED,SYSTEM_SEED
ACC-03388,Chakradev Gopal,39,36-45,MALE,42963000000035022,Dakshina Kannada East,Chartered legal executive (England and Wales),1,2023-06-08,2023-06-08,,,2026-07-15 14:36:44,2026-07-15 14:36:44,SYSTEM_SEED,SYSTEM_SEED
ACC-03389,Kariyappa Kulkarni,46,46-55,MALE,42963000000035018,Chamarajanagar Rural,Electronics engineer,1,2023-08-28,2023-08-28,,,2026-07-15 14:36:44,2026-07-15 14:36:44,SYSTEM_SEED,SYSTEM_SEED
ACC-03390,Bhagyalakshmi Nayak,31,26-35,FEMALE,42963000000035015,Bengaluru Rural South,"Investment banker, corporate",1,2025-11-24,2025-11-24,,,2026-07-15 14:36:44,2026-07-15 14:36:44,SYSTEM_SEED,SYSTEM_SEED
ACC-03391,Jayamma Nayak,46,46-55,FEMALE,42963000000035031,Koppal Taluk HQ,"Therapist, art",1,2025-10-21,2025-10-21,,,2026-07-15 14:36:44,2026-07-15 14:36:44,SYSTEM_SEED,SYSTEM_SEED
ACC-03392,Hamsini Anne,51,46-55,FEMALE,42963000000035024,Dharwad Rural,"Engineer, water",1,2024-02-26,2024-02-26,,,2026-07-15 14:36:44,2026-07-15 14:36:44,SYSTEM_SEED,SYSTEM_SEED
ACC-03393,Victor Bumb,32,26-35,MALE,42963000000035025,Gadag South,Fine artist,1,2025-12-11,2025-12-11,,,2026-07-15 14:36:44,2026-07-15 14:36:44,SYSTEM_SEED,SYSTEM_SEED
ACC-03394,Thimmaiah Bhat,34,26-35,MALE,42963000000035013,Ballari North,Insurance account manager,1,2024-04-03,2024-04-03,,,2026-07-15 14:36:44,2026-07-15 14:36:44,SYSTEM_SEED,SYSTEM_SEED
ACC-03395,Prakash Devadiga,24,18-25,MALE,42963000000035041,Yadgir Taluk HQ,"Engineer, aeronautical",1,2022-07-15,2022-07-15,,,2026-07-15 14:36:44,2026-07-15 14:36:44,SYSTEM_SEED,SYSTEM_SEED
ACC-03396,Jagadish Poojary,59,56-65,MALE,42963000000035039,Uttara Kannada Rural,Consulting civil engineer,1,2022-08-31,2022-08-31,,,2026-07-15 14:36:44,2026-07-15 14:36:44,SYSTEM_SEED,SYSTEM_SEED
ACC-03397,Veeranna Devadiga,38,36-45,MALE,42963000000035036,Shivamogga Taluk HQ,Insurance claims handler,1,2021-12-23,2021-12-23,,,2026-07-15 14:36:44,2026-07-15 14:36:44,SYSTEM_SEED,SYSTEM_SEED
ACC-03398,Veeranna Achar,38,36-45,MALE,42963000000035029,Kodagu Taluk HQ,Astronomer,1,2021-07-07,2021-07-07,,,2026-07-15 14:36:44,2026-07-15 14:36:44,SYSTEM_SEED,SYSTEM_SEED
ACC-03399,Luke Gokhale,65,56-65,MALE,42963000000035013,Ballari East,Health promotion specialist,1,2024-06-10,2024-06-10,,,2026-07-15 14:36:44,2026-07-15 14:36:44,SYSTEM_SEED,SYSTEM_SEED
ACC-03400,Jagadish Poojary,57,56-65,MALE,42963000000035024,Dharwad Rural,Counselling psychologist,1,2022-10-13,2022-10-13,,,2026-07-15 14:36:44,2026-07-15 14:36:44,SYSTEM_SEED,SYSTEM_SEED
ACC-03401,Samuel Kara,37,36-45,MALE,42963000000035035,Ramanagara South,Emergency planning/management officer,1,2021-12-08,2021-12-08,,,2026-07-15 14:36:44,2026-07-15 14:36:44,SYSTEM_SEED,SYSTEM_SEED
ACC-03402,Sureshgowda Achar,45,36-45,MALE,42963000000035025,Gadag South,Government social research officer,1,2021-09-13,2021-09-13,,,2026-07-15 14:36:44,2026-07-15 14:36:44,SYSTEM_SEED,SYSTEM_SEED
ACC-03403,Hema Merchant,19,18-25,FEMALE,42963000000035039,Uttara Kannada East,Futures trader,1,2025-04-17,2025-04-17,,,2026-07-15 14:36:44,2026-07-15 14:36:44,SYSTEM_SEED,SYSTEM_SEED
ACC-03404,Kevin Chanda,64,56-65,MALE,42963000000035037,Tumakuru Taluk HQ,Recruitment consultant,1,2021-10-10,2021-10-10,,,2026-07-15 14:36:44,2026-07-15 14:36:44,SYSTEM_SEED,SYSTEM_SEED
ACC-03405,Qabil Palla,22,18-25,MALE,42963000000035023,Davanagere West,"Scientist, research (medical)",1,2023-09-08,2023-09-08,,,2026-07-15 14:36:44,2026-07-15 14:36:44,SYSTEM_SEED,SYSTEM_SEED
ACC-03406,Harinakshi Bansal,38,36-45,FEMALE,42963000000035024,Dharwad West,Textile designer,1,2023-08-16,2023-08-16,,,2026-07-15 14:36:44,2026-07-15 14:36:44,SYSTEM_SEED,SYSTEM_SEED
ACC-03407,Yallappa Devadiga,60,56-65,MALE,42963000000035017,Bidar South,Musician,1,2021-03-28,2021-03-28,,,2026-07-15 14:36:44,2026-07-15 14:36:44,SYSTEM_SEED,SYSTEM_SEED
ACC-03408,Jagadish Nayak,46,46-55,MALE,42963000000035033,Mysuru East,"Designer, furniture",1,2021-02-19,2021-02-19,,,2026-07-15 14:36:44,2026-07-15 14:36:44,SYSTEM_SEED,SYSTEM_SEED
ACC-03409,Veeranna Setty,32,26-35,MALE,42963000000035015,Bengaluru Rural Rural,Soil scientist,1,2023-02-21,2023-02-21,,,2026-07-15 14:36:44,2026-07-15 14:36:44,SYSTEM_SEED,SYSTEM_SEED
ACC-03410,Chandrakala Rai,31,26-35,FEMALE,42963000000035033,Mysuru West,"Teacher, adult education",1,2023-10-09,2023-10-09,,,2026-07-15 14:36:44,2026-07-15 14:36:44,SYSTEM_SEED,SYSTEM_SEED
ACC-03411,Teerth Palan,41,36-45,MALE,42963000000035039,Uttara Kannada Rural,Homeopath,1,2023-06-20,2023-06-20,,,2026-07-15 14:36:44,2026-07-15 14:36:44,SYSTEM_SEED,SYSTEM_SEED
ACC-03412,Kaveri Shetty,28,26-35,FEMALE,42963000000035042,Vijayanagara Taluk HQ,"Engineer, maintenance (IT)",1,2021-04-24,2021-04-24,,,2026-07-15 14:36:44,2026-07-15 14:36:44,SYSTEM_SEED,SYSTEM_SEED
ACC-03413,Zayan Luthra,42,36-45,MALE,42963000000035037,Tumakuru Taluk HQ,Chemical engineer,1,2025-12-20,2025-12-20,,,2026-07-15 14:36:44,2026-07-15 14:36:44,SYSTEM_SEED,SYSTEM_SEED
ACC-03414,Leela Kamdar,53,46-55,FEMALE,42963000000035022,Dakshina Kannada West,"Psychologist, sport and exercise",1,2021-08-31,2021-08-31,,,2026-07-15 14:36:44,2026-07-15 14:36:44,SYSTEM_SEED,SYSTEM_SEED
ACC-03415,Amol D’Alia,33,26-35,MALE,42963000000035028,Kalaburagi Taluk HQ,"Scientist, forensic",1,2024-04-11,2024-04-11,,,2026-07-15 14:36:44,2026-07-15 14:36:44,SYSTEM_SEED,SYSTEM_SEED
ACC-03416,Savitramma Kulkarni,47,46-55,FEMALE,42963000000035039,Uttara Kannada East,Electronics engineer,2,2024-08-16,2024-09-08,,,2026-07-15 14:36:44,2026-07-15 14:36:44,SYSTEM_SEED,SYSTEM_SEED
ACC-03417,Gangamma Rai,63,56-65,FEMALE,42963000000035018,Chamarajanagar Rural,Public relations officer,1,2021-07-13,2021-07-13,,,2026-07-15 14:36:44,2026-07-15 14:36:44,SYSTEM_SEED,SYSTEM_SEED
ACC-03418,Vinaya Naidu,58,56-65,FEMALE,42963000000035027,Haveri Rural,Microbiologist,1,2022-10-16,2022-10-16,,,2026-07-15 14:36:44,2026-07-15 14:36:44,SYSTEM_SEED,SYSTEM_SEED
ACC-03419,Anay Naidu,23,18-25,MALE,42963000000035039,Uttara Kannada Rural,Civil Service fast streamer,1,2021-05-04,2021-05-04,,,2026-07-15 14:36:44,2026-07-15 14:36:44,SYSTEM_SEED,SYSTEM_SEED
ACC-03420,Basavaraj Rai,57,56-65,MALE,42963000000035016,Bengaluru Urban Taluk HQ,Mechanical engineer,1,2024-04-13,2024-04-13,,,2026-07-15 14:36:44,2026-07-15 14:36:44,SYSTEM_SEED,SYSTEM_SEED
ACC-03421,Harish Reddy,28,26-35,MALE,42963000000035038,Udupi West,Actuary,1,2025-09-30,2025-09-30,,,2026-07-15 14:36:44,2026-07-15 14:36:44,SYSTEM_SEED,SYSTEM_SEED
ACC-03422,Shivansh Soman,53,46-55,MALE,42963000000035014,Belagavi South,"Lecturer, higher education",1,2022-07-09,2022-07-09,,,2026-07-15 14:36:44,2026-07-15 14:36:44,SYSTEM_SEED,SYSTEM_SEED
ACC-03423,Chandresh Grover,24,18-25,MALE,42963000000035018,Chamarajanagar South,Materials engineer,1,2021-12-02,2021-12-02,,,2026-07-15 14:36:44,2026-07-15 14:36:44,SYSTEM_SEED,SYSTEM_SEED
ACC-03424,Finn Sibal,60,56-65,MALE,42963000000035024,Dharwad Taluk HQ,Sports coach,1,2023-07-29,2023-07-29,,,2026-07-15 14:36:44,2026-07-15 14:36:44,SYSTEM_SEED,SYSTEM_SEED
ACC-03425,Advay Sarna,63,56-65,MALE,42963000000035028,Kalaburagi North,Warehouse manager,2,2022-10-03,2023-08-03,,,2026-07-15 14:36:44,2026-07-15 14:36:44,SYSTEM_SEED,SYSTEM_SEED
ACC-03426,Teerth Rastogi,62,56-65,MALE,42963000000035024,Dharwad Taluk HQ,Public librarian,1,2024-12-14,2024-12-14,,,2026-07-15 14:36:44,2026-07-15 14:36:44,SYSTEM_SEED,SYSTEM_SEED
ACC-03427,Jonathan Prakash,65,56-65,MALE,42963000000035042,Vijayanagara Rural,Tourist information centre manager,2,2022-05-12,2023-09-06,,,2026-07-15 14:36:44,2026-07-15 14:36:44,SYSTEM_SEED,SYSTEM_SEED
ACC-03428,Manjunath Poojary,26,26-35,MALE,42963000000035026,Hassan Taluk HQ,Leisure centre manager,2,2022-09-28,2025-06-21,,,2026-07-15 14:36:44,2026-07-15 14:36:44,SYSTEM_SEED,SYSTEM_SEED
ACC-03429,Sai Mital,27,26-35,MALE,42963000000035023,Davanagere South,Architect,1,2021-11-22,2021-11-22,,,2026-07-15 14:36:44,2026-07-15 14:36:44,SYSTEM_SEED,SYSTEM_SEED
ACC-03430,Zehaan Chokshi,65,56-65,MALE,42963000000035013,Ballari West,"Pharmacist, community",1,2025-07-30,2025-07-30,,,2026-07-15 14:36:44,2026-07-15 14:36:44,SYSTEM_SEED,SYSTEM_SEED
ACC-03431,Veeranna Poojary,42,36-45,MALE,42963000000035033,Mysuru East,Physiological scientist,1,2023-06-27,2023-06-27,,,2026-07-15 14:36:44,2026-07-15 14:36:44,SYSTEM_SEED,SYSTEM_SEED
ACC-03432,Savitramma Reddy,42,36-45,FEMALE,42963000000035024,Dharwad East,Geophysical data processor,1,2025-09-18,2025-09-18,,,2026-07-15 14:36:44,2026-07-15 14:36:44,SYSTEM_SEED,SYSTEM_SEED
ACC-03433,Puttaswamy Urs,45,36-45,MALE,42963000000035041,Yadgir East,Technical brewer,1,2021-09-18,2021-09-18,,,2026-07-15 14:36:44,2026-07-15 14:36:44,SYSTEM_SEED,SYSTEM_SEED
ACC-03434,Amrita Gade,33,26-35,FEMALE,42963000000035019,Chikballapur Taluk HQ,Science writer,2,2022-05-15,2022-11-02,,,2026-07-15 14:36:44,2026-07-15 14:36:44,SYSTEM_SEED,SYSTEM_SEED
ACC-03435,Mason Viswanathan,26,26-35,MALE,42963000000035034,Raichur North,"Engineer, civil (contracting)",1,2021-05-14,2021-05-14,,,2026-07-15 14:36:44,2026-07-15 14:36:44,SYSTEM_SEED,SYSTEM_SEED
ACC-03436,Channabasappa Achar,61,56-65,MALE,42963000000035032,Mandya West,Tax inspector,1,2021-08-11,2021-08-11,,,2026-07-15 14:36:44,2026-07-15 14:36:44,SYSTEM_SEED,SYSTEM_SEED
ACC-03437,Dhruv Nath,20,18-25,MALE,42963000000035014,Belagavi Rural,Audiological scientist,1,2025-05-20,2025-05-20,,,2026-07-15 14:36:44,2026-07-15 14:36:44,SYSTEM_SEED,SYSTEM_SEED
ACC-03438,Mohammed Dhaliwal,46,46-55,MALE,42963000000035041,Yadgir East,Logistics and distribution manager,1,2022-08-29,2022-08-29,,,2026-07-15 14:36:44,2026-07-15 14:36:44,SYSTEM_SEED,SYSTEM_SEED
ACC-03439,Rudra Gandhi,49,46-55,MALE,42963000000035022,Dakshina Kannada Taluk HQ,Psychiatrist,1,2024-11-10,2024-11-10,,,2026-07-15 14:36:44,2026-07-15 14:36:44,SYSTEM_SEED,SYSTEM_SEED
ACC-03440,Falak Iyer,48,46-55,FEMALE,42963000000035037,Tumakuru South,Drilling engineer,2,2022-02-11,2023-02-12,,,2026-07-15 14:36:44,2026-07-15 14:36:44,SYSTEM_SEED,SYSTEM_SEED
ACC-03441,Ravindranath Hegde,27,26-35,MALE,42963000000035030,Kolar South,Illustrator,1,2021-06-24,2021-06-24,,,2026-07-15 14:36:44,2026-07-15 14:36:44,SYSTEM_SEED,SYSTEM_SEED
ACC-03442,Manjunath Setty,36,36-45,MALE,42963000000035013,Ballari South,Information systems manager,2,2023-05-07,2023-10-31,,,2026-07-15 14:36:44,2026-07-15 14:36:44,SYSTEM_SEED,SYSTEM_SEED
ACC-03443,Hiral Keer,22,18-25,FEMALE,42963000000035024,Dharwad South,"Engineer, electronics",1,2025-04-16,2025-04-16,,,2026-07-15 14:36:44,2026-07-15 14:36:44,SYSTEM_SEED,SYSTEM_SEED
ACC-03444,Savitramma Kulkarni,45,36-45,FEMALE,42963000000035038,Udupi Taluk HQ,Press sub,1,2024-03-15,2024-03-15,,,2026-07-15 14:36:44,2026-07-15 14:36:44,SYSTEM_SEED,SYSTEM_SEED
ACC-03445,Jagadish Reddy,25,18-25,MALE,42963000000035026,Hassan North,Chemical engineer,1,2023-09-05,2023-09-05,,,2026-07-15 14:36:44,2026-07-15 14:36:44,SYSTEM_SEED,SYSTEM_SEED
ACC-03446,Faraj Prasad,22,18-25,MALE,42963000000035027,Haveri South,"Accountant, chartered public finance",1,2024-01-01,2024-01-01,,,2026-07-15 14:36:44,2026-07-15 14:36:44,SYSTEM_SEED,SYSTEM_SEED
ACC-03447,Channabasappa Nayak,65,56-65,MALE,42963000000035039,Uttara Kannada South,Publishing rights manager,1,2021-06-08,2021-06-08,,,2026-07-15 14:36:44,2026-07-15 14:36:44,SYSTEM_SEED,SYSTEM_SEED
ACC-03448,Kariyappa Devadiga,40,36-45,MALE,42963000000035028,Kalaburagi Rural,"Designer, jewellery",1,2023-11-20,2023-11-20,,,2026-07-15 14:36:44,2026-07-15 14:36:44,SYSTEM_SEED,SYSTEM_SEED
ACC-03449,Chandresh Sinha,46,46-55,MALE,42963000000035022,Dakshina Kannada Taluk HQ,Statistician,1,2024-07-26,2024-07-26,,,2026-07-15 14:36:44,2026-07-15 14:36:44,SYSTEM_SEED,SYSTEM_SEED
ACC-03450,Veeranna Rai,37,36-45,MALE,42963000000035029,Kodagu Taluk HQ,"Nurse, mental health",1,2022-02-19,2022-02-19,,,2026-07-15 14:36:44,2026-07-15 14:36:44,SYSTEM_SEED,SYSTEM_SEED
ACC-03451,Gopalakrishna Urs,29,26-35,MALE,42963000000035033,Mysuru Rural,"Engineer, petroleum",1,2025-11-13,2025-11-13,,,2026-07-15 14:36:44,2026-07-15 14:36:44,SYSTEM_SEED,SYSTEM_SEED
ACC-03452,Riya Sheth,31,26-35,FEMALE,42963000000035036,Shivamogga South,Financial manager,1,2025-07-04,2025-07-04,,,2026-07-15 14:36:44,2026-07-15 14:36:44,SYSTEM_SEED,SYSTEM_SEED
ACC-03453,Vasanthamma Reddy,36,36-45,FEMALE,42963000000035039,Uttara Kannada East,Chief Operating Officer,1,2025-10-27,2025-10-27,,,2026-07-15 14:36:44,2026-07-15 14:36:44,SYSTEM_SEED,SYSTEM_SEED
ACC-03454,Devansh Nadkarni,27,26-35,MALE,42963000000035016,Bengaluru Urban North,Contracting civil engineer,1,2025-08-28,2025-08-28,,,2026-07-15 14:36:44,2026-07-15 14:36:44,SYSTEM_SEED,SYSTEM_SEED
ACC-03455,Nihal Mandal,54,46-55,MALE,42963000000035012,Bagalkot North,Photographer,1,2024-01-07,2024-01-07,,,2026-07-15 14:36:44,2026-07-15 14:36:44,SYSTEM_SEED,SYSTEM_SEED
ACC-03456,Balendra Palan,32,26-35,MALE,42963000000035014,Belagavi South,Records manager,1,2021-09-26,2021-09-26,,,2026-07-15 14:36:44,2026-07-15 14:36:44,SYSTEM_SEED,SYSTEM_SEED
ACC-03457,Indrajit Gokhale,42,36-45,MALE,42963000000035033,Mysuru South,Farm manager,1,2022-06-20,2022-06-20,,,2026-07-15 14:36:44,2026-07-15 14:36:44,SYSTEM_SEED,SYSTEM_SEED
ACC-03458,Pratyush Oak,61,56-65,MALE,42963000000035024,Dharwad North,Retail banker,1,2021-12-05,2021-12-05,,,2026-07-15 14:36:44,2026-07-15 14:36:44,SYSTEM_SEED,SYSTEM_SEED
ACC-03459,Yallappa Devadiga,27,26-35,MALE,42963000000035022,Dakshina Kannada West,Accommodation manager,1,2024-08-23,2024-08-23,,,2026-07-15 14:36:44,2026-07-15 14:36:44,SYSTEM_SEED,SYSTEM_SEED
ACC-03460,Brinda Karpe,51,46-55,FEMALE,42963000000035024,Dharwad North,Corporate investment banker,1,2023-07-21,2023-07-21,,,2026-07-15 14:36:44,2026-07-15 14:36:44,SYSTEM_SEED,SYSTEM_SEED
ACC-03461,Girindra Basu,22,18-25,MALE,42963000000035016,Bengaluru Urban South,"Engineer, mining",1,2023-10-19,2023-10-19,,,2026-07-15 14:36:44,2026-07-15 14:36:44,SYSTEM_SEED,SYSTEM_SEED
ACC-03462,Siddalingaiah Devadiga,18,18-25,MALE,42963000000035028,Kalaburagi Rural,Immigration officer,2,2022-01-03,2023-08-30,,,2026-07-15 14:36:44,2026-07-15 14:36:44,SYSTEM_SEED,SYSTEM_SEED
ACC-03463,Chakradhar Nori,45,36-45,MALE,42963000000035023,Davanagere Taluk HQ,Music tutor,1,2021-01-21,2021-01-21,,,2026-07-15 14:36:44,2026-07-15 14:36:44,SYSTEM_SEED,SYSTEM_SEED
ACC-03464,Bhagyalakshmi Gowda,62,56-65,FEMALE,42963000000035025,Gadag Taluk HQ,Education administrator,1,2022-04-21,2022-04-21,,,2026-07-15 14:36:44,2026-07-15 14:36:44,SYSTEM_SEED,SYSTEM_SEED
ACC-03465,Faqid Mane,64,56-65,MALE,42963000000035032,Mandya North,Insurance risk surveyor,1,2025-05-14,2025-05-14,,,2026-07-15 14:36:44,2026-07-15 14:36:44,SYSTEM_SEED,SYSTEM_SEED
ACC-03466,Warda Banerjee,23,18-25,FEMALE,42963000000035021,Chitradurga South,Games developer,1,2024-10-06,2024-10-06,,,2026-07-15 14:36:44,2026-07-15 14:36:44,SYSTEM_SEED,SYSTEM_SEED
ACC-03467,Shanthakumari Devadiga,23,18-25,FEMALE,42963000000035040,Vijayapura West,"Pharmacist, community",1,2022-12-27,2022-12-27,,,2026-07-15 14:36:44,2026-07-15 14:36:44,SYSTEM_SEED,SYSTEM_SEED
ACC-03468,Akkamahadevi Devadiga,44,36-45,FEMALE,42963000000035016,Bengaluru Urban West,Editorial assistant,1,2021-05-09,2021-05-09,,,2026-07-15 14:36:44,2026-07-15 14:36:44,SYSTEM_SEED,SYSTEM_SEED
ACC-03469,Girijamma Nayak,22,18-25,FEMALE,42963000000035026,Hassan East,"Development worker, community",2,2024-07-29,2025-02-24,,,2026-07-15 14:36:44,2026-07-15 14:36:44,SYSTEM_SEED,SYSTEM_SEED
ACC-03470,Yauvani Cherian,58,56-65,FEMALE,42963000000035025,Gadag North,"Psychologist, occupational",1,2023-10-20,2023-10-20,,,2026-07-15 14:36:44,2026-07-15 14:36:44,SYSTEM_SEED,SYSTEM_SEED
ACC-03471,Prisha Chaudhuri,39,36-45,FEMALE,42963000000035033,Mysuru East,Ophthalmologist,1,2024-04-13,2024-04-13,,,2026-07-15 14:36:44,2026-07-15 14:36:44,SYSTEM_SEED,SYSTEM_SEED
ACC-03472,Gaurika Nagar,59,56-65,FEMALE,42963000000035026,Hassan North,"Conservation officer, historic buildings",1,2022-12-07,2022-12-07,,,2026-07-15 14:36:44,2026-07-15 14:36:44,SYSTEM_SEED,SYSTEM_SEED
ACC-03473,Utkarsh Apte,45,36-45,MALE,42963000000035035,Ramanagara North,"Radiographer, diagnostic",2,2021-09-21,2025-01-27,,,2026-07-15 14:36:44,2026-07-15 14:36:44,SYSTEM_SEED,SYSTEM_SEED
ACC-03474,Udyati Bhagat,64,56-65,FEMALE,42963000000035014,Belagavi North,Immunologist,1,2025-03-06,2025-03-06,,,2026-07-15 14:36:44,2026-07-15 14:36:44,SYSTEM_SEED,SYSTEM_SEED
ACC-03475,Chandrashekar Gowda,63,56-65,MALE,42963000000035033,Mysuru North,"Physicist, medical",1,2021-01-18,2021-01-18,,,2026-07-15 14:36:44,2026-07-15 14:36:44,SYSTEM_SEED,SYSTEM_SEED
ACC-03476,Dalbir Seshadri,30,26-35,MALE,42963000000035014,Belagavi East,Retail buyer,1,2024-02-17,2024-02-17,,,2026-07-15 14:36:44,2026-07-15 14:36:44,SYSTEM_SEED,SYSTEM_SEED
ACC-03477,Warjas Nayak,39,36-45,MALE,42963000000035042,Vijayanagara South,Social researcher,1,2023-06-22,2023-06-22,,,2026-07-15 14:36:44,2026-07-15 14:36:44,SYSTEM_SEED,SYSTEM_SEED
ACC-03478,Jayamma Naik,62,56-65,FEMALE,42963000000035012,Bagalkot South,Medical sales representative,1,2021-04-17,2021-04-17,,,2026-07-15 14:36:44,2026-07-15 14:36:44,SYSTEM_SEED,SYSTEM_SEED
ACC-03479,Jagadish Gowda,65,56-65,MALE,42963000000035015,Bengaluru Rural East,Clinical research associate,1,2022-04-01,2022-04-01,,,2026-07-15 14:36:44,2026-07-15 14:36:44,SYSTEM_SEED,SYSTEM_SEED
ACC-03480,Chandrakala Shetty,44,36-45,FEMALE,42963000000035024,Dharwad South,Editorial assistant,1,2025-10-06,2025-10-06,,,2026-07-15 14:36:44,2026-07-15 14:36:44,SYSTEM_SEED,SYSTEM_SEED
ACC-03481,Harish Kulkarni,65,56-65,MALE,42963000000035028,Kalaburagi East,Photographer,1,2022-07-25,2022-07-25,,,2026-07-15 14:36:44,2026-07-15 14:36:44,SYSTEM_SEED,SYSTEM_SEED
ACC-03482,Thimmaiah Naik,45,36-45,MALE,42963000000035038,Udupi North,Ship broker,1,2022-01-26,2022-01-26,,,2026-07-15 14:36:44,2026-07-15 14:36:44,SYSTEM_SEED,SYSTEM_SEED
ACC-03483,Chandrashekar Rai,26,26-35,MALE,42963000000035037,Tumakuru North,Music therapist,1,2024-06-12,2024-06-12,,,2026-07-15 14:36:44,2026-07-15 14:36:44,SYSTEM_SEED,SYSTEM_SEED
ACC-03484,Falan Amble,55,46-55,MALE,42963000000035016,Bengaluru Urban Taluk HQ,Leisure centre manager,2,2021-08-10,2022-01-12,,,2026-07-15 14:36:44,2026-07-15 14:36:44,SYSTEM_SEED,SYSTEM_SEED
ACC-03485,Ira Varma,41,36-45,FEMALE,42963000000035022,Dakshina Kannada Taluk HQ,Volunteer coordinator,1,2025-07-25,2025-07-25,,,2026-07-15 14:36:44,2026-07-15 14:36:44,SYSTEM_SEED,SYSTEM_SEED
ACC-03486,Urishilla Bava,60,56-65,FEMALE,42963000000035033,Mysuru Taluk HQ,"Psychologist, forensic",1,2022-12-30,2022-12-30,,,2026-07-15 14:36:44,2026-07-15 14:36:44,SYSTEM_SEED,SYSTEM_SEED
ACC-03487,Prakash Poojary,25,18-25,MALE,42963000000035033,Mysuru North,Herbalist,1,2024-06-13,2024-06-13,,,2026-07-15 14:36:44,2026-07-15 14:36:44,SYSTEM_SEED,SYSTEM_SEED
ACC-03488,Kariyappa Rai,54,46-55,MALE,42963000000035015,Bengaluru Rural North,Archaeologist,1,2025-05-23,2025-05-23,,,2026-07-15 14:36:44,2026-07-15 14:36:44,SYSTEM_SEED,SYSTEM_SEED
ACC-03489,Yash Sharma,51,46-55,MALE,42963000000035022,Dakshina Kannada North,Medical technical officer,1,2024-06-13,2024-06-13,,,2026-07-15 14:36:44,2026-07-15 14:36:44,SYSTEM_SEED,SYSTEM_SEED
ACC-03490,Qasim Krishnan,28,26-35,MALE,42963000000035018,Chamarajanagar South,"Physicist, medical",1,2021-03-03,2021-03-03,,,2026-07-15 14:36:44,2026-07-15 14:36:44,SYSTEM_SEED,SYSTEM_SEED
ACC-03491,Lakshmamma Shetty,44,36-45,FEMALE,42963000000035032,Mandya North,Leisure centre manager,1,2021-10-08,2021-10-08,,,2026-07-15 14:36:44,2026-07-15 14:36:44,SYSTEM_SEED,SYSTEM_SEED
ACC-03492,Amaira Loke,50,46-55,FEMALE,42963000000035022,Dakshina Kannada South,Editorial assistant,1,2021-04-24,2021-04-24,,,2026-07-15 14:36:44,2026-07-15 14:36:44,SYSTEM_SEED,SYSTEM_SEED
ACC-03493,Pranav Sahni,57,56-65,MALE,42963000000035024,Dharwad North,Adult guidance worker,1,2021-09-05,2021-09-05,,,2026-07-15 14:36:44,2026-07-15 14:36:44,SYSTEM_SEED,SYSTEM_SEED
ACC-03494,Nicholas Mishra,34,26-35,MALE,42963000000035028,Kalaburagi North,Animal technologist,2,2022-05-31,2022-07-31,,,2026-07-15 14:36:44,2026-07-15 14:36:44,SYSTEM_SEED,SYSTEM_SEED
ACC-03495,Yallappa Rai,35,26-35,MALE,42963000000035016,Bengaluru Urban North,"Therapist, occupational",1,2022-11-02,2022-11-02,,,2026-07-15 14:36:44,2026-07-15 14:36:44,SYSTEM_SEED,SYSTEM_SEED
ACC-03496,Pranav Bansal,45,36-45,MALE,42963000000035033,Mysuru East,Ship broker,1,2024-02-25,2024-02-25,,,2026-07-15 14:36:44,2026-07-15 14:36:44,SYSTEM_SEED,SYSTEM_SEED
ACC-03497,Jeet Gill,58,56-65,MALE,42963000000035039,Uttara Kannada South,Chartered accountant,1,2023-05-29,2023-05-29,,,2026-07-15 14:36:44,2026-07-15 14:36:44,SYSTEM_SEED,SYSTEM_SEED
ACC-03498,Dev Dhillon,60,56-65,MALE,42963000000035027,Haveri South,"Research officer, political party",1,2022-07-03,2022-07-03,,,2026-07-15 14:36:44,2026-07-15 14:36:44,SYSTEM_SEED,SYSTEM_SEED
ACC-03499,Mahika Pai,29,26-35,FEMALE,42963000000035029,Kodagu South,Proofreader,1,2025-08-23,2025-08-23,,,2026-07-15 14:36:44,2026-07-15 14:36:44,SYSTEM_SEED,SYSTEM_SEED
ACC-03500,Kariyappa Reddy,43,36-45,MALE,42963000000035036,Shivamogga East,Waste management officer,2,2023-02-01,2024-01-07,,,2026-07-15 14:36:44,2026-07-15 14:36:44,SYSTEM_SEED,SYSTEM_SEED
ACC-03501,Zaitra Shanker,41,36-45,FEMALE,42963000000035035,Ramanagara Taluk HQ,Architect,1,2021-05-12,2021-05-12,,,2026-07-15 14:36:44,2026-07-15 14:36:44,SYSTEM_SEED,SYSTEM_SEED
ACC-03502,Omisha Pradhan,35,26-35,FEMALE,42963000000035024,Dharwad North,Arboriculturist,1,2024-11-23,2024-11-23,,,2026-07-15 14:36:44,2026-07-15 14:36:44,SYSTEM_SEED,SYSTEM_SEED
ACC-03503,Chandresh Raja,41,36-45,MALE,42963000000035034,Raichur West,Science writer,1,2024-06-06,2024-06-06,,,2026-07-15 14:36:44,2026-07-15 14:36:44,SYSTEM_SEED,SYSTEM_SEED
ACC-03504,Pahal Mittal,21,18-25,FEMALE,42963000000035029,Kodagu South,"Pharmacist, hospital",1,2021-07-30,2021-07-30,,,2026-07-15 14:36:44,2026-07-15 14:36:44,SYSTEM_SEED,SYSTEM_SEED
ACC-03505,Alka Gour,24,18-25,FEMALE,42963000000035019,Chikballapur South,Furniture designer,1,2024-10-30,2024-10-30,,,2026-07-15 14:36:44,2026-07-15 14:36:44,SYSTEM_SEED,SYSTEM_SEED
ACC-03506,Tarak Dada,32,26-35,MALE,42963000000035018,Chamarajanagar Rural,"Engineer, agricultural",1,2022-10-19,2022-10-19,,,2026-07-15 14:36:44,2026-07-15 14:36:44,SYSTEM_SEED,SYSTEM_SEED
ACC-03507,Max Varkey,41,36-45,MALE,42963000000035016,Bengaluru Urban South,"Solicitor, Scotland",1,2024-01-04,2024-01-04,,,2026-07-15 14:36:44,2026-07-15 14:36:44,SYSTEM_SEED,SYSTEM_SEED
ACC-03508,Manjunath Rai,43,36-45,MALE,42963000000035024,Dharwad North,Financial planner,2,2023-11-20,2024-10-08,,,2026-07-15 14:36:44,2026-07-15 14:36:44,SYSTEM_SEED,SYSTEM_SEED
ACC-03509,Ridhi Solanki,53,46-55,FEMALE,42963000000035028,Kalaburagi East,"Engineer, structural",2,2022-10-02,2025-10-04,,,2026-07-15 14:36:44,2026-07-15 14:36:44,SYSTEM_SEED,SYSTEM_SEED
ACC-03510,Laksh Grewal,26,26-35,MALE,42963000000035033,Mysuru West,Health and safety inspector,1,2024-09-07,2024-09-07,,,2026-07-15 14:36:44,2026-07-15 14:36:44,SYSTEM_SEED,SYSTEM_SEED
ACC-03511,Ryan Golla,53,46-55,MALE,42963000000035038,Udupi North,Higher education careers adviser,1,2025-01-30,2025-01-30,,,2026-07-15 14:36:44,2026-07-15 14:36:44,SYSTEM_SEED,SYSTEM_SEED
ACC-03512,Aarnav Ray,36,36-45,MALE,42963000000035017,Bidar East,"Engineer, maintenance (IT)",1,2025-04-15,2025-04-15,,,2026-07-15 14:36:44,2026-07-15 14:36:44,SYSTEM_SEED,SYSTEM_SEED
ACC-03513,Harish Rai,49,46-55,MALE,42963000000035039,Uttara Kannada East,Advertising account executive,2,2025-09-01,2025-11-13,,,2026-07-15 14:36:44,2026-07-15 14:36:44,SYSTEM_SEED,SYSTEM_SEED
ACC-03514,Dhruv Maharaj,23,18-25,MALE,42963000000035016,Bengaluru Urban Rural,"Geologist, engineering",2,2022-10-07,2025-03-20,,,2026-07-15 14:36:44,2026-07-15 14:36:44,SYSTEM_SEED,SYSTEM_SEED
ACC-03515,Nathan Chatterjee,62,56-65,MALE,42963000000035040,Vijayapura Rural,Environmental consultant,1,2022-02-02,2022-02-02,,,2026-07-15 14:36:44,2026-07-15 14:36:44,SYSTEM_SEED,SYSTEM_SEED
ACC-03516,Nagaveni Poojary,58,56-65,FEMALE,42963000000035026,Hassan Rural,Equality and diversity officer,1,2023-12-17,2023-12-17,,,2026-07-15 14:36:44,2026-07-15 14:36:44,SYSTEM_SEED,SYSTEM_SEED
ACC-03517,Shanthakumari Poojary,36,36-45,FEMALE,42963000000035023,Davanagere Rural,Adult nurse,1,2025-02-09,2025-02-09,,,2026-07-15 14:36:44,2026-07-15 14:36:44,SYSTEM_SEED,SYSTEM_SEED
ACC-03518,Janya Bhatt,54,46-55,FEMALE,42963000000035013,Ballari East,Veterinary surgeon,1,2023-10-24,2023-10-24,,,2026-07-15 14:36:44,2026-07-15 14:36:44,SYSTEM_SEED,SYSTEM_SEED
ACC-03519,Sureshgowda Achar,64,56-65,MALE,42963000000035026,Hassan Rural,Holiday representative,1,2021-02-22,2021-02-22,,,2026-07-15 14:36:44,2026-07-15 14:36:44,SYSTEM_SEED,SYSTEM_SEED
ACC-03520,Shivansh Narasimhan,33,26-35,MALE,42963000000035029,Kodagu West,Special educational needs teacher,1,2021-01-27,2021-01-27,,,2026-07-15 14:36:44,2026-07-15 14:36:44,SYSTEM_SEED,SYSTEM_SEED
ACC-03521,Manjunath Nayak,60,56-65,MALE,42963000000035014,Belagavi West,Neurosurgeon,1,2021-10-12,2021-10-12,,,2026-07-15 14:36:44,2026-07-15 14:36:44,SYSTEM_SEED,SYSTEM_SEED
ACC-03522,Abeer Oza,23,18-25,MALE,42963000000035015,Bengaluru Rural West,"Librarian, public",1,2021-11-15,2021-11-15,,,2026-07-15 14:36:44,2026-07-15 14:36:44,SYSTEM_SEED,SYSTEM_SEED
ACC-03523,Prisha Saxena,59,56-65,FEMALE,42963000000035017,Bidar Taluk HQ,"Designer, blown glass/stained glass",1,2024-10-19,2024-10-19,,,2026-07-15 14:36:44,2026-07-15 14:36:44,SYSTEM_SEED,SYSTEM_SEED
ACC-03524,Zaid Kade,33,26-35,MALE,42963000000035012,Bagalkot East,Site engineer,1,2023-08-07,2023-08-07,,,2026-07-15 14:36:44,2026-07-15 14:36:44,SYSTEM_SEED,SYSTEM_SEED
ACC-03525,Robert Kumer,26,26-35,MALE,42963000000035022,Dakshina Kannada North,Operational researcher,1,2023-09-17,2023-09-17,,,2026-07-15 14:36:44,2026-07-15 14:36:44,SYSTEM_SEED,SYSTEM_SEED
ACC-03526,Girijamma Reddy,18,18-25,FEMALE,42963000000035040,Vijayapura East,Amenity horticulturist,2,2021-10-09,2025-07-04,,,2026-07-15 14:36:44,2026-07-15 14:36:44,SYSTEM_SEED,SYSTEM_SEED
ACC-03527,Jagadish Reddy,53,46-55,MALE,42963000000035039,Uttara Kannada Rural,"Teacher, music",1,2021-12-10,2021-12-10,,,2026-07-15 14:36:44,2026-07-15 14:36:44,SYSTEM_SEED,SYSTEM_SEED
ACC-03528,Harish Shetty,35,26-35,MALE,42963000000035027,Haveri East,Careers information officer,1,2024-10-03,2024-10-03,,,2026-07-15 14:36:44,2026-07-15 14:36:44,SYSTEM_SEED,SYSTEM_SEED
ACC-03529,Sujathamma Reddy,30,26-35,FEMALE,42963000000035028,Kalaburagi North,"Radiographer, therapeutic",1,2023-10-21,2023-10-21,,,2026-07-15 14:36:44,2026-07-15 14:36:44,SYSTEM_SEED,SYSTEM_SEED
ACC-03530,Chakrika Johal,38,36-45,FEMALE,42963000000035030,Kolar Rural,Senior tax professional/tax inspector,2,2022-10-18,2024-02-29,,,2026-07-15 14:36:44,2026-07-15 14:36:44,SYSTEM_SEED,SYSTEM_SEED
ACC-03531,Nidra Manne,55,46-55,FEMALE,42963000000035042,Vijayanagara East,International aid/development worker,1,2023-03-02,2023-03-02,,,2026-07-15 14:36:44,2026-07-15 14:36:44,SYSTEM_SEED,SYSTEM_SEED
ACC-03532,Vinaya Balan,62,56-65,FEMALE,42963000000035020,Chikkamagaluru North,"Designer, furniture",1,2025-09-29,2025-09-29,,,2026-07-15 14:36:44,2026-07-15 14:36:44,SYSTEM_SEED,SYSTEM_SEED
ACC-03533,Patrick Sankar,30,26-35,MALE,42963000000035028,Kalaburagi Rural,Pathologist,1,2024-07-28,2024-07-28,,,2026-07-15 14:36:44,2026-07-15 14:36:44,SYSTEM_SEED,SYSTEM_SEED
ACC-03534,Lucky Swaminathan,55,46-55,MALE,42963000000035037,Tumakuru South,Farm manager,1,2025-11-05,2025-11-05,,,2026-07-15 14:36:44,2026-07-15 14:36:44,SYSTEM_SEED,SYSTEM_SEED
ACC-03535,Dominic Radhakrishnan,18,18-25,MALE,42963000000035017,Bidar South,Training and development officer,1,2024-03-01,2024-03-01,,,2026-07-15 14:36:44,2026-07-15 14:36:44,SYSTEM_SEED,SYSTEM_SEED
ACC-03536,Harish Naik,50,46-55,MALE,42963000000035036,Shivamogga Rural,Community pharmacist,1,2025-08-04,2025-08-04,,,2026-07-15 14:36:44,2026-07-15 14:36:44,SYSTEM_SEED,SYSTEM_SEED
ACC-03537,Prakash Achar,44,36-45,MALE,42963000000035032,Mandya East,Chief Strategy Officer,1,2023-11-18,2023-11-18,,,2026-07-15 14:36:44,2026-07-15 14:36:44,SYSTEM_SEED,SYSTEM_SEED
ACC-03538,Ikbal Kakar,23,18-25,MALE,42963000000035029,Kodagu Rural,Clinical psychologist,1,2023-06-24,2023-06-24,,,2026-07-15 14:36:44,2026-07-15 14:36:44,SYSTEM_SEED,SYSTEM_SEED
ACC-03539,Gaurav Dutt,19,18-25,MALE,42963000000035023,Davanagere North,Oncologist,1,2022-06-05,2022-06-05,,,2026-07-15 14:36:44,2026-07-15 14:36:44,SYSTEM_SEED,SYSTEM_SEED
ACC-03540,Patrick Kalla,31,26-35,MALE,42963000000035021,Chitradurga Taluk HQ,Personal assistant,1,2021-05-07,2021-05-07,,,2026-07-15 14:36:44,2026-07-15 14:36:44,SYSTEM_SEED,SYSTEM_SEED
ACC-03541,Raghavendra Setty,24,18-25,MALE,42963000000035041,Yadgir West,Tour manager,1,2025-05-11,2025-05-11,,,2026-07-15 14:36:44,2026-07-15 14:36:44,SYSTEM_SEED,SYSTEM_SEED
ACC-03542,Nathaniel Patil,19,18-25,MALE,42963000000035016,Bengaluru Urban North,Claims inspector/assessor,1,2023-08-14,2023-08-14,,,2026-07-15 14:36:44,2026-07-15 14:36:44,SYSTEM_SEED,SYSTEM_SEED
ACC-03543,Zayan Wason,54,46-55,MALE,42963000000035028,Kalaburagi Taluk HQ,Site engineer,1,2024-09-19,2024-09-19,,,2026-07-15 14:36:44,2026-07-15 14:36:44,SYSTEM_SEED,SYSTEM_SEED
ACC-03544,Nagaveni Poojary,23,18-25,FEMALE,42963000000035017,Bidar East,"Nurse, children's",1,2024-06-07,2024-06-07,,,2026-07-15 14:36:44,2026-07-15 14:36:44,SYSTEM_SEED,SYSTEM_SEED
ACC-03545,Saksham Talwar,60,56-65,MALE,42963000000035023,Davanagere North,"Psychologist, forensic",1,2024-03-23,2024-03-23,,,2026-07-15 14:36:44,2026-07-15 14:36:44,SYSTEM_SEED,SYSTEM_SEED
ACC-03546,Umang Dugar,61,56-65,MALE,42963000000035019,Chikballapur South,"Editor, film/video",1,2022-06-24,2022-06-24,,,2026-07-15 14:36:44,2026-07-15 14:36:44,SYSTEM_SEED,SYSTEM_SEED
ACC-03547,Maanas Aggarwal,20,18-25,MALE,42963000000035035,Ramanagara Rural,Site engineer,2,2022-10-23,2024-11-23,,,2026-07-15 14:36:44,2026-07-15 14:36:44,SYSTEM_SEED,SYSTEM_SEED
ACC-03548,Gopalakrishna Kulkarni,34,26-35,MALE,42963000000035015,Bengaluru Rural East,"Lecturer, higher education",1,2024-12-10,2024-12-10,,,2026-07-15 14:36:44,2026-07-15 14:36:44,SYSTEM_SEED,SYSTEM_SEED
ACC-03549,Nagaraj Bhat,49,46-55,MALE,42963000000035028,Kalaburagi Taluk HQ,"Psychologist, forensic",1,2021-08-21,2021-08-21,,,2026-07-15 14:36:44,2026-07-15 14:36:44,SYSTEM_SEED,SYSTEM_SEED
ACC-03550,Chandran Rajagopal,24,18-25,MALE,42963000000035022,Dakshina Kannada West,Telecommunications researcher,1,2023-10-27,2023-10-27,,,2026-07-15 14:36:44,2026-07-15 14:36:44,SYSTEM_SEED,SYSTEM_SEED
ACC-03551,Shaurya Roy,59,56-65,MALE,42963000000035033,Mysuru Taluk HQ,Energy engineer,1,2023-01-28,2023-01-28,,,2026-07-15 14:36:44,2026-07-15 14:36:44,SYSTEM_SEED,SYSTEM_SEED
ACC-03552,Kariyappa Gowda,19,18-25,MALE,42963000000035013,Ballari North,Air cabin crew,1,2023-06-28,2023-06-28,,,2026-07-15 14:36:44,2026-07-15 14:36:44,SYSTEM_SEED,SYSTEM_SEED
ACC-03553,Ekapad Thakur,51,46-55,MALE,42963000000035027,Haveri East,Catering manager,1,2024-04-27,2024-04-27,,,2026-07-15 14:36:44,2026-07-15 14:36:44,SYSTEM_SEED,SYSTEM_SEED
ACC-03554,Advay Nair,25,18-25,MALE,42963000000035022,Dakshina Kannada Taluk HQ,Travel agency manager,1,2022-11-02,2022-11-02,,,2026-07-15 14:36:44,2026-07-15 14:36:44,SYSTEM_SEED,SYSTEM_SEED
ACC-03555,Fiyaz Sodhi,65,56-65,MALE,42963000000035041,Yadgir West,"Chemist, analytical",1,2024-10-13,2024-10-13,,,2026-07-15 14:36:44,2026-07-15 14:36:44,SYSTEM_SEED,SYSTEM_SEED
ACC-03556,Lakshmamma Shetty,20,18-25,FEMALE,42963000000035018,Chamarajanagar West,Metallurgist,2,2021-03-07,2024-06-30,,,2026-07-15 14:36:44,2026-07-15 14:36:44,SYSTEM_SEED,SYSTEM_SEED
ACC-03557,Nagaraj Naik,65,56-65,MALE,42963000000035040,Vijayapura Taluk HQ,Advice worker,1,2024-07-05,2024-07-05,,,2026-07-15 14:36:44,2026-07-15 14:36:44,SYSTEM_SEED,SYSTEM_SEED
ACC-03558,Chandrashekar Urs,31,26-35,MALE,42963000000035021,Chitradurga East,Tourist information centre manager,1,2024-12-16,2024-12-16,,,2026-07-15 14:36:44,2026-07-15 14:36:44,SYSTEM_SEED,SYSTEM_SEED
ACC-03559,Yashodamma Hegde,54,46-55,FEMALE,42963000000035042,Vijayanagara North,Neurosurgeon,2,2021-05-05,2024-01-30,,,2026-07-15 14:36:44,2026-07-15 14:36:44,SYSTEM_SEED,SYSTEM_SEED
ACC-03560,Sureshgowda Hegde,52,46-55,MALE,42963000000035022,Dakshina Kannada Rural,Sub,1,2025-02-01,2025-02-01,,,2026-07-15 14:36:44,2026-07-15 14:36:44,SYSTEM_SEED,SYSTEM_SEED
ACC-03561,Jagadish Setty,23,18-25,MALE,42963000000035034,Raichur Rural,Sales promotion account executive,1,2021-08-17,2021-08-17,,,2026-07-15 14:36:44,2026-07-15 14:36:44,SYSTEM_SEED,SYSTEM_SEED
ACC-03562,Basavaraj Naik,24,18-25,MALE,42963000000035028,Kalaburagi South,"Engineer, automotive",1,2024-03-30,2024-03-30,,,2026-07-15 14:36:44,2026-07-15 14:36:44,SYSTEM_SEED,SYSTEM_SEED
ACC-03563,Thimmaiah Bhat,47,46-55,MALE,42963000000035031,Koppal Rural,"Designer, television/film set",2,2024-09-10,2024-12-06,,,2026-07-15 14:36:44,2026-07-15 14:36:44,SYSTEM_SEED,SYSTEM_SEED
ACC-03564,Veeranna Devadiga,23,18-25,MALE,42963000000035020,Chikkamagaluru Rural,"Programmer, systems",1,2024-03-01,2024-03-01,,,2026-07-15 14:36:44,2026-07-15 14:36:44,SYSTEM_SEED,SYSTEM_SEED
ACC-03565,Jagdish Gill,37,36-45,MALE,42963000000035021,Chitradurga Rural,Public house manager,2,2022-05-09,2023-02-26,,,2026-07-15 14:36:44,2026-07-15 14:36:44,SYSTEM_SEED,SYSTEM_SEED
ACC-03566,Neel Deo,22,18-25,MALE,42963000000035033,Mysuru East,Hospital doctor,2,2024-02-12,2025-09-04,,,2026-07-15 14:36:44,2026-07-15 14:36:44,SYSTEM_SEED,SYSTEM_SEED
ACC-03567,Savitramma Shetty,48,46-55,FEMALE,42963000000035036,Shivamogga East,Bookseller,2,2023-05-12,2024-01-26,,,2026-07-15 14:36:44,2026-07-15 14:36:44,SYSTEM_SEED,SYSTEM_SEED
ACC-03568,Chandrakala Gowda,30,26-35,FEMALE,42963000000035029,Kodagu Rural,Airline pilot,1,2024-09-11,2024-09-11,,,2026-07-15 14:36:44,2026-07-15 14:36:44,SYSTEM_SEED,SYSTEM_SEED
ACC-03569,Vihaan Sharaf,49,46-55,MALE,42963000000035020,Chikkamagaluru Rural,Financial risk analyst,1,2024-05-25,2024-05-25,,,2026-07-15 14:36:44,2026-07-15 14:36:44,SYSTEM_SEED,SYSTEM_SEED
ACC-03570,Jai Goel,42,36-45,MALE,42963000000035016,Bengaluru Urban South,"Psychologist, clinical",1,2023-08-21,2023-08-21,,,2026-07-15 14:36:44,2026-07-15 14:36:44,SYSTEM_SEED,SYSTEM_SEED
ACC-03571,Raghavendra Shetty,28,26-35,MALE,42963000000035018,Chamarajanagar Taluk HQ,"Restaurant manager, fast food",1,2021-07-13,2021-07-13,,,2026-07-15 14:36:44,2026-07-15 14:36:44,SYSTEM_SEED,SYSTEM_SEED
ACC-03572,Puttaswamy Poojary,22,18-25,MALE,42963000000035033,Mysuru South,Clinical psychologist,1,2025-07-07,2025-07-07,,,2026-07-15 14:36:44,2026-07-15 14:36:44,SYSTEM_SEED,SYSTEM_SEED
ACC-03573,Fariq Konda,21,18-25,MALE,42963000000035023,Davanagere Rural,"Psychologist, counselling",2,2022-02-25,2022-11-02,,,2026-07-15 14:36:44,2026-07-15 14:36:44,SYSTEM_SEED,SYSTEM_SEED
ACC-03574,Aarush Bali,29,26-35,MALE,42963000000035022,Dakshina Kannada South,Optometrist,2,2021-09-11,2025-12-14,,,2026-07-15 14:36:44,2026-07-15 14:36:44,SYSTEM_SEED,SYSTEM_SEED
ACC-03575,Sanya Bobal,40,36-45,FEMALE,42963000000035022,Dakshina Kannada North,Pensions consultant,2,2023-01-09,2023-01-11,,,2026-07-15 14:36:44,2026-07-15 14:36:44,SYSTEM_SEED,SYSTEM_SEED
ACC-03576,Gopalakrishna Gowda,59,56-65,MALE,42963000000035024,Dharwad North,Gaffer,1,2022-07-29,2022-07-29,,,2026-07-15 14:36:44,2026-07-15 14:36:44,SYSTEM_SEED,SYSTEM_SEED
ACC-03577,Advik Sarna,58,56-65,MALE,42963000000035022,Dakshina Kannada Taluk HQ,Quarry manager,1,2022-04-02,2022-04-02,,,2026-07-15 14:36:44,2026-07-15 14:36:44,SYSTEM_SEED,SYSTEM_SEED
ACC-03578,Madhav Rao,63,56-65,MALE,42963000000035024,Dharwad Rural,Archaeologist,1,2024-03-02,2024-03-02,,,2026-07-15 14:36:44,2026-07-15 14:36:44,SYSTEM_SEED,SYSTEM_SEED
ACC-03579,Sudiksha Vaidya,57,56-65,FEMALE,42963000000035019,Chikballapur South,Printmaker,1,2022-10-19,2022-10-19,,,2026-07-15 14:36:44,2026-07-15 14:36:44,SYSTEM_SEED,SYSTEM_SEED
ACC-03580,Yallappa Achar,45,36-45,MALE,42963000000035022,Dakshina Kannada North,Phytotherapist,1,2021-02-11,2021-02-11,,,2026-07-15 14:36:44,2026-07-15 14:36:44,SYSTEM_SEED,SYSTEM_SEED
ACC-03581,Puttaswamy Reddy,21,18-25,MALE,42963000000035013,Ballari East,Company secretary,1,2025-10-12,2025-10-12,,,2026-07-15 14:36:44,2026-07-15 14:36:44,SYSTEM_SEED,SYSTEM_SEED
ACC-03582,Eta Lala,40,36-45,FEMALE,42963000000035040,Vijayapura North,TEFL teacher,1,2024-09-26,2024-09-26,,,2026-07-15 14:36:44,2026-07-15 14:36:44,SYSTEM_SEED,SYSTEM_SEED
ACC-03583,Frado Peri,41,36-45,MALE,42963000000035022,Dakshina Kannada North,Passenger transport manager,2,2021-01-30,2025-10-26,,,2026-07-15 14:36:44,2026-07-15 14:36:44,SYSTEM_SEED,SYSTEM_SEED
ACC-03584,Ekta Kibe,29,26-35,FEMALE,42963000000035024,Dharwad East,Radiation protection practitioner,2,2023-05-10,2024-11-25,,,2026-07-15 14:36:44,2026-07-15 14:36:44,SYSTEM_SEED,SYSTEM_SEED
ACC-03585,Rathnamma Reddy,27,26-35,FEMALE,42963000000035022,Dakshina Kannada South,"Engineer, materials",1,2022-08-12,2022-08-12,,,2026-07-15 14:36:44,2026-07-15 14:36:44,SYSTEM_SEED,SYSTEM_SEED
ACC-03586,Chanakya Narayan,19,18-25,MALE,42963000000035018,Chamarajanagar East,"Buyer, retail",1,2022-12-15,2022-12-15,,,2026-07-15 14:36:44,2026-07-15 14:36:44,SYSTEM_SEED,SYSTEM_SEED
ACC-03587,Nagaraj Hegde,19,18-25,MALE,42963000000035031,Koppal North,Proofreader,1,2022-03-09,2022-03-09,,,2026-07-15 14:36:44,2026-07-15 14:36:44,SYSTEM_SEED,SYSTEM_SEED
ACC-03588,Shivakumar Kulkarni,18,18-25,MALE,42963000000035042,Vijayanagara North,Regulatory affairs officer,1,2023-12-30,2023-12-30,,,2026-07-15 14:36:44,2026-07-15 14:36:44,SYSTEM_SEED,SYSTEM_SEED
ACC-03589,Kalpit Oommen,34,26-35,MALE,42963000000035013,Ballari East,Hotel manager,1,2022-04-07,2022-04-07,,,2026-07-15 14:36:44,2026-07-15 14:36:44,SYSTEM_SEED,SYSTEM_SEED
ACC-03590,Shanthakumari Reddy,24,18-25,FEMALE,42963000000035038,Udupi West,"Producer, television/film/video",1,2022-08-21,2022-08-21,,,2026-07-15 14:36:44,2026-07-15 14:36:44,SYSTEM_SEED,SYSTEM_SEED
ACC-03591,Gangamma Devadiga,56,56-65,FEMALE,42963000000035014,Belagavi North,Lawyer,2,2022-03-26,2025-12-02,,,2026-07-15 14:36:44,2026-07-15 14:36:44,SYSTEM_SEED,SYSTEM_SEED
ACC-03592,Kai Maharaj,52,46-55,MALE,42963000000035016,Bengaluru Urban North,"Therapist, music",1,2022-05-01,2022-05-01,,,2026-07-15 14:36:44,2026-07-15 14:36:44,SYSTEM_SEED,SYSTEM_SEED
ACC-03593,Raghavendra Kulkarni,30,26-35,MALE,42963000000035024,Dharwad Rural,Animal technologist,1,2022-05-23,2022-05-23,,,2026-07-15 14:36:44,2026-07-15 14:36:44,SYSTEM_SEED,SYSTEM_SEED
ACC-03594,Jagadish Naik,28,26-35,MALE,42963000000035016,Bengaluru Urban North,Counselling psychologist,1,2025-07-26,2025-07-26,,,2026-07-15 14:36:44,2026-07-15 14:36:44,SYSTEM_SEED,SYSTEM_SEED
ACC-03595,Nagaraj Devadiga,53,46-55,MALE,42963000000035016,Bengaluru Urban South,Data scientist,1,2021-08-23,2021-08-23,,,2026-07-15 14:36:44,2026-07-15 14:36:44,SYSTEM_SEED,SYSTEM_SEED
ACC-03596,Channabasappa Achar,27,26-35,MALE,42963000000035025,Gadag West,"Scientist, research (maths)",1,2025-03-21,2025-03-21,,,2026-07-15 14:36:44,2026-07-15 14:36:44,SYSTEM_SEED,SYSTEM_SEED
ACC-03597,Chandrashekar Urs,37,36-45,MALE,42963000000035013,Ballari West,Homeopath,1,2024-10-09,2024-10-09,,,2026-07-15 14:36:44,2026-07-15 14:36:44,SYSTEM_SEED,SYSTEM_SEED
ACC-03598,Janya Prabhakar,35,26-35,FEMALE,42963000000035024,Dharwad North,"Surveyor, rural practice",2,2023-05-13,2024-05-17,,,2026-07-15 14:36:44,2026-07-15 14:36:44,SYSTEM_SEED,SYSTEM_SEED
ACC-03599,Harish Poojary,41,36-45,MALE,42963000000035038,Udupi South,Medical laboratory scientific officer,1,2024-05-15,2024-05-15,,,2026-07-15 14:36:44,2026-07-15 14:36:44,SYSTEM_SEED,SYSTEM_SEED
ACC-03600,Mitesh Dutt,60,56-65,MALE,42963000000035013,Ballari South,Tax inspector,2,2022-10-12,2023-09-13,,,2026-07-15 14:36:44,2026-07-15 14:36:44,SYSTEM_SEED,SYSTEM_SEED
ACC-03601,Wazir Sarraf,30,26-35,MALE,42963000000035021,Chitradurga East,Hospital pharmacist,1,2025-11-20,2025-11-20,,,2026-07-15 14:36:44,2026-07-15 14:36:44,SYSTEM_SEED,SYSTEM_SEED
ACC-03602,Eesha Din,27,26-35,FEMALE,42963000000035016,Bengaluru Urban West,Translator,1,2021-10-12,2021-10-12,,,2026-07-15 14:36:44,2026-07-15 14:36:44,SYSTEM_SEED,SYSTEM_SEED
ACC-03603,Shivakumar Shetty,26,26-35,MALE,42963000000035039,Uttara Kannada Taluk HQ,"Horticulturist, commercial",1,2022-04-13,2022-04-13,,,2026-07-15 14:36:44,2026-07-15 14:36:44,SYSTEM_SEED,SYSTEM_SEED
ACC-03604,Lavanya Kari,58,56-65,FEMALE,42963000000035032,Mandya East,Air broker,1,2024-09-04,2024-09-04,,,2026-07-15 14:36:44,2026-07-15 14:36:44,SYSTEM_SEED,SYSTEM_SEED
ACC-03605,Max Divan,53,46-55,MALE,42963000000035042,Vijayanagara East,Television/film/video producer,1,2025-06-19,2025-06-19,,,2026-07-15 14:36:44,2026-07-15 14:36:44,SYSTEM_SEED,SYSTEM_SEED
ACC-03606,Veeranna Gowda,51,46-55,MALE,42963000000035018,Chamarajanagar Taluk HQ,"Administrator, charities/voluntary organisations",1,2024-01-12,2024-01-12,,,2026-07-15 14:36:44,2026-07-15 14:36:44,SYSTEM_SEED,SYSTEM_SEED
ACC-03607,Parvatamma Kulkarni,19,18-25,FEMALE,42963000000035038,Udupi Rural,Futures trader,2,2022-12-24,2024-02-24,,,2026-07-15 14:36:44,2026-07-15 14:36:44,SYSTEM_SEED,SYSTEM_SEED
ACC-03608,Pushpalatha Kulkarni,39,36-45,FEMALE,42963000000035018,Chamarajanagar North,Medical physicist,1,2023-02-04,2023-02-04,,,2026-07-15 14:36:44,2026-07-15 14:36:44,SYSTEM_SEED,SYSTEM_SEED
ACC-03609,Nagaveni Shetty,50,46-55,FEMALE,42963000000035033,Mysuru East,Rural practice surveyor,1,2024-01-09,2024-01-09,,,2026-07-15 14:36:44,2026-07-15 14:36:44,SYSTEM_SEED,SYSTEM_SEED
ACC-03610,William Garde,53,46-55,MALE,42963000000035023,Davanagere Rural,Local government officer,1,2021-09-12,2021-09-12,,,2026-07-15 14:36:44,2026-07-15 14:36:44,SYSTEM_SEED,SYSTEM_SEED
ACC-03611,Gopalakrishna Nayak,58,56-65,MALE,42963000000035016,Bengaluru Urban West,"Designer, furniture",2,2021-01-30,2025-12-14,,,2026-07-15 14:36:44,2026-07-15 14:36:44,SYSTEM_SEED,SYSTEM_SEED
ACC-03612,Rachit Radhakrishnan,61,56-65,MALE,42963000000035026,Hassan Taluk HQ,Radio producer,1,2021-08-04,2021-08-04,,,2026-07-15 14:36:44,2026-07-15 14:36:44,SYSTEM_SEED,SYSTEM_SEED
ACC-03613,Veeranna Nayak,42,36-45,MALE,42963000000035017,Bidar Rural,"Doctor, general practice",1,2024-09-17,2024-09-17,,,2026-07-15 14:36:44,2026-07-15 14:36:44,SYSTEM_SEED,SYSTEM_SEED
ACC-03614,Veeranna Achar,19,18-25,MALE,42963000000035031,Koppal Taluk HQ,"Scientist, water quality",1,2023-04-22,2023-04-22,,,2026-07-15 14:36:44,2026-07-15 14:36:44,SYSTEM_SEED,SYSTEM_SEED
ACC-03615,Girijamma Urs,60,56-65,FEMALE,42963000000035016,Bengaluru Urban Rural,Race relations officer,1,2022-10-04,2022-10-04,,,2026-07-15 14:36:44,2026-07-15 14:36:44,SYSTEM_SEED,SYSTEM_SEED
ACC-03616,Wyatt Raghavan,46,46-55,MALE,42963000000035018,Chamarajanagar North,"Administrator, education",1,2024-01-30,2024-01-30,,,2026-07-15 14:36:44,2026-07-15 14:36:44,SYSTEM_SEED,SYSTEM_SEED
ACC-03617,Onveer Kar,64,56-65,MALE,42963000000035022,Dakshina Kannada South,Insurance broker,1,2021-11-28,2021-11-28,,,2026-07-15 14:36:44,2026-07-15 14:36:44,SYSTEM_SEED,SYSTEM_SEED
ACC-03618,Jasmit Doctor,39,36-45,FEMALE,42963000000035026,Hassan East,Health physicist,1,2024-10-02,2024-10-02,,,2026-07-15 14:36:44,2026-07-15 14:36:44,SYSTEM_SEED,SYSTEM_SEED
ACC-03619,Basavaraj Bhat,41,36-45,MALE,42963000000035028,Kalaburagi South,Transport planner,1,2023-04-02,2023-04-02,,,2026-07-15 14:36:44,2026-07-15 14:36:44,SYSTEM_SEED,SYSTEM_SEED
ACC-03620,Guneet Parikh,29,26-35,MALE,42963000000035027,Haveri East,Research scientist (physical sciences),1,2022-01-03,2022-01-03,,,2026-07-15 14:36:44,2026-07-15 14:36:44,SYSTEM_SEED,SYSTEM_SEED
ACC-03621,Abeer Viswanathan,56,56-65,MALE,42963000000035041,Yadgir Taluk HQ,Estate agent,1,2025-11-17,2025-11-17,,,2026-07-15 14:36:44,2026-07-15 14:36:44,SYSTEM_SEED,SYSTEM_SEED
ACC-03622,Rajata Bali,62,56-65,FEMALE,42963000000035020,Chikkamagaluru West,Oceanographer,1,2025-10-03,2025-10-03,,,2026-07-15 14:36:44,2026-07-15 14:36:44,SYSTEM_SEED,SYSTEM_SEED
ACC-03623,Nitesh Tripathi,56,56-65,MALE,42963000000035034,Raichur East,Broadcast engineer,1,2022-10-28,2022-10-28,,,2026-07-15 14:36:44,2026-07-15 14:36:44,SYSTEM_SEED,SYSTEM_SEED
ACC-03624,Shanthakumari Devadiga,22,18-25,FEMALE,42963000000035033,Mysuru North,Geoscientist,1,2022-04-20,2022-04-20,,,2026-07-15 14:36:44,2026-07-15 14:36:44,SYSTEM_SEED,SYSTEM_SEED
ACC-03625,Sujathamma Gowda,32,26-35,FEMALE,42963000000035024,Dharwad Taluk HQ,Surgeon,1,2022-04-07,2022-04-07,,,2026-07-15 14:36:44,2026-07-15 14:36:44,SYSTEM_SEED,SYSTEM_SEED
ACC-03626,Ayaan Sekhon,43,36-45,MALE,42963000000035021,Chitradurga Taluk HQ,Tax adviser,1,2021-03-14,2021-03-14,,,2026-07-15 14:36:44,2026-07-15 14:36:44,SYSTEM_SEED,SYSTEM_SEED
ACC-03627,Krisha Kunda,32,26-35,FEMALE,42963000000035023,Davanagere South,"Education officer, museum",1,2024-05-17,2024-05-17,,,2026-07-15 14:36:44,2026-07-15 14:36:44,SYSTEM_SEED,SYSTEM_SEED
ACC-03628,Rathnamma Poojary,55,46-55,FEMALE,42963000000035038,Udupi Rural,Financial risk analyst,2,2022-05-28,2023-02-21,,,2026-07-15 14:36:44,2026-07-15 14:36:44,SYSTEM_SEED,SYSTEM_SEED
ACC-03629,Ravindranath Achar,19,18-25,MALE,42963000000035025,Gadag West,Estate agent,1,2025-02-07,2025-02-07,,,2026-07-15 14:36:44,2026-07-15 14:36:44,SYSTEM_SEED,SYSTEM_SEED
ACC-03630,Gaurang Baria,28,26-35,MALE,42963000000035030,Kolar South,Transport planner,1,2022-03-07,2022-03-07,,,2026-07-15 14:36:44,2026-07-15 14:36:44,SYSTEM_SEED,SYSTEM_SEED
ACC-03631,Maya Chand,35,26-35,FEMALE,42963000000035020,Chikkamagaluru East,Energy manager,1,2022-12-23,2022-12-23,,,2026-07-15 14:36:44,2026-07-15 14:36:44,SYSTEM_SEED,SYSTEM_SEED
ACC-03632,Ekaja Virk,29,26-35,FEMALE,42963000000035021,Chitradurga Taluk HQ,Immunologist,1,2021-02-08,2021-02-08,,,2026-07-15 14:36:44,2026-07-15 14:36:44,SYSTEM_SEED,SYSTEM_SEED
ACC-03633,Jagadish Shetty,52,46-55,MALE,42963000000035019,Chikballapur North,"Biochemist, clinical",1,2022-08-04,2022-08-04,,,2026-07-15 14:36:44,2026-07-15 14:36:44,SYSTEM_SEED,SYSTEM_SEED
ACC-03634,Chandrashekar Shetty,31,26-35,MALE,42963000000035020,Chikkamagaluru Taluk HQ,"Engineer, maintenance (IT)",1,2021-09-24,2021-09-24,,,2026-07-15 14:36:44,2026-07-15 14:36:44,SYSTEM_SEED,SYSTEM_SEED
ACC-03635,Puttaswamy Rai,47,46-55,MALE,42963000000035033,Mysuru North,Estate agent,2,2024-01-10,2025-09-26,,,2026-07-15 14:36:44,2026-07-15 14:36:44,SYSTEM_SEED,SYSTEM_SEED
ACC-03636,Puttaswamy Rai,43,36-45,MALE,42963000000035028,Kalaburagi East,Financial planner,2,2024-08-19,2024-11-10,,,2026-07-15 14:36:44,2026-07-15 14:36:44,SYSTEM_SEED,SYSTEM_SEED
ACC-03637,Vedika Chaudhari,36,36-45,FEMALE,42963000000035036,Shivamogga Taluk HQ,Software engineer,1,2021-06-21,2021-06-21,,,2026-07-15 14:36:44,2026-07-15 14:36:44,SYSTEM_SEED,SYSTEM_SEED
ACC-03638,Nathaniel Bora,42,36-45,MALE,42963000000035016,Bengaluru Urban East,"Engineer, chemical",1,2022-10-23,2022-10-23,,,2026-07-15 14:36:44,2026-07-15 14:36:44,SYSTEM_SEED,SYSTEM_SEED
ACC-03639,Siddalingaiah Gowda,18,18-25,MALE,42963000000035016,Bengaluru Urban North,Purchasing manager,1,2022-03-11,2022-03-11,,,2026-07-15 14:36:44,2026-07-15 14:36:44,SYSTEM_SEED,SYSTEM_SEED
ACC-03640,Puttaswamy Nayak,31,26-35,MALE,42963000000035017,Bidar West,Commercial horticulturist,1,2025-02-05,2025-02-05,,,2026-07-15 14:36:44,2026-07-15 14:36:44,SYSTEM_SEED,SYSTEM_SEED
ACC-03641,Chakrika Soni,36,36-45,FEMALE,42963000000035022,Dakshina Kannada Taluk HQ,"Engineer, civil (consulting)",2,2021-03-26,2021-08-17,,,2026-07-15 14:36:44,2026-07-15 14:36:44,SYSTEM_SEED,SYSTEM_SEED
ACC-03642,Janaki Sur,38,36-45,FEMALE,42963000000035030,Kolar North,Hydrologist,1,2022-11-09,2022-11-09,,,2026-07-15 14:36:44,2026-07-15 14:36:44,SYSTEM_SEED,SYSTEM_SEED
ACC-03643,Basavaraj Kulkarni,51,46-55,MALE,42963000000035022,Dakshina Kannada North,"Teacher, adult education",1,2021-12-11,2021-12-11,,,2026-07-15 14:36:44,2026-07-15 14:36:44,SYSTEM_SEED,SYSTEM_SEED
ACC-03644,Channabasappa Achar,56,56-65,MALE,42963000000035024,Dharwad Taluk HQ,Acupuncturist,1,2025-04-06,2025-04-06,,,2026-07-15 14:36:44,2026-07-15 14:36:44,SYSTEM_SEED,SYSTEM_SEED
ACC-03645,Dayita Savant,46,46-55,FEMALE,42963000000035016,Bengaluru Urban North,"Engineer, broadcasting (operations)",2,2021-12-23,2022-04-09,,,2026-07-15 14:36:44,2026-07-15 14:36:44,SYSTEM_SEED,SYSTEM_SEED
ACC-03646,Prakash Hegde,56,56-65,MALE,42963000000035016,Bengaluru Urban East,Theme park manager,1,2023-04-04,2023-04-04,,,2026-07-15 14:36:44,2026-07-15 14:36:44,SYSTEM_SEED,SYSTEM_SEED
ACC-03647,Aadi Krishnamurthy,47,46-55,MALE,42963000000035026,Hassan Taluk HQ,Optometrist,1,2024-03-11,2024-03-11,,,2026-07-15 14:36:44,2026-07-15 14:36:44,SYSTEM_SEED,SYSTEM_SEED
ACC-03648,Yatin Goda,40,36-45,MALE,42963000000035032,Mandya East,Land/geomatics surveyor,1,2023-10-05,2023-10-05,,,2026-07-15 14:36:44,2026-07-15 14:36:44,SYSTEM_SEED,SYSTEM_SEED
ACC-03649,Yasti Mander,42,36-45,FEMALE,42963000000035028,Kalaburagi Taluk HQ,Hydrographic surveyor,1,2024-06-12,2024-06-12,,,2026-07-15 14:36:44,2026-07-15 14:36:44,SYSTEM_SEED,SYSTEM_SEED
ACC-03650,Rathnamma Setty,43,36-45,FEMALE,42963000000035017,Bidar Taluk HQ,"Geneticist, molecular",1,2022-12-09,2022-12-09,,,2026-07-15 14:36:44,2026-07-15 14:36:44,SYSTEM_SEED,SYSTEM_SEED
ACC-03651,Kariyappa Bhat,31,26-35,MALE,42963000000035016,Bengaluru Urban Taluk HQ,Ship broker,1,2025-06-14,2025-06-14,,,2026-07-15 14:36:44,2026-07-15 14:36:44,SYSTEM_SEED,SYSTEM_SEED
ACC-03652,Onkar Maharaj,37,36-45,MALE,42963000000035026,Hassan South,"Surveyor, mining",1,2022-01-21,2022-01-21,,,2026-07-15 14:36:44,2026-07-15 14:36:44,SYSTEM_SEED,SYSTEM_SEED
ACC-03653,Harish Nayak,18,18-25,MALE,42963000000035016,Bengaluru Urban West,Retail manager,1,2021-02-10,2021-02-10,,,2026-07-15 14:36:44,2026-07-15 14:36:44,SYSTEM_SEED,SYSTEM_SEED
ACC-03654,Manjunath Poojary,21,18-25,MALE,42963000000035015,Bengaluru Rural South,Insurance broker,1,2022-01-25,2022-01-25,,,2026-07-15 14:36:44,2026-07-15 14:36:44,SYSTEM_SEED,SYSTEM_SEED
ACC-03655,Daksh Gopal,57,56-65,MALE,42963000000035018,Chamarajanagar Taluk HQ,Ranger/warden,1,2021-11-21,2021-11-21,,,2026-07-15 14:36:44,2026-07-15 14:36:44,SYSTEM_SEED,SYSTEM_SEED
ACC-03656,Basavaraj Naik,56,56-65,MALE,42963000000035014,Belagavi Rural,Accounting technician,1,2024-11-18,2024-11-18,,,2026-07-15 14:36:44,2026-07-15 14:36:44,SYSTEM_SEED,SYSTEM_SEED
ACC-03657,Wahab Tandon,55,46-55,MALE,42963000000035030,Kolar East,"Development worker, community",1,2021-11-27,2021-11-27,,,2026-07-15 14:36:44,2026-07-15 14:36:44,SYSTEM_SEED,SYSTEM_SEED
ACC-03658,Nagaraj Urs,27,26-35,MALE,42963000000035016,Bengaluru Urban East,Editorial assistant,1,2022-07-21,2022-07-21,,,2026-07-15 14:36:44,2026-07-15 14:36:44,SYSTEM_SEED,SYSTEM_SEED
ACC-03659,Channabasappa Shetty,22,18-25,MALE,42963000000035025,Gadag Taluk HQ,Brewing technologist,1,2022-06-12,2022-06-12,,,2026-07-15 14:36:44,2026-07-15 14:36:44,SYSTEM_SEED,SYSTEM_SEED
ACC-03660,Nidra Chandra,64,56-65,FEMALE,42963000000035024,Dharwad North,Probation officer,1,2023-12-03,2023-12-03,,,2026-07-15 14:36:44,2026-07-15 14:36:44,SYSTEM_SEED,SYSTEM_SEED
ACC-03661,Hemani Hari,32,26-35,FEMALE,42963000000035012,Bagalkot South,Clinical embryologist,1,2021-11-27,2021-11-27,,,2026-07-15 14:36:44,2026-07-15 14:36:44,SYSTEM_SEED,SYSTEM_SEED
ACC-03662,Manjunath Hegde,64,56-65,MALE,42963000000035035,Ramanagara East,Exhibition designer,1,2023-05-21,2023-05-21,,,2026-07-15 14:36:44,2026-07-15 14:36:44,SYSTEM_SEED,SYSTEM_SEED
ACC-03663,Nikita Thaker,59,56-65,FEMALE,42963000000035029,Kodagu West,Industrial/product designer,2,2022-11-24,2023-03-29,,,2026-07-15 14:36:44,2026-07-15 14:36:44,SYSTEM_SEED,SYSTEM_SEED
ACC-03664,Sujathamma Urs,22,18-25,FEMALE,42963000000035020,Chikkamagaluru South,IT consultant,1,2025-04-12,2025-04-12,,,2026-07-15 14:36:44,2026-07-15 14:36:44,SYSTEM_SEED,SYSTEM_SEED
ACC-03665,Dalaja Mital,33,26-35,FEMALE,42963000000035024,Dharwad Taluk HQ,Travel agency manager,1,2021-04-06,2021-04-06,,,2026-07-15 14:36:44,2026-07-15 14:36:44,SYSTEM_SEED,SYSTEM_SEED
ACC-03666,Faras Naik,57,56-65,MALE,42963000000035020,Chikkamagaluru North,"Designer, graphic",1,2024-10-09,2024-10-09,,,2026-07-15 14:36:44,2026-07-15 14:36:44,SYSTEM_SEED,SYSTEM_SEED
ACC-03667,Rudra Garg,61,56-65,MALE,42963000000035029,Kodagu Taluk HQ,"Designer, industrial/product",1,2023-07-09,2023-07-09,,,2026-07-15 14:36:44,2026-07-15 14:36:44,SYSTEM_SEED,SYSTEM_SEED
ACC-03668,Nicholas Varty,60,56-65,MALE,42963000000035024,Dharwad East,Public relations account executive,1,2021-08-10,2021-08-10,,,2026-07-15 14:36:44,2026-07-15 14:36:44,SYSTEM_SEED,SYSTEM_SEED
ACC-03669,Kariyappa Nayak,63,56-65,MALE,42963000000035023,Davanagere East,"Therapist, nutritional",1,2021-10-15,2021-10-15,,,2026-07-15 14:36:44,2026-07-15 14:36:44,SYSTEM_SEED,SYSTEM_SEED
ACC-03670,Krish Karnik,59,56-65,MALE,42963000000035038,Udupi North,General practice doctor,1,2021-08-10,2021-08-10,,,2026-07-15 14:36:44,2026-07-15 14:36:44,SYSTEM_SEED,SYSTEM_SEED
ACC-03671,Gopalakrishna Kulkarni,19,18-25,MALE,42963000000035034,Raichur Rural,Public house manager,1,2023-11-29,2023-11-29,,,2026-07-15 14:36:44,2026-07-15 14:36:44,SYSTEM_SEED,SYSTEM_SEED
ACC-03672,Qasim Dhillon,59,56-65,MALE,42963000000035021,Chitradurga East,Information officer,1,2023-08-13,2023-08-13,,,2026-07-15 14:36:44,2026-07-15 14:36:44,SYSTEM_SEED,SYSTEM_SEED
ACC-03673,Peter Murty,60,56-65,MALE,42963000000035014,Belagavi Taluk HQ,"Production assistant, television",2,2021-08-20,2023-09-16,,,2026-07-15 14:36:44,2026-07-15 14:36:44,SYSTEM_SEED,SYSTEM_SEED
ACC-03674,Harish Reddy,27,26-35,MALE,42963000000035016,Bengaluru Urban East,Insurance account manager,1,2025-08-17,2025-08-17,,,2026-07-15 14:36:44,2026-07-15 14:36:44,SYSTEM_SEED,SYSTEM_SEED
ACC-03675,Ronith Sahni,58,56-65,MALE,42963000000035026,Hassan Taluk HQ,"Accountant, chartered public finance",1,2021-10-14,2021-10-14,,,2026-07-15 14:36:44,2026-07-15 14:36:44,SYSTEM_SEED,SYSTEM_SEED
ACC-03676,Ayaan Rege,42,36-45,MALE,42963000000035029,Kodagu East,Manufacturing systems engineer,1,2023-05-26,2023-05-26,,,2026-07-15 14:36:44,2026-07-15 14:36:44,SYSTEM_SEED,SYSTEM_SEED
ACC-03677,Lokesh Nayak,31,26-35,MALE,42963000000035022,Dakshina Kannada East,Counselling psychologist,1,2023-06-22,2023-06-22,,,2026-07-15 14:36:44,2026-07-15 14:36:44,SYSTEM_SEED,SYSTEM_SEED
ACC-03678,Laksh Bahl,25,18-25,MALE,42963000000035026,Hassan Taluk HQ,"Engineer, electrical",1,2021-10-11,2021-10-11,,,2026-07-15 14:36:44,2026-07-15 14:36:44,SYSTEM_SEED,SYSTEM_SEED
ACC-03679,Lavanya Menon,26,26-35,FEMALE,42963000000035022,Dakshina Kannada Rural,Midwife,1,2021-11-09,2021-11-09,,,2026-07-15 14:36:44,2026-07-15 14:36:44,SYSTEM_SEED,SYSTEM_SEED
ACC-03680,Manjunath Devadiga,36,36-45,MALE,42963000000035030,Kolar Taluk HQ,Aeronautical engineer,1,2022-05-12,2022-05-12,,,2026-07-15 14:36:44,2026-07-15 14:36:44,SYSTEM_SEED,SYSTEM_SEED
ACC-03681,Prakash Poojary,23,18-25,MALE,42963000000035020,Chikkamagaluru Taluk HQ,IT technical support officer,1,2023-07-10,2023-07-10,,,2026-07-15 14:36:44,2026-07-15 14:36:44,SYSTEM_SEED,SYSTEM_SEED
ACC-03682,Sai Nanda,20,18-25,FEMALE,42963000000035013,Ballari East,"Surveyor, insurance",1,2024-09-28,2024-09-28,,,2026-07-15 14:36:44,2026-07-15 14:36:44,SYSTEM_SEED,SYSTEM_SEED
ACC-03683,Vasanthamma Achar,39,36-45,FEMALE,42963000000035033,Mysuru Rural,"Surveyor, minerals",1,2025-05-29,2025-05-29,,,2026-07-15 14:36:44,2026-07-15 14:36:44,SYSTEM_SEED,SYSTEM_SEED
ACC-03684,Janaki Thakur,27,26-35,FEMALE,42963000000035037,Tumakuru Taluk HQ,Printmaker,1,2022-05-26,2022-05-26,,,2026-07-15 14:36:44,2026-07-15 14:36:44,SYSTEM_SEED,SYSTEM_SEED
ACC-03685,Chatresh Borde,31,26-35,MALE,42963000000035016,Bengaluru Urban West,Financial manager,1,2024-10-09,2024-10-09,,,2026-07-15 14:36:44,2026-07-15 14:36:44,SYSTEM_SEED,SYSTEM_SEED
ACC-03686,Nicholas Srinivasan,60,56-65,MALE,42963000000035029,Kodagu East,"Therapist, horticultural",2,2021-03-22,2022-10-31,,,2026-07-15 14:36:44,2026-07-15 14:36:44,SYSTEM_SEED,SYSTEM_SEED
ACC-03687,Arin Ramakrishnan,57,56-65,MALE,42963000000035017,Bidar West,"Radiographer, therapeutic",1,2024-06-25,2024-06-25,,,2026-07-15 14:36:44,2026-07-15 14:36:44,SYSTEM_SEED,SYSTEM_SEED
ACC-03688,Logan Prashad,63,56-65,MALE,42963000000035018,Chamarajanagar West,Barrister's clerk,1,2025-07-18,2025-07-18,,,2026-07-15 14:36:44,2026-07-15 14:36:44,SYSTEM_SEED,SYSTEM_SEED
ACC-03689,Ayaan Oommen,30,26-35,MALE,42963000000035034,Raichur South,Health and safety adviser,1,2024-09-30,2024-09-30,,,2026-07-15 14:36:44,2026-07-15 14:36:44,SYSTEM_SEED,SYSTEM_SEED
ACC-03690,Theodore Mane,54,46-55,MALE,42963000000035014,Belagavi North,Clinical psychologist,1,2023-10-14,2023-10-14,,,2026-07-15 14:36:44,2026-07-15 14:36:44,SYSTEM_SEED,SYSTEM_SEED
ACC-03691,Nagaraj Nayak,51,46-55,MALE,42963000000035016,Bengaluru Urban Taluk HQ,Public house manager,1,2025-05-18,2025-05-18,,,2026-07-15 14:36:44,2026-07-15 14:36:44,SYSTEM_SEED,SYSTEM_SEED
ACC-03692,Shivakumar Reddy,42,36-45,MALE,42963000000035035,Ramanagara South,Contractor,1,2023-03-22,2023-03-22,,,2026-07-15 14:36:44,2026-07-15 14:36:44,SYSTEM_SEED,SYSTEM_SEED
ACC-03693,Nicholas Sachdev,29,26-35,MALE,42963000000035023,Davanagere North,"Designer, blown glass/stained glass",2,2023-10-02,2025-08-18,,,2026-07-15 14:36:44,2026-07-15 14:36:44,SYSTEM_SEED,SYSTEM_SEED
ACC-03694,Kariyappa Shetty,41,36-45,MALE,42963000000035014,Belagavi South,Dentist,1,2021-03-11,2021-03-11,,,2026-07-15 14:36:44,2026-07-15 14:36:44,SYSTEM_SEED,SYSTEM_SEED
ACC-03695,Irya Chakrabarti,40,36-45,FEMALE,42963000000035017,Bidar North,Primary school teacher,1,2024-07-06,2024-07-06,,,2026-07-15 14:36:44,2026-07-15 14:36:44,SYSTEM_SEED,SYSTEM_SEED
ACC-03696,Ravindranath Rai,49,46-55,MALE,42963000000035040,Vijayapura East,Financial trader,1,2022-12-30,2022-12-30,,,2026-07-15 14:36:44,2026-07-15 14:36:44,SYSTEM_SEED,SYSTEM_SEED
ACC-03697,Leena Wali,57,56-65,FEMALE,42963000000035024,Dharwad West,"Horticulturist, amenity",1,2024-03-28,2024-03-28,,,2026-07-15 14:36:44,2026-07-15 14:36:44,SYSTEM_SEED,SYSTEM_SEED
ACC-03698,Ekaraj Bir,46,46-55,MALE,42963000000035025,Gadag North,Interior and spatial designer,1,2025-08-19,2025-08-19,,,2026-07-15 14:36:44,2026-07-15 14:36:44,SYSTEM_SEED,SYSTEM_SEED
ACC-03699,Vansha Kala,28,26-35,FEMALE,42963000000035019,Chikballapur South,Educational psychologist,1,2021-05-15,2021-05-15,,,2026-07-15 14:36:44,2026-07-15 14:36:44,SYSTEM_SEED,SYSTEM_SEED
ACC-03700,Prakash Reddy,63,56-65,MALE,42963000000035022,Dakshina Kannada Rural,IT sales professional,2,2022-01-17,2025-11-24,,,2026-07-15 14:36:44,2026-07-15 14:36:44,SYSTEM_SEED,SYSTEM_SEED
ACC-03701,Ishaan Sharma,26,26-35,MALE,42963000000035021,Chitradurga West,Medical illustrator,2,2022-07-03,2024-12-20,,,2026-07-15 14:36:44,2026-07-15 14:36:44,SYSTEM_SEED,SYSTEM_SEED
ACC-03702,Ira Lad,26,26-35,FEMALE,42963000000035041,Yadgir East,Freight forwarder,1,2022-11-08,2022-11-08,,,2026-07-15 14:36:44,2026-07-15 14:36:44,SYSTEM_SEED,SYSTEM_SEED
ACC-03703,Ekiya Dar,52,46-55,FEMALE,42963000000035040,Vijayapura North,Paediatric nurse,2,2021-02-13,2024-05-06,,,2026-07-15 14:36:44,2026-07-15 14:36:44,SYSTEM_SEED,SYSTEM_SEED
ACC-03704,Rudra Sur,61,56-65,MALE,42963000000035014,Belagavi North,Art therapist,1,2025-08-13,2025-08-13,,,2026-07-15 14:36:44,2026-07-15 14:36:44,SYSTEM_SEED,SYSTEM_SEED
ACC-03705,Yashvi Prakash,46,46-55,FEMALE,42963000000035037,Tumakuru North,"Administrator, sports",1,2022-10-06,2022-10-06,,,2026-07-15 14:36:44,2026-07-15 14:36:44,SYSTEM_SEED,SYSTEM_SEED
ACC-03706,Anamika Thaman,56,56-65,FEMALE,42963000000035040,Vijayapura Rural,"Journalist, newspaper",1,2021-08-13,2021-08-13,,,2026-07-15 14:36:44,2026-07-15 14:36:44,SYSTEM_SEED,SYSTEM_SEED
ACC-03707,Lohit Nath,19,18-25,MALE,42963000000035029,Kodagu North,Broadcast engineer,1,2024-08-20,2024-08-20,,,2026-07-15 14:36:44,2026-07-15 14:36:44,SYSTEM_SEED,SYSTEM_SEED
ACC-03708,Jagadish Hegde,34,26-35,MALE,42963000000035032,Mandya North,Call centre manager,1,2021-10-08,2021-10-08,,,2026-07-15 14:36:44,2026-07-15 14:36:44,SYSTEM_SEED,SYSTEM_SEED
ACC-03709,Dayita Wali,54,46-55,FEMALE,42963000000035015,Bengaluru Rural Rural,"Designer, interior/spatial",1,2022-05-14,2022-05-14,,,2026-07-15 14:36:44,2026-07-15 14:36:44,SYSTEM_SEED,SYSTEM_SEED
ACC-03710,Lakshmamma Shetty,41,36-45,FEMALE,42963000000035038,Udupi East,Scientific laboratory technician,1,2023-05-06,2023-05-06,,,2026-07-15 14:36:44,2026-07-15 14:36:44,SYSTEM_SEED,SYSTEM_SEED
ACC-03711,Vinaya Halder,47,46-55,FEMALE,42963000000035026,Hassan Rural,"Buyer, industrial",1,2022-10-01,2022-10-01,,,2026-07-15 14:36:44,2026-07-15 14:36:44,SYSTEM_SEED,SYSTEM_SEED
ACC-03712,Rathnamma Devadiga,60,56-65,FEMALE,42963000000035033,Mysuru Rural,Plant breeder/geneticist,1,2022-04-01,2022-04-01,,,2026-07-15 14:36:44,2026-07-15 14:36:44,SYSTEM_SEED,SYSTEM_SEED
ACC-03713,Viraj Seth,54,46-55,MALE,42963000000035024,Dharwad South,"Designer, blown glass/stained glass",1,2023-02-08,2023-02-08,,,2026-07-15 14:36:44,2026-07-15 14:36:44,SYSTEM_SEED,SYSTEM_SEED
ACC-03714,Chandrashekar Devadiga,25,18-25,MALE,42963000000035037,Tumakuru Taluk HQ,Lawyer,2,2021-10-13,2025-02-02,,,2026-07-15 14:36:44,2026-07-15 14:36:44,SYSTEM_SEED,SYSTEM_SEED
ACC-03715,Hemani Nori,31,26-35,FEMALE,42963000000035018,Chamarajanagar North,Professor Emeritus,1,2023-10-14,2023-10-14,,,2026-07-15 14:36:44,2026-07-15 14:36:44,SYSTEM_SEED,SYSTEM_SEED
ACC-03716,Advaith Ratti,23,18-25,MALE,42963000000035020,Chikkamagaluru North,"Teacher, special educational needs",1,2023-11-19,2023-11-19,,,2026-07-15 14:36:44,2026-07-15 14:36:44,SYSTEM_SEED,SYSTEM_SEED
ACC-03717,Aarini Ramakrishnan,33,26-35,FEMALE,42963000000035017,Bidar North,Advertising account executive,1,2024-06-11,2024-06-11,,,2026-07-15 14:36:44,2026-07-15 14:36:44,SYSTEM_SEED,SYSTEM_SEED
ACC-03718,Isaiah Naidu,62,56-65,MALE,42963000000035014,Belagavi Rural,Physiotherapist,1,2023-08-15,2023-08-15,,,2026-07-15 14:36:44,2026-07-15 14:36:44,SYSTEM_SEED,SYSTEM_SEED
ACC-03719,Kai Kapoor,35,26-35,MALE,42963000000035021,Chitradurga East,Television/film/video producer,1,2021-12-18,2021-12-18,,,2026-07-15 14:36:44,2026-07-15 14:36:44,SYSTEM_SEED,SYSTEM_SEED
ACC-03720,Veer Iyer,49,46-55,MALE,42963000000035022,Dakshina Kannada Taluk HQ,"Teacher, special educational needs",1,2023-12-26,2023-12-26,,,2026-07-15 14:36:44,2026-07-15 14:36:44,SYSTEM_SEED,SYSTEM_SEED
ACC-03721,Faraj Gulati,43,36-45,MALE,42963000000035017,Bidar Rural,Data scientist,1,2024-12-02,2024-12-02,,,2026-07-15 14:36:44,2026-07-15 14:36:44,SYSTEM_SEED,SYSTEM_SEED
ACC-03722,Nikita Golla,26,26-35,FEMALE,42963000000035036,Shivamogga West,Chiropractor,1,2023-05-10,2023-05-10,,,2026-07-15 14:36:44,2026-07-15 14:36:44,SYSTEM_SEED,SYSTEM_SEED
ACC-03723,Jagadish Setty,45,36-45,MALE,42963000000035017,Bidar North,Agricultural engineer,1,2022-07-17,2022-07-17,,,2026-07-15 14:36:44,2026-07-15 14:36:44,SYSTEM_SEED,SYSTEM_SEED
ACC-03724,Devansh Zachariah,19,18-25,MALE,42963000000035035,Ramanagara Rural,Magazine features editor,2,2022-09-27,2024-10-19,,,2026-07-15 14:36:44,2026-07-15 14:36:44,SYSTEM_SEED,SYSTEM_SEED
ACC-03725,Nihal Murty,61,56-65,MALE,42963000000035025,Gadag South,Event organiser,2,2023-09-29,2025-08-15,,,2026-07-15 14:36:44,2026-07-15 14:36:44,SYSTEM_SEED,SYSTEM_SEED
ACC-03726,Vasanthamma Poojary,26,26-35,FEMALE,42963000000035022,Dakshina Kannada North,"Engineer, manufacturing",1,2023-01-10,2023-01-10,,,2026-07-15 14:36:44,2026-07-15 14:36:44,SYSTEM_SEED,SYSTEM_SEED
ACC-03727,Max Gade,31,26-35,MALE,42963000000035023,Davanagere West,Photographer,1,2024-01-23,2024-01-23,,,2026-07-15 14:36:44,2026-07-15 14:36:44,SYSTEM_SEED,SYSTEM_SEED
ACC-03728,Jackson Kalla,42,36-45,MALE,42963000000035012,Bagalkot North,Marine scientist,1,2025-11-01,2025-11-01,,,2026-07-15 14:36:44,2026-07-15 14:36:44,SYSTEM_SEED,SYSTEM_SEED
ACC-03729,Ekapad Sarraf,62,56-65,MALE,42963000000035026,Hassan Rural,Community pharmacist,1,2022-12-15,2022-12-15,,,2026-07-15 14:36:44,2026-07-15 14:36:44,SYSTEM_SEED,SYSTEM_SEED
ACC-03730,Agastya Sawhney,65,56-65,MALE,42963000000035030,Kolar East,"Engineer, manufacturing",1,2025-11-13,2025-11-13,,,2026-07-15 14:36:44,2026-07-15 14:36:44,SYSTEM_SEED,SYSTEM_SEED
ACC-03731,Aryan Sekhon,18,18-25,MALE,42963000000035036,Shivamogga South,Print production planner,1,2021-02-02,2021-02-02,,,2026-07-15 14:36:44,2026-07-15 14:36:44,SYSTEM_SEED,SYSTEM_SEED
ACC-03732,Hardik Jha,56,56-65,MALE,42963000000035039,Uttara Kannada West,Museum/gallery conservator,1,2021-02-05,2021-02-05,,,2026-07-15 14:36:44,2026-07-15 14:36:44,SYSTEM_SEED,SYSTEM_SEED
ACC-03733,Chakradhar Gill,26,26-35,MALE,42963000000035012,Bagalkot East,Risk manager,1,2021-06-11,2021-06-11,,,2026-07-15 14:36:44,2026-07-15 14:36:44,SYSTEM_SEED,SYSTEM_SEED
ACC-03734,Gautami Kadakia,35,26-35,FEMALE,42963000000035027,Haveri Taluk HQ,Community arts worker,1,2024-07-30,2024-07-30,,,2026-07-15 14:36:44,2026-07-15 14:36:44,SYSTEM_SEED,SYSTEM_SEED
ACC-03735,Praneel Nadig,30,26-35,MALE,42963000000035016,Bengaluru Urban Taluk HQ,Pathologist,1,2022-04-06,2022-04-06,,,2026-07-15 14:36:44,2026-07-15 14:36:44,SYSTEM_SEED,SYSTEM_SEED
ACC-03736,Basavaraj Hegde,54,46-55,MALE,42963000000035040,Vijayapura Taluk HQ,"Engineer, aeronautical",1,2025-12-24,2025-12-24,,,2026-07-15 14:36:44,2026-07-15 14:36:44,SYSTEM_SEED,SYSTEM_SEED
ACC-03737,Raghavendra Setty,39,36-45,MALE,42963000000035020,Chikkamagaluru West,"Engineer, materials",1,2022-03-18,2022-03-18,,,2026-07-15 14:36:44,2026-07-15 14:36:44,SYSTEM_SEED,SYSTEM_SEED
ACC-03738,Zehaan Parsa,63,56-65,MALE,42963000000035032,Mandya Taluk HQ,Purchasing manager,1,2024-06-06,2024-06-06,,,2026-07-15 14:36:44,2026-07-15 14:36:44,SYSTEM_SEED,SYSTEM_SEED
ACC-03739,Thimmaiah Urs,52,46-55,MALE,42963000000035038,Udupi West,Freight forwarder,1,2025-10-08,2025-10-08,,,2026-07-15 14:36:44,2026-07-15 14:36:44,SYSTEM_SEED,SYSTEM_SEED
ACC-03740,Vedant Babu,54,46-55,MALE,42963000000035030,Kolar Taluk HQ,Actor,1,2021-07-06,2021-07-06,,,2026-07-15 14:36:44,2026-07-15 14:36:44,SYSTEM_SEED,SYSTEM_SEED
ACC-03741,Prakash Gowda,36,36-45,MALE,42963000000035018,Chamarajanagar South,Museum/gallery conservator,2,2025-01-21,2025-11-13,,,2026-07-15 14:36:44,2026-07-15 14:36:44,SYSTEM_SEED,SYSTEM_SEED
ACC-03742,Sudiksha Chaudhry,33,26-35,FEMALE,42963000000035014,Belagavi West,Marine scientist,1,2025-09-27,2025-09-27,,,2026-07-15 14:36:44,2026-07-15 14:36:44,SYSTEM_SEED,SYSTEM_SEED
ACC-03743,Puttaswamy Poojary,39,36-45,MALE,42963000000035014,Belagavi West,Media planner,2,2022-04-01,2025-04-12,,,2026-07-15 14:36:44,2026-07-15 14:36:44,SYSTEM_SEED,SYSTEM_SEED
ACC-03744,Lokesh Devadiga,58,56-65,MALE,42963000000035031,Koppal South,Insurance claims handler,1,2021-07-20,2021-07-20,,,2026-07-15 14:36:44,2026-07-15 14:36:44,SYSTEM_SEED,SYSTEM_SEED
ACC-03745,Teerth Mital,47,46-55,MALE,42963000000035021,Chitradurga North,Estate manager/land agent,1,2023-09-14,2023-09-14,,,2026-07-15 14:36:44,2026-07-15 14:36:44,SYSTEM_SEED,SYSTEM_SEED
ACC-03746,Ravindranath Bhat,20,18-25,MALE,42963000000035029,Kodagu South,Chartered accountant,1,2025-06-21,2025-06-21,,,2026-07-15 14:36:44,2026-07-15 14:36:44,SYSTEM_SEED,SYSTEM_SEED
ACC-03747,Siddalingaiah Bhat,42,36-45,MALE,42963000000035019,Chikballapur South,Newspaper journalist,2,2024-05-17,2025-09-26,,,2026-07-15 14:36:44,2026-07-15 14:36:44,SYSTEM_SEED,SYSTEM_SEED
ACC-03748,Abhiram Maharaj,20,18-25,MALE,42963000000035015,Bengaluru Rural Taluk HQ,Jewellery designer,1,2023-08-23,2023-08-23,,,2026-07-15 14:36:44,2026-07-15 14:36:44,SYSTEM_SEED,SYSTEM_SEED
ACC-03749,Ekavir Kothari,27,26-35,MALE,42963000000035038,Udupi Rural,"Editor, film/video",1,2024-08-30,2024-08-30,,,2026-07-15 14:36:44,2026-07-15 14:36:44,SYSTEM_SEED,SYSTEM_SEED
ACC-03750,Devansh Venkataraman,24,18-25,MALE,42963000000035022,Dakshina Kannada Rural,"Designer, furniture",2,2022-10-18,2023-05-26,,,2026-07-15 14:36:44,2026-07-15 14:36:44,SYSTEM_SEED,SYSTEM_SEED
ACC-03751,Harish Reddy,53,46-55,MALE,42963000000035030,Kolar Taluk HQ,Counselling psychologist,1,2022-07-31,2022-07-31,,,2026-07-15 14:36:44,2026-07-15 14:36:44,SYSTEM_SEED,SYSTEM_SEED
ACC-03752,Anirudh Bhat,24,18-25,MALE,42963000000035022,Dakshina Kannada East,"Therapist, occupational",1,2023-12-03,2023-12-03,,,2026-07-15 14:36:44,2026-07-15 14:36:44,SYSTEM_SEED,SYSTEM_SEED
ACC-03753,Yashodamma Achar,51,46-55,FEMALE,42963000000035042,Vijayanagara East,"Engineer, manufacturing systems",1,2024-01-20,2024-01-20,,,2026-07-15 14:36:44,2026-07-15 14:36:44,SYSTEM_SEED,SYSTEM_SEED
ACC-03754,Ria Sachdeva,42,36-45,FEMALE,42963000000035024,Dharwad Rural,"Designer, industrial/product",1,2022-02-03,2022-02-03,,,2026-07-15 14:36:44,2026-07-15 14:36:44,SYSTEM_SEED,SYSTEM_SEED
ACC-03755,Shivakumar Hegde,51,46-55,MALE,42963000000035017,Bidar East,Personnel officer,1,2023-02-03,2023-02-03,,,2026-07-15 14:36:44,2026-07-15 14:36:44,SYSTEM_SEED,SYSTEM_SEED
ACC-03756,Gagan Venkataraman,20,18-25,MALE,42963000000035033,Mysuru South,"Designer, blown glass/stained glass",1,2024-04-10,2024-04-10,,,2026-07-15 14:36:44,2026-07-15 14:36:44,SYSTEM_SEED,SYSTEM_SEED
ACC-03757,Rathnamma Nayak,52,46-55,FEMALE,42963000000035017,Bidar West,"Education officer, community",1,2024-11-19,2024-11-19,,,2026-07-15 14:36:44,2026-07-15 14:36:44,SYSTEM_SEED,SYSTEM_SEED
ACC-03758,Dayamai Gaba,22,18-25,FEMALE,42963000000035028,Kalaburagi East,Air traffic controller,1,2022-09-15,2022-09-15,,,2026-07-15 14:36:44,2026-07-15 14:36:44,SYSTEM_SEED,SYSTEM_SEED
ACC-03759,Rathnamma Poojary,63,56-65,FEMALE,42963000000035016,Bengaluru Urban North,Research scientist (medical),1,2021-12-19,2021-12-19,,,2026-07-15 14:36:44,2026-07-15 14:36:44,SYSTEM_SEED,SYSTEM_SEED
ACC-03760,Niharika Raval,55,46-55,FEMALE,42963000000035031,Koppal West,Midwife,1,2025-09-30,2025-09-30,,,2026-07-15 14:36:44,2026-07-15 14:36:44,SYSTEM_SEED,SYSTEM_SEED
ACC-03761,Jagadish Hegde,28,26-35,MALE,42963000000035019,Chikballapur East,Geochemist,1,2025-09-13,2025-09-13,,,2026-07-15 14:36:44,2026-07-15 14:36:44,SYSTEM_SEED,SYSTEM_SEED
ACC-03762,Amrita Bal,62,56-65,FEMALE,42963000000035024,Dharwad Taluk HQ,Learning disability nurse,1,2024-04-19,2024-04-19,,,2026-07-15 14:36:44,2026-07-15 14:36:44,SYSTEM_SEED,SYSTEM_SEED
ACC-03763,Wahab Banerjee,61,56-65,MALE,42963000000035021,Chitradurga East,Cytogeneticist,2,2022-04-06,2023-09-23,,,2026-07-15 14:36:44,2026-07-15 14:36:44,SYSTEM_SEED,SYSTEM_SEED
ACC-03764,Arin Zacharia,45,36-45,MALE,42963000000035026,Hassan North,Multimedia programmer,1,2025-07-25,2025-07-25,,,2026-07-15 14:36:44,2026-07-15 14:36:44,SYSTEM_SEED,SYSTEM_SEED
ACC-03765,Gaurangi Chaudhry,18,18-25,FEMALE,42963000000035035,Ramanagara Taluk HQ,"Administrator, local government",1,2023-07-19,2023-07-19,,,2026-07-15 14:36:44,2026-07-15 14:36:44,SYSTEM_SEED,SYSTEM_SEED
ACC-03766,Kaveri Kulkarni,27,26-35,FEMALE,42963000000035034,Raichur East,Magazine journalist,1,2025-06-07,2025-06-07,,,2026-07-15 14:36:44,2026-07-15 14:36:44,SYSTEM_SEED,SYSTEM_SEED
ACC-03767,Yallappa Bhat,29,26-35,MALE,42963000000035024,Dharwad Rural,Environmental health practitioner,1,2023-09-12,2023-09-12,,,2026-07-15 14:36:44,2026-07-15 14:36:44,SYSTEM_SEED,SYSTEM_SEED
ACC-03768,Raghavendra Setty,32,26-35,MALE,42963000000035018,Chamarajanagar Rural,Chief Executive Officer,1,2021-09-21,2021-09-21,,,2026-07-15 14:36:44,2026-07-15 14:36:44,SYSTEM_SEED,SYSTEM_SEED
ACC-03769,Thimmaiah Rai,63,56-65,MALE,42963000000035014,Belagavi South,Personnel officer,1,2023-02-04,2023-02-04,,,2026-07-15 14:36:44,2026-07-15 14:36:44,SYSTEM_SEED,SYSTEM_SEED
ACC-03770,Veeranna Devadiga,45,36-45,MALE,42963000000035015,Bengaluru Rural North,Brewing technologist,1,2022-09-28,2022-09-28,,,2026-07-15 14:36:44,2026-07-15 14:36:44,SYSTEM_SEED,SYSTEM_SEED
ACC-03771,Vyanjana Shetty,18,18-25,FEMALE,42963000000035026,Hassan East,Pathologist,1,2024-05-23,2024-05-23,,,2026-07-15 14:36:44,2026-07-15 14:36:44,SYSTEM_SEED,SYSTEM_SEED
ACC-03772,Ekani Acharya,26,26-35,FEMALE,42963000000035038,Udupi Rural,Insurance risk surveyor,1,2024-06-06,2024-06-06,,,2026-07-15 14:36:44,2026-07-15 14:36:44,SYSTEM_SEED,SYSTEM_SEED
ACC-03773,Kariyappa Devadiga,47,46-55,MALE,42963000000035033,Mysuru East,Publishing copy,1,2022-03-03,2022-03-03,,,2026-07-15 14:36:44,2026-07-15 14:36:44,SYSTEM_SEED,SYSTEM_SEED
ACC-03774,Lavanya Dave,48,46-55,FEMALE,42963000000035024,Dharwad Taluk HQ,IT trainer,1,2022-08-06,2022-08-06,,,2026-07-15 14:36:44,2026-07-15 14:36:44,SYSTEM_SEED,SYSTEM_SEED
ACC-03775,Chanakya Sridhar,25,18-25,MALE,42963000000035038,Udupi North,"Research officer, government",1,2021-02-12,2021-02-12,,,2026-07-15 14:36:44,2026-07-15 14:36:44,SYSTEM_SEED,SYSTEM_SEED
ACC-03776,Dev Kanda,38,36-45,MALE,42963000000035016,Bengaluru Urban Rural,"Scientist, biomedical",1,2022-03-16,2022-03-16,,,2026-07-15 14:36:44,2026-07-15 14:36:44,SYSTEM_SEED,SYSTEM_SEED
ACC-03777,Channabasappa Gowda,50,46-55,MALE,42963000000035039,Uttara Kannada Taluk HQ,"Conservation officer, nature",2,2021-08-09,2024-11-30,,,2026-07-15 14:36:44,2026-07-15 14:36:44,SYSTEM_SEED,SYSTEM_SEED
ACC-03778,Chandrashekar Kulkarni,46,46-55,MALE,42963000000035039,Uttara Kannada North,Customer service manager,1,2025-11-02,2025-11-02,,,2026-07-15 14:36:44,2026-07-15 14:36:44,SYSTEM_SEED,SYSTEM_SEED
ACC-03779,Prakash Nayak,63,56-65,MALE,42963000000035037,Tumakuru South,Equality and diversity officer,2,2024-05-13,2024-08-17,,,2026-07-15 14:36:44,2026-07-15 14:36:44,SYSTEM_SEED,SYSTEM_SEED
ACC-03780,Champak Raval,49,46-55,MALE,42963000000035017,Bidar Taluk HQ,Heritage manager,1,2023-11-19,2023-11-19,,,2026-07-15 14:36:44,2026-07-15 14:36:44,SYSTEM_SEED,SYSTEM_SEED
ACC-03781,Jeet Kara,40,36-45,MALE,42963000000035033,Mysuru Rural,Fitness centre manager,1,2021-03-11,2021-03-11,,,2026-07-15 14:36:44,2026-07-15 14:36:44,SYSTEM_SEED,SYSTEM_SEED
ACC-03782,Matthew Narasimhan,60,56-65,MALE,42963000000035024,Dharwad West,"Psychologist, counselling",1,2021-07-11,2021-07-11,,,2026-07-15 14:36:44,2026-07-15 14:36:44,SYSTEM_SEED,SYSTEM_SEED
ACC-03783,Dominic Narang,63,56-65,MALE,42963000000035039,Uttara Kannada Rural,"Pharmacist, hospital",1,2021-12-16,2021-12-16,,,2026-07-15 14:36:44,2026-07-15 14:36:44,SYSTEM_SEED,SYSTEM_SEED
ACC-03784,Eta Banerjee,55,46-55,FEMALE,42963000000035028,Kalaburagi East,Musician,1,2024-09-08,2024-09-08,,,2026-07-15 14:36:44,2026-07-15 14:36:44,SYSTEM_SEED,SYSTEM_SEED
ACC-03785,Hardik Gopal,41,36-45,MALE,42963000000035033,Mysuru East,"Administrator, education",1,2024-12-01,2024-12-01,,,2026-07-15 14:36:44,2026-07-15 14:36:44,SYSTEM_SEED,SYSTEM_SEED
ACC-03786,Anay Khanna,43,36-45,MALE,42963000000035033,Mysuru Taluk HQ,"Designer, television/film set",1,2022-03-20,2022-03-20,,,2026-07-15 14:36:44,2026-07-15 14:36:44,SYSTEM_SEED,SYSTEM_SEED
ACC-03787,Neel Apte,56,56-65,MALE,42963000000035029,Kodagu West,"Teacher, music",1,2021-04-23,2021-04-23,,,2026-07-15 14:36:44,2026-07-15 14:36:44,SYSTEM_SEED,SYSTEM_SEED
ACC-03788,Warhi Padmanabhan,33,26-35,FEMALE,42963000000035017,Bidar Taluk HQ,Emergency planning/management officer,1,2021-05-10,2021-05-10,,,2026-07-15 14:36:44,2026-07-15 14:36:44,SYSTEM_SEED,SYSTEM_SEED
ACC-03789,Kaveri Kulkarni,19,18-25,FEMALE,42963000000035029,Kodagu South,Technical brewer,1,2022-07-30,2022-07-30,,,2026-07-15 14:36:44,2026-07-15 14:36:44,SYSTEM_SEED,SYSTEM_SEED
ACC-03790,Rathnamma Poojary,26,26-35,FEMALE,42963000000035042,Vijayanagara East,"Optician, dispensing",1,2025-10-12,2025-10-12,,,2026-07-15 14:36:44,2026-07-15 14:36:44,SYSTEM_SEED,SYSTEM_SEED
ACC-03791,Hredhaan Setty,57,56-65,MALE,42963000000035017,Bidar North,Wellsite geologist,1,2022-01-31,2022-01-31,,,2026-07-15 14:36:44,2026-07-15 14:36:44,SYSTEM_SEED,SYSTEM_SEED
ACC-03792,Thomas Dalal,23,18-25,MALE,42963000000035027,Haveri North,Health service manager,1,2022-09-23,2022-09-23,,,2026-07-15 14:36:44,2026-07-15 14:36:44,SYSTEM_SEED,SYSTEM_SEED
ACC-03793,Om Grewal,57,56-65,MALE,42963000000035032,Mandya South,Freight forwarder,1,2022-02-17,2022-02-17,,,2026-07-15 14:36:44,2026-07-15 14:36:44,SYSTEM_SEED,SYSTEM_SEED
ACC-03794,Yagnesh Shan,62,56-65,MALE,42963000000035020,Chikkamagaluru East,Chief Operating Officer,1,2023-12-31,2023-12-31,,,2026-07-15 14:36:44,2026-07-15 14:36:44,SYSTEM_SEED,SYSTEM_SEED
ACC-03795,Yallappa Hegde,21,18-25,MALE,42963000000035033,Mysuru Taluk HQ,"Lighting technician, broadcasting/film/video",1,2023-10-31,2023-10-31,,,2026-07-15 14:36:44,2026-07-15 14:36:44,SYSTEM_SEED,SYSTEM_SEED
ACC-03796,Azad Pau,39,36-45,MALE,42963000000035013,Ballari Taluk HQ,Physiological scientist,1,2025-07-01,2025-07-01,,,2026-07-15 14:36:44,2026-07-15 14:36:44,SYSTEM_SEED,SYSTEM_SEED
ACC-03797,Dev Chandra,22,18-25,MALE,42963000000035022,Dakshina Kannada North,Ergonomist,1,2024-09-23,2024-09-23,,,2026-07-15 14:36:44,2026-07-15 14:36:44,SYSTEM_SEED,SYSTEM_SEED
ACC-03798,Christopher Dara,44,36-45,MALE,42963000000035012,Bagalkot North,Statistician,1,2023-03-29,2023-03-29,,,2026-07-15 14:36:44,2026-07-15 14:36:44,SYSTEM_SEED,SYSTEM_SEED
ACC-03799,Dev Palan,43,36-45,MALE,42963000000035022,Dakshina Kannada North,Information systems manager,2,2025-05-09,2025-10-20,,,2026-07-15 14:36:44,2026-07-15 14:36:44,SYSTEM_SEED,SYSTEM_SEED
ACC-03800,Tejas Butala,60,56-65,MALE,42963000000035019,Chikballapur South,Retail merchandiser,1,2025-08-12,2025-08-12,,,2026-07-15 14:36:44,2026-07-15 14:36:44,SYSTEM_SEED,SYSTEM_SEED
ACC-03801,Rushil Vaidya,56,56-65,MALE,42963000000035024,Dharwad North,"Engineer, broadcasting (operations)",1,2025-09-26,2025-09-26,,,2026-07-15 14:36:44,2026-07-15 14:36:44,SYSTEM_SEED,SYSTEM_SEED
ACC-03802,Indrajit Badal,32,26-35,MALE,42963000000035021,Chitradurga Rural,"Engineer, civil (contracting)",1,2022-07-04,2022-07-04,,,2026-07-15 14:36:44,2026-07-15 14:36:44,SYSTEM_SEED,SYSTEM_SEED
ACC-03803,Faqid Wali,31,26-35,MALE,42963000000035022,Dakshina Kannada West,"Scientist, water quality",1,2023-09-09,2023-09-09,,,2026-07-15 14:36:44,2026-07-15 14:36:44,SYSTEM_SEED,SYSTEM_SEED
ACC-03804,Pratyush Zacharia,29,26-35,MALE,42963000000035015,Bengaluru Rural East,Event organiser,1,2021-01-24,2021-01-24,,,2026-07-15 14:36:44,2026-07-15 14:36:44,SYSTEM_SEED,SYSTEM_SEED
ACC-03805,Manjunath Urs,54,46-55,MALE,42963000000035015,Bengaluru Rural West,Set designer,2,2021-08-16,2025-02-28,,,2026-07-15 14:36:44,2026-07-15 14:36:44,SYSTEM_SEED,SYSTEM_SEED
ACC-03806,Parvatamma Nayak,44,36-45,FEMALE,42963000000035042,Vijayanagara North,Dietitian,1,2021-05-27,2021-05-27,,,2026-07-15 14:36:44,2026-07-15 14:36:44,SYSTEM_SEED,SYSTEM_SEED
ACC-03807,Sureshgowda Urs,27,26-35,MALE,42963000000035012,Bagalkot North,Minerals surveyor,2,2021-12-05,2024-02-06,,,2026-07-15 14:36:44,2026-07-15 14:36:44,SYSTEM_SEED,SYSTEM_SEED
ACC-03808,Thimmaiah Naik,60,56-65,MALE,42963000000035023,Davanagere South,"Designer, interior/spatial",1,2023-08-17,2023-08-17,,,2026-07-15 14:36:44,2026-07-15 14:36:44,SYSTEM_SEED,SYSTEM_SEED
ACC-03809,Yallappa Naik,43,36-45,MALE,42963000000035026,Hassan Rural,Chiropodist,1,2024-11-05,2024-11-05,,,2026-07-15 14:36:44,2026-07-15 14:36:44,SYSTEM_SEED,SYSTEM_SEED
ACC-03810,Chandrashekar Setty,49,46-55,MALE,42963000000035031,Koppal Taluk HQ,Diagnostic radiographer,1,2021-06-21,2021-06-21,,,2026-07-15 14:36:44,2026-07-15 14:36:44,SYSTEM_SEED,SYSTEM_SEED
ACC-03811,Faqid Zachariah,62,56-65,MALE,42963000000035038,Udupi North,Travel agency manager,1,2021-11-06,2021-11-06,,,2026-07-15 14:36:44,2026-07-15 14:36:44,SYSTEM_SEED,SYSTEM_SEED
ACC-03812,Harrison Mallick,19,18-25,MALE,42963000000035026,Hassan Taluk HQ,Artist,1,2021-02-05,2021-02-05,,,2026-07-15 14:36:44,2026-07-15 14:36:44,SYSTEM_SEED,SYSTEM_SEED
ACC-03813,Basavaraj Rai,37,36-45,MALE,42963000000035031,Koppal Taluk HQ,Oncologist,1,2021-01-18,2021-01-18,,,2026-07-15 14:36:44,2026-07-15 14:36:44,SYSTEM_SEED,SYSTEM_SEED
ACC-03814,Robert Vig,55,46-55,MALE,42963000000035012,Bagalkot South,"Pharmacist, community",1,2023-09-16,2023-09-16,,,2026-07-15 14:36:44,2026-07-15 14:36:44,SYSTEM_SEED,SYSTEM_SEED
ACC-03815,Vivaan Nagy,31,26-35,MALE,42963000000035035,Ramanagara Taluk HQ,Copy,1,2024-11-23,2024-11-23,,,2026-07-15 14:36:44,2026-07-15 14:36:44,SYSTEM_SEED,SYSTEM_SEED
ACC-03816,Chandrashekar Nayak,43,36-45,MALE,42963000000035041,Yadgir Rural,Hydrologist,2,2023-04-21,2024-01-04,,,2026-07-15 14:36:44,2026-07-15 14:36:44,SYSTEM_SEED,SYSTEM_SEED
ACC-03817,Shanthakumari Kulkarni,64,56-65,FEMALE,42963000000035017,Bidar Rural,Academic librarian,1,2021-07-22,2021-07-22,,,2026-07-15 14:36:44,2026-07-15 14:36:44,SYSTEM_SEED,SYSTEM_SEED
ACC-03818,Jeremiah Muni,31,26-35,MALE,42963000000035022,Dakshina Kannada North,"Engineer, manufacturing",1,2022-05-12,2022-05-12,,,2026-07-15 14:36:44,2026-07-15 14:36:44,SYSTEM_SEED,SYSTEM_SEED
ACC-03819,Bhagyalakshmi Achar,18,18-25,FEMALE,42963000000035015,Bengaluru Rural Taluk HQ,Video editor,1,2022-10-31,2022-10-31,,,2026-07-15 14:36:44,2026-07-15 14:36:44,SYSTEM_SEED,SYSTEM_SEED
ACC-03820,Ayushman Roy,51,46-55,MALE,42963000000035035,Ramanagara Taluk HQ,Counselling psychologist,1,2021-04-28,2021-04-28,,,2026-07-15 14:36:44,2026-07-15 14:36:44,SYSTEM_SEED,SYSTEM_SEED
ACC-03821,Akkamahadevi Setty,53,46-55,FEMALE,42963000000035024,Dharwad South,Cytogeneticist,1,2024-09-22,2024-09-22,,,2026-07-15 14:36:44,2026-07-15 14:36:44,SYSTEM_SEED,SYSTEM_SEED
ACC-03822,Manjunath Rai,52,46-55,MALE,42963000000035041,Yadgir Rural,Quarry manager,1,2024-09-21,2024-09-21,,,2026-07-15 14:36:44,2026-07-15 14:36:44,SYSTEM_SEED,SYSTEM_SEED
ACC-03823,Jairaj Raman,35,26-35,MALE,42963000000035014,Belagavi West,"Designer, jewellery",1,2024-11-06,2024-11-06,,,2026-07-15 14:36:44,2026-07-15 14:36:44,SYSTEM_SEED,SYSTEM_SEED
ACC-03824,Manjunath Gowda,29,26-35,MALE,42963000000035029,Kodagu South,Personnel officer,1,2021-11-30,2021-11-30,,,2026-07-15 14:36:44,2026-07-15 14:36:44,SYSTEM_SEED,SYSTEM_SEED
ACC-03825,Gunbir Kothari,63,56-65,MALE,42963000000035017,Bidar East,Maintenance engineer,1,2022-03-11,2022-03-11,,,2026-07-15 14:36:44,2026-07-15 14:36:44,SYSTEM_SEED,SYSTEM_SEED
ACC-03826,Isaiah Majumdar,23,18-25,MALE,42963000000035018,Chamarajanagar North,Counselling psychologist,1,2022-06-25,2022-06-25,,,2026-07-15 14:36:44,2026-07-15 14:36:44,SYSTEM_SEED,SYSTEM_SEED
ACC-03827,Chandrakala Naik,52,46-55,FEMALE,42963000000035039,Uttara Kannada North,Operational investment banker,1,2021-01-08,2021-01-08,,,2026-07-15 14:36:44,2026-07-15 14:36:44,SYSTEM_SEED,SYSTEM_SEED
ACC-03828,Faqid Jha,61,56-65,MALE,42963000000035030,Kolar South,"Producer, radio",1,2025-02-26,2025-02-26,,,2026-07-15 14:36:44,2026-07-15 14:36:44,SYSTEM_SEED,SYSTEM_SEED
ACC-03829,Lakshit Narang,54,46-55,MALE,42963000000035020,Chikkamagaluru Rural,"Administrator, arts",1,2024-08-23,2024-08-23,,,2026-07-15 14:36:44,2026-07-15 14:36:44,SYSTEM_SEED,SYSTEM_SEED
ACC-03830,Nachiket Viswanathan,34,26-35,MALE,42963000000035033,Mysuru South,"Civil engineer, contracting",1,2023-03-31,2023-03-31,,,2026-07-15 14:36:44,2026-07-15 14:36:44,SYSTEM_SEED,SYSTEM_SEED
ACC-03831,Jack Sarma,63,56-65,MALE,42963000000035017,Bidar Taluk HQ,Hydrogeologist,1,2021-12-08,2021-12-08,,,2026-07-15 14:36:44,2026-07-15 14:36:44,SYSTEM_SEED,SYSTEM_SEED
ACC-03832,Utkarsh Dube,20,18-25,MALE,42963000000035042,Vijayanagara North,Building services engineer,1,2023-02-19,2023-02-19,,,2026-07-15 14:36:44,2026-07-15 14:36:44,SYSTEM_SEED,SYSTEM_SEED
ACC-03833,Channabasappa Reddy,61,56-65,MALE,42963000000035034,Raichur East,Licensed conveyancer,1,2023-08-11,2023-08-11,,,2026-07-15 14:36:44,2026-07-15 14:36:44,SYSTEM_SEED,SYSTEM_SEED
ACC-03834,Anmol Raj,30,26-35,MALE,42963000000035028,Kalaburagi South,Freight forwarder,1,2022-01-26,2022-01-26,,,2026-07-15 14:36:44,2026-07-15 14:36:44,SYSTEM_SEED,SYSTEM_SEED
ACC-03835,Vidhi Sandhu,26,26-35,FEMALE,42963000000035015,Bengaluru Rural Taluk HQ,Textile designer,1,2021-09-04,2021-09-04,,,2026-07-15 14:36:44,2026-07-15 14:36:44,SYSTEM_SEED,SYSTEM_SEED
ACC-03836,Yagnesh Manne,65,56-65,MALE,42963000000035020,Chikkamagaluru West,Equality and diversity officer,1,2025-08-24,2025-08-24,,,2026-07-15 14:36:44,2026-07-15 14:36:44,SYSTEM_SEED,SYSTEM_SEED
ACC-03837,Chanchal Patil,32,26-35,FEMALE,42963000000035024,Dharwad South,Financial controller,2,2023-06-14,2024-10-25,,,2026-07-15 14:36:44,2026-07-15 14:36:44,SYSTEM_SEED,SYSTEM_SEED
ACC-03838,Tarak Sama,59,56-65,MALE,42963000000035013,Ballari East,Barista,1,2021-04-23,2021-04-23,,,2026-07-15 14:36:44,2026-07-15 14:36:44,SYSTEM_SEED,SYSTEM_SEED
ACC-03839,Logan Majumdar,49,46-55,MALE,42963000000035023,Davanagere Taluk HQ,Food technologist,1,2025-03-20,2025-03-20,,,2026-07-15 14:36:44,2026-07-15 14:36:44,SYSTEM_SEED,SYSTEM_SEED
ACC-03840,Jayamma Nayak,50,46-55,FEMALE,42963000000035024,Dharwad West,Rural practice surveyor,1,2025-09-17,2025-09-17,,,2026-07-15 14:36:44,2026-07-15 14:36:44,SYSTEM_SEED,SYSTEM_SEED
ACC-03841,Manjunath Reddy,52,46-55,MALE,42963000000035035,Ramanagara West,Land/geomatics surveyor,1,2023-03-08,2023-03-08,,,2026-07-15 14:36:44,2026-07-15 14:36:44,SYSTEM_SEED,SYSTEM_SEED
ACC-03842,Jeremiah Parikh,51,46-55,MALE,42963000000035039,Uttara Kannada Taluk HQ,Charity officer,1,2025-07-23,2025-07-23,,,2026-07-15 14:36:44,2026-07-15 14:36:44,SYSTEM_SEED,SYSTEM_SEED
ACC-03843,Kaveri Devadiga,23,18-25,FEMALE,42963000000035033,Mysuru East,"Administrator, Civil Service",2,2021-12-05,2025-04-27,,,2026-07-15 14:36:44,2026-07-15 14:36:44,SYSTEM_SEED,SYSTEM_SEED
ACC-03844,Shivakumar Reddy,29,26-35,MALE,42963000000035028,Kalaburagi East,Chiropractor,1,2025-05-20,2025-05-20,,,2026-07-15 14:36:44,2026-07-15 14:36:44,SYSTEM_SEED,SYSTEM_SEED
ACC-03845,Keya Talwar,50,46-55,FEMALE,42963000000035036,Shivamogga West,Environmental consultant,1,2025-07-29,2025-07-29,,,2026-07-15 14:36:44,2026-07-15 14:36:44,SYSTEM_SEED,SYSTEM_SEED
ACC-03846,Kiaan Chawla,62,56-65,MALE,42963000000035032,Mandya East,Ranger/warden,1,2022-08-29,2022-08-29,,,2026-07-15 14:36:44,2026-07-15 14:36:44,SYSTEM_SEED,SYSTEM_SEED
ACC-03847,Yochana Raja,23,18-25,FEMALE,42963000000035040,Vijayapura South,Archivist,1,2025-08-09,2025-08-09,,,2026-07-15 14:36:44,2026-07-15 14:36:44,SYSTEM_SEED,SYSTEM_SEED
ACC-03848,Chandran Chandran,28,26-35,MALE,42963000000035017,Bidar West,Commercial/residential surveyor,1,2025-02-13,2025-02-13,,,2026-07-15 14:36:44,2026-07-15 14:36:44,SYSTEM_SEED,SYSTEM_SEED
ACC-03849,Pranit Sama,61,56-65,MALE,42963000000035038,Udupi West,"Nurse, mental health",1,2021-10-23,2021-10-23,,,2026-07-15 14:36:44,2026-07-15 14:36:44,SYSTEM_SEED,SYSTEM_SEED
ACC-03850,Oscar Sarraf,18,18-25,MALE,42963000000035024,Dharwad North,Psychiatrist,2,2022-01-04,2023-10-14,,,2026-07-15 14:36:44,2026-07-15 14:36:44,SYSTEM_SEED,SYSTEM_SEED
ACC-03851,Pushpalatha Rai,38,36-45,FEMALE,42963000000035027,Haveri West,"Teacher, secondary school",1,2022-05-11,2022-05-11,,,2026-07-15 14:36:44,2026-07-15 14:36:44,SYSTEM_SEED,SYSTEM_SEED
ACC-03852,Puttaswamy Achar,48,46-55,MALE,42963000000035024,Dharwad East,"Scientist, research (medical)",1,2025-06-27,2025-06-27,,,2026-07-15 14:36:44,2026-07-15 14:36:44,SYSTEM_SEED,SYSTEM_SEED
ACC-03853,Ryan Sankaran,42,36-45,MALE,42963000000035020,Chikkamagaluru North,Agricultural engineer,1,2023-09-17,2023-09-17,,,2026-07-15 14:36:44,2026-07-15 14:36:44,SYSTEM_SEED,SYSTEM_SEED
ACC-03854,Hemangini Bajwa,53,46-55,FEMALE,42963000000035022,Dakshina Kannada Taluk HQ,Land/geomatics surveyor,2,2021-11-07,2025-05-20,,,2026-07-15 14:36:44,2026-07-15 14:36:44,SYSTEM_SEED,SYSTEM_SEED
ACC-03855,Prakash Hegde,38,36-45,MALE,42963000000035013,Ballari East,Child psychotherapist,1,2024-06-08,2024-06-08,,,2026-07-15 14:36:44,2026-07-15 14:36:44,SYSTEM_SEED,SYSTEM_SEED
ACC-03856,Samuel Balakrishnan,24,18-25,MALE,42963000000035038,Udupi South,"Programmer, multimedia",1,2021-12-09,2021-12-09,,,2026-07-15 14:36:44,2026-07-15 14:36:44,SYSTEM_SEED,SYSTEM_SEED
ACC-03857,Gopalakrishna Kulkarni,48,46-55,MALE,42963000000035026,Hassan North,Forensic scientist,1,2024-09-22,2024-09-22,,,2026-07-15 14:36:44,2026-07-15 14:36:44,SYSTEM_SEED,SYSTEM_SEED
ACC-03858,Orinder Pandey,55,46-55,MALE,42963000000035041,Yadgir East,Fish farm manager,1,2025-10-26,2025-10-26,,,2026-07-15 14:36:44,2026-07-15 14:36:44,SYSTEM_SEED,SYSTEM_SEED
ACC-03859,Udant Batta,40,36-45,MALE,42963000000035034,Raichur East,"Journalist, broadcasting",1,2022-04-28,2022-04-28,,,2026-07-15 14:36:44,2026-07-15 14:36:44,SYSTEM_SEED,SYSTEM_SEED
ACC-03860,Karan Dyal,23,18-25,MALE,42963000000035030,Kolar South,"Engineer, manufacturing systems",1,2022-10-07,2022-10-07,,,2026-07-15 14:36:44,2026-07-15 14:36:44,SYSTEM_SEED,SYSTEM_SEED
ACC-03861,Raghavendra Setty,51,46-55,MALE,42963000000035023,Davanagere Taluk HQ,"Surveyor, insurance",1,2025-09-26,2025-09-26,,,2026-07-15 14:36:44,2026-07-15 14:36:44,SYSTEM_SEED,SYSTEM_SEED
ACC-03862,Nagaveni Achar,18,18-25,FEMALE,42963000000035033,Mysuru Rural,Sports development officer,1,2023-11-13,2023-11-13,,,2026-07-15 14:36:44,2026-07-15 14:36:44,SYSTEM_SEED,SYSTEM_SEED
ACC-03863,Sai Pall,58,56-65,MALE,42963000000035016,Bengaluru Urban West,Drilling engineer,2,2021-10-08,2023-06-12,,,2026-07-15 14:36:44,2026-07-15 14:36:44,SYSTEM_SEED,SYSTEM_SEED
ACC-03864,Chaitanya Nath,49,46-55,MALE,42963000000035022,Dakshina Kannada Taluk HQ,Management consultant,1,2024-03-30,2024-03-30,,,2026-07-15 14:36:44,2026-07-15 14:36:44,SYSTEM_SEED,SYSTEM_SEED
ACC-03865,Jagadish Achar,58,56-65,MALE,42963000000035018,Chamarajanagar North,Warehouse manager,2,2025-07-25,2025-10-20,,,2026-07-15 14:36:44,2026-07-15 14:36:44,SYSTEM_SEED,SYSTEM_SEED
ACC-03866,Nitara Mohan,19,18-25,FEMALE,42963000000035016,Bengaluru Urban North,Chiropractor,2,2021-08-08,2025-08-28,,,2026-07-15 14:36:44,2026-07-15 14:36:44,SYSTEM_SEED,SYSTEM_SEED
ACC-03867,Thimmaiah Reddy,39,36-45,MALE,42963000000035030,Kolar Rural,Chemical engineer,1,2021-09-23,2021-09-23,,,2026-07-15 14:36:44,2026-07-15 14:36:44,SYSTEM_SEED,SYSTEM_SEED
ACC-03868,Akkamahadevi Reddy,20,18-25,FEMALE,42963000000035024,Dharwad Rural,"Optician, dispensing",1,2023-05-02,2023-05-02,,,2026-07-15 14:36:44,2026-07-15 14:36:44,SYSTEM_SEED,SYSTEM_SEED
ACC-03869,Kariyappa Naik,59,56-65,MALE,42963000000035028,Kalaburagi North,Intelligence analyst,1,2022-05-14,2022-05-14,,,2026-07-15 14:36:44,2026-07-15 14:36:44,SYSTEM_SEED,SYSTEM_SEED
ACC-03870,Harish Nayak,30,26-35,MALE,42963000000035023,Davanagere West,Wellsite geologist,1,2024-04-18,2024-04-18,,,2026-07-15 14:36:44,2026-07-15 14:36:44,SYSTEM_SEED,SYSTEM_SEED
ACC-03871,Girik Raja,19,18-25,MALE,42963000000035022,Dakshina Kannada Taluk HQ,"Engineer, electrical",1,2025-02-26,2025-02-26,,,2026-07-15 14:36:44,2026-07-15 14:36:44,SYSTEM_SEED,SYSTEM_SEED
ACC-03872,Jagadish Setty,49,46-55,MALE,42963000000035030,Kolar South,Geochemist,1,2022-03-02,2022-03-02,,,2026-07-15 14:36:44,2026-07-15 14:36:44,SYSTEM_SEED,SYSTEM_SEED
ACC-03873,Parth Nazareth,29,26-35,MALE,42963000000035039,Uttara Kannada East,Primary school teacher,1,2023-08-13,2023-08-13,,,2026-07-15 14:36:44,2026-07-15 14:36:44,SYSTEM_SEED,SYSTEM_SEED
ACC-03874,Fariq Ganguly,26,26-35,MALE,42963000000035019,Chikballapur East,IT trainer,1,2021-11-08,2021-11-08,,,2026-07-15 14:36:44,2026-07-15 14:36:44,SYSTEM_SEED,SYSTEM_SEED
ACC-03875,Daksh Gupta,41,36-45,MALE,42963000000035018,Chamarajanagar Rural,Television camera operator,1,2022-04-29,2022-04-29,,,2026-07-15 14:36:44,2026-07-15 14:36:44,SYSTEM_SEED,SYSTEM_SEED
ACC-03876,Pushpalatha Devadiga,58,56-65,FEMALE,42963000000035020,Chikkamagaluru Rural,Insurance claims handler,2,2021-10-07,2024-12-23,,,2026-07-15 14:36:44,2026-07-15 14:36:44,SYSTEM_SEED,SYSTEM_SEED
ACC-03877,Hemal Rao,23,18-25,FEMALE,42963000000035035,Ramanagara South,Water engineer,1,2025-11-01,2025-11-01,,,2026-07-15 14:36:44,2026-07-15 14:36:44,SYSTEM_SEED,SYSTEM_SEED
ACC-03878,Hardik Chander,43,36-45,MALE,42963000000035040,Vijayapura South,Chemical engineer,1,2021-03-11,2021-03-11,,,2026-07-15 14:36:44,2026-07-15 14:36:44,SYSTEM_SEED,SYSTEM_SEED
ACC-03879,Karan Dhingra,44,36-45,MALE,42963000000035031,Koppal South,"Librarian, public",1,2021-10-04,2021-10-04,,,2026-07-15 14:36:44,2026-07-15 14:36:44,SYSTEM_SEED,SYSTEM_SEED
ACC-03880,Rushil Deol,21,18-25,MALE,42963000000035033,Mysuru East,Musician,1,2023-12-29,2023-12-29,,,2026-07-15 14:36:44,2026-07-15 14:36:44,SYSTEM_SEED,SYSTEM_SEED
ACC-03881,Rathnamma Poojary,31,26-35,FEMALE,42963000000035022,Dakshina Kannada South,Civil Service administrator,1,2025-06-13,2025-06-13,,,2026-07-15 14:36:44,2026-07-15 14:36:44,SYSTEM_SEED,SYSTEM_SEED
ACC-03882,Shivakumar Bhat,39,36-45,MALE,42963000000035033,Mysuru West,Hospital doctor,1,2022-11-04,2022-11-04,,,2026-07-15 14:36:44,2026-07-15 14:36:44,SYSTEM_SEED,SYSTEM_SEED
ACC-03883,Thimmaiah Poojary,60,56-65,MALE,42963000000035035,Ramanagara Rural,Visual merchandiser,1,2021-12-30,2021-12-30,,,2026-07-15 14:36:44,2026-07-15 14:36:44,SYSTEM_SEED,SYSTEM_SEED
ACC-03884,Ojasvi Kar,65,56-65,FEMALE,42963000000035037,Tumakuru South,Probation officer,1,2024-03-27,2024-03-27,,,2026-07-15 14:36:44,2026-07-15 14:36:44,SYSTEM_SEED,SYSTEM_SEED
ACC-03885,Raghavendra Nayak,53,46-55,MALE,42963000000035033,Mysuru West,Architect,1,2023-07-14,2023-07-14,,,2026-07-15 14:36:44,2026-07-15 14:36:44,SYSTEM_SEED,SYSTEM_SEED
ACC-03886,Faras Mahal,45,36-45,MALE,42963000000035030,Kolar East,Agricultural engineer,1,2023-08-01,2023-08-01,,,2026-07-15 14:36:44,2026-07-15 14:36:44,SYSTEM_SEED,SYSTEM_SEED
ACC-03887,Prakash Bhat,31,26-35,MALE,42963000000035024,Dharwad South,"Research officer, trade union",1,2025-03-27,2025-03-27,,,2026-07-15 14:36:44,2026-07-15 14:36:44,SYSTEM_SEED,SYSTEM_SEED
ACC-03888,Imaran Korpal,33,26-35,MALE,42963000000035016,Bengaluru Urban East,Equities trader,1,2022-05-02,2022-05-02,,,2026-07-15 14:36:44,2026-07-15 14:36:44,SYSTEM_SEED,SYSTEM_SEED
ACC-03889,Janaki Dhillon,48,46-55,FEMALE,42963000000035022,Dakshina Kannada West,"Administrator, charities/voluntary organisations",1,2023-01-07,2023-01-07,,,2026-07-15 14:36:44,2026-07-15 14:36:44,SYSTEM_SEED,SYSTEM_SEED
ACC-03890,Shivakumar Setty,56,56-65,MALE,42963000000035020,Chikkamagaluru West,Housing manager/officer,1,2021-11-24,2021-11-24,,,2026-07-15 14:36:44,2026-07-15 14:36:44,SYSTEM_SEED,SYSTEM_SEED
ACC-03891,Advaith Subramanian,53,46-55,MALE,42963000000035017,Bidar South,Print production planner,1,2021-08-23,2021-08-23,,,2026-07-15 14:36:44,2026-07-15 14:36:44,SYSTEM_SEED,SYSTEM_SEED
ACC-03892,Inaya Sachar,37,36-45,FEMALE,42963000000035018,Chamarajanagar East,Electronics engineer,1,2025-02-20,2025-02-20,,,2026-07-15 14:36:44,2026-07-15 14:36:44,SYSTEM_SEED,SYSTEM_SEED
ACC-03893,Rishi Lal,56,56-65,MALE,42963000000035032,Mandya Taluk HQ,Medical physicist,2,2023-12-20,2025-01-09,,,2026-07-15 14:36:44,2026-07-15 14:36:44,SYSTEM_SEED,SYSTEM_SEED
ACC-03894,Tanveer Prabhakar,40,36-45,MALE,42963000000035012,Bagalkot South,Medical sales representative,1,2024-09-05,2024-09-05,,,2026-07-15 14:36:44,2026-07-15 14:36:44,SYSTEM_SEED,SYSTEM_SEED
ACC-03895,Chandrashekar Achar,38,36-45,MALE,42963000000035034,Raichur North,Farm manager,1,2022-02-08,2022-02-08,,,2026-07-15 14:36:44,2026-07-15 14:36:44,SYSTEM_SEED,SYSTEM_SEED
ACC-03896,Rachana Bose,52,46-55,FEMALE,42963000000035019,Chikballapur Rural,Contractor,1,2021-01-09,2021-01-09,,,2026-07-15 14:36:44,2026-07-15 14:36:44,SYSTEM_SEED,SYSTEM_SEED
ACC-03897,Kaveri Setty,18,18-25,FEMALE,42963000000035014,Belagavi West,IT technical support officer,2,2023-09-20,2025-06-01,,,2026-07-15 14:36:44,2026-07-15 14:36:44,SYSTEM_SEED,SYSTEM_SEED
ACC-03898,Devansh Char,30,26-35,MALE,42963000000035027,Haveri East,"Runner, broadcasting/film/video",1,2021-10-10,2021-10-10,,,2026-07-15 14:36:44,2026-07-15 14:36:44,SYSTEM_SEED,SYSTEM_SEED
ACC-03899,Naksh Cheema,32,26-35,MALE,42963000000035039,Uttara Kannada North,Trade mark attorney,2,2023-12-01,2025-04-15,,,2026-07-15 14:36:44,2026-07-15 14:36:44,SYSTEM_SEED,SYSTEM_SEED
ACC-03900,Owen Kapur,55,46-55,MALE,42963000000035021,Chitradurga South,"Psychologist, occupational",1,2023-11-03,2023-11-03,,,2026-07-15 14:36:44,2026-07-15 14:36:44,SYSTEM_SEED,SYSTEM_SEED
ACC-03901,Avi Sharma,60,56-65,MALE,42963000000035029,Kodagu North,Water engineer,2,2022-09-19,2025-08-14,,,2026-07-15 14:36:44,2026-07-15 14:36:44,SYSTEM_SEED,SYSTEM_SEED
ACC-03902,Jagadish Rai,53,46-55,MALE,42963000000035039,Uttara Kannada West,Primary school teacher,2,2022-02-27,2024-09-11,,,2026-07-15 14:36:44,2026-07-15 14:36:44,SYSTEM_SEED,SYSTEM_SEED
ACC-03903,Jagadish Urs,40,36-45,MALE,42963000000035015,Bengaluru Rural Rural,Research scientist (medical),2,2021-08-11,2025-11-25,,,2026-07-15 14:36:44,2026-07-15 14:36:44,SYSTEM_SEED,SYSTEM_SEED
ACC-03904,Bachittar Garg,58,56-65,MALE,42963000000035012,Bagalkot Taluk HQ,Advertising copywriter,1,2022-05-29,2022-05-29,,,2026-07-15 14:36:44,2026-07-15 14:36:44,SYSTEM_SEED,SYSTEM_SEED
ACC-03905,Ayush Palan,60,56-65,MALE,42963000000035016,Bengaluru Urban South,Publishing rights manager,1,2024-12-04,2024-12-04,,,2026-07-15 14:36:44,2026-07-15 14:36:44,SYSTEM_SEED,SYSTEM_SEED
ACC-03906,Azad Pandya,31,26-35,MALE,42963000000035022,Dakshina Kannada North,Bookseller,1,2021-12-03,2021-12-03,,,2026-07-15 14:36:44,2026-07-15 14:36:44,SYSTEM_SEED,SYSTEM_SEED
ACC-03907,Jonathan Bala,47,46-55,MALE,42963000000035028,Kalaburagi Rural,"Therapist, sports",1,2022-04-20,2022-04-20,,,2026-07-15 14:36:44,2026-07-15 14:36:44,SYSTEM_SEED,SYSTEM_SEED
ACC-03908,Upasna Deol,61,56-65,FEMALE,42963000000035032,Mandya East,Occupational hygienist,1,2022-09-17,2022-09-17,,,2026-07-15 14:36:44,2026-07-15 14:36:44,SYSTEM_SEED,SYSTEM_SEED
ACC-03909,Varsha Mukherjee,57,56-65,FEMALE,42963000000035037,Tumakuru North,Solicitor,1,2025-02-07,2025-02-07,,,2026-07-15 14:36:44,2026-07-15 14:36:44,SYSTEM_SEED,SYSTEM_SEED
ACC-03910,Noah Kaul,23,18-25,MALE,42963000000035034,Raichur Taluk HQ,"Teacher, early years/pre",1,2024-03-10,2024-03-10,,,2026-07-15 14:36:44,2026-07-15 14:36:44,SYSTEM_SEED,SYSTEM_SEED
ACC-03911,Eshana Zacharia,25,18-25,FEMALE,42963000000035016,Bengaluru Urban West,Theatre director,1,2022-07-20,2022-07-20,,,2026-07-15 14:36:44,2026-07-15 14:36:44,SYSTEM_SEED,SYSTEM_SEED
ACC-03912,Aarush Bera,19,18-25,MALE,42963000000035019,Chikballapur East,Materials engineer,1,2024-10-16,2024-10-16,,,2026-07-15 14:36:44,2026-07-15 14:36:44,SYSTEM_SEED,SYSTEM_SEED
ACC-03913,Bimala Bhatt,40,36-45,FEMALE,42963000000035016,Bengaluru Urban South,Senior tax professional/tax inspector,1,2021-01-06,2021-01-06,,,2026-07-15 14:36:44,2026-07-15 14:36:44,SYSTEM_SEED,SYSTEM_SEED
ACC-03914,Faris Hayer,27,26-35,MALE,42963000000035026,Hassan East,Fish farm manager,2,2022-10-24,2022-11-17,,,2026-07-15 14:36:44,2026-07-15 14:36:44,SYSTEM_SEED,SYSTEM_SEED
ACC-03915,Chandrashekar Bhat,29,26-35,MALE,42963000000035035,Ramanagara South,Tourist information centre manager,1,2022-12-04,2022-12-04,,,2026-07-15 14:36:44,2026-07-15 14:36:44,SYSTEM_SEED,SYSTEM_SEED
ACC-03916,Raghavendra Rai,49,46-55,MALE,42963000000035018,Chamarajanagar South,Editorial assistant,1,2021-11-26,2021-11-26,,,2026-07-15 14:36:44,2026-07-15 14:36:44,SYSTEM_SEED,SYSTEM_SEED
ACC-03917,Shivakumar Gowda,39,36-45,MALE,42963000000035041,Yadgir West,"Education officer, community",1,2024-01-06,2024-01-06,,,2026-07-15 14:36:44,2026-07-15 14:36:44,SYSTEM_SEED,SYSTEM_SEED
ACC-03918,Gangamma Hegde,58,56-65,FEMALE,42963000000035014,Belagavi East,Air traffic controller,2,2023-03-02,2025-07-30,,,2026-07-15 14:36:44,2026-07-15 14:36:44,SYSTEM_SEED,SYSTEM_SEED
ACC-03919,Raghavendra Rai,60,56-65,MALE,42963000000035039,Uttara Kannada Rural,"Research officer, trade union",1,2022-10-22,2022-10-22,,,2026-07-15 14:36:44,2026-07-15 14:36:44,SYSTEM_SEED,SYSTEM_SEED
ACC-03920,Oni Chakraborty,32,26-35,FEMALE,42963000000035032,Mandya East,Chief Marketing Officer,1,2025-07-25,2025-07-25,,,2026-07-15 14:36:44,2026-07-15 14:36:44,SYSTEM_SEED,SYSTEM_SEED
ACC-03921,Rishi Reddy,26,26-35,MALE,42963000000035024,Dharwad Taluk HQ,Museum/gallery curator,1,2024-05-10,2024-05-10,,,2026-07-15 14:36:44,2026-07-15 14:36:44,SYSTEM_SEED,SYSTEM_SEED
ACC-03922,Nagaraj Reddy,44,36-45,MALE,42963000000035024,Dharwad Taluk HQ,Public relations account executive,1,2024-09-15,2024-09-15,,,2026-07-15 14:36:44,2026-07-15 14:36:44,SYSTEM_SEED,SYSTEM_SEED
ACC-03923,Pavani Goswami,26,26-35,FEMALE,42963000000035036,Shivamogga East,Chief Operating Officer,1,2022-11-13,2022-11-13,,,2026-07-15 14:36:44,2026-07-15 14:36:44,SYSTEM_SEED,SYSTEM_SEED
ACC-03924,Peter Goel,41,36-45,MALE,42963000000035041,Yadgir Rural,Planning and development surveyor,1,2025-08-13,2025-08-13,,,2026-07-15 14:36:44,2026-07-15 14:36:44,SYSTEM_SEED,SYSTEM_SEED
ACC-03925,Gangamma Naik,28,26-35,FEMALE,42963000000035033,Mysuru East,Forensic psychologist,1,2024-06-23,2024-06-23,,,2026-07-15 14:36:44,2026-07-15 14:36:44,SYSTEM_SEED,SYSTEM_SEED
ACC-03926,Chakradev Gour,19,18-25,MALE,42963000000035025,Gadag West,Gaffer,1,2023-04-02,2023-04-02,,,2026-07-15 14:36:44,2026-07-15 14:36:44,SYSTEM_SEED,SYSTEM_SEED
ACC-03927,Yallappa Achar,59,56-65,MALE,42963000000035024,Dharwad Taluk HQ,Operational investment banker,1,2024-10-14,2024-10-14,,,2026-07-15 14:36:44,2026-07-15 14:36:44,SYSTEM_SEED,SYSTEM_SEED
ACC-03928,Shivakumar Poojary,45,36-45,MALE,42963000000035027,Haveri Taluk HQ,"Engineer, control and instrumentation",1,2021-09-10,2021-09-10,,,2026-07-15 14:36:44,2026-07-15 14:36:44,SYSTEM_SEED,SYSTEM_SEED
ACC-03929,Parth Bumb,33,26-35,MALE,42963000000035039,Uttara Kannada Taluk HQ,"Librarian, academic",2,2022-07-22,2025-05-21,,,2026-07-15 14:36:44,2026-07-15 14:36:44,SYSTEM_SEED,SYSTEM_SEED
ACC-03930,Champak Viswanathan,45,36-45,MALE,42963000000035033,Mysuru South,Furniture designer,2,2022-04-21,2022-12-15,,,2026-07-15 14:36:44,2026-07-15 14:36:44,SYSTEM_SEED,SYSTEM_SEED
ACC-03931,Channabasappa Kulkarni,39,36-45,MALE,42963000000035013,Ballari West,Advertising account planner,1,2021-07-28,2021-07-28,,,2026-07-15 14:36:44,2026-07-15 14:36:44,SYSTEM_SEED,SYSTEM_SEED
ACC-03932,Bhanumati Prakash,52,46-55,FEMALE,42963000000035016,Bengaluru Urban Rural,Chief of Staff,1,2022-02-03,2022-02-03,,,2026-07-15 14:36:44,2026-07-15 14:36:44,SYSTEM_SEED,SYSTEM_SEED
ACC-03933,Aachal Wadhwa,63,56-65,FEMALE,42963000000035033,Mysuru Rural,"Administrator, charities/voluntary organisations",1,2023-01-09,2023-01-09,,,2026-07-15 14:36:44,2026-07-15 14:36:44,SYSTEM_SEED,SYSTEM_SEED
ACC-03934,Omisha Rajagopalan,24,18-25,FEMALE,42963000000035040,Vijayapura North,Information officer,1,2021-09-02,2021-09-02,,,2026-07-15 14:36:44,2026-07-15 14:36:44,SYSTEM_SEED,SYSTEM_SEED
ACC-03935,Ridhi Boase,35,26-35,FEMALE,42963000000035034,Raichur West,Drilling engineer,1,2023-10-14,2023-10-14,,,2026-07-15 14:36:44,2026-07-15 14:36:44,SYSTEM_SEED,SYSTEM_SEED
ACC-03936,Thimmaiah Rai,53,46-55,MALE,42963000000035025,Gadag Taluk HQ,Energy engineer,1,2021-11-19,2021-11-19,,,2026-07-15 14:36:44,2026-07-15 14:36:44,SYSTEM_SEED,SYSTEM_SEED
ACC-03937,Jagadish Rai,60,56-65,MALE,42963000000035020,Chikkamagaluru West,Web designer,1,2025-09-28,2025-09-28,,,2026-07-15 14:36:44,2026-07-15 14:36:44,SYSTEM_SEED,SYSTEM_SEED
ACC-03938,Jayamma Bhat,33,26-35,FEMALE,42963000000035022,Dakshina Kannada North,Research scientist (physical sciences),1,2022-08-23,2022-08-23,,,2026-07-15 14:36:44,2026-07-15 14:36:44,SYSTEM_SEED,SYSTEM_SEED
ACC-03939,Jagadish Devadiga,64,56-65,MALE,42963000000035018,Chamarajanagar South,"Education officer, environmental",2,2023-10-05,2023-12-17,,,2026-07-15 14:36:44,2026-07-15 14:36:44,SYSTEM_SEED,SYSTEM_SEED
ACC-03940,Orinder Chatterjee,41,36-45,MALE,42963000000035024,Dharwad West,"Designer, fashion/clothing",1,2023-03-10,2023-03-10,,,2026-07-15 14:36:44,2026-07-15 14:36:44,SYSTEM_SEED,SYSTEM_SEED
ACC-03941,Gaurang Sastry,57,56-65,MALE,42963000000035014,Belagavi South,"Editor, film/video",1,2025-10-30,2025-10-30,,,2026-07-15 14:36:44,2026-07-15 14:36:44,SYSTEM_SEED,SYSTEM_SEED
ACC-03942,Nagaveni Poojary,55,46-55,FEMALE,42963000000035012,Bagalkot Taluk HQ,"Runner, broadcasting/film/video",1,2025-07-02,2025-07-02,,,2026-07-15 14:36:44,2026-07-15 14:36:44,SYSTEM_SEED,SYSTEM_SEED
ACC-03943,Prakash Poojary,51,46-55,MALE,42963000000035036,Shivamogga East,Database administrator,1,2024-08-30,2024-08-30,,,2026-07-15 14:36:44,2026-07-15 14:36:44,SYSTEM_SEED,SYSTEM_SEED
ACC-03944,Alexander Barad,57,56-65,MALE,42963000000035022,Dakshina Kannada Taluk HQ,Soil scientist,1,2023-04-05,2023-04-05,,,2026-07-15 14:36:44,2026-07-15 14:36:44,SYSTEM_SEED,SYSTEM_SEED
ACC-03945,Nachiket Manne,20,18-25,MALE,42963000000035032,Mandya Rural,Clinical cytogeneticist,1,2025-12-23,2025-12-23,,,2026-07-15 14:36:44,2026-07-15 14:36:44,SYSTEM_SEED,SYSTEM_SEED
ACC-03946,Harish Rai,55,46-55,MALE,42963000000035024,Dharwad Taluk HQ,Magazine journalist,1,2023-01-01,2023-01-01,,,2026-07-15 14:36:44,2026-07-15 14:36:44,SYSTEM_SEED,SYSTEM_SEED
ACC-03947,Fiyaz Chaudhry,44,36-45,MALE,42963000000035016,Bengaluru Urban Rural,Research scientist (medical),1,2024-08-17,2024-08-17,,,2026-07-15 14:36:44,2026-07-15 14:36:44,SYSTEM_SEED,SYSTEM_SEED
ACC-03948,Pushpalatha Setty,47,46-55,FEMALE,42963000000035029,Kodagu Taluk HQ,"Engineer, automotive",2,2022-11-04,2025-05-23,,,2026-07-15 14:36:44,2026-07-15 14:36:44,SYSTEM_SEED,SYSTEM_SEED
ACC-03949,Harish Kulkarni,46,46-55,MALE,42963000000035017,Bidar East,Toxicologist,2,2023-05-20,2024-12-23,,,2026-07-15 14:36:44,2026-07-15 14:36:44,SYSTEM_SEED,SYSTEM_SEED
ACC-03950,Bhagyalakshmi Urs,27,26-35,FEMALE,42963000000035032,Mandya West,"Designer, fashion/clothing",1,2023-12-03,2023-12-03,,,2026-07-15 14:36:44,2026-07-15 14:36:44,SYSTEM_SEED,SYSTEM_SEED
ACC-03951,Vasana Ramachandran,49,46-55,FEMALE,42963000000035018,Chamarajanagar North,Product/process development scientist,1,2024-10-22,2024-10-22,,,2026-07-15 14:36:44,2026-07-15 14:36:44,SYSTEM_SEED,SYSTEM_SEED
ACC-03952,Yallappa Hegde,24,18-25,MALE,42963000000035028,Kalaburagi South,Commercial horticulturist,1,2022-05-15,2022-05-15,,,2026-07-15 14:36:44,2026-07-15 14:36:44,SYSTEM_SEED,SYSTEM_SEED
ACC-03953,Omkaar Koshy,46,46-55,MALE,42963000000035017,Bidar East,Medical secretary,2,2021-10-07,2022-01-14,,,2026-07-15 14:36:44,2026-07-15 14:36:44,SYSTEM_SEED,SYSTEM_SEED
ACC-03954,Yallappa Bhat,25,18-25,MALE,42963000000035033,Mysuru Rural,Counsellor,1,2022-11-14,2022-11-14,,,2026-07-15 14:36:44,2026-07-15 14:36:44,SYSTEM_SEED,SYSTEM_SEED
ACC-03955,Xalak Guha,46,46-55,FEMALE,42963000000035024,Dharwad South,Operations geologist,1,2023-10-20,2023-10-20,,,2026-07-15 14:36:44,2026-07-15 14:36:44,SYSTEM_SEED,SYSTEM_SEED
ACC-03956,Rachita Bhargava,40,36-45,FEMALE,42963000000035036,Shivamogga Rural,Quantity surveyor,1,2024-05-03,2024-05-03,,,2026-07-15 14:36:44,2026-07-15 14:36:44,SYSTEM_SEED,SYSTEM_SEED
ACC-03957,Nagaraj Shetty,23,18-25,MALE,42963000000035022,Dakshina Kannada South,"Therapist, art",1,2025-06-02,2025-06-02,,,2026-07-15 14:36:44,2026-07-15 14:36:44,SYSTEM_SEED,SYSTEM_SEED
ACC-03958,Yoshita Chand,21,18-25,FEMALE,42963000000035012,Bagalkot Taluk HQ,IT sales professional,1,2025-01-27,2025-01-27,,,2026-07-15 14:36:44,2026-07-15 14:36:44,SYSTEM_SEED,SYSTEM_SEED
ACC-03959,Thimmaiah Poojary,26,26-35,MALE,42963000000035033,Mysuru West,Secretary/administrator,1,2025-03-20,2025-03-20,,,2026-07-15 14:36:44,2026-07-15 14:36:44,SYSTEM_SEED,SYSTEM_SEED
ACC-03960,Lokesh Urs,49,46-55,MALE,42963000000035026,Hassan South,"Surveyor, quantity",1,2024-11-18,2024-11-18,,,2026-07-15 14:36:44,2026-07-15 14:36:44,SYSTEM_SEED,SYSTEM_SEED
ACC-03961,Channabasappa Rai,58,56-65,MALE,42963000000035022,Dakshina Kannada West,"Teacher, special educational needs",1,2022-04-23,2022-04-23,,,2026-07-15 14:36:44,2026-07-15 14:36:44,SYSTEM_SEED,SYSTEM_SEED
ACC-03962,Manjunath Nayak,43,36-45,MALE,42963000000035024,Dharwad Taluk HQ,Ship broker,1,2022-11-02,2022-11-02,,,2026-07-15 14:36:44,2026-07-15 14:36:44,SYSTEM_SEED,SYSTEM_SEED
ACC-03963,Harish Mandal,35,26-35,MALE,42963000000035012,Bagalkot North,IT sales professional,1,2024-11-10,2024-11-10,,,2026-07-15 14:36:44,2026-07-15 14:36:44,SYSTEM_SEED,SYSTEM_SEED
ACC-03964,Vanya Hora,35,26-35,FEMALE,42963000000035023,Davanagere Rural,"Horticulturist, commercial",1,2022-07-12,2022-07-12,,,2026-07-15 14:36:44,2026-07-15 14:36:44,SYSTEM_SEED,SYSTEM_SEED
ACC-03965,Jayamma Poojary,40,36-45,FEMALE,42963000000035020,Chikkamagaluru East,Physiological scientist,1,2021-03-27,2021-03-27,,,2026-07-15 14:36:44,2026-07-15 14:36:44,SYSTEM_SEED,SYSTEM_SEED
ACC-03966,Mahadevi Kulkarni,52,46-55,FEMALE,42963000000035024,Dharwad West,Operations geologist,1,2025-11-29,2025-11-29,,,2026-07-15 14:36:44,2026-07-15 14:36:44,SYSTEM_SEED,SYSTEM_SEED
ACC-03967,Chandrashekar Kulkarni,60,56-65,MALE,42963000000035016,Bengaluru Urban South,"Presenter, broadcasting",1,2023-02-03,2023-02-03,,,2026-07-15 14:36:44,2026-07-15 14:36:44,SYSTEM_SEED,SYSTEM_SEED
ACC-03968,Chandrashekar Hegde,24,18-25,MALE,42963000000035018,Chamarajanagar West,Multimedia programmer,1,2021-03-22,2021-03-22,,,2026-07-15 14:36:44,2026-07-15 14:36:44,SYSTEM_SEED,SYSTEM_SEED
ACC-03969,Manjunath Bhat,37,36-45,MALE,42963000000035016,Bengaluru Urban Rural,Charity fundraiser,1,2023-03-10,2023-03-10,,,2026-07-15 14:36:44,2026-07-15 14:36:44,SYSTEM_SEED,SYSTEM_SEED
ACC-03970,Amaira Swamy,53,46-55,FEMALE,42963000000035016,Bengaluru Urban North,Civil Service administrator,1,2025-12-08,2025-12-08,,,2026-07-15 14:36:44,2026-07-15 14:36:44,SYSTEM_SEED,SYSTEM_SEED
ACC-03971,Wyatt Ramachandran,20,18-25,MALE,42963000000035033,Mysuru Rural,Information officer,2,2021-10-05,2023-09-08,,,2026-07-15 14:36:44,2026-07-15 14:36:44,SYSTEM_SEED,SYSTEM_SEED
ACC-03972,Maanas Bhakta,64,56-65,MALE,42963000000035014,Belagavi East,"Secretary, company",1,2025-06-27,2025-06-27,,,2026-07-15 14:36:44,2026-07-15 14:36:44,SYSTEM_SEED,SYSTEM_SEED
ACC-03973,Girindra Chakraborty,51,46-55,MALE,42963000000035016,Bengaluru Urban East,Information systems manager,1,2021-06-13,2021-06-13,,,2026-07-15 14:36:44,2026-07-15 14:36:44,SYSTEM_SEED,SYSTEM_SEED
ACC-03974,Veeranna Achar,32,26-35,MALE,42963000000035023,Davanagere Rural,Theatre manager,1,2024-07-29,2024-07-29,,,2026-07-15 14:36:44,2026-07-15 14:36:44,SYSTEM_SEED,SYSTEM_SEED
ACC-03975,Naksh Bava,60,56-65,MALE,42963000000035032,Mandya Rural,Social researcher,1,2023-08-13,2023-08-13,,,2026-07-15 14:36:44,2026-07-15 14:36:44,SYSTEM_SEED,SYSTEM_SEED
ACC-03976,Arjun Mitter,48,46-55,MALE,42963000000035042,Vijayanagara West,Musician,1,2024-07-18,2024-07-18,,,2026-07-15 14:36:44,2026-07-15 14:36:44,SYSTEM_SEED,SYSTEM_SEED
ACC-03977,Qushi Yogi,18,18-25,FEMALE,42963000000035024,Dharwad Rural,Associate Professor,1,2024-09-11,2024-09-11,,,2026-07-15 14:36:44,2026-07-15 14:36:44,SYSTEM_SEED,SYSTEM_SEED
ACC-03978,Yashoda Viswanathan,37,36-45,FEMALE,42963000000035030,Kolar North,"Editor, magazine features",2,2022-04-21,2025-04-27,,,2026-07-15 14:36:44,2026-07-15 14:36:44,SYSTEM_SEED,SYSTEM_SEED
ACC-03979,Gopalakrishna Shetty,20,18-25,MALE,42963000000035013,Ballari Rural,Rural practice surveyor,1,2023-02-24,2023-02-24,,,2026-07-15 14:36:44,2026-07-15 14:36:44,SYSTEM_SEED,SYSTEM_SEED
ACC-03980,Sureshgowda Gowda,63,56-65,MALE,42963000000035015,Bengaluru Rural East,Metallurgist,1,2022-10-18,2022-10-18,,,2026-07-15 14:36:44,2026-07-15 14:36:44,SYSTEM_SEED,SYSTEM_SEED
ACC-03981,Raghavendra Kulkarni,25,18-25,MALE,42963000000035024,Dharwad Taluk HQ,Armed forces operational officer,2,2023-05-29,2024-04-24,,,2026-07-15 14:36:44,2026-07-15 14:36:44,SYSTEM_SEED,SYSTEM_SEED
ACC-03982,Chandran Shankar,59,56-65,MALE,42963000000035031,Koppal South,Electronics engineer,1,2022-09-09,2022-09-09,,,2026-07-15 14:36:44,2026-07-15 14:36:44,SYSTEM_SEED,SYSTEM_SEED
ACC-03983,Nathaniel Bora,24,18-25,MALE,42963000000035016,Bengaluru Urban West,"Engineer, electronics",2,2021-06-15,2021-11-03,,,2026-07-15 14:36:44,2026-07-15 14:36:44,SYSTEM_SEED,SYSTEM_SEED
ACC-03984,Yallappa Setty,41,36-45,MALE,42963000000035014,Belagavi Taluk HQ,Research scientist (life sciences),2,2023-06-11,2024-08-10,,,2026-07-15 14:36:44,2026-07-15 14:36:44,SYSTEM_SEED,SYSTEM_SEED
ACC-03985,Abhimanyu Bath,57,56-65,MALE,42963000000035019,Chikballapur South,Museum/gallery curator,1,2022-08-30,2022-08-30,,,2026-07-15 14:36:44,2026-07-15 14:36:44,SYSTEM_SEED,SYSTEM_SEED
ACC-03986,Dalbir Mannan,34,26-35,MALE,42963000000035040,Vijayapura East,"Accountant, chartered management",1,2021-03-28,2021-03-28,,,2026-07-15 14:36:44,2026-07-15 14:36:44,SYSTEM_SEED,SYSTEM_SEED
ACC-03987,Ravindranath Kulkarni,27,26-35,MALE,42963000000035029,Kodagu Taluk HQ,Financial adviser,1,2025-12-04,2025-12-04,,,2026-07-15 14:36:44,2026-07-15 14:36:44,SYSTEM_SEED,SYSTEM_SEED
ACC-03988,Hema Ramakrishnan,56,56-65,FEMALE,42963000000035017,Bidar Taluk HQ,Estate agent,1,2024-07-08,2024-07-08,,,2026-07-15 14:36:44,2026-07-15 14:36:44,SYSTEM_SEED,SYSTEM_SEED
ACC-03989,Sai Basu,33,26-35,MALE,42963000000035024,Dharwad Taluk HQ,"Designer, furniture",1,2022-11-20,2022-11-20,,,2026-07-15 14:36:44,2026-07-15 14:36:44,SYSTEM_SEED,SYSTEM_SEED
ACC-03990,Krishna Kuruvilla,62,56-65,FEMALE,42963000000035033,Mysuru East,"Pharmacist, hospital",1,2022-09-23,2022-09-23,,,2026-07-15 14:36:44,2026-07-15 14:36:44,SYSTEM_SEED,SYSTEM_SEED
ACC-03991,Rathnamma Reddy,27,26-35,FEMALE,42963000000035036,Shivamogga Taluk HQ,"Teacher, English as a foreign language",1,2025-01-26,2025-01-26,,,2026-07-15 14:36:44,2026-07-15 14:36:44,SYSTEM_SEED,SYSTEM_SEED
ACC-03992,Harsh Mahajan,26,26-35,MALE,42963000000035033,Mysuru East,Outdoor activities/education manager,2,2021-09-28,2023-04-18,,,2026-07-15 14:36:44,2026-07-15 14:36:44,SYSTEM_SEED,SYSTEM_SEED
ACC-03993,Triya Sachdev,46,46-55,FEMALE,42963000000035026,Hassan South,Multimedia programmer,2,2021-05-11,2025-09-01,,,2026-07-15 14:36:44,2026-07-15 14:36:44,SYSTEM_SEED,SYSTEM_SEED
ACC-03994,Girish Sura,41,36-45,MALE,42963000000035024,Dharwad North,Forensic scientist,1,2023-03-01,2023-03-01,,,2026-07-15 14:36:44,2026-07-15 14:36:44,SYSTEM_SEED,SYSTEM_SEED
ACC-03995,Rudra Barman,52,46-55,MALE,42963000000035036,Shivamogga Rural,"Production assistant, radio",2,2024-04-10,2024-05-22,,,2026-07-15 14:36:44,2026-07-15 14:36:44,SYSTEM_SEED,SYSTEM_SEED
ACC-03996,Jayamma Poojary,36,36-45,FEMALE,42963000000035035,Ramanagara Rural,"Conservation officer, historic buildings",1,2022-02-25,2022-02-25,,,2026-07-15 14:36:44,2026-07-15 14:36:44,SYSTEM_SEED,SYSTEM_SEED
ACC-03997,Balendra Contractor,59,56-65,MALE,42963000000035040,Vijayapura South,Commercial art gallery manager,1,2021-09-24,2021-09-24,,,2026-07-15 14:36:44,2026-07-15 14:36:44,SYSTEM_SEED,SYSTEM_SEED
ACC-03998,Prakash Setty,60,56-65,MALE,42963000000035022,Dakshina Kannada East,"Designer, interior/spatial",1,2025-11-09,2025-11-09,,,2026-07-15 14:36:44,2026-07-15 14:36:44,SYSTEM_SEED,SYSTEM_SEED
ACC-03999,Bhavna Goswami,42,36-45,FEMALE,42963000000035016,Bengaluru Urban Rural,Software engineer,1,2021-10-23,2021-10-23,,,2026-07-15 14:36:44,2026-07-15 14:36:44,SYSTEM_SEED,SYSTEM_SEED
ACC-04000,Geetika Kunda,31,26-35,FEMALE,42963000000035012,Bagalkot Taluk HQ,Occupational therapist,1,2022-10-18,2022-10-18,,,2026-07-15 14:36:44,2026-07-15 14:36:44,SYSTEM_SEED,SYSTEM_SEED
ACC-04001,Luke Mane,22,18-25,MALE,42963000000035035,Ramanagara Taluk HQ,"Teacher, early years/pre",1,2022-10-22,2022-10-22,,,2026-07-15 14:36:44,2026-07-15 14:36:44,SYSTEM_SEED,SYSTEM_SEED
ACC-04002,Darika Dar,61,56-65,FEMALE,42963000000035020,Chikkamagaluru Taluk HQ,Nutritional therapist,1,2023-05-14,2023-05-14,,,2026-07-15 14:36:44,2026-07-15 14:36:44,SYSTEM_SEED,SYSTEM_SEED
ACC-04003,Chameli Tank,41,36-45,FEMALE,42963000000035017,Bidar Taluk HQ,"Engineer, control and instrumentation",1,2024-01-18,2024-01-18,,,2026-07-15 14:36:44,2026-07-15 14:36:44,SYSTEM_SEED,SYSTEM_SEED
ACC-04004,Andrew Singh,56,56-65,MALE,42963000000035022,Dakshina Kannada East,Quality manager,1,2023-08-05,2023-08-05,,,2026-07-15 14:36:44,2026-07-15 14:36:44,SYSTEM_SEED,SYSTEM_SEED
ACC-04005,Daksh Karnik,31,26-35,MALE,42963000000035038,Udupi East,Applications developer,1,2021-04-24,2021-04-24,,,2026-07-15 14:36:44,2026-07-15 14:36:44,SYSTEM_SEED,SYSTEM_SEED
ACC-04006,Ravindranath Bhat,19,18-25,MALE,42963000000035036,Shivamogga West,Network engineer,1,2022-10-16,2022-10-16,,,2026-07-15 14:36:44,2026-07-15 14:36:44,SYSTEM_SEED,SYSTEM_SEED
ACC-04007,Chakrika Bir,42,36-45,FEMALE,42963000000035028,Kalaburagi Taluk HQ,Financial controller,1,2023-02-14,2023-02-14,,,2026-07-15 14:36:44,2026-07-15 14:36:44,SYSTEM_SEED,SYSTEM_SEED
ACC-04008,Qasim Sarma,31,26-35,MALE,42963000000035022,Dakshina Kannada North,Customer service manager,1,2024-10-18,2024-10-18,,,2026-07-15 14:36:44,2026-07-15 14:36:44,SYSTEM_SEED,SYSTEM_SEED
ACC-04009,Ansh Thakur,18,18-25,MALE,42963000000035013,Ballari East,Energy engineer,1,2024-09-06,2024-09-06,,,2026-07-15 14:36:44,2026-07-15 14:36:44,SYSTEM_SEED,SYSTEM_SEED
ACC-04010,Nathan Bassi,61,56-65,MALE,42963000000035028,Kalaburagi East,"Teacher, adult education",1,2023-05-22,2023-05-22,,,2026-07-15 14:36:44,2026-07-15 14:36:44,SYSTEM_SEED,SYSTEM_SEED
ACC-04011,Ganga Om,64,56-65,FEMALE,42963000000035018,Chamarajanagar South,Fitness centre manager,1,2024-11-01,2024-11-01,,,2026-07-15 14:36:44,2026-07-15 14:36:44,SYSTEM_SEED,SYSTEM_SEED
ACC-04012,Pushti Shere,54,46-55,FEMALE,42963000000035042,Vijayanagara North,"Engineer, control and instrumentation",1,2023-01-22,2023-01-22,,,2026-07-15 14:36:44,2026-07-15 14:36:44,SYSTEM_SEED,SYSTEM_SEED
ACC-04013,Shivani Rai,63,56-65,FEMALE,42963000000035042,Vijayanagara Rural,"Designer, ceramics/pottery",1,2025-10-18,2025-10-18,,,2026-07-15 14:36:44,2026-07-15 14:36:44,SYSTEM_SEED,SYSTEM_SEED
ACC-04014,Yashawini Bhatt,59,56-65,FEMALE,42963000000035016,Bengaluru Urban East,Equality and diversity officer,1,2025-04-26,2025-04-26,,,2026-07-15 14:36:44,2026-07-15 14:36:44,SYSTEM_SEED,SYSTEM_SEED
ACC-04015,Bhagyalakshmi Shetty,39,36-45,FEMALE,42963000000035028,Kalaburagi Taluk HQ,Educational psychologist,1,2022-09-16,2022-09-16,,,2026-07-15 14:36:44,2026-07-15 14:36:44,SYSTEM_SEED,SYSTEM_SEED
ACC-04016,Oliver Sarna,42,36-45,MALE,42963000000035033,Mysuru West,Agricultural consultant,1,2022-06-24,2022-06-24,,,2026-07-15 14:36:44,2026-07-15 14:36:44,SYSTEM_SEED,SYSTEM_SEED
ACC-04017,Bhavya Korpal,24,18-25,FEMALE,42963000000035014,Belagavi North,Town planner,1,2025-10-19,2025-10-19,,,2026-07-15 14:36:44,2026-07-15 14:36:44,SYSTEM_SEED,SYSTEM_SEED
ACC-04018,Faris Dhar,50,46-55,MALE,42963000000035016,Bengaluru Urban West,Sports development officer,1,2023-09-04,2023-09-04,,,2026-07-15 14:36:44,2026-07-15 14:36:44,SYSTEM_SEED,SYSTEM_SEED
ACC-04019,Ayush Choudhury,30,26-35,MALE,42963000000035012,Bagalkot East,Bookseller,1,2023-03-27,2023-03-27,,,2026-07-15 14:36:44,2026-07-15 14:36:44,SYSTEM_SEED,SYSTEM_SEED
ACC-04020,Abhiram Gara,62,56-65,MALE,42963000000035028,Kalaburagi East,IT technical support officer,1,2024-05-02,2024-05-02,,,2026-07-15 14:36:44,2026-07-15 14:36:44,SYSTEM_SEED,SYSTEM_SEED
ACC-04021,Anirudh Dhar,59,56-65,MALE,42963000000035014,Belagavi South,Civil Service administrator,1,2025-01-04,2025-01-04,,,2026-07-15 14:36:44,2026-07-15 14:36:44,SYSTEM_SEED,SYSTEM_SEED
ACC-04022,Aarush Raj,61,56-65,MALE,42963000000035024,Dharwad Rural,"Accountant, chartered certified",1,2021-01-29,2021-01-29,,,2026-07-15 14:36:44,2026-07-15 14:36:44,SYSTEM_SEED,SYSTEM_SEED
ACC-04023,Rishi Dar,51,46-55,MALE,42963000000035031,Koppal East,Environmental manager,1,2023-04-11,2023-04-11,,,2026-07-15 14:36:44,2026-07-15 14:36:44,SYSTEM_SEED,SYSTEM_SEED
ACC-04024,Balhaar Bahri,36,36-45,MALE,42963000000035028,Kalaburagi West,Publishing copy,1,2024-12-20,2024-12-20,,,2026-07-15 14:36:44,2026-07-15 14:36:44,SYSTEM_SEED,SYSTEM_SEED
ACC-04025,Megha Ram,21,18-25,FEMALE,42963000000035021,Chitradurga North,"Production assistant, television",1,2024-03-03,2024-03-03,,,2026-07-15 14:36:44,2026-07-15 14:36:44,SYSTEM_SEED,SYSTEM_SEED
ACC-04026,Veeranna Kulkarni,24,18-25,MALE,42963000000035024,Dharwad East,Field seismologist,1,2021-02-02,2021-02-02,,,2026-07-15 14:36:44,2026-07-15 14:36:44,SYSTEM_SEED,SYSTEM_SEED
ACC-04027,Harish Bhat,39,36-45,MALE,42963000000035042,Vijayanagara West,Recycling officer,1,2024-10-08,2024-10-08,,,2026-07-15 14:36:44,2026-07-15 14:36:44,SYSTEM_SEED,SYSTEM_SEED
ACC-04028,Orinder Sha,52,46-55,MALE,42963000000035031,Koppal Taluk HQ,Quality manager,1,2023-08-14,2023-08-14,,,2026-07-15 14:36:44,2026-07-15 14:36:44,SYSTEM_SEED,SYSTEM_SEED
ACC-04029,Puttaswamy Reddy,45,36-45,MALE,42963000000035014,Belagavi North,"Designer, ceramics/pottery",1,2024-10-08,2024-10-08,,,2026-07-15 14:36:44,2026-07-15 14:36:44,SYSTEM_SEED,SYSTEM_SEED
ACC-04030,Harish Naik,24,18-25,MALE,42963000000035042,Vijayanagara West,"Programme researcher, broadcasting/film/video",1,2024-03-03,2024-03-03,,,2026-07-15 14:36:44,2026-07-15 14:36:44,SYSTEM_SEED,SYSTEM_SEED
ACC-04031,Raghavendra Devadiga,47,46-55,MALE,42963000000035042,Vijayanagara North,Software engineer,1,2024-01-16,2024-01-16,,,2026-07-15 14:36:44,2026-07-15 14:36:44,SYSTEM_SEED,SYSTEM_SEED
ACC-04032,Isaac Dhawan,65,56-65,MALE,42963000000035037,Tumakuru East,Historic buildings inspector/conservation officer,1,2024-08-29,2024-08-29,,,2026-07-15 14:36:44,2026-07-15 14:36:44,SYSTEM_SEED,SYSTEM_SEED
ACC-04033,Sara Kurian,56,56-65,FEMALE,42963000000035020,Chikkamagaluru East,"Designer, multimedia",1,2021-11-05,2021-11-05,,,2026-07-15 14:36:44,2026-07-15 14:36:44,SYSTEM_SEED,SYSTEM_SEED
ACC-04034,Lokesh Bhat,53,46-55,MALE,42963000000035025,Gadag Rural,Mental health nurse,1,2021-09-22,2021-09-22,,,2026-07-15 14:36:44,2026-07-15 14:36:44,SYSTEM_SEED,SYSTEM_SEED
ACC-04035,Tarak Mital,63,56-65,MALE,42963000000035028,Kalaburagi West,Cytogeneticist,1,2021-10-22,2021-10-22,,,2026-07-15 14:36:44,2026-07-15 14:36:44,SYSTEM_SEED,SYSTEM_SEED
ACC-04036,Victor Roy,21,18-25,MALE,42963000000035022,Dakshina Kannada North,Special educational needs teacher,1,2022-01-09,2022-01-09,,,2026-07-15 14:36:44,2026-07-15 14:36:44,SYSTEM_SEED,SYSTEM_SEED
ACC-04037,Sai Dass,62,56-65,MALE,42963000000035013,Ballari Rural,Manufacturing engineer,1,2022-09-09,2022-09-09,,,2026-07-15 14:36:44,2026-07-15 14:36:44,SYSTEM_SEED,SYSTEM_SEED
ACC-04038,Samaksh Sama,18,18-25,MALE,42963000000035024,Dharwad East,Pensions consultant,1,2022-04-13,2022-04-13,,,2026-07-15 14:36:44,2026-07-15 14:36:44,SYSTEM_SEED,SYSTEM_SEED
ACC-04039,Upkaar Sawhney,40,36-45,MALE,42963000000035017,Bidar North,Network engineer,2,2021-05-15,2022-08-26,,,2026-07-15 14:36:44,2026-07-15 14:36:44,SYSTEM_SEED,SYSTEM_SEED
ACC-04040,Rajata Nazareth,25,18-25,FEMALE,42963000000035022,Dakshina Kannada Rural,"Journalist, magazine",1,2021-10-31,2021-10-31,,,2026-07-15 14:36:44,2026-07-15 14:36:44,SYSTEM_SEED,SYSTEM_SEED
ACC-04041,Manjunath Hegde,30,26-35,MALE,42963000000035023,Davanagere East,Oceanographer,1,2022-11-19,2022-11-19,,,2026-07-15 14:36:44,2026-07-15 14:36:44,SYSTEM_SEED,SYSTEM_SEED
ACC-04042,Yashodamma Gowda,57,56-65,FEMALE,42963000000035037,Tumakuru Taluk HQ,Contracting civil engineer,1,2022-06-20,2022-06-20,,,2026-07-15 14:36:44,2026-07-15 14:36:44,SYSTEM_SEED,SYSTEM_SEED
ACC-04043,Jason Kalla,37,36-45,MALE,42963000000035032,Mandya North,"Engineer, aeronautical",1,2023-06-16,2023-06-16,,,2026-07-15 14:36:44,2026-07-15 14:36:44,SYSTEM_SEED,SYSTEM_SEED
ACC-04044,Qabil Sheth,48,46-55,MALE,42963000000035031,Koppal Rural,Sports therapist,1,2023-12-28,2023-12-28,,,2026-07-15 14:36:44,2026-07-15 14:36:44,SYSTEM_SEED,SYSTEM_SEED
ACC-04045,Rachit Mohanty,36,36-45,MALE,42963000000035022,Dakshina Kannada West,"Engineer, production",1,2024-10-25,2024-10-25,,,2026-07-15 14:36:44,2026-07-15 14:36:44,SYSTEM_SEED,SYSTEM_SEED
ACC-04046,Ekavir Singhal,32,26-35,MALE,42963000000035022,Dakshina Kannada North,Clinical embryologist,1,2024-07-29,2024-07-29,,,2026-07-15 14:36:44,2026-07-15 14:36:44,SYSTEM_SEED,SYSTEM_SEED
ACC-04047,Netra Sachar,61,56-65,FEMALE,42963000000035028,Kalaburagi Taluk HQ,Arts development officer,1,2024-12-12,2024-12-12,,,2026-07-15 14:36:44,2026-07-15 14:36:44,SYSTEM_SEED,SYSTEM_SEED
ACC-04048,Lokesh Achar,27,26-35,MALE,42963000000035024,Dharwad Rural,"Engineer, communications",1,2025-01-20,2025-01-20,,,2026-07-15 14:36:44,2026-07-15 14:36:44,SYSTEM_SEED,SYSTEM_SEED
ACC-04049,Puttaswamy Hegde,27,26-35,MALE,42963000000035016,Bengaluru Urban East,"Engineer, water",1,2021-12-05,2021-12-05,,,2026-07-15 14:36:44,2026-07-15 14:36:44,SYSTEM_SEED,SYSTEM_SEED
ACC-04050,Farhan Rajagopalan,35,26-35,MALE,42963000000035014,Belagavi Rural,"Scientist, forensic",1,2021-11-09,2021-11-09,,,2026-07-15 14:36:44,2026-07-15 14:36:44,SYSTEM_SEED,SYSTEM_SEED
ACC-04051,Gautam Savant,29,26-35,MALE,42963000000035021,Chitradurga Taluk HQ,Aeronautical engineer,1,2022-04-14,2022-04-14,,,2026-07-15 14:36:44,2026-07-15 14:36:44,SYSTEM_SEED,SYSTEM_SEED
ACC-04052,Reyansh Gera,58,56-65,MALE,42963000000035033,Mysuru South,Government social research officer,2,2021-09-12,2022-06-12,,,2026-07-15 14:36:44,2026-07-15 14:36:44,SYSTEM_SEED,SYSTEM_SEED
ACC-04053,Sai Hora,49,46-55,MALE,42963000000035037,Tumakuru Taluk HQ,Dentist,1,2021-07-06,2021-07-06,,,2026-07-15 14:36:44,2026-07-15 14:36:44,SYSTEM_SEED,SYSTEM_SEED
ACC-04054,Nathan Sidhu,63,56-65,MALE,42963000000035042,Vijayanagara East,Financial trader,1,2022-01-11,2022-01-11,,,2026-07-15 14:36:44,2026-07-15 14:36:44,SYSTEM_SEED,SYSTEM_SEED
ACC-04055,Yagnesh Mutti,20,18-25,MALE,42963000000035016,Bengaluru Urban North,Tree surgeon,1,2023-05-15,2023-05-15,,,2026-07-15 14:36:44,2026-07-15 14:36:44,SYSTEM_SEED,SYSTEM_SEED
ACC-04056,Gangamma Kulkarni,54,46-55,FEMALE,42963000000035028,Kalaburagi North,Video editor,1,2021-06-28,2021-06-28,,,2026-07-15 14:36:44,2026-07-15 14:36:44,SYSTEM_SEED,SYSTEM_SEED
ACC-04057,Manjunath Hegde,64,56-65,MALE,42963000000035033,Mysuru South,Set designer,1,2025-10-22,2025-10-22,,,2026-07-15 14:36:44,2026-07-15 14:36:44,SYSTEM_SEED,SYSTEM_SEED
ACC-04058,Mahadevi Gowda,42,36-45,FEMALE,42963000000035017,Bidar East,Animal technologist,1,2021-01-30,2021-01-30,,,2026-07-15 14:36:44,2026-07-15 14:36:44,SYSTEM_SEED,SYSTEM_SEED
ACC-04059,Bhavini Chada,56,56-65,FEMALE,42963000000035022,Dakshina Kannada South,Advertising art director,1,2025-09-26,2025-09-26,,,2026-07-15 14:36:44,2026-07-15 14:36:44,SYSTEM_SEED,SYSTEM_SEED
ACC-04060,Avni Narula,57,56-65,FEMALE,42963000000035013,Ballari Rural,Chemical engineer,1,2021-08-19,2021-08-19,,,2026-07-15 14:36:44,2026-07-15 14:36:44,SYSTEM_SEED,SYSTEM_SEED
ACC-04061,Pranav Jain,60,56-65,MALE,42963000000035020,Chikkamagaluru West,Dentist,1,2023-09-12,2023-09-12,,,2026-07-15 14:36:44,2026-07-15 14:36:44,SYSTEM_SEED,SYSTEM_SEED
ACC-04062,Mitesh Bhatti,52,46-55,MALE,42963000000035024,Dharwad Rural,Medical laboratory scientific officer,1,2024-07-07,2024-07-07,,,2026-07-15 14:36:44,2026-07-15 14:36:44,SYSTEM_SEED,SYSTEM_SEED
ACC-04063,Udant Soman,20,18-25,MALE,42963000000035027,Haveri West,Lexicographer,1,2022-10-03,2022-10-03,,,2026-07-15 14:36:44,2026-07-15 14:36:44,SYSTEM_SEED,SYSTEM_SEED
ACC-04064,Maanav Mitter,29,26-35,MALE,42963000000035032,Mandya Rural,Chiropractor,1,2023-12-30,2023-12-30,,,2026-07-15 14:36:44,2026-07-15 14:36:44,SYSTEM_SEED,SYSTEM_SEED
ACC-04065,Forum Gade,30,26-35,FEMALE,42963000000035021,Chitradurga Taluk HQ,Pathologist,1,2021-08-21,2021-08-21,,,2026-07-15 14:36:44,2026-07-15 14:36:44,SYSTEM_SEED,SYSTEM_SEED
ACC-04066,Lokesh Poojary,44,36-45,MALE,42963000000035022,Dakshina Kannada West,Commissioning editor,1,2022-06-01,2022-06-01,,,2026-07-15 14:36:44,2026-07-15 14:36:44,SYSTEM_SEED,SYSTEM_SEED
ACC-04067,Fariq Singh,48,46-55,MALE,42963000000035017,Bidar Taluk HQ,Health visitor,1,2025-05-01,2025-05-01,,,2026-07-15 14:36:44,2026-07-15 14:36:44,SYSTEM_SEED,SYSTEM_SEED
ACC-04068,Manjunath Urs,48,46-55,MALE,42963000000035032,Mandya South,Fisheries officer,1,2024-10-29,2024-10-29,,,2026-07-15 14:36:44,2026-07-15 14:36:44,SYSTEM_SEED,SYSTEM_SEED
ACC-04069,Jagadish Nayak,18,18-25,MALE,42963000000035033,Mysuru North,Clothing/textile technologist,2,2022-05-29,2025-03-11,,,2026-07-15 14:36:44,2026-07-15 14:36:44,SYSTEM_SEED,SYSTEM_SEED
ACC-04070,Vamakshi Chatterjee,59,56-65,FEMALE,42963000000035016,Bengaluru Urban South,Archaeologist,1,2021-09-12,2021-09-12,,,2026-07-15 14:36:44,2026-07-15 14:36:44,SYSTEM_SEED,SYSTEM_SEED
ACC-04071,Sai Solanki,24,18-25,FEMALE,42963000000035032,Mandya Rural,Museum education officer,1,2025-07-29,2025-07-29,,,2026-07-15 14:36:44,2026-07-15 14:36:44,SYSTEM_SEED,SYSTEM_SEED
ACC-04072,Manjunath Naik,32,26-35,MALE,42963000000035035,Ramanagara Rural,Publishing rights manager,1,2024-04-18,2024-04-18,,,2026-07-15 14:36:44,2026-07-15 14:36:44,SYSTEM_SEED,SYSTEM_SEED
ACC-04073,Basavaraj Hegde,33,26-35,MALE,42963000000035024,Dharwad West,"Doctor, hospital",2,2023-02-08,2025-12-13,,,2026-07-15 14:36:44,2026-07-15 14:36:44,SYSTEM_SEED,SYSTEM_SEED
ACC-04074,Nagaraj Naik,24,18-25,MALE,42963000000035030,Kolar South,Advertising account planner,1,2024-04-07,2024-04-07,,,2026-07-15 14:36:44,2026-07-15 14:36:44,SYSTEM_SEED,SYSTEM_SEED
ACC-04075,Basavaraj Naik,53,46-55,MALE,42963000000035037,Tumakuru Rural,Theatre director,2,2021-09-20,2021-10-23,,,2026-07-15 14:36:44,2026-07-15 14:36:44,SYSTEM_SEED,SYSTEM_SEED
ACC-04076,Urvi Gopal,35,26-35,FEMALE,42963000000035018,Chamarajanagar South,Product/process development scientist,1,2024-05-25,2024-05-25,,,2026-07-15 14:36:44,2026-07-15 14:36:44,SYSTEM_SEED,SYSTEM_SEED
ACC-04077,Shanthakumari Rai,18,18-25,FEMALE,42963000000035032,Mandya Rural,Advertising account planner,1,2025-12-24,2025-12-24,,,2026-07-15 14:36:44,2026-07-15 14:36:44,SYSTEM_SEED,SYSTEM_SEED
ACC-04078,Pooja Nori,23,18-25,FEMALE,42963000000035016,Bengaluru Urban East,Chartered certified accountant,2,2024-05-20,2024-12-16,,,2026-07-15 14:36:44,2026-07-15 14:36:44,SYSTEM_SEED,SYSTEM_SEED
ACC-04079,Nagaraj Gowda,60,56-65,MALE,42963000000035014,Belagavi West,Merchant navy officer,1,2025-09-12,2025-09-12,,,2026-07-15 14:36:44,2026-07-15 14:36:44,SYSTEM_SEED,SYSTEM_SEED
ACC-04080,Raghavendra Poojary,54,46-55,MALE,42963000000035020,Chikkamagaluru West,Broadcast presenter,1,2023-12-01,2023-12-01,,,2026-07-15 14:36:44,2026-07-15 14:36:44,SYSTEM_SEED,SYSTEM_SEED
ACC-04081,Lakshmamma Devadiga,52,46-55,FEMALE,42963000000035029,Kodagu Taluk HQ,"Editor, film/video",2,2023-01-03,2025-04-01,,,2026-07-15 14:36:44,2026-07-15 14:36:44,SYSTEM_SEED,SYSTEM_SEED
ACC-04082,Mason Ramesh,38,36-45,MALE,42963000000035021,Chitradurga South,Dealer,1,2023-12-25,2023-12-25,,,2026-07-15 14:36:44,2026-07-15 14:36:44,SYSTEM_SEED,SYSTEM_SEED
ACC-04083,Indira Nagi,38,36-45,FEMALE,42963000000035042,Vijayanagara West,"Horticulturist, commercial",1,2024-11-24,2024-11-24,,,2026-07-15 14:36:44,2026-07-15 14:36:44,SYSTEM_SEED,SYSTEM_SEED
ACC-04084,Peter Talwar,21,18-25,MALE,42963000000035025,Gadag East,"Administrator, sports",1,2025-10-05,2025-10-05,,,2026-07-15 14:36:44,2026-07-15 14:36:44,SYSTEM_SEED,SYSTEM_SEED
ACC-04085,Frado Patla,22,18-25,MALE,42963000000035031,Koppal Taluk HQ,Forensic psychologist,1,2023-03-27,2023-03-27,,,2026-07-15 14:36:44,2026-07-15 14:36:44,SYSTEM_SEED,SYSTEM_SEED
ACC-04086,Puttaswamy Achar,19,18-25,MALE,42963000000035030,Kolar South,"Engineer, agricultural",1,2022-05-16,2022-05-16,,,2026-07-15 14:36:44,2026-07-15 14:36:44,SYSTEM_SEED,SYSTEM_SEED
ACC-04087,Advik Suri,29,26-35,MALE,42963000000035033,Mysuru North,"Investment banker, operational",1,2022-07-03,2022-07-03,,,2026-07-15 14:36:44,2026-07-15 14:36:44,SYSTEM_SEED,SYSTEM_SEED
ACC-04088,Sureshgowda Reddy,20,18-25,MALE,42963000000035030,Kolar Rural,Dietitian,1,2023-08-10,2023-08-10,,,2026-07-15 14:36:44,2026-07-15 14:36:44,SYSTEM_SEED,SYSTEM_SEED
ACC-04089,Jagdish Mohan,42,36-45,MALE,42963000000035024,Dharwad East,General practice doctor,2,2022-06-03,2025-11-30,,,2026-07-15 14:36:44,2026-07-15 14:36:44,SYSTEM_SEED,SYSTEM_SEED
ACC-04090,Raghavendra Poojary,56,56-65,MALE,42963000000035016,Bengaluru Urban North,"Production assistant, radio",1,2023-01-11,2023-01-11,,,2026-07-15 14:36:44,2026-07-15 14:36:44,SYSTEM_SEED,SYSTEM_SEED
ACC-04091,Om Baria,52,46-55,MALE,42963000000035022,Dakshina Kannada Taluk HQ,Government social research officer,2,2021-06-14,2024-10-02,,,2026-07-15 14:36:44,2026-07-15 14:36:44,SYSTEM_SEED,SYSTEM_SEED
ACC-04092,Chaitaly Natarajan,22,18-25,FEMALE,42963000000035029,Kodagu North,Structural engineer,1,2021-08-18,2021-08-18,,,2026-07-15 14:36:44,2026-07-15 14:36:44,SYSTEM_SEED,SYSTEM_SEED
ACC-04093,Dhruv Anne,56,56-65,MALE,42963000000035031,Koppal North,"Teacher, secondary school",1,2021-10-08,2021-10-08,,,2026-07-15 14:36:44,2026-07-15 14:36:44,SYSTEM_SEED,SYSTEM_SEED
ACC-04094,Nidhi Rai,37,36-45,FEMALE,42963000000035016,Bengaluru Urban North,"Engineer, communications",1,2022-12-04,2022-12-04,,,2026-07-15 14:36:44,2026-07-15 14:36:44,SYSTEM_SEED,SYSTEM_SEED
ACC-04095,Sachi Rama,36,36-45,FEMALE,42963000000035012,Bagalkot North,Animal technologist,2,2022-08-23,2023-12-25,,,2026-07-15 14:36:44,2026-07-15 14:36:44,SYSTEM_SEED,SYSTEM_SEED
ACC-04096,Lokesh Poojary,50,46-55,MALE,42963000000035033,Mysuru South,Geophysicist/field seismologist,1,2025-01-11,2025-01-11,,,2026-07-15 14:36:44,2026-07-15 14:36:44,SYSTEM_SEED,SYSTEM_SEED
ACC-04097,Oviya Peri,61,56-65,FEMALE,42963000000035025,Gadag North,Science writer,1,2023-05-28,2023-05-28,,,2026-07-15 14:36:44,2026-07-15 14:36:44,SYSTEM_SEED,SYSTEM_SEED
ACC-04098,Thimmaiah Reddy,34,26-35,MALE,42963000000035017,Bidar East,Photographer,2,2022-05-01,2024-02-28,,,2026-07-15 14:36:44,2026-07-15 14:36:44,SYSTEM_SEED,SYSTEM_SEED
ACC-04099,Shanthakumari Setty,57,56-65,FEMALE,42963000000035018,Chamarajanagar South,Optometrist,1,2024-09-08,2024-09-08,,,2026-07-15 14:36:44,2026-07-15 14:36:44,SYSTEM_SEED,SYSTEM_SEED
ACC-04100,Veeranna Naik,36,36-45,MALE,42963000000035016,Bengaluru Urban East,"Lighting technician, broadcasting/film/video",1,2024-02-15,2024-02-15,,,2026-07-15 14:36:44,2026-07-15 14:36:44,SYSTEM_SEED,SYSTEM_SEED
ACC-04101,Oscar Lal,57,56-65,MALE,42963000000035040,Vijayapura South,Sub,1,2022-02-28,2022-02-28,,,2026-07-15 14:36:44,2026-07-15 14:36:44,SYSTEM_SEED,SYSTEM_SEED
ACC-04102,Basavaraj Achar,19,18-25,MALE,42963000000035024,Dharwad South,"Engineer, automotive",1,2023-01-28,2023-01-28,,,2026-07-15 14:36:44,2026-07-15 14:36:44,SYSTEM_SEED,SYSTEM_SEED
ACC-04103,Megha Loke,28,26-35,FEMALE,42963000000035041,Yadgir Rural,Charity officer,1,2023-09-13,2023-09-13,,,2026-07-15 14:36:44,2026-07-15 14:36:44,SYSTEM_SEED,SYSTEM_SEED
ACC-04104,Brijesh Nagar,51,46-55,MALE,42963000000035035,Ramanagara West,Sales executive,1,2021-06-30,2021-06-30,,,2026-07-15 14:36:44,2026-07-15 14:36:44,SYSTEM_SEED,SYSTEM_SEED
ACC-04105,Alka Dave,35,26-35,FEMALE,42963000000035038,Udupi Rural,Clinical biochemist,1,2022-05-31,2022-05-31,,,2026-07-15 14:36:44,2026-07-15 14:36:44,SYSTEM_SEED,SYSTEM_SEED
ACC-04106,Baljiwan Goel,18,18-25,MALE,42963000000035018,Chamarajanagar West,Midwife,1,2025-09-23,2025-09-23,,,2026-07-15 14:36:44,2026-07-15 14:36:44,SYSTEM_SEED,SYSTEM_SEED
ACC-04107,Girijamma Hegde,45,36-45,FEMALE,42963000000035019,Chikballapur East,Bookseller,1,2023-11-24,2023-11-24,,,2026-07-15 14:36:44,2026-07-15 14:36:44,SYSTEM_SEED,SYSTEM_SEED
ACC-04108,Harish Setty,43,36-45,MALE,42963000000035021,Chitradurga West,"Designer, exhibition/display",2,2021-03-27,2021-08-10,,,2026-07-15 14:36:44,2026-07-15 14:36:44,SYSTEM_SEED,SYSTEM_SEED
ACC-04109,Yallappa Setty,51,46-55,MALE,42963000000035017,Bidar West,"Teacher, music",1,2021-11-04,2021-11-04,,,2026-07-15 14:36:44,2026-07-15 14:36:44,SYSTEM_SEED,SYSTEM_SEED
ACC-04110,Caleb Borra,39,36-45,MALE,42963000000035019,Chikballapur East,Acupuncturist,1,2024-02-10,2024-02-10,,,2026-07-15 14:36:44,2026-07-15 14:36:44,SYSTEM_SEED,SYSTEM_SEED
ACC-04111,Onkar Bobal,31,26-35,MALE,42963000000035040,Vijayapura Rural,"Designer, furniture",2,2021-09-10,2023-07-22,,,2026-07-15 14:36:44,2026-07-15 14:36:44,SYSTEM_SEED,SYSTEM_SEED
ACC-04112,Noah Cherian,64,56-65,MALE,42963000000035029,Kodagu East,Video editor,1,2021-03-06,2021-03-06,,,2026-07-15 14:36:44,2026-07-15 14:36:44,SYSTEM_SEED,SYSTEM_SEED
ACC-04113,Baghyawati Dewan,51,46-55,FEMALE,42963000000035041,Yadgir West,"Engineer, communications",1,2025-11-25,2025-11-25,,,2026-07-15 14:36:44,2026-07-15 14:36:44,SYSTEM_SEED,SYSTEM_SEED
ACC-04114,Basavaraj Reddy,52,46-55,MALE,42963000000035029,Kodagu Rural,Ceramics designer,2,2021-08-25,2023-05-07,,,2026-07-15 14:36:44,2026-07-15 14:36:44,SYSTEM_SEED,SYSTEM_SEED
ACC-04115,Chakradev Chand,24,18-25,MALE,42963000000035024,Dharwad Rural,"Accountant, chartered certified",1,2021-08-01,2021-08-01,,,2026-07-15 14:36:44,2026-07-15 14:36:44,SYSTEM_SEED,SYSTEM_SEED
ACC-04116,Jackson Kade,19,18-25,MALE,42963000000035037,Tumakuru East,Arts administrator,1,2025-10-15,2025-10-15,,,2026-07-15 14:36:44,2026-07-15 14:36:44,SYSTEM_SEED,SYSTEM_SEED
ACC-04117,Rishi Nagi,55,46-55,MALE,42963000000035014,Belagavi West,Senior tax professional/tax inspector,1,2025-09-25,2025-09-25,,,2026-07-15 14:36:44,2026-07-15 14:36:44,SYSTEM_SEED,SYSTEM_SEED
ACC-04118,Lokesh Setty,46,46-55,MALE,42963000000035039,Uttara Kannada West,"Engineer, automotive",1,2025-11-07,2025-11-07,,,2026-07-15 14:36:44,2026-07-15 14:36:44,SYSTEM_SEED,SYSTEM_SEED
ACC-04119,Ira Tandon,34,26-35,FEMALE,42963000000035034,Raichur East,Trade union research officer,1,2025-04-12,2025-04-12,,,2026-07-15 14:36:44,2026-07-15 14:36:44,SYSTEM_SEED,SYSTEM_SEED
ACC-04120,Vrinda Mani,24,18-25,FEMALE,42963000000035022,Dakshina Kannada South,"Therapist, drama",1,2022-03-26,2022-03-26,,,2026-07-15 14:36:44,2026-07-15 14:36:44,SYSTEM_SEED,SYSTEM_SEED
ACC-04121,Puttaswamy Hegde,44,36-45,MALE,42963000000035024,Dharwad West,"Biochemist, clinical",1,2023-09-04,2023-09-04,,,2026-07-15 14:36:44,2026-07-15 14:36:44,SYSTEM_SEED,SYSTEM_SEED
ACC-04122,George Tripathi,64,56-65,MALE,42963000000035024,Dharwad Rural,Accounting technician,1,2024-12-08,2024-12-08,,,2026-07-15 14:36:44,2026-07-15 14:36:44,SYSTEM_SEED,SYSTEM_SEED
ACC-04123,Hema Hora,24,18-25,FEMALE,42963000000035022,Dakshina Kannada South,General practice doctor,1,2021-08-21,2021-08-21,,,2026-07-15 14:36:44,2026-07-15 14:36:44,SYSTEM_SEED,SYSTEM_SEED
ACC-04124,Ijaya Dasgupta,54,46-55,FEMALE,42963000000035038,Udupi North,Call centre manager,1,2025-11-03,2025-11-03,,,2026-07-15 14:36:44,2026-07-15 14:36:44,SYSTEM_SEED,SYSTEM_SEED
ACC-04125,Idika Nagy,36,36-45,FEMALE,42963000000035032,Mandya South,Estate agent,1,2022-09-27,2022-09-27,,,2026-07-15 14:36:44,2026-07-15 14:36:44,SYSTEM_SEED,SYSTEM_SEED
ACC-04126,Rudra Minhas,57,56-65,MALE,42963000000035038,Udupi West,Tourist information centre manager,1,2022-09-02,2022-09-02,,,2026-07-15 14:36:44,2026-07-15 14:36:44,SYSTEM_SEED,SYSTEM_SEED
ACC-04127,Zehaan Mangal,51,46-55,MALE,42963000000035021,Chitradurga South,Engineering geologist,1,2025-08-10,2025-08-10,,,2026-07-15 14:36:44,2026-07-15 14:36:44,SYSTEM_SEED,SYSTEM_SEED
ACC-04128,Pushpalatha Setty,38,36-45,FEMALE,42963000000035033,Mysuru East,Physiological scientist,1,2022-05-25,2022-05-25,,,2026-07-15 14:36:44,2026-07-15 14:36:44,SYSTEM_SEED,SYSTEM_SEED
ACC-04129,Pooja Khosla,44,36-45,FEMALE,42963000000035037,Tumakuru North,Set designer,1,2021-01-10,2021-01-10,,,2026-07-15 14:36:44,2026-07-15 14:36:44,SYSTEM_SEED,SYSTEM_SEED
ACC-04130,Nagaraj Naik,49,46-55,MALE,42963000000035022,Dakshina Kannada West,Actor,1,2021-03-13,2021-03-13,,,2026-07-15 14:36:44,2026-07-15 14:36:44,SYSTEM_SEED,SYSTEM_SEED
ACC-04131,Lohit Edwin,45,36-45,MALE,42963000000035014,Belagavi West,Bookseller,1,2022-12-16,2022-12-16,,,2026-07-15 14:36:44,2026-07-15 14:36:44,SYSTEM_SEED,SYSTEM_SEED
ACC-04132,Siddalingaiah Hegde,55,46-55,MALE,42963000000035016,Bengaluru Urban South,Biomedical engineer,1,2022-05-04,2022-05-04,,,2026-07-15 14:36:44,2026-07-15 14:36:44,SYSTEM_SEED,SYSTEM_SEED
ACC-04133,Manjunath Bhat,20,18-25,MALE,42963000000035036,Shivamogga South,Biomedical scientist,1,2021-05-25,2021-05-25,,,2026-07-15 14:36:44,2026-07-15 14:36:44,SYSTEM_SEED,SYSTEM_SEED
ACC-04134,Pooja Bhasin,63,56-65,FEMALE,42963000000035042,Vijayanagara North,Water quality scientist,1,2021-04-12,2021-04-12,,,2026-07-15 14:36:44,2026-07-15 14:36:44,SYSTEM_SEED,SYSTEM_SEED
ACC-04135,Chandrakala Nayak,42,36-45,FEMALE,42963000000035037,Tumakuru East,Planning and development surveyor,2,2023-05-28,2025-11-26,,,2026-07-15 14:36:44,2026-07-15 14:36:44,SYSTEM_SEED,SYSTEM_SEED
ACC-04136,Mahadevi Setty,33,26-35,FEMALE,42963000000035025,Gadag Rural,Cartographer,2,2023-06-18,2024-10-22,,,2026-07-15 14:36:44,2026-07-15 14:36:44,SYSTEM_SEED,SYSTEM_SEED
ACC-04137,Abha Chakrabarti,44,36-45,FEMALE,42963000000035037,Tumakuru Rural,"Investment banker, operational",1,2022-12-10,2022-12-10,,,2026-07-15 14:36:44,2026-07-15 14:36:44,SYSTEM_SEED,SYSTEM_SEED
ACC-04138,Bhavini Lala,42,36-45,FEMALE,42963000000035017,Bidar North,"Investment banker, operational",2,2023-10-20,2024-02-21,,,2026-07-15 14:36:44,2026-07-15 14:36:44,SYSTEM_SEED,SYSTEM_SEED
ACC-04139,Chandrakala Kulkarni,19,18-25,FEMALE,42963000000035033,Mysuru North,"Production designer, theatre/television/film",1,2025-11-17,2025-11-17,,,2026-07-15 14:36:44,2026-07-15 14:36:44,SYSTEM_SEED,SYSTEM_SEED
ACC-04140,Puttaswamy Hegde,46,46-55,MALE,42963000000035026,Hassan West,Materials engineer,1,2024-10-28,2024-10-28,,,2026-07-15 14:36:44,2026-07-15 14:36:44,SYSTEM_SEED,SYSTEM_SEED
ACC-04141,Qasim Tata,59,56-65,MALE,42963000000035017,Bidar Rural,Hydrologist,1,2023-08-26,2023-08-26,,,2026-07-15 14:36:44,2026-07-15 14:36:44,SYSTEM_SEED,SYSTEM_SEED
ACC-04142,Sureshgowda Devadiga,50,46-55,MALE,42963000000035037,Tumakuru South,Records manager,1,2023-02-14,2023-02-14,,,2026-07-15 14:36:44,2026-07-15 14:36:44,SYSTEM_SEED,SYSTEM_SEED
ACC-04143,Ikshita Kari,51,46-55,FEMALE,42963000000035022,Dakshina Kannada North,Theatre manager,1,2024-04-16,2024-04-16,,,2026-07-15 14:36:44,2026-07-15 14:36:44,SYSTEM_SEED,SYSTEM_SEED
ACC-04144,Lokesh Urs,42,36-45,MALE,42963000000035021,Chitradurga East,"Doctor, hospital",1,2023-10-16,2023-10-16,,,2026-07-15 14:36:44,2026-07-15 14:36:44,SYSTEM_SEED,SYSTEM_SEED
ACC-04145,Qushi Rout,31,26-35,FEMALE,42963000000035018,Chamarajanagar North,"Psychologist, occupational",1,2021-03-14,2021-03-14,,,2026-07-15 14:36:44,2026-07-15 14:36:44,SYSTEM_SEED,SYSTEM_SEED
ACC-04146,Omaja Rau,58,56-65,FEMALE,42963000000035028,Kalaburagi West,"Psychologist, educational",1,2023-12-09,2023-12-09,,,2026-07-15 14:36:44,2026-07-15 14:36:44,SYSTEM_SEED,SYSTEM_SEED
ACC-04147,Varsha Dua,42,36-45,FEMALE,42963000000035033,Mysuru North,Curator,2,2021-11-09,2024-11-19,,,2026-07-15 14:36:44,2026-07-15 14:36:44,SYSTEM_SEED,SYSTEM_SEED
ACC-04148,Shaurya Bakshi,24,18-25,MALE,42963000000035026,Hassan North,Corporate treasurer,1,2023-08-14,2023-08-14,,,2026-07-15 14:36:44,2026-07-15 14:36:44,SYSTEM_SEED,SYSTEM_SEED
ACC-04149,Rayaan Dixit,30,26-35,MALE,42963000000035018,Chamarajanagar East,Office manager,1,2025-05-15,2025-05-15,,,2026-07-15 14:36:44,2026-07-15 14:36:44,SYSTEM_SEED,SYSTEM_SEED
ACC-04150,Abhimanyu Saraf,23,18-25,MALE,42963000000035024,Dharwad Taluk HQ,Drilling engineer,1,2023-06-09,2023-06-09,,,2026-07-15 14:36:44,2026-07-15 14:36:44,SYSTEM_SEED,SYSTEM_SEED
ACC-04151,George Kalla,46,46-55,MALE,42963000000035038,Udupi East,Chief of Staff,1,2024-04-10,2024-04-10,,,2026-07-15 14:36:44,2026-07-15 14:36:44,SYSTEM_SEED,SYSTEM_SEED
ACC-04152,Siddalingaiah Reddy,37,36-45,MALE,42963000000035019,Chikballapur North,"Administrator, sports",1,2023-10-19,2023-10-19,,,2026-07-15 14:36:44,2026-07-15 14:36:44,SYSTEM_SEED,SYSTEM_SEED
ACC-04153,Manjunath Reddy,61,56-65,MALE,42963000000035023,Davanagere East,"Nurse, adult",2,2022-01-01,2022-11-17,,,2026-07-15 14:36:44,2026-07-15 14:36:44,SYSTEM_SEED,SYSTEM_SEED
ACC-04154,Channabasappa Bhat,52,46-55,MALE,42963000000035021,Chitradurga West,Public house manager,1,2025-02-18,2025-02-18,,,2026-07-15 14:36:44,2026-07-15 14:36:44,SYSTEM_SEED,SYSTEM_SEED
ACC-04155,Sunandamma Setty,49,46-55,FEMALE,42963000000035035,Ramanagara South,Dealer,2,2024-01-10,2024-12-11,,,2026-07-15 14:36:44,2026-07-15 14:36:44,SYSTEM_SEED,SYSTEM_SEED
ACC-04156,Manjunath Shetty,57,56-65,MALE,42963000000035019,Chikballapur West,Geoscientist,2,2023-08-08,2025-05-18,,,2026-07-15 14:36:44,2026-07-15 14:36:44,SYSTEM_SEED,SYSTEM_SEED
ACC-04157,Hardik Bains,63,56-65,MALE,42963000000035022,Dakshina Kannada North,Research scientist (medical),1,2023-05-02,2023-05-02,,,2026-07-15 14:36:44,2026-07-15 14:36:44,SYSTEM_SEED,SYSTEM_SEED
ACC-04158,Gauri Mitter,46,46-55,FEMALE,42963000000035033,Mysuru Taluk HQ,Stage manager,1,2025-06-27,2025-06-27,,,2026-07-15 14:36:44,2026-07-15 14:36:44,SYSTEM_SEED,SYSTEM_SEED
ACC-04159,Ishaan Gupta,33,26-35,MALE,42963000000035024,Dharwad West,"Radiographer, therapeutic",1,2022-07-27,2022-07-27,,,2026-07-15 14:36:44,2026-07-15 14:36:44,SYSTEM_SEED,SYSTEM_SEED
ACC-04160,Jayamma Gowda,48,46-55,FEMALE,42963000000035019,Chikballapur East,Training and development officer,1,2022-08-31,2022-08-31,,,2026-07-15 14:36:44,2026-07-15 14:36:44,SYSTEM_SEED,SYSTEM_SEED
ACC-04161,Channabasappa Devadiga,44,36-45,MALE,42963000000035024,Dharwad South,Restaurant manager,1,2022-09-22,2022-09-22,,,2026-07-15 14:36:44,2026-07-15 14:36:44,SYSTEM_SEED,SYSTEM_SEED
ACC-04162,Sureshgowda Setty,30,26-35,MALE,42963000000035020,Chikkamagaluru North,Police officer,1,2024-04-08,2024-04-08,,,2026-07-15 14:36:44,2026-07-15 14:36:44,SYSTEM_SEED,SYSTEM_SEED
ACC-04163,Yashodamma Gowda,59,56-65,FEMALE,42963000000035033,Mysuru Taluk HQ,"Presenter, broadcasting",1,2022-06-03,2022-06-03,,,2026-07-15 14:36:44,2026-07-15 14:36:44,SYSTEM_SEED,SYSTEM_SEED
ACC-04164,Yagnesh Bhasin,59,56-65,MALE,42963000000035033,Mysuru South,Manufacturing engineer,2,2023-09-14,2024-08-23,,,2026-07-15 14:36:44,2026-07-15 14:36:44,SYSTEM_SEED,SYSTEM_SEED
ACC-04165,Bhavna Naik,65,56-65,FEMALE,42963000000035013,Ballari East,Publishing rights manager,1,2021-05-15,2021-05-15,,,2026-07-15 14:36:44,2026-07-15 14:36:44,SYSTEM_SEED,SYSTEM_SEED
ACC-04166,Parvatamma Urs,40,36-45,FEMALE,42963000000035033,Mysuru South,Translator,1,2022-10-07,2022-10-07,,,2026-07-15 14:36:44,2026-07-15 14:36:44,SYSTEM_SEED,SYSTEM_SEED
ACC-04167,Ekavir Keer,39,36-45,MALE,42963000000035018,Chamarajanagar South,"Scientist, physiological",2,2021-12-27,2024-12-02,,,2026-07-15 14:36:44,2026-07-15 14:36:44,SYSTEM_SEED,SYSTEM_SEED
ACC-04168,Puttaswamy Naik,59,56-65,MALE,42963000000035031,Koppal North,"Research officer, trade union",1,2024-06-03,2024-06-03,,,2026-07-15 14:36:44,2026-07-15 14:36:44,SYSTEM_SEED,SYSTEM_SEED
ACC-04169,Turvi Swaminathan,61,56-65,FEMALE,42963000000035016,Bengaluru Urban Taluk HQ,"Administrator, Civil Service",1,2022-12-07,2022-12-07,,,2026-07-15 14:36:44,2026-07-15 14:36:44,SYSTEM_SEED,SYSTEM_SEED
ACC-04170,Fariq Nigam,58,56-65,MALE,42963000000035032,Mandya Taluk HQ,Insurance risk surveyor,1,2022-06-17,2022-06-17,,,2026-07-15 14:36:44,2026-07-15 14:36:44,SYSTEM_SEED,SYSTEM_SEED
ACC-04171,Yallappa Urs,20,18-25,MALE,42963000000035019,Chikballapur Taluk HQ,Water engineer,1,2022-08-26,2022-08-26,,,2026-07-15 14:36:44,2026-07-15 14:36:44,SYSTEM_SEED,SYSTEM_SEED
ACC-04172,Parvatamma Achar,22,18-25,FEMALE,42963000000035014,Belagavi Rural,"Pilot, airline",1,2021-06-01,2021-06-01,,,2026-07-15 14:36:44,2026-07-15 14:36:44,SYSTEM_SEED,SYSTEM_SEED
ACC-04173,Channabasappa Urs,41,36-45,MALE,42963000000035035,Ramanagara West,Veterinary surgeon,1,2023-08-17,2023-08-17,,,2026-07-15 14:36:44,2026-07-15 14:36:44,SYSTEM_SEED,SYSTEM_SEED
ACC-04174,Dhruv Wagle,50,46-55,MALE,42963000000035027,Haveri South,Herbalist,1,2023-02-19,2023-02-19,,,2026-07-15 14:36:44,2026-07-15 14:36:44,SYSTEM_SEED,SYSTEM_SEED
ACC-04175,Pushpalatha Bhat,23,18-25,FEMALE,42963000000035015,Bengaluru Rural North,Licensed conveyancer,1,2022-07-15,2022-07-15,,,2026-07-15 14:36:44,2026-07-15 14:36:44,SYSTEM_SEED,SYSTEM_SEED
ACC-04176,Devansh Pingle,65,56-65,MALE,42963000000035041,Yadgir South,Systems analyst,1,2022-05-07,2022-05-07,,,2026-07-15 14:36:44,2026-07-15 14:36:44,SYSTEM_SEED,SYSTEM_SEED
ACC-04177,Prakash Devadiga,43,36-45,MALE,42963000000035023,Davanagere East,Public librarian,1,2025-09-01,2025-09-01,,,2026-07-15 14:36:44,2026-07-15 14:36:44,SYSTEM_SEED,SYSTEM_SEED
ACC-04178,Aditya Sekhon,45,36-45,MALE,42963000000035039,Uttara Kannada Rural,Merchant navy officer,1,2023-05-02,2023-05-02,,,2026-07-15 14:36:44,2026-07-15 14:36:44,SYSTEM_SEED,SYSTEM_SEED
ACC-04179,Krishna Kadakia,44,36-45,FEMALE,42963000000035025,Gadag South,"Journalist, newspaper",1,2023-01-20,2023-01-20,,,2026-07-15 14:36:44,2026-07-15 14:36:44,SYSTEM_SEED,SYSTEM_SEED
ACC-04180,Naksh Soni,64,56-65,MALE,42963000000035024,Dharwad East,Health visitor,1,2023-03-14,2023-03-14,,,2026-07-15 14:36:44,2026-07-15 14:36:44,SYSTEM_SEED,SYSTEM_SEED
ACC-04181,Oni Hayer,60,56-65,FEMALE,42963000000035030,Kolar East,Conference centre manager,1,2021-07-19,2021-07-19,,,2026-07-15 14:36:44,2026-07-15 14:36:44,SYSTEM_SEED,SYSTEM_SEED
ACC-04182,Jyoti Khalsa,53,46-55,FEMALE,42963000000035038,Udupi Taluk HQ,Fisheries officer,1,2025-10-02,2025-10-02,,,2026-07-15 14:36:44,2026-07-15 14:36:44,SYSTEM_SEED,SYSTEM_SEED
ACC-04183,Ravindranath Rai,65,56-65,MALE,42963000000035022,Dakshina Kannada West,Records manager,1,2023-08-03,2023-08-03,,,2026-07-15 14:36:44,2026-07-15 14:36:44,SYSTEM_SEED,SYSTEM_SEED
ACC-04184,Aditya Munshi,55,46-55,MALE,42963000000035022,Dakshina Kannada West,Sales promotion account executive,1,2021-07-21,2021-07-21,,,2026-07-15 14:36:44,2026-07-15 14:36:44,SYSTEM_SEED,SYSTEM_SEED
ACC-04185,Manjunath Urs,22,18-25,MALE,42963000000035019,Chikballapur North,Chief of Staff,1,2022-09-09,2022-09-09,,,2026-07-15 14:36:44,2026-07-15 14:36:44,SYSTEM_SEED,SYSTEM_SEED
ACC-04186,Ethan Nagy,18,18-25,MALE,42963000000035033,Mysuru North,Ceramics designer,1,2022-10-07,2022-10-07,,,2026-07-15 14:36:44,2026-07-15 14:36:44,SYSTEM_SEED,SYSTEM_SEED
ACC-04187,Akkamahadevi Rai,49,46-55,FEMALE,42963000000035023,Davanagere South,Seismic interpreter,1,2021-09-23,2021-09-23,,,2026-07-15 14:36:44,2026-07-15 14:36:44,SYSTEM_SEED,SYSTEM_SEED
ACC-04188,Vedhika Lata,48,46-55,FEMALE,42963000000035032,Mandya East,Broadcast engineer,1,2024-02-28,2024-02-28,,,2026-07-15 14:36:44,2026-07-15 14:36:44,SYSTEM_SEED,SYSTEM_SEED
ACC-04189,Chandrashekar Rai,29,26-35,MALE,42963000000035039,Uttara Kannada Taluk HQ,"Production assistant, television",1,2025-01-26,2025-01-26,,,2026-07-15 14:36:44,2026-07-15 14:36:44,SYSTEM_SEED,SYSTEM_SEED
ACC-04190,Gopal Majumdar,31,26-35,MALE,42963000000035037,Tumakuru East,Customer service manager,1,2021-08-17,2021-08-17,,,2026-07-15 14:36:44,2026-07-15 14:36:44,SYSTEM_SEED,SYSTEM_SEED
ACC-04191,Manjunath Poojary,20,18-25,MALE,42963000000035020,Chikkamagaluru West,Medical physicist,1,2021-05-03,2021-05-03,,,2026-07-15 14:36:44,2026-07-15 14:36:44,SYSTEM_SEED,SYSTEM_SEED
ACC-04192,Thimmaiah Rai,55,46-55,MALE,42963000000035036,Shivamogga North,Barrister's clerk,1,2023-04-22,2023-04-22,,,2026-07-15 14:36:44,2026-07-15 14:36:44,SYSTEM_SEED,SYSTEM_SEED
ACC-04193,Jatin Kapoor,34,26-35,MALE,42963000000035024,Dharwad North,"Accountant, chartered certified",1,2022-03-26,2022-03-26,,,2026-07-15 14:36:44,2026-07-15 14:36:44,SYSTEM_SEED,SYSTEM_SEED
ACC-04194,Pranav Subramanian,18,18-25,MALE,42963000000035017,Bidar South,"Surveyor, planning and development",1,2021-10-13,2021-10-13,,,2026-07-15 14:36:44,2026-07-15 14:36:44,SYSTEM_SEED,SYSTEM_SEED
ACC-04195,Laban Nagarajan,24,18-25,MALE,42963000000035012,Bagalkot Rural,Radio producer,1,2021-10-06,2021-10-06,,,2026-07-15 14:36:44,2026-07-15 14:36:44,SYSTEM_SEED,SYSTEM_SEED
ACC-04196,Thimmaiah Devadiga,28,26-35,MALE,42963000000035039,Uttara Kannada Rural,Interior and spatial designer,1,2025-04-16,2025-04-16,,,2026-07-15 14:36:44,2026-07-15 14:36:44,SYSTEM_SEED,SYSTEM_SEED
ACC-04197,Ijaya Dara,32,26-35,FEMALE,42963000000035036,Shivamogga West,Hotel manager,1,2024-08-31,2024-08-31,,,2026-07-15 14:36:44,2026-07-15 14:36:44,SYSTEM_SEED,SYSTEM_SEED
ACC-04198,Gunbir Viswanathan,65,56-65,MALE,42963000000035032,Mandya East,Retail merchandiser,1,2022-11-30,2022-11-30,,,2026-07-15 14:36:44,2026-07-15 14:36:44,SYSTEM_SEED,SYSTEM_SEED
ACC-04199,Jeet Puri,44,36-45,MALE,42963000000035021,Chitradurga East,Pharmacologist,2,2021-10-18,2024-08-24,,,2026-07-15 14:36:44,2026-07-15 14:36:44,SYSTEM_SEED,SYSTEM_SEED
ACC-04200,Lokesh Rai,48,46-55,MALE,42963000000035020,Chikkamagaluru Taluk HQ,"Administrator, arts",1,2022-08-13,2022-08-13,,,2026-07-15 14:36:44,2026-07-15 14:36:44,SYSTEM_SEED,SYSTEM_SEED
ACC-04201,Raghavendra Bhat,50,46-55,MALE,42963000000035031,Koppal South,Hydrogeologist,1,2022-01-21,2022-01-21,,,2026-07-15 14:36:44,2026-07-15 14:36:44,SYSTEM_SEED,SYSTEM_SEED
ACC-04202,Harsh Dhawan,30,26-35,MALE,42963000000035019,Chikballapur East,Housing manager/officer,1,2021-11-26,2021-11-26,,,2026-07-15 14:36:44,2026-07-15 14:36:44,SYSTEM_SEED,SYSTEM_SEED
ACC-04203,Lokesh Achar,38,36-45,MALE,42963000000035026,Hassan West,Agricultural consultant,1,2023-06-04,2023-06-04,,,2026-07-15 14:36:44,2026-07-15 14:36:44,SYSTEM_SEED,SYSTEM_SEED
ACC-04204,Harish Devadiga,52,46-55,MALE,42963000000035022,Dakshina Kannada West,Air cabin crew,2,2021-12-06,2024-11-08,,,2026-07-15 14:36:44,2026-07-15 14:36:44,SYSTEM_SEED,SYSTEM_SEED
ACC-04205,Balveer Pillay,56,56-65,MALE,42963000000035021,Chitradurga West,"Psychologist, occupational",2,2021-12-27,2025-03-24,,,2026-07-15 14:36:44,2026-07-15 14:36:44,SYSTEM_SEED,SYSTEM_SEED
ACC-04206,Udant Raja,21,18-25,MALE,42963000000035035,Ramanagara Rural,"Surveyor, building control",1,2021-10-07,2021-10-07,,,2026-07-15 14:36:44,2026-07-15 14:36:44,SYSTEM_SEED,SYSTEM_SEED
ACC-04207,Kariyappa Bhat,61,56-65,MALE,42963000000035034,Raichur East,"Designer, graphic",1,2025-05-15,2025-05-15,,,2026-07-15 14:36:44,2026-07-15 14:36:44,SYSTEM_SEED,SYSTEM_SEED
ACC-04208,Naksh Chokshi,39,36-45,MALE,42963000000035022,Dakshina Kannada Taluk HQ,Graphic designer,2,2023-07-31,2025-11-22,,,2026-07-15 14:36:44,2026-07-15 14:36:44,SYSTEM_SEED,SYSTEM_SEED
ACC-04209,Lakshit Hora,42,36-45,MALE,42963000000035024,Dharwad North,Training and development officer,2,2023-06-10,2023-11-21,,,2026-07-15 14:36:44,2026-07-15 14:36:44,SYSTEM_SEED,SYSTEM_SEED
ACC-04210,Meghana Gaba,31,26-35,FEMALE,42963000000035026,Hassan Taluk HQ,Theatre director,1,2023-01-20,2023-01-20,,,2026-07-15 14:36:44,2026-07-15 14:36:44,SYSTEM_SEED,SYSTEM_SEED
ACC-04211,Neel Badal,55,46-55,MALE,42963000000035017,Bidar West,Community pharmacist,1,2021-01-03,2021-01-03,,,2026-07-15 14:36:44,2026-07-15 14:36:44,SYSTEM_SEED,SYSTEM_SEED
ACC-04212,Nihal Sood,23,18-25,MALE,42963000000035026,Hassan Taluk HQ,"Merchandiser, retail",1,2025-08-04,2025-08-04,,,2026-07-15 14:36:44,2026-07-15 14:36:44,SYSTEM_SEED,SYSTEM_SEED
ACC-04213,Veeranna Hegde,64,56-65,MALE,42963000000035014,Belagavi South,Curator,1,2022-06-19,2022-06-19,,,2026-07-15 14:36:44,2026-07-15 14:36:44,SYSTEM_SEED,SYSTEM_SEED
ACC-04214,Channabasappa Kulkarni,42,36-45,MALE,42963000000035017,Bidar North,International aid/development worker,1,2023-07-31,2023-07-31,,,2026-07-15 14:36:44,2026-07-15 14:36:44,SYSTEM_SEED,SYSTEM_SEED
ACC-04215,Channabasappa Rai,37,36-45,MALE,42963000000035039,Uttara Kannada West,Mining engineer,1,2024-12-26,2024-12-26,,,2026-07-15 14:36:44,2026-07-15 14:36:44,SYSTEM_SEED,SYSTEM_SEED
ACC-04216,Chandrashekar Kulkarni,47,46-55,MALE,42963000000035033,Mysuru West,Statistician,1,2024-09-10,2024-09-10,,,2026-07-15 14:36:44,2026-07-15 14:36:44,SYSTEM_SEED,SYSTEM_SEED
ACC-04217,Thimmakka Rai,65,56-65,FEMALE,42963000000035039,Uttara Kannada North,Agricultural engineer,1,2024-02-04,2024-02-04,,,2026-07-15 14:36:44,2026-07-15 14:36:44,SYSTEM_SEED,SYSTEM_SEED
ACC-04218,Gopalakrishna Shetty,48,46-55,MALE,42963000000035039,Uttara Kannada Rural,Politician's assistant,1,2021-04-11,2021-04-11,,,2026-07-15 14:36:44,2026-07-15 14:36:44,SYSTEM_SEED,SYSTEM_SEED
ACC-04219,Puttaswamy Nayak,43,36-45,MALE,42963000000035015,Bengaluru Rural South,Jewellery designer,1,2022-03-18,2022-03-18,,,2026-07-15 14:36:44,2026-07-15 14:36:44,SYSTEM_SEED,SYSTEM_SEED
ACC-04220,Gopalakrishna Rai,41,36-45,MALE,42963000000035017,Bidar North,Occupational hygienist,1,2022-02-03,2022-02-03,,,2026-07-15 14:36:44,2026-07-15 14:36:44,SYSTEM_SEED,SYSTEM_SEED
ACC-04221,Nihal Banerjee,20,18-25,MALE,42963000000035017,Bidar South,Heritage manager,1,2025-03-29,2025-03-29,,,2026-07-15 14:36:44,2026-07-15 14:36:44,SYSTEM_SEED,SYSTEM_SEED
ACC-04222,Anmol Vaidya,18,18-25,MALE,42963000000035024,Dharwad Rural,Banker,2,2021-10-02,2022-11-03,,,2026-07-15 14:36:44,2026-07-15 14:36:44,SYSTEM_SEED,SYSTEM_SEED
ACC-04223,Shivakumar Rai,63,56-65,MALE,42963000000035015,Bengaluru Rural West,Consulting civil engineer,1,2021-09-20,2021-09-20,,,2026-07-15 14:36:44,2026-07-15 14:36:44,SYSTEM_SEED,SYSTEM_SEED
ACC-04224,Bhavika Bir,53,46-55,FEMALE,42963000000035020,Chikkamagaluru South,Counselling psychologist,1,2022-09-05,2022-09-05,,,2026-07-15 14:36:44,2026-07-15 14:36:44,SYSTEM_SEED,SYSTEM_SEED
ACC-04225,Dalaja Virk,47,46-55,FEMALE,42963000000035022,Dakshina Kannada East,"Development worker, community",1,2022-01-04,2022-01-04,,,2026-07-15 14:36:44,2026-07-15 14:36:44,SYSTEM_SEED,SYSTEM_SEED
ACC-04226,Parvatamma Hegde,33,26-35,FEMALE,42963000000035033,Mysuru West,Farm manager,1,2023-08-29,2023-08-29,,,2026-07-15 14:36:44,2026-07-15 14:36:44,SYSTEM_SEED,SYSTEM_SEED
ACC-04227,Pranit Parikh,65,56-65,MALE,42963000000035041,Yadgir Taluk HQ,Lexicographer,1,2021-09-22,2021-09-22,,,2026-07-15 14:36:44,2026-07-15 14:36:44,SYSTEM_SEED,SYSTEM_SEED
ACC-04228,Samuel Oza,27,26-35,MALE,42963000000035022,Dakshina Kannada West,Building control surveyor,1,2023-05-15,2023-05-15,,,2026-07-15 14:36:44,2026-07-15 14:36:44,SYSTEM_SEED,SYSTEM_SEED
ACC-04229,Parvatamma Nayak,35,26-35,FEMALE,42963000000035022,Dakshina Kannada Taluk HQ,"Research officer, government",1,2025-09-23,2025-09-23,,,2026-07-15 14:36:44,2026-07-15 14:36:44,SYSTEM_SEED,SYSTEM_SEED
ACC-04230,Bhavani Vohra,57,56-65,FEMALE,42963000000035039,Uttara Kannada Taluk HQ,Pension scheme manager,1,2021-12-17,2021-12-17,,,2026-07-15 14:36:44,2026-07-15 14:36:44,SYSTEM_SEED,SYSTEM_SEED
ACC-04231,Faras Chakraborty,44,36-45,MALE,42963000000035041,Yadgir Rural,"Engineer, maintenance (IT)",1,2025-09-25,2025-09-25,,,2026-07-15 14:36:44,2026-07-15 14:36:44,SYSTEM_SEED,SYSTEM_SEED
ACC-04232,Channabasappa Hegde,42,36-45,MALE,42963000000035042,Vijayanagara Taluk HQ,"Production assistant, radio",1,2023-04-02,2023-04-02,,,2026-07-15 14:36:44,2026-07-15 14:36:44,SYSTEM_SEED,SYSTEM_SEED
ACC-04233,Dalbir Lal,21,18-25,MALE,42963000000035038,Udupi Rural,Ergonomist,1,2021-11-03,2021-11-03,,,2026-07-15 14:36:44,2026-07-15 14:36:44,SYSTEM_SEED,SYSTEM_SEED
ACC-04234,Nagaraj Naik,64,56-65,MALE,42963000000035025,Gadag Rural,Film/video editor,1,2024-05-19,2024-05-19,,,2026-07-15 14:36:44,2026-07-15 14:36:44,SYSTEM_SEED,SYSTEM_SEED
ACC-04235,Thimmaiah Naik,25,18-25,MALE,42963000000035022,Dakshina Kannada North,Banker,1,2023-10-04,2023-10-04,,,2026-07-15 14:36:44,2026-07-15 14:36:44,SYSTEM_SEED,SYSTEM_SEED
ACC-04236,Atharv Kar,61,56-65,MALE,42963000000035014,Belagavi South,Quality manager,1,2025-09-22,2025-09-22,,,2026-07-15 14:36:44,2026-07-15 14:36:44,SYSTEM_SEED,SYSTEM_SEED
ACC-04237,Anvi Kanda,58,56-65,FEMALE,42963000000035022,Dakshina Kannada East,"Exhibitions officer, museum/gallery",1,2023-01-28,2023-01-28,,,2026-07-15 14:36:44,2026-07-15 14:36:44,SYSTEM_SEED,SYSTEM_SEED
ACC-04238,Jayamma Gowda,57,56-65,FEMALE,42963000000035027,Haveri West,"Designer, ceramics/pottery",1,2021-10-02,2021-10-02,,,2026-07-15 14:36:44,2026-07-15 14:36:44,SYSTEM_SEED,SYSTEM_SEED
ACC-04239,Zashil Nagarajan,30,26-35,MALE,42963000000035030,Kolar Rural,IT trainer,2,2021-12-20,2023-07-06,,,2026-07-15 14:36:44,2026-07-15 14:36:44,SYSTEM_SEED,SYSTEM_SEED
ACC-04240,Yashodamma Poojary,23,18-25,FEMALE,42963000000035033,Mysuru North,Naval architect,1,2025-10-03,2025-10-03,,,2026-07-15 14:36:44,2026-07-15 14:36:44,SYSTEM_SEED,SYSTEM_SEED
ACC-04241,Aditya Uppal,60,56-65,MALE,42963000000035034,Raichur Rural,Horticultural consultant,2,2023-05-18,2024-11-10,,,2026-07-15 14:36:44,2026-07-15 14:36:44,SYSTEM_SEED,SYSTEM_SEED
ACC-04242,Amaira Sachdeva,40,36-45,FEMALE,42963000000035024,Dharwad West,Statistician,2,2024-12-08,2025-03-06,,,2026-07-15 14:36:44,2026-07-15 14:36:44,SYSTEM_SEED,SYSTEM_SEED
ACC-04243,Anmol Iyengar,58,56-65,MALE,42963000000035024,Dharwad North,Theme park manager,1,2023-04-12,2023-04-12,,,2026-07-15 14:36:44,2026-07-15 14:36:44,SYSTEM_SEED,SYSTEM_SEED
ACC-04244,Hemang Karpe,27,26-35,MALE,42963000000035013,Ballari Rural,Television floor manager,1,2025-12-02,2025-12-02,,,2026-07-15 14:36:44,2026-07-15 14:36:44,SYSTEM_SEED,SYSTEM_SEED
ACC-04245,Puttaswamy Achar,47,46-55,MALE,42963000000035039,Uttara Kannada East,Regulatory affairs officer,1,2023-05-16,2023-05-16,,,2026-07-15 14:36:44,2026-07-15 14:36:44,SYSTEM_SEED,SYSTEM_SEED
ACC-04246,Owen Buch,65,56-65,MALE,42963000000035016,Bengaluru Urban West,Television camera operator,1,2025-10-09,2025-10-09,,,2026-07-15 14:36:44,2026-07-15 14:36:44,SYSTEM_SEED,SYSTEM_SEED
ACC-04247,Rathnamma Hegde,47,46-55,FEMALE,42963000000035040,Vijayapura South,Mental health nurse,1,2023-05-20,2023-05-20,,,2026-07-15 14:36:44,2026-07-15 14:36:44,SYSTEM_SEED,SYSTEM_SEED
ACC-04248,Rushil Kala,39,36-45,MALE,42963000000035017,Bidar Taluk HQ,"Designer, blown glass/stained glass",1,2023-02-01,2023-02-01,,,2026-07-15 14:36:44,2026-07-15 14:36:44,SYSTEM_SEED,SYSTEM_SEED
ACC-04249,Lohit Lata,39,36-45,MALE,42963000000035031,Koppal Rural,"Surveyor, commercial/residential",1,2021-09-22,2021-09-22,,,2026-07-15 14:36:44,2026-07-15 14:36:44,SYSTEM_SEED,SYSTEM_SEED
ACC-04250,Thimmaiah Reddy,19,18-25,MALE,42963000000035033,Mysuru Taluk HQ,Minerals surveyor,1,2022-11-03,2022-11-03,,,2026-07-15 14:36:44,2026-07-15 14:36:44,SYSTEM_SEED,SYSTEM_SEED
ACC-04251,Fariq Jaggi,42,36-45,MALE,42963000000035013,Ballari North,Translator,1,2025-09-07,2025-09-07,,,2026-07-15 14:36:44,2026-07-15 14:36:44,SYSTEM_SEED,SYSTEM_SEED
ACC-04252,Oliver Hayre,29,26-35,MALE,42963000000035019,Chikballapur South,"Journalist, newspaper",2,2023-11-10,2024-02-09,,,2026-07-15 14:36:44,2026-07-15 14:36:44,SYSTEM_SEED,SYSTEM_SEED
ACC-04253,Ravindranath Urs,37,36-45,MALE,42963000000035038,Udupi West,Gaffer,1,2025-08-12,2025-08-12,,,2026-07-15 14:36:44,2026-07-15 14:36:44,SYSTEM_SEED,SYSTEM_SEED
ACC-04254,Darpan Mangal,39,36-45,MALE,42963000000035013,Ballari South,Production engineer,1,2021-09-13,2021-09-13,,,2026-07-15 14:36:44,2026-07-15 14:36:44,SYSTEM_SEED,SYSTEM_SEED
ACC-04255,Udant Vala,23,18-25,MALE,42963000000035030,Kolar West,"Optician, dispensing",1,2022-07-17,2022-07-17,,,2026-07-15 14:36:44,2026-07-15 14:36:44,SYSTEM_SEED,SYSTEM_SEED
ACC-04256,Nagaveni Poojary,50,46-55,FEMALE,42963000000035021,Chitradurga Taluk HQ,"Engineer, energy",1,2022-11-27,2022-11-27,,,2026-07-15 14:36:44,2026-07-15 14:36:44,SYSTEM_SEED,SYSTEM_SEED
ACC-04257,Raghavendra Reddy,24,18-25,MALE,42963000000035038,Udupi North,Electrical engineer,1,2022-09-28,2022-09-28,,,2026-07-15 14:36:44,2026-07-15 14:36:44,SYSTEM_SEED,SYSTEM_SEED
ACC-04258,Ansh Ram,32,26-35,MALE,42963000000035025,Gadag West,Clinical biochemist,1,2022-07-06,2022-07-06,,,2026-07-15 14:36:44,2026-07-15 14:36:44,SYSTEM_SEED,SYSTEM_SEED
ACC-04259,Irya Misra,50,46-55,FEMALE,42963000000035024,Dharwad South,"Engineer, site",2,2021-02-10,2024-02-29,,,2026-07-15 14:36:44,2026-07-15 14:36:44,SYSTEM_SEED,SYSTEM_SEED
ACC-04260,Pranit Sheth,45,36-45,MALE,42963000000035032,Mandya West,Audiological scientist,1,2024-05-20,2024-05-20,,,2026-07-15 14:36:44,2026-07-15 14:36:44,SYSTEM_SEED,SYSTEM_SEED
ACC-04261,Ravindranath Nayak,57,56-65,MALE,42963000000035036,Shivamogga Taluk HQ,Event organiser,1,2021-11-18,2021-11-18,,,2026-07-15 14:36:44,2026-07-15 14:36:44,SYSTEM_SEED,SYSTEM_SEED
ACC-04262,Ikbal Vaidya,44,36-45,MALE,42963000000035030,Kolar North,Aeronautical engineer,1,2024-08-26,2024-08-26,,,2026-07-15 14:36:44,2026-07-15 14:36:44,SYSTEM_SEED,SYSTEM_SEED
ACC-04263,Gangamma Setty,55,46-55,FEMALE,42963000000035012,Bagalkot Rural,Insurance claims handler,2,2024-09-07,2024-10-21,,,2026-07-15 14:36:44,2026-07-15 14:36:44,SYSTEM_SEED,SYSTEM_SEED
ACC-04264,Nagaraj Devadiga,30,26-35,MALE,42963000000035027,Haveri West,"Administrator, charities/voluntary organisations",1,2025-09-25,2025-09-25,,,2026-07-15 14:36:44,2026-07-15 14:36:44,SYSTEM_SEED,SYSTEM_SEED
ACC-04265,Hemangini Nath,35,26-35,FEMALE,42963000000035031,Koppal Taluk HQ,"Engineer, maintenance",2,2021-03-17,2025-04-03,,,2026-07-15 14:36:44,2026-07-15 14:36:44,SYSTEM_SEED,SYSTEM_SEED
ACC-04266,Basavaraj Poojary,54,46-55,MALE,42963000000035029,Kodagu South,Restaurant manager,1,2025-07-09,2025-07-09,,,2026-07-15 14:36:44,2026-07-15 14:36:44,SYSTEM_SEED,SYSTEM_SEED
ACC-04267,Omisha Shankar,25,18-25,FEMALE,42963000000035033,Mysuru West,"Nurse, adult",1,2022-08-26,2022-08-26,,,2026-07-15 14:36:44,2026-07-15 14:36:44,SYSTEM_SEED,SYSTEM_SEED
ACC-04268,Xalak Srinivasan,55,46-55,FEMALE,42963000000035034,Raichur Rural,"Surveyor, mining",2,2022-09-27,2024-04-03,,,2026-07-15 14:36:44,2026-07-15 14:36:44,SYSTEM_SEED,SYSTEM_SEED
ACC-04269,Kritika Brahmbhatt,33,26-35,FEMALE,42963000000035027,Haveri West,Warehouse manager,1,2023-08-12,2023-08-12,,,2026-07-15 14:36:44,2026-07-15 14:36:44,SYSTEM_SEED,SYSTEM_SEED
ACC-04270,Aadi Balasubramanian,36,36-45,MALE,42963000000035020,Chikkamagaluru Taluk HQ,Water quality scientist,1,2024-09-04,2024-09-04,,,2026-07-15 14:36:44,2026-07-15 14:36:44,SYSTEM_SEED,SYSTEM_SEED
ACC-04271,Abdul Mahal,34,26-35,MALE,42963000000035024,Dharwad Taluk HQ,Academic librarian,1,2023-12-25,2023-12-25,,,2026-07-15 14:36:44,2026-07-15 14:36:44,SYSTEM_SEED,SYSTEM_SEED
ACC-04272,Tristan Raj,41,36-45,MALE,42963000000035018,Chamarajanagar West,Tax inspector,1,2021-11-23,2021-11-23,,,2026-07-15 14:36:44,2026-07-15 14:36:44,SYSTEM_SEED,SYSTEM_SEED
ACC-04273,Chanakya Bera,33,26-35,MALE,42963000000035028,Kalaburagi Rural,Mental health nurse,1,2021-10-06,2021-10-06,,,2026-07-15 14:36:44,2026-07-15 14:36:44,SYSTEM_SEED,SYSTEM_SEED
ACC-04274,Girish Sampath,44,36-45,MALE,42963000000035024,Dharwad West,Microbiologist,1,2022-01-14,2022-01-14,,,2026-07-15 14:36:44,2026-07-15 14:36:44,SYSTEM_SEED,SYSTEM_SEED
ACC-04275,Savitramma Devadiga,39,36-45,FEMALE,42963000000035033,Mysuru Taluk HQ,Call centre manager,1,2021-08-08,2021-08-08,,,2026-07-15 14:36:44,2026-07-15 14:36:44,SYSTEM_SEED,SYSTEM_SEED
ACC-04276,Turvi Bains,53,46-55,FEMALE,42963000000035018,Chamarajanagar West,Human resources officer,1,2021-12-23,2021-12-23,,,2026-07-15 14:36:44,2026-07-15 14:36:44,SYSTEM_SEED,SYSTEM_SEED
ACC-04277,Darpan Mittal,43,36-45,MALE,42963000000035035,Ramanagara East,Curator,1,2022-01-10,2022-01-10,,,2026-07-15 14:36:44,2026-07-15 14:36:44,SYSTEM_SEED,SYSTEM_SEED
ACC-04278,Vedant Jayaraman,39,36-45,MALE,42963000000035022,Dakshina Kannada West,Community arts worker,1,2021-12-11,2021-12-11,,,2026-07-15 14:36:44,2026-07-15 14:36:44,SYSTEM_SEED,SYSTEM_SEED
ACC-04279,Wazir Ghosh,28,26-35,MALE,42963000000035022,Dakshina Kannada Rural,"Administrator, education",1,2025-05-21,2025-05-21,,,2026-07-15 14:36:44,2026-07-15 14:36:44,SYSTEM_SEED,SYSTEM_SEED
ACC-04280,Caleb Keer,52,46-55,MALE,42963000000035031,Koppal North,"Programmer, applications",1,2024-02-10,2024-02-10,,,2026-07-15 14:36:44,2026-07-15 14:36:44,SYSTEM_SEED,SYSTEM_SEED
ACC-04281,Krishna Bajaj,51,46-55,MALE,42963000000035039,Uttara Kannada Taluk HQ,"Surveyor, quantity",1,2021-03-05,2021-03-05,,,2026-07-15 14:36:44,2026-07-15 14:36:44,SYSTEM_SEED,SYSTEM_SEED
ACC-04282,Rathnamma Poojary,25,18-25,FEMALE,42963000000035025,Gadag Taluk HQ,Quantity surveyor,1,2021-12-16,2021-12-16,,,2026-07-15 14:36:44,2026-07-15 14:36:44,SYSTEM_SEED,SYSTEM_SEED
ACC-04283,Faraj Kale,45,36-45,MALE,42963000000035038,Udupi East,Bookseller,1,2025-03-20,2025-03-20,,,2026-07-15 14:36:44,2026-07-15 14:36:44,SYSTEM_SEED,SYSTEM_SEED
ACC-04284,Ranbir Balan,52,46-55,MALE,42963000000035033,Mysuru East,Applications developer,1,2023-05-02,2023-05-02,,,2026-07-15 14:36:44,2026-07-15 14:36:44,SYSTEM_SEED,SYSTEM_SEED
ACC-04285,Tarak Shroff,49,46-55,MALE,42963000000035039,Uttara Kannada West,Passenger transport manager,1,2023-05-30,2023-05-30,,,2026-07-15 14:36:44,2026-07-15 14:36:44,SYSTEM_SEED,SYSTEM_SEED
ACC-04286,Puttaswamy Setty,19,18-25,MALE,42963000000035029,Kodagu West,Economist,1,2023-07-11,2023-07-11,,,2026-07-15 14:36:44,2026-07-15 14:36:44,SYSTEM_SEED,SYSTEM_SEED
ACC-04287,Nagaraj Achar,32,26-35,MALE,42963000000035024,Dharwad South,"Administrator, Civil Service",1,2024-10-01,2024-10-01,,,2026-07-15 14:36:44,2026-07-15 14:36:44,SYSTEM_SEED,SYSTEM_SEED
ACC-04288,Manjunath Rai,54,46-55,MALE,42963000000035024,Dharwad Rural,Technical author,2,2022-01-18,2022-09-11,,,2026-07-15 14:36:44,2026-07-15 14:36:44,SYSTEM_SEED,SYSTEM_SEED
ACC-04289,Azad Mand,30,26-35,MALE,42963000000035014,Belagavi South,Herbalist,1,2022-02-11,2022-02-11,,,2026-07-15 14:36:44,2026-07-15 14:36:44,SYSTEM_SEED,SYSTEM_SEED
ACC-04290,Kariyappa Bhat,61,56-65,MALE,42963000000035034,Raichur Rural,Quality manager,1,2023-10-23,2023-10-23,,,2026-07-15 14:36:44,2026-07-15 14:36:44,SYSTEM_SEED,SYSTEM_SEED
ACC-04291,Lila Bajwa,57,56-65,FEMALE,42963000000035024,Dharwad East,Glass blower/designer,1,2024-02-04,2024-02-04,,,2026-07-15 14:36:44,2026-07-15 14:36:44,SYSTEM_SEED,SYSTEM_SEED
ACC-04292,Jacob Sem,35,26-35,MALE,42963000000035015,Bengaluru Rural Rural,Accommodation manager,2,2022-06-05,2023-05-29,,,2026-07-15 14:36:44,2026-07-15 14:36:44,SYSTEM_SEED,SYSTEM_SEED
ACC-04293,Urishilla Suresh,58,56-65,FEMALE,42963000000035020,Chikkamagaluru Rural,Exhibition designer,1,2021-11-04,2021-11-04,,,2026-07-15 14:36:44,2026-07-15 14:36:44,SYSTEM_SEED,SYSTEM_SEED
ACC-04294,Harish Kulkarni,28,26-35,MALE,42963000000035023,Davanagere Rural,Art gallery manager,1,2022-12-27,2022-12-27,,,2026-07-15 14:36:44,2026-07-15 14:36:44,SYSTEM_SEED,SYSTEM_SEED
ACC-04295,Rajata Chakrabarti,59,56-65,FEMALE,42963000000035016,Bengaluru Urban East,"Therapist, sports",2,2022-03-23,2023-08-11,,,2026-07-15 14:36:44,2026-07-15 14:36:44,SYSTEM_SEED,SYSTEM_SEED
ACC-04296,Channabasappa Reddy,45,36-45,MALE,42963000000035018,Chamarajanagar South,Mental health nurse,1,2021-10-29,2021-10-29,,,2026-07-15 14:36:44,2026-07-15 14:36:44,SYSTEM_SEED,SYSTEM_SEED
ACC-04297,Shivakumar Shetty,38,36-45,MALE,42963000000035014,Belagavi Taluk HQ,"Programmer, multimedia",1,2023-11-19,2023-11-19,,,2026-07-15 14:36:44,2026-07-15 14:36:44,SYSTEM_SEED,SYSTEM_SEED
ACC-04298,Finn Prakash,57,56-65,MALE,42963000000035022,Dakshina Kannada East,Meteorologist,1,2023-07-21,2023-07-21,,,2026-07-15 14:36:44,2026-07-15 14:36:44,SYSTEM_SEED,SYSTEM_SEED
ACC-04299,Bhagyalakshmi Achar,33,26-35,FEMALE,42963000000035040,Vijayapura North,Structural engineer,2,2022-12-25,2024-07-28,,,2026-07-15 14:36:44,2026-07-15 14:36:44,SYSTEM_SEED,SYSTEM_SEED
ACC-04300,Naveen Palan,40,36-45,MALE,42963000000035033,Mysuru Taluk HQ,Optometrist,2,2021-12-27,2025-10-02,,,2026-07-15 14:36:44,2026-07-15 14:36:44,SYSTEM_SEED,SYSTEM_SEED
ACC-04301,Chandrashekar Hegde,25,18-25,MALE,42963000000035022,Dakshina Kannada Rural,Ecologist,1,2022-02-13,2022-02-13,,,2026-07-15 14:36:44,2026-07-15 14:36:44,SYSTEM_SEED,SYSTEM_SEED
ACC-04302,Quincy Sibal,38,36-45,MALE,42963000000035027,Haveri North,"Loss adjuster, chartered",1,2025-03-02,2025-03-02,,,2026-07-15 14:36:44,2026-07-15 14:36:44,SYSTEM_SEED,SYSTEM_SEED
ACC-04303,Thimmaiah Shetty,29,26-35,MALE,42963000000035039,Uttara Kannada West,"Horticulturist, commercial",1,2024-09-10,2024-09-10,,,2026-07-15 14:36:44,2026-07-15 14:36:44,SYSTEM_SEED,SYSTEM_SEED
ACC-04304,Yug Reddy,65,56-65,MALE,42963000000035017,Bidar West,Media buyer,1,2022-08-11,2022-08-11,,,2026-07-15 14:36:44,2026-07-15 14:36:44,SYSTEM_SEED,SYSTEM_SEED
ACC-04305,Chameli Kulkarni,28,26-35,FEMALE,42963000000035024,Dharwad Taluk HQ,"Copywriter, advertising",2,2022-02-02,2025-10-17,,,2026-07-15 14:36:44,2026-07-15 14:36:44,SYSTEM_SEED,SYSTEM_SEED
ACC-04306,Praneel Shukla,54,46-55,MALE,42963000000035029,Kodagu East,"Production designer, theatre/television/film",2,2022-12-15,2025-08-23,,,2026-07-15 14:36:44,2026-07-15 14:36:44,SYSTEM_SEED,SYSTEM_SEED
ACC-04307,Ansh Oza,59,56-65,MALE,42963000000035032,Mandya Rural,Risk manager,1,2023-02-28,2023-02-28,,,2026-07-15 14:36:44,2026-07-15 14:36:44,SYSTEM_SEED,SYSTEM_SEED
ACC-04308,Lokesh Poojary,50,46-55,MALE,42963000000035041,Yadgir South,Dance movement psychotherapist,1,2021-03-07,2021-03-07,,,2026-07-15 14:36:44,2026-07-15 14:36:44,SYSTEM_SEED,SYSTEM_SEED
ACC-04309,Gauri Dewan,53,46-55,FEMALE,42963000000035012,Bagalkot South,"Engineer, land",1,2022-12-15,2022-12-15,,,2026-07-15 14:36:44,2026-07-15 14:36:44,SYSTEM_SEED,SYSTEM_SEED
ACC-04310,Thimmaiah Reddy,32,26-35,MALE,42963000000035024,Dharwad East,Occupational hygienist,1,2024-12-25,2024-12-25,,,2026-07-15 14:36:44,2026-07-15 14:36:44,SYSTEM_SEED,SYSTEM_SEED
ACC-04311,Shaurya Choudhury,65,56-65,MALE,42963000000035024,Dharwad South,Retail banker,2,2022-05-28,2025-08-14,,,2026-07-15 14:36:44,2026-07-15 14:36:44,SYSTEM_SEED,SYSTEM_SEED
ACC-04312,Yoshita Chawla,34,26-35,FEMALE,42963000000035019,Chikballapur South,Teaching laboratory technician,1,2023-09-21,2023-09-21,,,2026-07-15 14:36:44,2026-07-15 14:36:44,SYSTEM_SEED,SYSTEM_SEED
ACC-04313,Joshua Gala,33,26-35,MALE,42963000000035028,Kalaburagi Taluk HQ,Ergonomist,1,2021-01-07,2021-01-07,,,2026-07-15 14:36:44,2026-07-15 14:36:44,SYSTEM_SEED,SYSTEM_SEED
ACC-04314,Yash Dada,57,56-65,MALE,42963000000035038,Udupi South,"Journalist, magazine",1,2023-04-22,2023-04-22,,,2026-07-15 14:36:44,2026-07-15 14:36:44,SYSTEM_SEED,SYSTEM_SEED
ACC-04315,Siya Virk,65,56-65,FEMALE,42963000000035035,Ramanagara Rural,"Nurse, learning disability",1,2021-08-06,2021-08-06,,,2026-07-15 14:36:44,2026-07-15 14:36:44,SYSTEM_SEED,SYSTEM_SEED
ACC-04316,Puttaswamy Urs,26,26-35,MALE,42963000000035024,Dharwad North,English as a foreign language teacher,1,2024-01-20,2024-01-20,,,2026-07-15 14:36:44,2026-07-15 14:36:44,SYSTEM_SEED,SYSTEM_SEED
ACC-04317,Tanvi Cherian,43,36-45,FEMALE,42963000000035039,Uttara Kannada South,Equities trader,1,2022-11-14,2022-11-14,,,2026-07-15 14:36:44,2026-07-15 14:36:44,SYSTEM_SEED,SYSTEM_SEED
ACC-04318,Jayamma Urs,57,56-65,FEMALE,42963000000035027,Haveri West,Professor Emeritus,1,2022-01-12,2022-01-12,,,2026-07-15 14:36:44,2026-07-15 14:36:44,SYSTEM_SEED,SYSTEM_SEED
ACC-04319,Girindra Acharya,40,36-45,MALE,42963000000035023,Davanagere Rural,Retail merchandiser,1,2023-01-03,2023-01-03,,,2026-07-15 14:36:44,2026-07-15 14:36:44,SYSTEM_SEED,SYSTEM_SEED
ACC-04320,Bhagyalakshmi Naik,27,26-35,FEMALE,42963000000035035,Ramanagara Taluk HQ,Clinical cytogeneticist,1,2022-09-03,2022-09-03,,,2026-07-15 14:36:44,2026-07-15 14:36:44,SYSTEM_SEED,SYSTEM_SEED
ACC-04321,Ekbal Bora,40,36-45,MALE,42963000000035041,Yadgir Rural,Information officer,1,2025-08-07,2025-08-07,,,2026-07-15 14:36:44,2026-07-15 14:36:44,SYSTEM_SEED,SYSTEM_SEED
ACC-04322,Basavaraj Nayak,60,56-65,MALE,42963000000035017,Bidar East,Financial controller,1,2021-07-26,2021-07-26,,,2026-07-15 14:36:44,2026-07-15 14:36:44,SYSTEM_SEED,SYSTEM_SEED
ACC-04323,Jayamma Hegde,47,46-55,FEMALE,42963000000035022,Dakshina Kannada North,"Optician, dispensing",1,2021-11-25,2021-11-25,,,2026-07-15 14:36:44,2026-07-15 14:36:44,SYSTEM_SEED,SYSTEM_SEED
ACC-04324,Channabasappa Rai,42,36-45,MALE,42963000000035016,Bengaluru Urban East,Immunologist,1,2024-06-19,2024-06-19,,,2026-07-15 14:36:44,2026-07-15 14:36:44,SYSTEM_SEED,SYSTEM_SEED
ACC-04325,Ravindranath Gowda,48,46-55,MALE,42963000000035030,Kolar East,"Engineer, manufacturing systems",1,2024-03-24,2024-03-24,,,2026-07-15 14:36:44,2026-07-15 14:36:44,SYSTEM_SEED,SYSTEM_SEED
ACC-04326,Girish Bajwa,53,46-55,MALE,42963000000035029,Kodagu East,"Administrator, sports",1,2023-09-01,2023-09-01,,,2026-07-15 14:36:44,2026-07-15 14:36:44,SYSTEM_SEED,SYSTEM_SEED
ACC-04327,Manbir Dara,39,36-45,MALE,42963000000035014,Belagavi West,"Engineer, maintenance (IT)",1,2025-01-18,2025-01-18,,,2026-07-15 14:36:44,2026-07-15 14:36:44,SYSTEM_SEED,SYSTEM_SEED
ACC-04328,Thimmaiah Hegde,62,56-65,MALE,42963000000035027,Haveri East,Electronics engineer,1,2021-06-02,2021-06-02,,,2026-07-15 14:36:44,2026-07-15 14:36:44,SYSTEM_SEED,SYSTEM_SEED
ACC-04329,Yallappa Nayak,48,46-55,MALE,42963000000035022,Dakshina Kannada Rural,Building surveyor,1,2024-09-28,2024-09-28,,,2026-07-15 14:36:44,2026-07-15 14:36:44,SYSTEM_SEED,SYSTEM_SEED
ACC-04330,Jonathan Sethi,35,26-35,MALE,42963000000035020,Chikkamagaluru West,Commissioning editor,1,2024-02-25,2024-02-25,,,2026-07-15 14:36:44,2026-07-15 14:36:44,SYSTEM_SEED,SYSTEM_SEED
ACC-04331,Rachita Rau,28,26-35,FEMALE,42963000000035022,Dakshina Kannada East,Administrator,1,2022-05-14,2022-05-14,,,2026-07-15 14:36:44,2026-07-15 14:36:44,SYSTEM_SEED,SYSTEM_SEED
ACC-04332,Manjunath Bhat,35,26-35,MALE,42963000000035029,Kodagu Rural,"Therapist, speech and language",1,2024-04-07,2024-04-07,,,2026-07-15 14:36:44,2026-07-15 14:36:44,SYSTEM_SEED,SYSTEM_SEED
ACC-04333,Onveer Rama,39,36-45,MALE,42963000000035031,Koppal East,Minerals surveyor,1,2021-11-20,2021-11-20,,,2026-07-15 14:36:44,2026-07-15 14:36:44,SYSTEM_SEED,SYSTEM_SEED
ACC-04334,Puttaswamy Achar,46,46-55,MALE,42963000000035024,Dharwad Taluk HQ,"Engineer, manufacturing",2,2021-08-09,2024-10-01,,,2026-07-15 14:36:44,2026-07-15 14:36:44,SYSTEM_SEED,SYSTEM_SEED
ACC-04335,Girijamma Shetty,48,46-55,FEMALE,42963000000035012,Bagalkot Rural,Industrial buyer,1,2023-10-23,2023-10-23,,,2026-07-15 14:36:44,2026-07-15 14:36:44,SYSTEM_SEED,SYSTEM_SEED
ACC-04336,Waida Barman,63,56-65,FEMALE,42963000000035017,Bidar North,Regulatory affairs officer,2,2021-02-04,2025-12-16,,,2026-07-15 14:36:44,2026-07-15 14:36:44,SYSTEM_SEED,SYSTEM_SEED
ACC-04337,Zaid Nagarajan,45,36-45,MALE,42963000000035026,Hassan Taluk HQ,Make,1,2024-09-04,2024-09-04,,,2026-07-15 14:36:44,2026-07-15 14:36:44,SYSTEM_SEED,SYSTEM_SEED
ACC-04338,Lakshmi Solanki,39,36-45,FEMALE,42963000000035037,Tumakuru North,Music therapist,1,2022-04-20,2022-04-20,,,2026-07-15 14:36:44,2026-07-15 14:36:44,SYSTEM_SEED,SYSTEM_SEED
ACC-04339,Udyati Panchal,27,26-35,FEMALE,42963000000035033,Mysuru South,Recycling officer,1,2023-11-03,2023-11-03,,,2026-07-15 14:36:44,2026-07-15 14:36:44,SYSTEM_SEED,SYSTEM_SEED
ACC-04340,Savitramma Urs,57,56-65,FEMALE,42963000000035037,Tumakuru North,Aid worker,2,2021-11-20,2023-11-07,,,2026-07-15 14:36:44,2026-07-15 14:36:44,SYSTEM_SEED,SYSTEM_SEED
ACC-04341,Raghavendra Achar,37,36-45,MALE,42963000000035037,Tumakuru East,Museum/gallery conservator,1,2023-11-06,2023-11-06,,,2026-07-15 14:36:44,2026-07-15 14:36:44,SYSTEM_SEED,SYSTEM_SEED
ACC-04342,Bhagyalakshmi Hegde,47,46-55,FEMALE,42963000000035016,Bengaluru Urban Taluk HQ,Arboriculturist,1,2024-08-07,2024-08-07,,,2026-07-15 14:36:44,2026-07-15 14:36:44,SYSTEM_SEED,SYSTEM_SEED
ACC-04343,Chameli Soman,39,36-45,FEMALE,42963000000035030,Kolar North,Forensic psychologist,2,2022-09-23,2025-09-28,,,2026-07-15 14:36:44,2026-07-15 14:36:44,SYSTEM_SEED,SYSTEM_SEED
ACC-04344,Gopalakrishna Kulkarni,36,36-45,MALE,42963000000035029,Kodagu Rural,Speech and language therapist,1,2023-01-14,2023-01-14,,,2026-07-15 14:36:44,2026-07-15 14:36:44,SYSTEM_SEED,SYSTEM_SEED
ACC-04345,Benjamin Korpal,34,26-35,MALE,42963000000035032,Mandya North,Chief Marketing Officer,1,2022-05-25,2022-05-25,,,2026-07-15 14:36:44,2026-07-15 14:36:44,SYSTEM_SEED,SYSTEM_SEED
ACC-04346,Sachi Nazareth,40,36-45,FEMALE,42963000000035040,Vijayapura West,Financial controller,1,2021-04-30,2021-04-30,,,2026-07-15 14:36:44,2026-07-15 14:36:44,SYSTEM_SEED,SYSTEM_SEED
ACC-04347,Puttaswamy Shetty,39,36-45,MALE,42963000000035022,Dakshina Kannada Rural,Trade mark attorney,1,2025-11-02,2025-11-02,,,2026-07-15 14:36:44,2026-07-15 14:36:44,SYSTEM_SEED,SYSTEM_SEED
ACC-04348,Ravindranath Bhat,64,56-65,MALE,42963000000035030,Kolar South,"Psychotherapist, child",2,2025-03-24,2025-09-29,,,2026-07-15 14:36:44,2026-07-15 14:36:44,SYSTEM_SEED,SYSTEM_SEED
ACC-04349,Puttaswamy Naik,59,56-65,MALE,42963000000035022,Dakshina Kannada North,Animal nutritionist,2,2023-06-16,2023-10-20,,,2026-07-15 14:36:44,2026-07-15 14:36:44,SYSTEM_SEED,SYSTEM_SEED
ACC-04350,Nilima Seth,27,26-35,FEMALE,42963000000035026,Hassan South,"Engineer, technical sales",1,2022-08-16,2022-08-16,,,2026-07-15 14:36:44,2026-07-15 14:36:44,SYSTEM_SEED,SYSTEM_SEED
ACC-04351,Champak Anne,53,46-55,MALE,42963000000035012,Bagalkot Rural,"Conservation officer, historic buildings",2,2023-07-09,2025-05-22,,,2026-07-15 14:36:44,2026-07-15 14:36:44,SYSTEM_SEED,SYSTEM_SEED
ACC-04352,Zehaan Saxena,55,46-55,MALE,42963000000035034,Raichur East,Broadcast presenter,1,2021-10-30,2021-10-30,,,2026-07-15 14:36:44,2026-07-15 14:36:44,SYSTEM_SEED,SYSTEM_SEED
ACC-04353,Vincent Maharaj,65,56-65,MALE,42963000000035028,Kalaburagi South,Systems analyst,1,2024-02-06,2024-02-06,,,2026-07-15 14:36:44,2026-07-15 14:36:44,SYSTEM_SEED,SYSTEM_SEED
ACC-04354,Arunima Kulkarni,50,46-55,FEMALE,42963000000035015,Bengaluru Rural Taluk HQ,Textile designer,1,2025-12-24,2025-12-24,,,2026-07-15 14:36:44,2026-07-15 14:36:44,SYSTEM_SEED,SYSTEM_SEED
ACC-04355,Yatan Ghosh,27,26-35,MALE,42963000000035034,Raichur South,Production engineer,2,2021-01-10,2025-07-31,,,2026-07-15 14:36:44,2026-07-15 14:36:44,SYSTEM_SEED,SYSTEM_SEED
ACC-04356,Finn Baral,58,56-65,MALE,42963000000035030,Kolar East,Horticultural therapist,1,2021-08-25,2021-08-25,,,2026-07-15 14:36:44,2026-07-15 14:36:44,SYSTEM_SEED,SYSTEM_SEED
ACC-04357,Unni Choudhary,28,26-35,FEMALE,42963000000035018,Chamarajanagar Rural,"Designer, fashion/clothing",2,2022-02-10,2023-10-20,,,2026-07-15 14:36:44,2026-07-15 14:36:44,SYSTEM_SEED,SYSTEM_SEED
ACC-04358,Akkamahadevi Devadiga,58,56-65,FEMALE,42963000000035020,Chikkamagaluru Taluk HQ,Camera operator,2,2023-06-20,2023-11-16,,,2026-07-15 14:36:44,2026-07-15 14:36:44,SYSTEM_SEED,SYSTEM_SEED
ACC-04359,Wridesh Sunder,34,26-35,MALE,42963000000035022,Dakshina Kannada East,Fisheries officer,1,2025-11-16,2025-11-16,,,2026-07-15 14:36:44,2026-07-15 14:36:44,SYSTEM_SEED,SYSTEM_SEED
ACC-04360,Sunandamma Nayak,58,56-65,FEMALE,42963000000035033,Mysuru West,"Accountant, chartered public finance",2,2024-06-11,2025-10-30,,,2026-07-15 14:36:44,2026-07-15 14:36:44,SYSTEM_SEED,SYSTEM_SEED
ACC-04361,Hema Puri,49,46-55,FEMALE,42963000000035033,Mysuru Rural,Armed forces logistics/support/administrative officer,1,2022-06-13,2022-06-13,,,2026-07-15 14:36:44,2026-07-15 14:36:44,SYSTEM_SEED,SYSTEM_SEED
ACC-04362,Rathnamma Urs,33,26-35,FEMALE,42963000000035041,Yadgir South,Immigration officer,1,2021-07-06,2021-07-06,,,2026-07-15 14:36:44,2026-07-15 14:36:44,SYSTEM_SEED,SYSTEM_SEED
ACC-04363,Lokesh Devadiga,54,46-55,MALE,42963000000035022,Dakshina Kannada South,"Education officer, museum",1,2024-07-07,2024-07-07,,,2026-07-15 14:36:44,2026-07-15 14:36:44,SYSTEM_SEED,SYSTEM_SEED
ACC-04364,Onkar Tak,41,36-45,MALE,42963000000035033,Mysuru Taluk HQ,Estate manager/land agent,1,2022-02-03,2022-02-03,,,2026-07-15 14:36:44,2026-07-15 14:36:44,SYSTEM_SEED,SYSTEM_SEED
ACC-04365,Dalbir Chaudhuri,47,46-55,MALE,42963000000035013,Ballari East,"Development worker, international aid",1,2025-02-17,2025-02-17,,,2026-07-15 14:36:44,2026-07-15 14:36:44,SYSTEM_SEED,SYSTEM_SEED
ACC-04366,Dominic Bajwa,24,18-25,MALE,42963000000035012,Bagalkot West,Primary school teacher,1,2025-03-31,2025-03-31,,,2026-07-15 14:36:44,2026-07-15 14:36:44,SYSTEM_SEED,SYSTEM_SEED
ACC-04367,Qadim Sani,61,56-65,MALE,42963000000035013,Ballari Taluk HQ,Advertising art director,1,2021-12-16,2021-12-16,,,2026-07-15 14:36:44,2026-07-15 14:36:44,SYSTEM_SEED,SYSTEM_SEED
ACC-04368,Chatresh Sahota,46,46-55,MALE,42963000000035033,Mysuru East,Public relations account executive,1,2024-02-26,2024-02-26,,,2026-07-15 14:36:44,2026-07-15 14:36:44,SYSTEM_SEED,SYSTEM_SEED
ACC-04369,Chandrashekar Devadiga,54,46-55,MALE,42963000000035034,Raichur West,Analytical chemist,1,2022-10-15,2022-10-15,,,2026-07-15 14:36:44,2026-07-15 14:36:44,SYSTEM_SEED,SYSTEM_SEED
ACC-04370,Thimmaiah Rai,45,36-45,MALE,42963000000035032,Mandya South,Health promotion specialist,1,2022-09-14,2022-09-14,,,2026-07-15 14:36:44,2026-07-15 14:36:44,SYSTEM_SEED,SYSTEM_SEED
ACC-04371,Udyati Bhavsar,61,56-65,FEMALE,42963000000035015,Bengaluru Rural North,Bookseller,1,2025-01-18,2025-01-18,,,2026-07-15 14:36:44,2026-07-15 14:36:44,SYSTEM_SEED,SYSTEM_SEED
ACC-04372,Mahadevi Nayak,25,18-25,FEMALE,42963000000035033,Mysuru West,Chartered loss adjuster,2,2021-06-08,2023-09-13,,,2026-07-15 14:36:44,2026-07-15 14:36:44,SYSTEM_SEED,SYSTEM_SEED
ACC-04373,Rachita Soman,55,46-55,FEMALE,42963000000035023,Davanagere North,Oncologist,2,2021-06-02,2022-07-10,,,2026-07-15 14:36:44,2026-07-15 14:36:44,SYSTEM_SEED,SYSTEM_SEED
ACC-04374,Ekapad Dara,40,36-45,MALE,42963000000035042,Vijayanagara East,Aeronautical engineer,2,2025-06-26,2025-08-15,,,2026-07-15 14:36:44,2026-07-15 14:36:44,SYSTEM_SEED,SYSTEM_SEED
ACC-04375,Caleb Grover,33,26-35,MALE,42963000000035022,Dakshina Kannada South,"Engineer, chemical",1,2025-01-30,2025-01-30,,,2026-07-15 14:36:44,2026-07-15 14:36:44,SYSTEM_SEED,SYSTEM_SEED
ACC-04376,Rachit Lall,63,56-65,MALE,42963000000035025,Gadag East,Purchasing manager,1,2021-11-16,2021-11-16,,,2026-07-15 14:36:44,2026-07-15 14:36:44,SYSTEM_SEED,SYSTEM_SEED
ACC-04377,Veeranna Poojary,21,18-25,MALE,42963000000035024,Dharwad South,Broadcast engineer,2,2021-05-03,2025-12-29,,,2026-07-15 14:36:44,2026-07-15 14:36:44,SYSTEM_SEED,SYSTEM_SEED
ACC-04378,Raghavendra Kulkarni,23,18-25,MALE,42963000000035041,Yadgir Taluk HQ,Electrical engineer,1,2025-10-23,2025-10-23,,,2026-07-15 14:36:44,2026-07-15 14:36:44,SYSTEM_SEED,SYSTEM_SEED
ACC-04379,Lokesh Gowda,30,26-35,MALE,42963000000035029,Kodagu West,Television floor manager,2,2023-01-12,2023-09-03,,,2026-07-15 14:36:44,2026-07-15 14:36:44,SYSTEM_SEED,SYSTEM_SEED
ACC-04380,Sureshgowda Nayak,47,46-55,MALE,42963000000035039,Uttara Kannada South,Patent attorney,1,2023-11-27,2023-11-27,,,2026-07-15 14:36:44,2026-07-15 14:36:44,SYSTEM_SEED,SYSTEM_SEED
ACC-04381,Anmol Kata,57,56-65,MALE,42963000000035018,Chamarajanagar Rural,"Engineer, electrical",1,2022-05-07,2022-05-07,,,2026-07-15 14:36:44,2026-07-15 14:36:44,SYSTEM_SEED,SYSTEM_SEED
ACC-04382,Mason Deol,32,26-35,MALE,42963000000035021,Chitradurga Rural,"Nurse, adult",1,2023-10-13,2023-10-13,,,2026-07-15 14:36:44,2026-07-15 14:36:44,SYSTEM_SEED,SYSTEM_SEED
ACC-04383,Quincy Bhasin,54,46-55,MALE,42963000000035023,Davanagere Taluk HQ,"Sales professional, IT",2,2021-07-30,2022-11-19,,,2026-07-15 14:36:44,2026-07-15 14:36:44,SYSTEM_SEED,SYSTEM_SEED
ACC-04384,Daksh Vohra,62,56-65,MALE,42963000000035019,Chikballapur North,Geographical information systems officer,1,2024-08-02,2024-08-02,,,2026-07-15 14:36:44,2026-07-15 14:36:44,SYSTEM_SEED,SYSTEM_SEED
ACC-04385,Nidra Devan,63,56-65,FEMALE,42963000000035033,Mysuru Rural,IT consultant,1,2021-09-23,2021-09-23,,,2026-07-15 14:36:44,2026-07-15 14:36:44,SYSTEM_SEED,SYSTEM_SEED
ACC-04386,Wriddhish Kala,18,18-25,MALE,42963000000035031,Koppal Rural,Energy engineer,1,2023-12-21,2023-12-21,,,2026-07-15 14:36:44,2026-07-15 14:36:44,SYSTEM_SEED,SYSTEM_SEED
ACC-04387,Shivakumar Kulkarni,64,56-65,MALE,42963000000035018,Chamarajanagar South,Public relations officer,2,2023-01-21,2023-12-08,,,2026-07-15 14:36:44,2026-07-15 14:36:44,SYSTEM_SEED,SYSTEM_SEED
ACC-04388,Akkamahadevi Bhat,53,46-55,FEMALE,42963000000035035,Ramanagara North,Purchasing manager,1,2025-02-06,2025-02-06,,,2026-07-15 14:36:44,2026-07-15 14:36:44,SYSTEM_SEED,SYSTEM_SEED
ACC-04389,Hredhaan Chaudhary,39,36-45,MALE,42963000000035016,Bengaluru Urban East,Drilling engineer,2,2024-05-08,2024-09-15,,,2026-07-15 14:36:44,2026-07-15 14:36:44,SYSTEM_SEED,SYSTEM_SEED
ACC-04390,Bimala Dhingra,33,26-35,FEMALE,42963000000035038,Udupi West,Conference centre manager,1,2025-11-26,2025-11-26,,,2026-07-15 14:36:44,2026-07-15 14:36:44,SYSTEM_SEED,SYSTEM_SEED
ACC-04391,Bahadurjit Sridhar,34,26-35,MALE,42963000000035033,Mysuru North,Scientific laboratory technician,1,2021-10-26,2021-10-26,,,2026-07-15 14:36:44,2026-07-15 14:36:44,SYSTEM_SEED,SYSTEM_SEED
ACC-04392,Fitan Koshy,50,46-55,MALE,42963000000035037,Tumakuru East,Patent attorney,1,2021-08-17,2021-08-17,,,2026-07-15 14:36:44,2026-07-15 14:36:44,SYSTEM_SEED,SYSTEM_SEED
ACC-04393,Jeevika Lala,55,46-55,FEMALE,42963000000035015,Bengaluru Rural Rural,Optometrist,1,2022-03-09,2022-03-09,,,2026-07-15 14:36:44,2026-07-15 14:36:44,SYSTEM_SEED,SYSTEM_SEED
ACC-04394,Tarak Basak,26,26-35,MALE,42963000000035041,Yadgir North,IT sales professional,1,2024-07-14,2024-07-14,,,2026-07-15 14:36:44,2026-07-15 14:36:44,SYSTEM_SEED,SYSTEM_SEED
ACC-04395,Amrita Hans,22,18-25,FEMALE,42963000000035019,Chikballapur South,Midwife,1,2024-07-09,2024-07-09,,,2026-07-15 14:36:44,2026-07-15 14:36:44,SYSTEM_SEED,SYSTEM_SEED
ACC-04396,Gangamma Achar,28,26-35,FEMALE,42963000000035035,Ramanagara East,"Nurse, adult",1,2023-10-25,2023-10-25,,,2026-07-15 14:36:44,2026-07-15 14:36:44,SYSTEM_SEED,SYSTEM_SEED
ACC-04397,Isaiah Datta,59,56-65,MALE,42963000000035026,Hassan North,Quality manager,1,2022-01-21,2022-01-21,,,2026-07-15 14:36:44,2026-07-15 14:36:44,SYSTEM_SEED,SYSTEM_SEED
ACC-04398,Farhan Khurana,39,36-45,MALE,42963000000035035,Ramanagara East,Tour manager,2,2025-04-11,2025-10-14,,,2026-07-15 14:36:44,2026-07-15 14:36:44,SYSTEM_SEED,SYSTEM_SEED
ACC-04399,Nagaraj Reddy,38,36-45,MALE,42963000000035024,Dharwad South,"Scientist, research (life sciences)",1,2023-11-11,2023-11-11,,,2026-07-15 14:36:44,2026-07-15 14:36:44,SYSTEM_SEED,SYSTEM_SEED
ACC-04400,Puttaswamy Shetty,62,56-65,MALE,42963000000035017,Bidar South,Holiday representative,1,2021-11-09,2021-11-09,,,2026-07-15 14:36:44,2026-07-15 14:36:44,SYSTEM_SEED,SYSTEM_SEED
ACC-04401,Vasanthamma Nayak,22,18-25,FEMALE,42963000000035015,Bengaluru Rural Rural,Research scientist (medical),1,2021-10-03,2021-10-03,,,2026-07-15 14:36:44,2026-07-15 14:36:44,SYSTEM_SEED,SYSTEM_SEED
ACC-04402,Siddalingaiah Poojary,39,36-45,MALE,42963000000035014,Belagavi West,Cabin crew,1,2024-08-09,2024-08-09,,,2026-07-15 14:36:44,2026-07-15 14:36:44,SYSTEM_SEED,SYSTEM_SEED
ACC-04403,Lokesh Bhat,19,18-25,MALE,42963000000035032,Mandya Rural,Police officer,1,2024-09-16,2024-09-16,,,2026-07-15 14:36:44,2026-07-15 14:36:44,SYSTEM_SEED,SYSTEM_SEED
ACC-04404,Sathvik Bhatti,59,56-65,MALE,42963000000035026,Hassan North,"Surveyor, planning and development",1,2021-11-19,2021-11-19,,,2026-07-15 14:36:44,2026-07-15 14:36:44,SYSTEM_SEED,SYSTEM_SEED
ACC-04405,Elijah Baral,46,46-55,MALE,42963000000035036,Shivamogga West,Merchant navy officer,1,2021-01-27,2021-01-27,,,2026-07-15 14:36:44,2026-07-15 14:36:44,SYSTEM_SEED,SYSTEM_SEED
ACC-04406,Ronith Mand,37,36-45,MALE,42963000000035034,Raichur South,"Psychologist, forensic",1,2024-07-17,2024-07-17,,,2026-07-15 14:36:44,2026-07-15 14:36:44,SYSTEM_SEED,SYSTEM_SEED
ACC-04407,Jagadish Naik,49,46-55,MALE,42963000000035040,Vijayapura Taluk HQ,Licensed conveyancer,1,2023-11-27,2023-11-27,,,2026-07-15 14:36:44,2026-07-15 14:36:44,SYSTEM_SEED,SYSTEM_SEED
ACC-04408,Nihal Morar,22,18-25,MALE,42963000000035019,Chikballapur North,"Psychotherapist, dance movement",1,2021-08-18,2021-08-18,,,2026-07-15 14:36:44,2026-07-15 14:36:44,SYSTEM_SEED,SYSTEM_SEED
ACC-04409,Reyansh Devan,33,26-35,MALE,42963000000035021,Chitradurga Taluk HQ,"Psychotherapist, child",1,2022-08-05,2022-08-05,,,2026-07-15 14:36:44,2026-07-15 14:36:44,SYSTEM_SEED,SYSTEM_SEED
ACC-04410,Lakshmamma Reddy,25,18-25,FEMALE,42963000000035016,Bengaluru Urban Taluk HQ,Leisure centre manager,1,2024-11-08,2024-11-08,,,2026-07-15 14:36:44,2026-07-15 14:36:44,SYSTEM_SEED,SYSTEM_SEED
ACC-04411,Yash Oommen,30,26-35,MALE,42963000000035012,Bagalkot East,Site engineer,1,2023-01-03,2023-01-03,,,2026-07-15 14:36:44,2026-07-15 14:36:44,SYSTEM_SEED,SYSTEM_SEED
ACC-04412,Ladli Loyal,36,36-45,FEMALE,42963000000035024,Dharwad Rural,Geoscientist,1,2023-08-15,2023-08-15,,,2026-07-15 14:36:44,2026-07-15 14:36:44,SYSTEM_SEED,SYSTEM_SEED
ACC-04413,Ishaan Munshi,54,46-55,MALE,42963000000035012,Bagalkot Rural,Jewellery designer,1,2024-08-12,2024-08-12,,,2026-07-15 14:36:44,2026-07-15 14:36:44,SYSTEM_SEED,SYSTEM_SEED
ACC-04414,Girish Pall,48,46-55,MALE,42963000000035024,Dharwad North,Information officer,1,2024-12-06,2024-12-06,,,2026-07-15 14:36:44,2026-07-15 14:36:44,SYSTEM_SEED,SYSTEM_SEED
ACC-04415,Oliver Vasa,47,46-55,MALE,42963000000035022,Dakshina Kannada South,Paramedic,2,2025-08-12,2025-09-29,,,2026-07-15 14:36:44,2026-07-15 14:36:44,SYSTEM_SEED,SYSTEM_SEED
ACC-04416,Libni Samra,18,18-25,FEMALE,42963000000035024,Dharwad Rural,Emergency planning/management officer,1,2022-11-20,2022-11-20,,,2026-07-15 14:36:44,2026-07-15 14:36:44,SYSTEM_SEED,SYSTEM_SEED
ACC-04417,Gangamma Devadiga,22,18-25,FEMALE,42963000000035030,Kolar North,Video editor,1,2023-11-21,2023-11-21,,,2026-07-15 14:36:44,2026-07-15 14:36:44,SYSTEM_SEED,SYSTEM_SEED
ACC-04418,Manbir Gupta,20,18-25,MALE,42963000000035019,Chikballapur West,Medical illustrator,1,2021-06-03,2021-06-03,,,2026-07-15 14:36:44,2026-07-15 14:36:44,SYSTEM_SEED,SYSTEM_SEED
ACC-04419,Harsh Shere,43,36-45,MALE,42963000000035027,Haveri Taluk HQ,Television camera operator,1,2024-11-13,2024-11-13,,,2026-07-15 14:36:44,2026-07-15 14:36:44,SYSTEM_SEED,SYSTEM_SEED
ACC-04420,Daniel Manne,50,46-55,MALE,42963000000035022,Dakshina Kannada Taluk HQ,Fine artist,1,2021-05-10,2021-05-10,,,2026-07-15 14:36:44,2026-07-15 14:36:44,SYSTEM_SEED,SYSTEM_SEED
ACC-04421,Pahal Goswami,32,26-35,FEMALE,42963000000035038,Udupi East,Research scientist (maths),1,2022-08-31,2022-08-31,,,2026-07-15 14:36:44,2026-07-15 14:36:44,SYSTEM_SEED,SYSTEM_SEED
ACC-04422,Jason Ramanathan,37,36-45,MALE,42963000000035031,Koppal South,Radio broadcast assistant,1,2025-01-17,2025-01-17,,,2026-07-15 14:36:44,2026-07-15 14:36:44,SYSTEM_SEED,SYSTEM_SEED
ACC-04423,Yallappa Achar,57,56-65,MALE,42963000000035023,Davanagere Taluk HQ,Geoscientist,2,2022-03-12,2023-05-30,,,2026-07-15 14:36:44,2026-07-15 14:36:44,SYSTEM_SEED,SYSTEM_SEED
ACC-04424,Onkar Dhingra,43,36-45,MALE,42963000000035013,Ballari Rural,Forest/woodland manager,1,2025-06-24,2025-06-24,,,2026-07-15 14:36:44,2026-07-15 14:36:44,SYSTEM_SEED,SYSTEM_SEED
ACC-04425,Nagaveni Setty,32,26-35,FEMALE,42963000000035029,Kodagu West,Trading standards officer,1,2023-01-17,2023-01-17,,,2026-07-15 14:36:44,2026-07-15 14:36:44,SYSTEM_SEED,SYSTEM_SEED
ACC-04426,Jonathan Dash,20,18-25,MALE,42963000000035041,Yadgir East,Mudlogger,1,2021-08-04,2021-08-04,,,2026-07-15 14:36:44,2026-07-15 14:36:44,SYSTEM_SEED,SYSTEM_SEED
ACC-04427,Puttaswamy Kulkarni,59,56-65,MALE,42963000000035012,Bagalkot Rural,Statistician,1,2022-09-06,2022-09-06,,,2026-07-15 14:36:44,2026-07-15 14:36:44,SYSTEM_SEED,SYSTEM_SEED
ACC-04428,Aadhya Bhavsar,25,18-25,FEMALE,42963000000035033,Mysuru Rural,Energy engineer,1,2024-09-09,2024-09-09,,,2026-07-15 14:36:44,2026-07-15 14:36:44,SYSTEM_SEED,SYSTEM_SEED
ACC-04429,Raghavendra Bhat,21,18-25,MALE,42963000000035016,Bengaluru Urban West,Forest/woodland manager,1,2023-01-21,2023-01-21,,,2026-07-15 14:36:44,2026-07-15 14:36:44,SYSTEM_SEED,SYSTEM_SEED
ACC-04430,Utkarsh Malhotra,24,18-25,MALE,42963000000035017,Bidar North,Sales promotion account executive,1,2023-11-10,2023-11-10,,,2026-07-15 14:36:44,2026-07-15 14:36:44,SYSTEM_SEED,SYSTEM_SEED
ACC-04431,Hardik Lata,55,46-55,MALE,42963000000035022,Dakshina Kannada East,Arts development officer,1,2022-10-08,2022-10-08,,,2026-07-15 14:36:44,2026-07-15 14:36:44,SYSTEM_SEED,SYSTEM_SEED
ACC-04432,Yash Chokshi,35,26-35,MALE,42963000000035016,Bengaluru Urban North,Publishing copy,1,2021-05-09,2021-05-09,,,2026-07-15 14:36:44,2026-07-15 14:36:44,SYSTEM_SEED,SYSTEM_SEED
ACC-04433,Rishi Munshi,22,18-25,MALE,42963000000035028,Kalaburagi East,Communications engineer,1,2023-10-04,2023-10-04,,,2026-07-15 14:36:44,2026-07-15 14:36:44,SYSTEM_SEED,SYSTEM_SEED
ACC-04434,Gautam Das,64,56-65,MALE,42963000000035016,Bengaluru Urban North,Medical illustrator,1,2025-12-10,2025-12-10,,,2026-07-15 14:36:44,2026-07-15 14:36:44,SYSTEM_SEED,SYSTEM_SEED
ACC-04435,Harish Reddy,43,36-45,MALE,42963000000035034,Raichur West,Audiological scientist,1,2021-01-18,2021-01-18,,,2026-07-15 14:36:44,2026-07-15 14:36:44,SYSTEM_SEED,SYSTEM_SEED
ACC-04436,Thimmakka Devadiga,65,56-65,FEMALE,42963000000035040,Vijayapura South,Architectural technologist,1,2024-08-14,2024-08-14,,,2026-07-15 14:36:44,2026-07-15 14:36:44,SYSTEM_SEED,SYSTEM_SEED
ACC-04437,Girijamma Poojary,35,26-35,FEMALE,42963000000035025,Gadag North,Building control surveyor,1,2023-04-03,2023-04-03,,,2026-07-15 14:36:44,2026-07-15 14:36:44,SYSTEM_SEED,SYSTEM_SEED
ACC-04438,Chatura Wason,41,36-45,MALE,42963000000035026,Hassan South,"Geologist, wellsite",1,2022-10-11,2022-10-11,,,2026-07-15 14:36:44,2026-07-15 14:36:44,SYSTEM_SEED,SYSTEM_SEED
ACC-04439,Chanakya Sampath,30,26-35,MALE,42963000000035032,Mandya Taluk HQ,"Engineer, energy",1,2023-11-07,2023-11-07,,,2026-07-15 14:36:44,2026-07-15 14:36:44,SYSTEM_SEED,SYSTEM_SEED
ACC-04440,Ayushman Anne,18,18-25,MALE,42963000000035023,Davanagere South,Clinical research associate,1,2024-02-01,2024-02-01,,,2026-07-15 14:36:44,2026-07-15 14:36:44,SYSTEM_SEED,SYSTEM_SEED
ACC-04441,Nagaraj Reddy,23,18-25,MALE,42963000000035024,Dharwad West,Leisure centre manager,1,2022-10-17,2022-10-17,,,2026-07-15 14:36:44,2026-07-15 14:36:44,SYSTEM_SEED,SYSTEM_SEED
ACC-04442,Lucky Sani,31,26-35,MALE,42963000000035033,Mysuru Taluk HQ,Financial adviser,1,2021-01-24,2021-01-24,,,2026-07-15 14:36:44,2026-07-15 14:36:44,SYSTEM_SEED,SYSTEM_SEED
ACC-04443,Imaran Loke,19,18-25,MALE,42963000000035037,Tumakuru South,Sub,1,2024-05-07,2024-05-07,,,2026-07-15 14:36:44,2026-07-15 14:36:44,SYSTEM_SEED,SYSTEM_SEED
ACC-04444,Kashish Doshi,21,18-25,FEMALE,42963000000035039,Uttara Kannada North,Advice worker,1,2024-10-06,2024-10-06,,,2026-07-15 14:36:44,2026-07-15 14:36:44,SYSTEM_SEED,SYSTEM_SEED
ACC-04445,Puttaswamy Rai,52,46-55,MALE,42963000000035018,Chamarajanagar West,Surgeon,2,2023-04-09,2025-09-29,,,2026-07-15 14:36:44,2026-07-15 14:36:44,SYSTEM_SEED,SYSTEM_SEED
ACC-04446,Januja Garg,58,56-65,FEMALE,42963000000035028,Kalaburagi West,Music therapist,1,2021-12-09,2021-12-09,,,2026-07-15 14:36:44,2026-07-15 14:36:44,SYSTEM_SEED,SYSTEM_SEED
ACC-04447,Girijamma Devadiga,18,18-25,FEMALE,42963000000035040,Vijayapura Taluk HQ,"Engineer, electronics",1,2022-07-26,2022-07-26,,,2026-07-15 14:36:44,2026-07-15 14:36:44,SYSTEM_SEED,SYSTEM_SEED
ACC-04448,Sureshgowda Urs,49,46-55,MALE,42963000000035040,Vijayapura Taluk HQ,Special educational needs teacher,1,2022-03-19,2022-03-19,,,2026-07-15 14:36:44,2026-07-15 14:36:44,SYSTEM_SEED,SYSTEM_SEED
ACC-04449,Faris Chand,30,26-35,MALE,42963000000035013,Ballari East,"Teacher, English as a foreign language",1,2022-10-08,2022-10-08,,,2026-07-15 14:36:44,2026-07-15 14:36:44,SYSTEM_SEED,SYSTEM_SEED
ACC-04450,Jayamma Shetty,21,18-25,FEMALE,42963000000035038,Udupi Rural,Visual merchandiser,1,2022-07-29,2022-07-29,,,2026-07-15 14:36:44,2026-07-15 14:36:44,SYSTEM_SEED,SYSTEM_SEED
ACC-04451,Ravindranath Shetty,42,36-45,MALE,42963000000035012,Bagalkot West,Geophysicist/field seismologist,1,2025-08-29,2025-08-29,,,2026-07-15 14:36:44,2026-07-15 14:36:44,SYSTEM_SEED,SYSTEM_SEED
ACC-04452,David Chandran,32,26-35,MALE,42963000000035033,Mysuru West,Fine artist,1,2024-06-21,2024-06-21,,,2026-07-15 14:36:44,2026-07-15 14:36:44,SYSTEM_SEED,SYSTEM_SEED
ACC-04453,Indrajit Khurana,38,36-45,MALE,42963000000035017,Bidar West,Psychiatric nurse,1,2025-06-28,2025-06-28,,,2026-07-15 14:36:44,2026-07-15 14:36:44,SYSTEM_SEED,SYSTEM_SEED
ACC-04454,Gabriel Kannan,34,26-35,MALE,42963000000035016,Bengaluru Urban East,Health service manager,1,2025-12-13,2025-12-13,,,2026-07-15 14:36:44,2026-07-15 14:36:44,SYSTEM_SEED,SYSTEM_SEED
ACC-04455,Aadhya Khare,47,46-55,FEMALE,42963000000035024,Dharwad Taluk HQ,Insurance account manager,1,2025-06-06,2025-06-06,,,2026-07-15 14:36:44,2026-07-15 14:36:44,SYSTEM_SEED,SYSTEM_SEED
ACC-04456,Puttaswamy Nayak,18,18-25,MALE,42963000000035022,Dakshina Kannada Rural,"Presenter, broadcasting",2,2022-01-03,2022-03-02,,,2026-07-15 14:36:44,2026-07-15 14:36:44,SYSTEM_SEED,SYSTEM_SEED
ACC-04457,Udant Kala,55,46-55,MALE,42963000000035034,Raichur Rural,Exhibition designer,1,2023-02-28,2023-02-28,,,2026-07-15 14:36:44,2026-07-15 14:36:44,SYSTEM_SEED,SYSTEM_SEED
ACC-04458,Banjeet Rege,60,56-65,MALE,42963000000035036,Shivamogga Rural,"Producer, radio",1,2022-12-03,2022-12-03,,,2026-07-15 14:36:44,2026-07-15 14:36:44,SYSTEM_SEED,SYSTEM_SEED
ACC-04459,Mahadevi Naik,48,46-55,FEMALE,42963000000035033,Mysuru South,Probation officer,2,2024-08-14,2025-07-01,,,2026-07-15 14:36:44,2026-07-15 14:36:44,SYSTEM_SEED,SYSTEM_SEED
ACC-04460,Rehaan Rai,55,46-55,MALE,42963000000035034,Raichur Rural,Advice worker,1,2022-08-04,2022-08-04,,,2026-07-15 14:36:44,2026-07-15 14:36:44,SYSTEM_SEED,SYSTEM_SEED
