victim_id,name,age,age_group,gender,address_district_id,created_at,updated_at,created_by,updated_by
VIC-00001,Ishanvi Swamy,57,56-65,FEMALE,42963000000035021,2026-07-15 14:36:44,2026-07-15 14:36:44,SYSTEM_SEED,SYSTEM_SEED
VIC-00002,Akkamahadevi Shetty,33,26-35,FEMALE,42963000000035042,2026-07-15 14:36:44,2026-07-15 14:36:44,SYSTEM_SEED,SYSTEM_SEED
VIC-00003,Onveer Nagy,69,66-80,MALE,42963000000035019,2026-07-15 14:36:44,2026-07-15 14:36:44,SYSTEM_SEED,SYSTEM_SEED
VIC-00004,Zaid Tripathi,56,56-65,MALE,42963000000035033,2026-07-15 14:36:44,2026-07-15 14:36:44,SYSTEM_SEED,SYSTEM_SEED
VIC-00005,Pushpalatha Kulkarni,69,66-80,FEMALE,42963000000035015,2026-07-15 14:36:44,2026-07-15 14:36:44,SYSTEM_SEED,SYSTEM_SEED
VIC-00006,Timothy Jha,37,36-45,MALE,42963000000035016,2026-07-15 14:36:44,2026-07-15 14:36:44,SYSTEM_SEED,SYSTEM_SEED
VIC-00007,Eshana Brahmbhatt,74,66-80,FEMALE,42963000000035038,2026-07-15 14:36:44,2026-07-15 14:36:44,SYSTEM_SEED,SYSTEM_SEED
VIC-00008,Hamsini Raval,38,36-45,FEMALE,42963000000035035,2026-07-15 14:36:44,2026-07-15 14:36:44,SYSTEM_SEED,SYSTEM_SEED
VIC-00009,Janani Murthy,13,Under 18,FEMALE,42963000000035015,2026-07-15 14:36:44,2026-07-15 14:36:44,SYSTEM_SEED,SYSTEM_SEED
VIC-00010,Tanmayi Mahal,73,66-80,FEMALE,42963000000035024,2026-07-15 14:36:44,2026-07-15 14:36:44,SYSTEM_SEED,SYSTEM_SEED
VIC-00011,Mohini Kashyap,46,46-55,FEMALE,42963000000035020,2026-07-15 14:36:44,2026-07-15 14:36:44,SYSTEM_SEED,SYSTEM_SEED
VIC-00012,Savitramma Nayak,59,56-65,FEMALE,42963000000035016,2026-07-15 14:36:44,2026-07-15 14:36:44,SYSTEM_SEED,SYSTEM_SEED
VIC-00013,Akkamahadevi Setty,73,66-80,FEMALE,42963000000035017,2026-07-15 14:36:44,2026-07-15 14:36:44,SYSTEM_SEED,SYSTEM_SEED
VIC-00014,Vrinda Bajwa,26,26-35,FEMALE,42963000000035027,2026-07-15 14:36:44,2026-07-15 14:36:44,SYSTEM_SEED,SYSTEM_SEED
VIC-00015,Bhavini Sethi,48,46-55,FEMALE,42963000000035025,2026-07-15 14:36:44,2026-07-15 14:36:44,SYSTEM_SEED,SYSTEM_SEED
VIC-00016,Saumya Pai,1,Under 18,FEMALE,42963000000035036,2026-07-15 14:36:44,2026-07-15 14:36:44,SYSTEM_SEED,SYSTEM_SEED
VIC-00017,Thimmakka Naik,76,66-80,FEMALE,42963000000035016,2026-07-15 14:36:44,2026-07-15 14:36:44,SYSTEM_SEED,SYSTEM_SEED
VIC-00018,Sujathamma Devadiga,52,46-55,FEMALE,42963000000035034,2026-07-15 14:36:44,2026-07-15 14:36:44,SYSTEM_SEED,SYSTEM_SEED
VIC-00019,Sai Bahri,58,56-65,FEMALE,42963000000035024,2026-07-15 14:36:44,2026-07-15 14:36:44,SYSTEM_SEED,SYSTEM_SEED
VIC-00020,Mahadevi Devadiga,26,26-35,FEMALE,42963000000035027,2026-07-15 14:36:44,2026-07-15 14:36:44,SYSTEM_SEED,SYSTEM_SEED
VIC-00021,Chandrakala Gowda,59,56-65,FEMALE,42963000000035028,2026-07-15 14:36:44,2026-07-15 14:36:44,SYSTEM_SEED,SYSTEM_SEED
VIC-00022,Vasanthamma Achar,56,56-65,FEMALE,42963000000035033,2026-07-15 14:36:44,2026-07-15 14:36:44,SYSTEM_SEED,SYSTEM_SEED
VIC-00023,Tejas Sehgal,53,46-55,MALE,42963000000035016,2026-07-15 14:36:44,2026-07-15 14:36:44,SYSTEM_SEED,SYSTEM_SEED
VIC-00024,Manjunath Gowda,21,18-25,MALE,42963000000035020,2026-07-15 14:36:44,2026-07-15 14:36:44,SYSTEM_SEED,SYSTEM_SEED
VIC-00025,Ravindranath Gowda,18,18-25,MALE,42963000000035017,2026-07-15 14:36:44,2026-07-15 14:36:44,SYSTEM_SEED,SYSTEM_SEED
VIC-00026,Chaitanya Sarkar,51,46-55,MALE,42963000000035035,2026-07-15 14:36:44,2026-07-15 14:36:44,SYSTEM_SEED,SYSTEM_SEED
VIC-00027,Priya Karnik,48,46-55,FEMALE,42963000000035027,2026-07-15 14:36:44,2026-07-15 14:36:44,SYSTEM_SEED,SYSTEM_SEED
VIC-00028,Rajeshri Lad,0,Under 18,FEMALE,42963000000035022,2026-07-15 14:36:44,2026-07-15 14:36:44,SYSTEM_SEED,SYSTEM_SEED
VIC-00029,Jayamma Achar,24,18-25,FEMALE,42963000000035022,2026-07-15 14:36:44,2026-07-15 14:36:44,SYSTEM_SEED,SYSTEM_SEED
VIC-00030,Bhagyalakshmi Gowda,39,36-45,FEMALE,42963000000035015,2026-07-15 14:36:44,2026-07-15 14:36:44,SYSTEM_SEED,SYSTEM_SEED
VIC-00031,Vasanthamma Rai,48,46-55,FEMALE,42963000000035037,2026-07-15 14:36:44,2026-07-15 14:36:44,SYSTEM_SEED,SYSTEM_SEED
VIC-00032,Gangamma Achar,36,36-45,FEMALE,42963000000035026,2026-07-15 14:36:44,2026-07-15 14:36:44,SYSTEM_SEED,SYSTEM_SEED
VIC-00033,Raghavendra Rai,80,66-80,MALE,42963000000035033,2026-07-15 14:36:44,2026-07-15 14:36:44,SYSTEM_SEED,SYSTEM_SEED
VIC-00034,Siddalingaiah Reddy,39,36-45,MALE,42963000000035039,2026-07-15 14:36:44,2026-07-15 14:36:44,SYSTEM_SEED,SYSTEM_SEED
VIC-00035,Akkamahadevi Devadiga,38,36-45,FEMALE,42963000000035041,2026-07-15 14:36:44,2026-07-15 14:36:44,SYSTEM_SEED,SYSTEM_SEED
VIC-00036,Gaurangi Ganguly,71,66-80,FEMALE,42963000000035037,2026-07-15 14:36:44,2026-07-15 14:36:44,SYSTEM_SEED,SYSTEM_SEED
VIC-00037,Guneet Bansal,57,56-65,MALE,42963000000035026,2026-07-15 14:36:44,2026-07-15 14:36:44,SYSTEM_SEED,SYSTEM_SEED
VIC-00038,Manjunath Hegde,5,Under 18,MALE,42963000000035018,2026-07-15 14:36:44,2026-07-15 14:36:44,SYSTEM_SEED,SYSTEM_SEED
VIC-00039,Qabil Bava,61,56-65,MALE,42963000000035013,2026-07-15 14:36:44,2026-07-15 14:36:44,SYSTEM_SEED,SYSTEM_SEED
VIC-00040,Chandani Dutt,41,36-45,FEMALE,42963000000035027,2026-07-15 14:36:44,2026-07-15 14:36:44,SYSTEM_SEED,SYSTEM_SEED
VIC-00041,Aryan Krishna,75,66-80,MALE,42963000000035033,2026-07-15 14:36:44,2026-07-15 14:36:44,SYSTEM_SEED,SYSTEM_SEED
VIC-00042,Thimmakka Devadiga,60,56-65,FEMALE,42963000000035027,2026-07-15 14:36:44,2026-07-15 14:36:44,SYSTEM_SEED,SYSTEM_SEED
VIC-00043,Kariyappa Setty,25,18-25,MALE,42963000000035035,2026-07-15 14:36:44,2026-07-15 14:36:44,SYSTEM_SEED,SYSTEM_SEED
VIC-00044,Gangamma Devadiga,39,36-45,FEMALE,42963000000035027,2026-07-15 14:36:44,2026-07-15 14:36:44,SYSTEM_SEED,SYSTEM_SEED
VIC-00045,Akkamahadevi Poojary,73,66-80,FEMALE,42963000000035022,2026-07-15 14:36:44,2026-07-15 14:36:44,SYSTEM_SEED,SYSTEM_SEED
VIC-00046,Joshua Sethi,24,18-25,MALE,42963000000035033,2026-07-15 14:36:44,2026-07-15 14:36:44,SYSTEM_SEED,SYSTEM_SEED
VIC-00047,Sureshgowda Shetty,2,Under 18,MALE,42963000000035021,2026-07-15 14:36:44,2026-07-15 14:36:44,SYSTEM_SEED,SYSTEM_SEED
VIC-00048,Manan Dhar,43,36-45,MALE,42963000000035032,2026-07-15 14:36:44,2026-07-15 14:36:44,SYSTEM_SEED,SYSTEM_SEED
VIC-00049,Sureshgowda Rai,18,18-25,MALE,42963000000035032,2026-07-15 14:36:44,2026-07-15 14:36:44,SYSTEM_SEED,SYSTEM_SEED
VIC-00050,Nagaveni Bhat,38,36-45,FEMALE,42963000000035022,2026-07-15 14:36:44,2026-07-15 14:36:44,SYSTEM_SEED,SYSTEM_SEED
VIC-00051,Nagaraj Reddy,63,56-65,MALE,42963000000035029,2026-07-15 14:36:44,2026-07-15 14:36:44,SYSTEM_SEED,SYSTEM_SEED
VIC-00052,Akkamahadevi Setty,53,46-55,FEMALE,42963000000035016,2026-07-15 14:36:44,2026-07-15 14:36:44,SYSTEM_SEED,SYSTEM_SEED
VIC-00053,Maya Grewal,12,Under 18,FEMALE,42963000000035022,2026-07-15 14:36:44,2026-07-15 14:36:44,SYSTEM_SEED,SYSTEM_SEED
VIC-00054,Bhagyalakshmi Poojary,73,66-80,FEMALE,42963000000035024,2026-07-15 14:36:44,2026-07-15 14:36:44,SYSTEM_SEED,SYSTEM_SEED
VIC-00055,Vasanthamma Setty,50,46-55,FEMALE,42963000000035014,2026-07-15 14:36:44,2026-07-15 14:36:44,SYSTEM_SEED,SYSTEM_SEED
VIC-00056,Tara Muni,24,18-25,FEMALE,42963000000035017,2026-07-15 14:36:44,2026-07-15 14:36:44,SYSTEM_SEED,SYSTEM_SEED
VIC-00057,Bahadurjit Kata,63,56-65,MALE,42963000000035016,2026-07-15 14:36:44,2026-07-15 14:36:44,SYSTEM_SEED,SYSTEM_SEED
VIC-00058,Atharv Goda,27,26-35,MALE,42963000000035022,2026-07-15 14:36:44,2026-07-15 14:36:44,SYSTEM_SEED,SYSTEM_SEED
VIC-00059,Vrinda Sampath,11,Under 18,FEMALE,42963000000035037,2026-07-15 14:36:44,2026-07-15 14:36:44,SYSTEM_SEED,SYSTEM_SEED
VIC-00060,Jacob Badal,76,66-80,MALE,42963000000035016,2026-07-15 14:36:44,2026-07-15 14:36:44,SYSTEM_SEED,SYSTEM_SEED
VIC-00061,Brinda Bhavsar,9,Under 18,FEMALE,42963000000035019,2026-07-15 14:36:44,2026-07-15 14:36:44,SYSTEM_SEED,SYSTEM_SEED
VIC-00062,Rathnamma Gowda,12,Under 18,FEMALE,42963000000035029,2026-07-15 14:36:44,2026-07-15 14:36:44,SYSTEM_SEED,SYSTEM_SEED
VIC-00063,Lipika Gola,13,Under 18,FEMALE,42963000000035027,2026-07-15 14:36:44,2026-07-15 14:36:44,SYSTEM_SEED,SYSTEM_SEED
VIC-00064,Vihaan Pillay,61,56-65,MALE,42963000000035031,2026-07-15 14:36:44,2026-07-15 14:36:44,SYSTEM_SEED,SYSTEM_SEED
VIC-00065,Veeranna Naik,44,36-45,MALE,42963000000035014,2026-07-15 14:36:44,2026-07-15 14:36:44,SYSTEM_SEED,SYSTEM_SEED
VIC-00066,Mahadevi Urs,70,66-80,FEMALE,42963000000035033,2026-07-15 14:36:44,2026-07-15 14:36:44,SYSTEM_SEED,SYSTEM_SEED
VIC-00067,Ganga Walla,19,18-25,FEMALE,42963000000035041,2026-07-15 14:36:44,2026-07-15 14:36:44,SYSTEM_SEED,SYSTEM_SEED
VIC-00068,Jason Anand,34,26-35,MALE,42963000000035027,2026-07-15 14:36:44,2026-07-15 14:36:44,SYSTEM_SEED,SYSTEM_SEED
VIC-00069,Frederick Magar,74,66-80,MALE,42963000000035022,2026-07-15 14:36:44,2026-07-15 14:36:44,SYSTEM_SEED,SYSTEM_SEED
VIC-00070,Yamini Thaman,13,Under 18,FEMALE,42963000000035022,2026-07-15 14:36:44,2026-07-15 14:36:44,SYSTEM_SEED,SYSTEM_SEED
VIC-00071,Ronith Deshmukh,15,Under 18,MALE,42963000000035014,2026-07-15 14:36:44,2026-07-15 14:36:44,SYSTEM_SEED,SYSTEM_SEED
VIC-00072,Arjun Singh,56,56-65,MALE,42963000000035014,2026-07-15 14:36:44,2026-07-15 14:36:44,SYSTEM_SEED,SYSTEM_SEED
VIC-00073,Gangamma Setty,59,56-65,FEMALE,42963000000035022,2026-07-15 14:36:44,2026-07-15 14:36:44,SYSTEM_SEED,SYSTEM_SEED
VIC-00074,Ekaja Khurana,39,36-45,FEMALE,42963000000035039,2026-07-15 14:36:44,2026-07-15 14:36:44,SYSTEM_SEED,SYSTEM_SEED
VIC-00075,Jayamma Rai,59,56-65,FEMALE,42963000000035035,2026-07-15 14:36:44,2026-07-15 14:36:44,SYSTEM_SEED,SYSTEM_SEED
VIC-00076,Liam Shere,76,66-80,MALE,42963000000035014,2026-07-15 14:36:44,2026-07-15 14:36:44,SYSTEM_SEED,SYSTEM_SEED
VIC-00077,Vasana Gill,22,18-25,FEMALE,42963000000035020,2026-07-15 14:36:44,2026-07-15 14:36:44,SYSTEM_SEED,SYSTEM_SEED
VIC-00078,Kritika Edwin,30,26-35,FEMALE,42963000000035033,2026-07-15 14:36:44,2026-07-15 14:36:44,SYSTEM_SEED,SYSTEM_SEED
VIC-00079,Parvatamma Poojary,59,56-65,FEMALE,42963000000035024,2026-07-15 14:36:44,2026-07-15 14:36:44,SYSTEM_SEED,SYSTEM_SEED
VIC-00080,Bhavna Purohit,80,66-80,FEMALE,42963000000035038,2026-07-15 14:36:44,2026-07-15 14:36:44,SYSTEM_SEED,SYSTEM_SEED
VIC-00081,Aadi Mani,59,56-65,MALE,42963000000035025,2026-07-15 14:36:44,2026-07-15 14:36:44,SYSTEM_SEED,SYSTEM_SEED
VIC-00082,Ravindranath Setty,48,46-55,MALE,42963000000035022,2026-07-15 14:36:44,2026-07-15 14:36:44,SYSTEM_SEED,SYSTEM_SEED
VIC-00083,Yash Rana,39,36-45,MALE,42963000000035018,2026-07-15 14:36:44,2026-07-15 14:36:44,SYSTEM_SEED,SYSTEM_SEED
VIC-00084,Viraj Venkatesh,78,66-80,MALE,42963000000035039,2026-07-15 14:36:44,2026-07-15 14:36:44,SYSTEM_SEED,SYSTEM_SEED
VIC-00085,Samaksh Krishnamurthy,28,26-35,MALE,42963000000035019,2026-07-15 14:36:44,2026-07-15 14:36:44,SYSTEM_SEED,SYSTEM_SEED
VIC-00086,Geetika Thakur,16,Under 18,FEMALE,42963000000035020,2026-07-15 14:36:44,2026-07-15 14:36:44,SYSTEM_SEED,SYSTEM_SEED
VIC-00087,Dev Bansal,80,66-80,MALE,42963000000035013,2026-07-15 14:36:44,2026-07-15 14:36:44,SYSTEM_SEED,SYSTEM_SEED
VIC-00088,Bina Pillai,1,Under 18,FEMALE,42963000000035028,2026-07-15 14:36:44,2026-07-15 14:36:44,SYSTEM_SEED,SYSTEM_SEED
VIC-00089,Kaveri Reddy,61,56-65,FEMALE,42963000000035018,2026-07-15 14:36:44,2026-07-15 14:36:44,SYSTEM_SEED,SYSTEM_SEED
VIC-00090,Nagaraj Achar,48,46-55,MALE,42963000000035032,2026-07-15 14:36:44,2026-07-15 14:36:44,SYSTEM_SEED,SYSTEM_SEED
VIC-00091,Dalbir Sachar,19,18-25,MALE,42963000000035039,2026-07-15 14:36:44,2026-07-15 14:36:44,SYSTEM_SEED,SYSTEM_SEED
VIC-00092,Raghav Mistry,76,66-80,MALE,42963000000035018,2026-07-15 14:36:44,2026-07-15 14:36:44,SYSTEM_SEED,SYSTEM_SEED
VIC-00093,Advik Murty,34,26-35,MALE,42963000000035039,2026-07-15 14:36:44,2026-07-15 14:36:44,SYSTEM_SEED,SYSTEM_SEED
VIC-00094,Harish Setty,42,36-45,MALE,42963000000035016,2026-07-15 14:36:44,2026-07-15 14:36:44,SYSTEM_SEED,SYSTEM_SEED
VIC-00095,Gopalakrishna Shetty,58,56-65,MALE,42963000000035016,2026-07-15 14:36:44,2026-07-15 14:36:44,SYSTEM_SEED,SYSTEM_SEED
VIC-00096,Ira Babu,62,56-65,FEMALE,42963000000035041,2026-07-15 14:36:44,2026-07-15 14:36:44,SYSTEM_SEED,SYSTEM_SEED
VIC-00097,Teerth Din,1,Under 18,MALE,42963000000035038,2026-07-15 14:36:44,2026-07-15 14:36:44,SYSTEM_SEED,SYSTEM_SEED
VIC-00098,Puttaswamy Achar,16,Under 18,MALE,42963000000035039,2026-07-15 14:36:44,2026-07-15 14:36:44,SYSTEM_SEED,SYSTEM_SEED
VIC-00099,Ekiya Mittal,67,66-80,FEMALE,42963000000035042,2026-07-15 14:36:44,2026-07-15 14:36:44,SYSTEM_SEED,SYSTEM_SEED
VIC-00100,Jason Dhar,39,36-45,MALE,42963000000035016,2026-07-15 14:36:44,2026-07-15 14:36:44,SYSTEM_SEED,SYSTEM_SEED
VIC-00101,Jhalak Sarna,41,36-45,FEMALE,42963000000035029,2026-07-15 14:36:44,2026-07-15 14:36:44,SYSTEM_SEED,SYSTEM_SEED
VIC-00102,Yagnesh Rastogi,61,56-65,MALE,42963000000035034,2026-07-15 14:36:44,2026-07-15 14:36:44,SYSTEM_SEED,SYSTEM_SEED
VIC-00103,Viraj Prabhu,31,26-35,MALE,42963000000035037,2026-07-15 14:36:44,2026-07-15 14:36:44,SYSTEM_SEED,SYSTEM_SEED
VIC-00104,Vincent De,21,18-25,MALE,42963000000035023,2026-07-15 14:36:44,2026-07-15 14:36:44,SYSTEM_SEED,SYSTEM_SEED
VIC-00105,Atharv Korpal,59,56-65,MALE,42963000000035033,2026-07-15 14:36:44,2026-07-15 14:36:44,SYSTEM_SEED,SYSTEM_SEED
VIC-00106,Yallappa Gowda,1,Under 18,MALE,42963000000035013,2026-07-15 14:36:44,2026-07-15 14:36:44,SYSTEM_SEED,SYSTEM_SEED
VIC-00107,Chandresh Merchant,73,66-80,MALE,42963000000035013,2026-07-15 14:36:44,2026-07-15 14:36:44,SYSTEM_SEED,SYSTEM_SEED
VIC-00108,Sujathamma Bhat,58,56-65,FEMALE,42963000000035022,2026-07-15 14:36:44,2026-07-15 14:36:44,SYSTEM_SEED,SYSTEM_SEED
VIC-00109,Bhagyalakshmi Urs,62,56-65,FEMALE,42963000000035018,2026-07-15 14:36:44,2026-07-15 14:36:44,SYSTEM_SEED,SYSTEM_SEED
VIC-00110,Channabasappa Devadiga,36,36-45,MALE,42963000000035016,2026-07-15 14:36:44,2026-07-15 14:36:44,SYSTEM_SEED,SYSTEM_SEED
VIC-00111,Avi Palla,76,66-80,MALE,42963000000035016,2026-07-15 14:36:44,2026-07-15 14:36:44,SYSTEM_SEED,SYSTEM_SEED
VIC-00112,Sanya Sant,56,56-65,FEMALE,42963000000035040,2026-07-15 14:36:44,2026-07-15 14:36:44,SYSTEM_SEED,SYSTEM_SEED
VIC-00113,Nandini Pant,28,26-35,FEMALE,42963000000035029,2026-07-15 14:36:44,2026-07-15 14:36:44,SYSTEM_SEED,SYSTEM_SEED
VIC-00114,Lokesh Urs,73,66-80,MALE,42963000000035022,2026-07-15 14:36:44,2026-07-15 14:36:44,SYSTEM_SEED,SYSTEM_SEED
VIC-00115,Sunandamma Bhat,75,66-80,FEMALE,42963000000035037,2026-07-15 14:36:44,2026-07-15 14:36:44,SYSTEM_SEED,SYSTEM_SEED
VIC-00116,Thimmaiah Hegde,28,26-35,MALE,42963000000035022,2026-07-15 14:36:44,2026-07-15 14:36:44,SYSTEM_SEED,SYSTEM_SEED
VIC-00117,Pushpalatha Poojary,28,26-35,FEMALE,42963000000035018,2026-07-15 14:36:44,2026-07-15 14:36:44,SYSTEM_SEED,SYSTEM_SEED
VIC-00118,Manjunath Reddy,80,66-80,MALE,42963000000035038,2026-07-15 14:36:44,2026-07-15 14:36:44,SYSTEM_SEED,SYSTEM_SEED
VIC-00119,Sureshgowda Shetty,39,36-45,MALE,42963000000035015,2026-07-15 14:36:44,2026-07-15 14:36:44,SYSTEM_SEED,SYSTEM_SEED
VIC-00120,Sujathamma Naik,2,Under 18,FEMALE,42963000000035030,2026-07-15 14:36:44,2026-07-15 14:36:44,SYSTEM_SEED,SYSTEM_SEED
VIC-00121,Chandrakala Reddy,7,Under 18,FEMALE,42963000000035018,2026-07-15 14:36:44,2026-07-15 14:36:44,SYSTEM_SEED,SYSTEM_SEED
VIC-00122,Basavaraj Devadiga,6,Under 18,MALE,42963000000035016,2026-07-15 14:36:44,2026-07-15 14:36:44,SYSTEM_SEED,SYSTEM_SEED
VIC-00123,Sunandamma Gowda,11,Under 18,FEMALE,42963000000035022,2026-07-15 14:36:44,2026-07-15 14:36:44,SYSTEM_SEED,SYSTEM_SEED
VIC-00124,Anusha Srinivas,75,66-80,FEMALE,42963000000035041,2026-07-15 14:36:44,2026-07-15 14:36:44,SYSTEM_SEED,SYSTEM_SEED
VIC-00125,Patrick Narula,6,Under 18,MALE,42963000000035019,2026-07-15 14:36:44,2026-07-15 14:36:44,SYSTEM_SEED,SYSTEM_SEED
VIC-00126,Chandrakala Achar,38,36-45,FEMALE,42963000000035040,2026-07-15 14:36:44,2026-07-15 14:36:44,SYSTEM_SEED,SYSTEM_SEED
VIC-00127,Nilima Toor,79,66-80,FEMALE,42963000000035016,2026-07-15 14:36:44,2026-07-15 14:36:44,SYSTEM_SEED,SYSTEM_SEED
VIC-00128,Abdul Chaudhuri,16,Under 18,MALE,42963000000035021,2026-07-15 14:36:44,2026-07-15 14:36:44,SYSTEM_SEED,SYSTEM_SEED
VIC-00129,Krishna Bhasin,66,66-80,MALE,42963000000035014,2026-07-15 14:36:44,2026-07-15 14:36:44,SYSTEM_SEED,SYSTEM_SEED
VIC-00130,Yashoda Kamdar,44,36-45,FEMALE,42963000000035039,2026-07-15 14:36:44,2026-07-15 14:36:44,SYSTEM_SEED,SYSTEM_SEED
VIC-00131,Amaira Sen,28,26-35,FEMALE,42963000000035033,2026-07-15 14:36:44,2026-07-15 14:36:44,SYSTEM_SEED,SYSTEM_SEED
VIC-00132,Oliver Sharma,32,26-35,MALE,42963000000035040,2026-07-15 14:36:44,2026-07-15 14:36:44,SYSTEM_SEED,SYSTEM_SEED
VIC-00133,Omisha Mane,60,56-65,FEMALE,42963000000035015,2026-07-15 14:36:44,2026-07-15 14:36:44,SYSTEM_SEED,SYSTEM_SEED
VIC-00134,Atharv Varughese,40,36-45,MALE,42963000000035022,2026-07-15 14:36:44,2026-07-15 14:36:44,SYSTEM_SEED,SYSTEM_SEED
VIC-00135,Thimmaiah Nayak,50,46-55,MALE,42963000000035024,2026-07-15 14:36:44,2026-07-15 14:36:44,SYSTEM_SEED,SYSTEM_SEED
VIC-00136,Shanthakumari Hegde,16,Under 18,FEMALE,42963000000035042,2026-07-15 14:36:44,2026-07-15 14:36:44,SYSTEM_SEED,SYSTEM_SEED
VIC-00137,Theodore Sura,52,46-55,MALE,42963000000035016,2026-07-15 14:36:44,2026-07-15 14:36:44,SYSTEM_SEED,SYSTEM_SEED
VIC-00138,Jayamma Gowda,68,66-80,FEMALE,42963000000035031,2026-07-15 14:36:44,2026-07-15 14:36:44,SYSTEM_SEED,SYSTEM_SEED
VIC-00139,Prakash Naik,0,Under 18,MALE,42963000000035024,2026-07-15 14:36:44,2026-07-15 14:36:44,SYSTEM_SEED,SYSTEM_SEED
VIC-00140,Yasti Bansal,7,Under 18,FEMALE,42963000000035021,2026-07-15 14:36:44,2026-07-15 14:36:44,SYSTEM_SEED,SYSTEM_SEED
VIC-00141,Ganga Purohit,45,36-45,FEMALE,42963000000035031,2026-07-15 14:36:44,2026-07-15 14:36:44,SYSTEM_SEED,SYSTEM_SEED
VIC-00142,Lakshmamma Urs,58,56-65,FEMALE,42963000000035038,2026-07-15 14:36:44,2026-07-15 14:36:44,SYSTEM_SEED,SYSTEM_SEED
VIC-00143,Thomas Loke,54,46-55,MALE,42963000000035012,2026-07-15 14:36:44,2026-07-15 14:36:44,SYSTEM_SEED,SYSTEM_SEED
VIC-00144,Prakash Setty,75,66-80,MALE,42963000000035013,2026-07-15 14:36:44,2026-07-15 14:36:44,SYSTEM_SEED,SYSTEM_SEED
VIC-00145,Ekavir Hegde,53,46-55,MALE,42963000000035033,2026-07-15 14:36:44,2026-07-15 14:36:44,SYSTEM_SEED,SYSTEM_SEED
VIC-00146,Rehaan Majumdar,76,66-80,MALE,42963000000035016,2026-07-15 14:36:44,2026-07-15 14:36:44,SYSTEM_SEED,SYSTEM_SEED
VIC-00147,Januja Barman,26,26-35,FEMALE,42963000000035013,2026-07-15 14:36:44,2026-07-15 14:36:44,SYSTEM_SEED,SYSTEM_SEED
VIC-00148,Max Arora,49,46-55,MALE,42963000000035040,2026-07-15 14:36:44,2026-07-15 14:36:44,SYSTEM_SEED,SYSTEM_SEED
VIC-00149,Rathnamma Reddy,65,56-65,FEMALE,42963000000035024,2026-07-15 14:36:44,2026-07-15 14:36:44,SYSTEM_SEED,SYSTEM_SEED
VIC-00150,Indali Sahota,76,66-80,FEMALE,42963000000035013,2026-07-15 14:36:44,2026-07-15 14:36:44,SYSTEM_SEED,SYSTEM_SEED
VIC-00151,Turvi Doshi,75,66-80,FEMALE,42963000000035022,2026-07-15 14:36:44,2026-07-15 14:36:44,SYSTEM_SEED,SYSTEM_SEED
VIC-00152,Lakshmi Kade,68,66-80,FEMALE,42963000000035033,2026-07-15 14:36:44,2026-07-15 14:36:44,SYSTEM_SEED,SYSTEM_SEED
VIC-00153,Bhavini Gade,67,66-80,FEMALE,42963000000035013,2026-07-15 14:36:44,2026-07-15 14:36:44,SYSTEM_SEED,SYSTEM_SEED
VIC-00154,Kevin Subramanian,62,56-65,MALE,42963000000035016,2026-07-15 14:36:44,2026-07-15 14:36:44,SYSTEM_SEED,SYSTEM_SEED
VIC-00155,Januja Sidhu,70,66-80,FEMALE,42963000000035016,2026-07-15 14:36:44,2026-07-15 14:36:44,SYSTEM_SEED,SYSTEM_SEED
VIC-00156,Prakash Gowda,80,66-80,MALE,42963000000035017,2026-07-15 14:36:44,2026-07-15 14:36:44,SYSTEM_SEED,SYSTEM_SEED
VIC-00157,Yatin Comar,59,56-65,MALE,42963000000035025,2026-07-15 14:36:44,2026-07-15 14:36:44,SYSTEM_SEED,SYSTEM_SEED
VIC-00158,Veda Oommen,28,26-35,FEMALE,42963000000035014,2026-07-15 14:36:44,2026-07-15 14:36:44,SYSTEM_SEED,SYSTEM_SEED
VIC-00159,Nagaveni Rai,66,66-80,FEMALE,42963000000035033,2026-07-15 14:36:44,2026-07-15 14:36:44,SYSTEM_SEED,SYSTEM_SEED
VIC-00160,Wahab Kuruvilla,36,36-45,MALE,42963000000035029,2026-07-15 14:36:44,2026-07-15 14:36:44,SYSTEM_SEED,SYSTEM_SEED
VIC-00161,Bhagyalakshmi Reddy,10,Under 18,FEMALE,42963000000035019,2026-07-15 14:36:44,2026-07-15 14:36:44,SYSTEM_SEED,SYSTEM_SEED
VIC-00162,Omisha Vyas,48,46-55,FEMALE,42963000000035025,2026-07-15 14:36:44,2026-07-15 14:36:44,SYSTEM_SEED,SYSTEM_SEED
VIC-00163,Yoshita Mallick,8,Under 18,FEMALE,42963000000035037,2026-07-15 14:36:44,2026-07-15 14:36:44,SYSTEM_SEED,SYSTEM_SEED
VIC-00164,Bhagyalakshmi Rai,12,Under 18,FEMALE,42963000000035014,2026-07-15 14:36:44,2026-07-15 14:36:44,SYSTEM_SEED,SYSTEM_SEED
VIC-00165,Parvatamma Poojary,77,66-80,FEMALE,42963000000035034,2026-07-15 14:36:44,2026-07-15 14:36:44,SYSTEM_SEED,SYSTEM_SEED
VIC-00166,Jayamma Gowda,11,Under 18,FEMALE,42963000000035024,2026-07-15 14:36:44,2026-07-15 14:36:44,SYSTEM_SEED,SYSTEM_SEED
VIC-00167,Jeevika Bains,4,Under 18,FEMALE,42963000000035016,2026-07-15 14:36:44,2026-07-15 14:36:44,SYSTEM_SEED,SYSTEM_SEED
VIC-00168,Warhi Magar,27,26-35,FEMALE,42963000000035018,2026-07-15 14:36:44,2026-07-15 14:36:44,SYSTEM_SEED,SYSTEM_SEED
VIC-00169,Mason Tara,61,56-65,MALE,42963000000035034,2026-07-15 14:36:44,2026-07-15 14:36:44,SYSTEM_SEED,SYSTEM_SEED
VIC-00170,Kaveri Kulkarni,12,Under 18,FEMALE,42963000000035022,2026-07-15 14:36:44,2026-07-15 14:36:44,SYSTEM_SEED,SYSTEM_SEED
VIC-00171,Ati Mital,53,46-55,FEMALE,42963000000035015,2026-07-15 14:36:44,2026-07-15 14:36:44,SYSTEM_SEED,SYSTEM_SEED
VIC-00172,Chandrashekar Naik,19,18-25,MALE,42963000000035012,2026-07-15 14:36:44,2026-07-15 14:36:44,SYSTEM_SEED,SYSTEM_SEED
VIC-00173,Akkamahadevi Nayak,47,46-55,FEMALE,42963000000035041,2026-07-15 14:36:44,2026-07-15 14:36:44,SYSTEM_SEED,SYSTEM_SEED
VIC-00174,Damyanti Divan,7,Under 18,FEMALE,42963000000035042,2026-07-15 14:36:44,2026-07-15 14:36:44,SYSTEM_SEED,SYSTEM_SEED
VIC-00175,Imaran Kothari,4,Under 18,MALE,42963000000035025,2026-07-15 14:36:44,2026-07-15 14:36:44,SYSTEM_SEED,SYSTEM_SEED
VIC-00176,Faraj Chaudhari,75,66-80,MALE,42963000000035039,2026-07-15 14:36:44,2026-07-15 14:36:44,SYSTEM_SEED,SYSTEM_SEED
VIC-00177,Thimmakka Devadiga,63,56-65,FEMALE,42963000000035022,2026-07-15 14:36:44,2026-07-15 14:36:44,SYSTEM_SEED,SYSTEM_SEED
VIC-00178,Basavaraj Poojary,17,Under 18,MALE,42963000000035021,2026-07-15 14:36:44,2026-07-15 14:36:44,SYSTEM_SEED,SYSTEM_SEED
VIC-00179,Samuel Ratta,36,36-45,MALE,42963000000035018,2026-07-15 14:36:44,2026-07-15 14:36:44,SYSTEM_SEED,SYSTEM_SEED
VIC-00180,Puttaswamy Naik,7,Under 18,MALE,42963000000035013,2026-07-15 14:36:44,2026-07-15 14:36:44,SYSTEM_SEED,SYSTEM_SEED
VIC-00181,Noah Mistry,78,66-80,MALE,42963000000035020,2026-07-15 14:36:44,2026-07-15 14:36:44,SYSTEM_SEED,SYSTEM_SEED
VIC-00182,Yashodamma Achar,62,56-65,FEMALE,42963000000035032,2026-07-15 14:36:44,2026-07-15 14:36:44,SYSTEM_SEED,SYSTEM_SEED
VIC-00183,Keya Gaba,52,46-55,FEMALE,42963000000035021,2026-07-15 14:36:44,2026-07-15 14:36:44,SYSTEM_SEED,SYSTEM_SEED
VIC-00184,Bhavini Murthy,49,46-55,FEMALE,42963000000035016,2026-07-15 14:36:44,2026-07-15 14:36:44,SYSTEM_SEED,SYSTEM_SEED
VIC-00185,Pushpalatha Naik,45,36-45,FEMALE,42963000000035015,2026-07-15 14:36:44,2026-07-15 14:36:44,SYSTEM_SEED,SYSTEM_SEED
VIC-00186,Kaveri Naik,57,56-65,FEMALE,42963000000035034,2026-07-15 14:36:44,2026-07-15 14:36:44,SYSTEM_SEED,SYSTEM_SEED
VIC-00187,Tejas Ravi,31,26-35,MALE,42963000000035013,2026-07-15 14:36:44,2026-07-15 14:36:44,SYSTEM_SEED,SYSTEM_SEED
VIC-00188,Ganga Sachdeva,36,36-45,FEMALE,42963000000035013,2026-07-15 14:36:44,2026-07-15 14:36:44,SYSTEM_SEED,SYSTEM_SEED
VIC-00189,Gopalakrishna Nayak,57,56-65,MALE,42963000000035037,2026-07-15 14:36:44,2026-07-15 14:36:44,SYSTEM_SEED,SYSTEM_SEED
VIC-00190,Alexander Nath,47,46-55,MALE,42963000000035025,2026-07-15 14:36:44,2026-07-15 14:36:44,SYSTEM_SEED,SYSTEM_SEED
VIC-00191,Daniel Morar,13,Under 18,MALE,42963000000035039,2026-07-15 14:36:44,2026-07-15 14:36:44,SYSTEM_SEED,SYSTEM_SEED
VIC-00192,Shivakumar Reddy,64,56-65,MALE,42963000000035038,2026-07-15 14:36:44,2026-07-15 14:36:44,SYSTEM_SEED,SYSTEM_SEED
VIC-00193,Yagnesh Swamy,55,46-55,MALE,42963000000035013,2026-07-15 14:36:44,2026-07-15 14:36:44,SYSTEM_SEED,SYSTEM_SEED
VIC-00194,Jalsa Ravi,27,26-35,FEMALE,42963000000035027,2026-07-15 14:36:44,2026-07-15 14:36:44,SYSTEM_SEED,SYSTEM_SEED
VIC-00195,Kamya Mangat,37,36-45,FEMALE,42963000000035033,2026-07-15 14:36:44,2026-07-15 14:36:44,SYSTEM_SEED,SYSTEM_SEED
VIC-00196,Gayathri Nayar,4,Under 18,FEMALE,42963000000035028,2026-07-15 14:36:44,2026-07-15 14:36:44,SYSTEM_SEED,SYSTEM_SEED
VIC-00197,Nihal Puri,53,46-55,MALE,42963000000035014,2026-07-15 14:36:44,2026-07-15 14:36:44,SYSTEM_SEED,SYSTEM_SEED
VIC-00198,Jayamma Gowda,78,66-80,FEMALE,42963000000035021,2026-07-15 14:36:44,2026-07-15 14:36:44,SYSTEM_SEED,SYSTEM_SEED
VIC-00199,Daksha Butala,18,18-25,FEMALE,42963000000035016,2026-07-15 14:36:44,2026-07-15 14:36:44,SYSTEM_SEED,SYSTEM_SEED
VIC-00200,Chandrakala Poojary,19,18-25,FEMALE,42963000000035018,2026-07-15 14:36:44,2026-07-15 14:36:44,SYSTEM_SEED,SYSTEM_SEED
VIC-00201,Chandrashekar Poojary,59,56-65,MALE,42963000000035018,2026-07-15 14:36:44,2026-07-15 14:36:44,SYSTEM_SEED,SYSTEM_SEED
VIC-00202,Aayush Doctor,9,Under 18,MALE,42963000000035036,2026-07-15 14:36:44,2026-07-15 14:36:44,SYSTEM_SEED,SYSTEM_SEED
VIC-00203,Xiti Chanda,4,Under 18,FEMALE,42963000000035032,2026-07-15 14:36:44,2026-07-15 14:36:44,SYSTEM_SEED,SYSTEM_SEED
VIC-00204,Atharv Agate,80,66-80,MALE,42963000000035028,2026-07-15 14:36:44,2026-07-15 14:36:44,SYSTEM_SEED,SYSTEM_SEED
VIC-00205,Gaurang Bali,15,Under 18,MALE,42963000000035028,2026-07-15 14:36:44,2026-07-15 14:36:44,SYSTEM_SEED,SYSTEM_SEED
VIC-00206,Siddalingaiah Setty,52,46-55,MALE,42963000000035012,2026-07-15 14:36:44,2026-07-15 14:36:44,SYSTEM_SEED,SYSTEM_SEED
VIC-00207,Madhav Peri,11,Under 18,MALE,42963000000035037,2026-07-15 14:36:44,2026-07-15 14:36:44,SYSTEM_SEED,SYSTEM_SEED
VIC-00208,Caleb Baria,74,66-80,MALE,42963000000035035,2026-07-15 14:36:44,2026-07-15 14:36:44,SYSTEM_SEED,SYSTEM_SEED
VIC-00209,Mohammed Narayanan,48,46-55,MALE,42963000000035041,2026-07-15 14:36:44,2026-07-15 14:36:44,SYSTEM_SEED,SYSTEM_SEED
VIC-00210,Chandrashekar Poojary,62,56-65,MALE,42963000000035023,2026-07-15 14:36:44,2026-07-15 14:36:44,SYSTEM_SEED,SYSTEM_SEED
VIC-00211,Gopalakrishna Bhat,33,26-35,MALE,42963000000035014,2026-07-15 14:36:44,2026-07-15 14:36:44,SYSTEM_SEED,SYSTEM_SEED
VIC-00212,Puttaswamy Hegde,13,Under 18,MALE,42963000000035015,2026-07-15 14:36:44,2026-07-15 14:36:44,SYSTEM_SEED,SYSTEM_SEED
VIC-00213,Anirudh Butala,29,26-35,MALE,42963000000035016,2026-07-15 14:36:44,2026-07-15 14:36:44,SYSTEM_SEED,SYSTEM_SEED
VIC-00214,Bhagyalakshmi Bhat,75,66-80,FEMALE,42963000000035031,2026-07-15 14:36:44,2026-07-15 14:36:44,SYSTEM_SEED,SYSTEM_SEED
VIC-00215,Aachal Handa,46,46-55,FEMALE,42963000000035023,2026-07-15 14:36:44,2026-07-15 14:36:44,SYSTEM_SEED,SYSTEM_SEED
VIC-00216,Shivani Swaminathan,49,46-55,FEMALE,42963000000035024,2026-07-15 14:36:44,2026-07-15 14:36:44,SYSTEM_SEED,SYSTEM_SEED
VIC-00217,Lokesh Hegde,64,56-65,MALE,42963000000035024,2026-07-15 14:36:44,2026-07-15 14:36:44,SYSTEM_SEED,SYSTEM_SEED
VIC-00218,Lila Manne,33,26-35,FEMALE,42963000000035035,2026-07-15 14:36:44,2026-07-15 14:36:44,SYSTEM_SEED,SYSTEM_SEED
VIC-00219,Jayamma Devadiga,49,46-55,FEMALE,42963000000035019,2026-07-15 14:36:44,2026-07-15 14:36:44,SYSTEM_SEED,SYSTEM_SEED
VIC-00220,Meghana Devi,41,36-45,FEMALE,42963000000035031,2026-07-15 14:36:44,2026-07-15 14:36:44,SYSTEM_SEED,SYSTEM_SEED
VIC-00221,Lakshmamma Kulkarni,6,Under 18,FEMALE,42963000000035024,2026-07-15 14:36:44,2026-07-15 14:36:44,SYSTEM_SEED,SYSTEM_SEED
VIC-00222,Mahadevi Poojary,57,56-65,FEMALE,42963000000035019,2026-07-15 14:36:44,2026-07-15 14:36:44,SYSTEM_SEED,SYSTEM_SEED
VIC-00223,Channabasappa Shetty,77,66-80,MALE,42963000000035015,2026-07-15 14:36:44,2026-07-15 14:36:44,SYSTEM_SEED,SYSTEM_SEED
VIC-00224,Vedhika Lad,11,Under 18,FEMALE,42963000000035017,2026-07-15 14:36:44,2026-07-15 14:36:44,SYSTEM_SEED,SYSTEM_SEED
VIC-00225,Kaveri Reddy,9,Under 18,FEMALE,42963000000035012,2026-07-15 14:36:44,2026-07-15 14:36:44,SYSTEM_SEED,SYSTEM_SEED
VIC-00226,Chanakya Taneja,57,56-65,MALE,42963000000035022,2026-07-15 14:36:44,2026-07-15 14:36:44,SYSTEM_SEED,SYSTEM_SEED
VIC-00227,Meghana Balay,71,66-80,FEMALE,42963000000035013,2026-07-15 14:36:44,2026-07-15 14:36:44,SYSTEM_SEED,SYSTEM_SEED
VIC-00228,Veeranna Achar,50,46-55,MALE,42963000000035018,2026-07-15 14:36:44,2026-07-15 14:36:44,SYSTEM_SEED,SYSTEM_SEED
VIC-00229,Pallavi Gaba,51,46-55,FEMALE,42963000000035030,2026-07-15 14:36:44,2026-07-15 14:36:44,SYSTEM_SEED,SYSTEM_SEED
VIC-00230,Ravindranath Shetty,12,Under 18,MALE,42963000000035016,2026-07-15 14:36:44,2026-07-15 14:36:44,SYSTEM_SEED,SYSTEM_SEED
VIC-00231,Thimmakka Reddy,2,Under 18,FEMALE,42963000000035014,2026-07-15 14:36:44,2026-07-15 14:36:44,SYSTEM_SEED,SYSTEM_SEED
VIC-00232,Varsha Parmer,59,56-65,FEMALE,42963000000035028,2026-07-15 14:36:44,2026-07-15 14:36:44,SYSTEM_SEED,SYSTEM_SEED
VIC-00233,Nandini Rattan,74,66-80,FEMALE,42963000000035035,2026-07-15 14:36:44,2026-07-15 14:36:44,SYSTEM_SEED,SYSTEM_SEED
VIC-00234,Jacob More,66,66-80,MALE,42963000000035014,2026-07-15 14:36:44,2026-07-15 14:36:44,SYSTEM_SEED,SYSTEM_SEED
VIC-00235,Chandrashekar Devadiga,31,26-35,MALE,42963000000035022,2026-07-15 14:36:44,2026-07-15 14:36:44,SYSTEM_SEED,SYSTEM_SEED
VIC-00236,Henry Khosla,59,56-65,MALE,42963000000035012,2026-07-15 14:36:44,2026-07-15 14:36:44,SYSTEM_SEED,SYSTEM_SEED
VIC-00237,Falguni Dubey,28,26-35,FEMALE,42963000000035030,2026-07-15 14:36:44,2026-07-15 14:36:44,SYSTEM_SEED,SYSTEM_SEED
VIC-00238,Balveer Bhargava,39,36-45,MALE,42963000000035028,2026-07-15 14:36:44,2026-07-15 14:36:44,SYSTEM_SEED,SYSTEM_SEED
VIC-00239,Gopalakrishna Devadiga,4,Under 18,MALE,42963000000035024,2026-07-15 14:36:44,2026-07-15 14:36:44,SYSTEM_SEED,SYSTEM_SEED
VIC-00240,Falak Chokshi,13,Under 18,FEMALE,42963000000035027,2026-07-15 14:36:44,2026-07-15 14:36:44,SYSTEM_SEED,SYSTEM_SEED
VIC-00241,Gopalakrishna Shetty,4,Under 18,MALE,42963000000035019,2026-07-15 14:36:44,2026-07-15 14:36:44,SYSTEM_SEED,SYSTEM_SEED
VIC-00242,Yashodamma Reddy,36,36-45,FEMALE,42963000000035020,2026-07-15 14:36:44,2026-07-15 14:36:44,SYSTEM_SEED,SYSTEM_SEED
VIC-00243,Thimmaiah Shetty,57,56-65,MALE,42963000000035019,2026-07-15 14:36:44,2026-07-15 14:36:44,SYSTEM_SEED,SYSTEM_SEED
VIC-00244,Kaveri Poojary,72,66-80,FEMALE,42963000000035033,2026-07-15 14:36:44,2026-07-15 14:36:44,SYSTEM_SEED,SYSTEM_SEED
VIC-00245,Edhitha Dixit,72,66-80,FEMALE,42963000000035042,2026-07-15 14:36:44,2026-07-15 14:36:44,SYSTEM_SEED,SYSTEM_SEED
VIC-00246,Basavaraj Setty,3,Under 18,MALE,42963000000035035,2026-07-15 14:36:44,2026-07-15 14:36:44,SYSTEM_SEED,SYSTEM_SEED
VIC-00247,Ravindranath Rai,7,Under 18,MALE,42963000000035021,2026-07-15 14:36:44,2026-07-15 14:36:44,SYSTEM_SEED,SYSTEM_SEED
VIC-00248,Lohit Natarajan,27,26-35,MALE,42963000000035033,2026-07-15 14:36:44,2026-07-15 14:36:44,SYSTEM_SEED,SYSTEM_SEED
VIC-00249,Sujathamma Poojary,78,66-80,FEMALE,42963000000035024,2026-07-15 14:36:44,2026-07-15 14:36:44,SYSTEM_SEED,SYSTEM_SEED
VIC-00250,Kashvi Subramaniam,72,66-80,FEMALE,42963000000035037,2026-07-15 14:36:44,2026-07-15 14:36:44,SYSTEM_SEED,SYSTEM_SEED
VIC-00251,Tara Das,19,18-25,FEMALE,42963000000035019,2026-07-15 14:36:44,2026-07-15 14:36:44,SYSTEM_SEED,SYSTEM_SEED
VIC-00252,Henry Solanki,19,18-25,MALE,42963000000035040,2026-07-15 14:36:44,2026-07-15 14:36:44,SYSTEM_SEED,SYSTEM_SEED
VIC-00253,Rajata Dugar,71,66-80,FEMALE,42963000000035035,2026-07-15 14:36:44,2026-07-15 14:36:44,SYSTEM_SEED,SYSTEM_SEED
VIC-00254,Gopal Pai,31,26-35,MALE,42963000000035036,2026-07-15 14:36:44,2026-07-15 14:36:44,SYSTEM_SEED,SYSTEM_SEED
VIC-00255,Gopalakrishna Poojary,49,46-55,MALE,42963000000035026,2026-07-15 14:36:44,2026-07-15 14:36:44,SYSTEM_SEED,SYSTEM_SEED
VIC-00256,Aryan Balay,35,26-35,MALE,42963000000035027,2026-07-15 14:36:44,2026-07-15 14:36:44,SYSTEM_SEED,SYSTEM_SEED
VIC-00257,Saumya Grover,61,56-65,FEMALE,42963000000035039,2026-07-15 14:36:44,2026-07-15 14:36:44,SYSTEM_SEED,SYSTEM_SEED
VIC-00258,Gangamma Devadiga,4,Under 18,FEMALE,42963000000035023,2026-07-15 14:36:44,2026-07-15 14:36:44,SYSTEM_SEED,SYSTEM_SEED
VIC-00259,Vedika Rao,29,26-35,FEMALE,42963000000035035,2026-07-15 14:36:44,2026-07-15 14:36:44,SYSTEM_SEED,SYSTEM_SEED
VIC-00260,Puttaswamy Gowda,15,Under 18,MALE,42963000000035038,2026-07-15 14:36:44,2026-07-15 14:36:44,SYSTEM_SEED,SYSTEM_SEED
VIC-00261,Umang Deol,50,46-55,MALE,42963000000035032,2026-07-15 14:36:44,2026-07-15 14:36:44,SYSTEM_SEED,SYSTEM_SEED
VIC-00262,Lakshmamma Kulkarni,47,46-55,FEMALE,42963000000035033,2026-07-15 14:36:44,2026-07-15 14:36:44,SYSTEM_SEED,SYSTEM_SEED
VIC-00263,Parvatamma Nayak,75,66-80,FEMALE,42963000000035026,2026-07-15 14:36:44,2026-07-15 14:36:44,SYSTEM_SEED,SYSTEM_SEED
VIC-00264,Udyati Murty,80,66-80,FEMALE,42963000000035030,2026-07-15 14:36:44,2026-07-15 14:36:44,SYSTEM_SEED,SYSTEM_SEED
VIC-00265,Jagadish Devadiga,29,26-35,MALE,42963000000035028,2026-07-15 14:36:44,2026-07-15 14:36:44,SYSTEM_SEED,SYSTEM_SEED
VIC-00266,Yashodamma Naik,12,Under 18,FEMALE,42963000000035033,2026-07-15 14:36:44,2026-07-15 14:36:44,SYSTEM_SEED,SYSTEM_SEED
VIC-00267,Channabasappa Naik,46,46-55,MALE,42963000000035021,2026-07-15 14:36:44,2026-07-15 14:36:44,SYSTEM_SEED,SYSTEM_SEED
VIC-00268,Gopalakrishna Setty,49,46-55,MALE,42963000000035042,2026-07-15 14:36:44,2026-07-15 14:36:44,SYSTEM_SEED,SYSTEM_SEED
VIC-00269,Puttaswamy Reddy,14,Under 18,MALE,42963000000035031,2026-07-15 14:36:44,2026-07-15 14:36:44,SYSTEM_SEED,SYSTEM_SEED
VIC-00270,Nagaveni Setty,9,Under 18,FEMALE,42963000000035023,2026-07-15 14:36:44,2026-07-15 14:36:44,SYSTEM_SEED,SYSTEM_SEED
VIC-00271,Gopalakrishna Kulkarni,32,26-35,MALE,42963000000035041,2026-07-15 14:36:44,2026-07-15 14:36:44,SYSTEM_SEED,SYSTEM_SEED
VIC-00272,Aarush Gala,29,26-35,MALE,42963000000035012,2026-07-15 14:36:44,2026-07-15 14:36:44,SYSTEM_SEED,SYSTEM_SEED
VIC-00273,Triya Chander,24,18-25,FEMALE,42963000000035025,2026-07-15 14:36:44,2026-07-15 14:36:44,SYSTEM_SEED,SYSTEM_SEED
VIC-00274,Oliver Divan,48,46-55,MALE,42963000000035036,2026-07-15 14:36:44,2026-07-15 14:36:44,SYSTEM_SEED,SYSTEM_SEED
VIC-00275,Lakshmamma Hegde,71,66-80,FEMALE,42963000000035037,2026-07-15 14:36:44,2026-07-15 14:36:44,SYSTEM_SEED,SYSTEM_SEED
VIC-00276,Ekiya Khatri,7,Under 18,FEMALE,42963000000035019,2026-07-15 14:36:44,2026-07-15 14:36:44,SYSTEM_SEED,SYSTEM_SEED
VIC-00277,Maya Jain,63,56-65,FEMALE,42963000000035031,2026-07-15 14:36:44,2026-07-15 14:36:44,SYSTEM_SEED,SYSTEM_SEED
VIC-00278,Turvi Barad,31,26-35,FEMALE,42963000000035029,2026-07-15 14:36:44,2026-07-15 14:36:44,SYSTEM_SEED,SYSTEM_SEED
VIC-00279,Jayamma Naik,46,46-55,FEMALE,42963000000035041,2026-07-15 14:36:44,2026-07-15 14:36:44,SYSTEM_SEED,SYSTEM_SEED
VIC-00280,Pranit Oza,9,Under 18,MALE,42963000000035033,2026-07-15 14:36:44,2026-07-15 14:36:44,SYSTEM_SEED,SYSTEM_SEED
VIC-00281,Om Agate,2,Under 18,MALE,42963000000035023,2026-07-15 14:36:44,2026-07-15 14:36:44,SYSTEM_SEED,SYSTEM_SEED
VIC-00282,Wyatt Thaker,50,46-55,MALE,42963000000035035,2026-07-15 14:36:44,2026-07-15 14:36:44,SYSTEM_SEED,SYSTEM_SEED
VIC-00283,Hitesh Divan,8,Under 18,MALE,42963000000035030,2026-07-15 14:36:44,2026-07-15 14:36:44,SYSTEM_SEED,SYSTEM_SEED
VIC-00284,Yashawini Mahal,19,18-25,FEMALE,42963000000035017,2026-07-15 14:36:44,2026-07-15 14:36:44,SYSTEM_SEED,SYSTEM_SEED
VIC-00285,Guneet Saran,80,66-80,MALE,42963000000035024,2026-07-15 14:36:44,2026-07-15 14:36:44,SYSTEM_SEED,SYSTEM_SEED
VIC-00286,Utkarsh Mannan,24,18-25,MALE,42963000000035021,2026-07-15 14:36:44,2026-07-15 14:36:44,SYSTEM_SEED,SYSTEM_SEED
VIC-00287,Anthony Mane,59,56-65,MALE,42963000000035024,2026-07-15 14:36:44,2026-07-15 14:36:44,SYSTEM_SEED,SYSTEM_SEED
VIC-00288,Aditya Reddy,18,18-25,MALE,42963000000035018,2026-07-15 14:36:44,2026-07-15 14:36:44,SYSTEM_SEED,SYSTEM_SEED
VIC-00289,Vasanthamma Naik,29,26-35,FEMALE,42963000000035031,2026-07-15 14:36:44,2026-07-15 14:36:44,SYSTEM_SEED,SYSTEM_SEED
VIC-00290,Channabasappa Poojary,51,46-55,MALE,42963000000035035,2026-07-15 14:36:44,2026-07-15 14:36:44,SYSTEM_SEED,SYSTEM_SEED
VIC-00291,Vritti Sahni,59,56-65,FEMALE,42963000000035028,2026-07-15 14:36:44,2026-07-15 14:36:44,SYSTEM_SEED,SYSTEM_SEED
VIC-00292,Girijamma Reddy,21,18-25,FEMALE,42963000000035040,2026-07-15 14:36:44,2026-07-15 14:36:44,SYSTEM_SEED,SYSTEM_SEED
VIC-00293,Kala Murty,32,26-35,FEMALE,42963000000035018,2026-07-15 14:36:44,2026-07-15 14:36:44,SYSTEM_SEED,SYSTEM_SEED
VIC-00294,Varenya Lanka,31,26-35,FEMALE,42963000000035034,2026-07-15 14:36:44,2026-07-15 14:36:44,SYSTEM_SEED,SYSTEM_SEED
VIC-00295,Anirudh Karnik,69,66-80,MALE,42963000000035024,2026-07-15 14:36:44,2026-07-15 14:36:44,SYSTEM_SEED,SYSTEM_SEED
VIC-00296,Shivakumar Shetty,14,Under 18,MALE,42963000000035014,2026-07-15 14:36:44,2026-07-15 14:36:44,SYSTEM_SEED,SYSTEM_SEED
VIC-00297,Sureshgowda Devadiga,3,Under 18,MALE,42963000000035029,2026-07-15 14:36:44,2026-07-15 14:36:44,SYSTEM_SEED,SYSTEM_SEED
VIC-00298,Siya Lanka,10,Under 18,FEMALE,42963000000035036,2026-07-15 14:36:44,2026-07-15 14:36:44,SYSTEM_SEED,SYSTEM_SEED
VIC-00299,Ishwar Baria,76,66-80,MALE,42963000000035031,2026-07-15 14:36:44,2026-07-15 14:36:44,SYSTEM_SEED,SYSTEM_SEED
VIC-00300,Umang Khare,49,46-55,MALE,42963000000035032,2026-07-15 14:36:44,2026-07-15 14:36:44,SYSTEM_SEED,SYSTEM_SEED
VIC-00301,Raghavendra Achar,67,66-80,MALE,42963000000035024,2026-07-15 14:36:44,2026-07-15 14:36:44,SYSTEM_SEED,SYSTEM_SEED
VIC-00302,Aarav Sani,12,Under 18,MALE,42963000000035032,2026-07-15 14:36:44,2026-07-15 14:36:44,SYSTEM_SEED,SYSTEM_SEED
VIC-00303,Baljiwan Mahal,34,26-35,MALE,42963000000035041,2026-07-15 14:36:44,2026-07-15 14:36:44,SYSTEM_SEED,SYSTEM_SEED
VIC-00304,Akkamahadevi Poojary,14,Under 18,FEMALE,42963000000035023,2026-07-15 14:36:44,2026-07-15 14:36:44,SYSTEM_SEED,SYSTEM_SEED
VIC-00305,Akkamahadevi Naik,18,18-25,FEMALE,42963000000035017,2026-07-15 14:36:44,2026-07-15 14:36:44,SYSTEM_SEED,SYSTEM_SEED
VIC-00306,Adweta Thaker,79,66-80,FEMALE,42963000000035021,2026-07-15 14:36:44,2026-07-15 14:36:44,SYSTEM_SEED,SYSTEM_SEED
VIC-00307,Atharv Taneja,29,26-35,MALE,42963000000035033,2026-07-15 14:36:44,2026-07-15 14:36:44,SYSTEM_SEED,SYSTEM_SEED
VIC-00308,Mitali D’Alia,45,36-45,FEMALE,42963000000035042,2026-07-15 14:36:44,2026-07-15 14:36:44,SYSTEM_SEED,SYSTEM_SEED
VIC-00309,Siddalingaiah Shetty,8,Under 18,MALE,42963000000035027,2026-07-15 14:36:44,2026-07-15 14:36:44,SYSTEM_SEED,SYSTEM_SEED
VIC-00310,Saumya Narasimhan,10,Under 18,FEMALE,42963000000035014,2026-07-15 14:36:44,2026-07-15 14:36:44,SYSTEM_SEED,SYSTEM_SEED
VIC-00311,Thimmakka Reddy,50,46-55,FEMALE,42963000000035041,2026-07-15 14:36:44,2026-07-15 14:36:44,SYSTEM_SEED,SYSTEM_SEED
VIC-00312,Irya Atwal,18,18-25,FEMALE,42963000000035041,2026-07-15 14:36:44,2026-07-15 14:36:44,SYSTEM_SEED,SYSTEM_SEED
VIC-00313,Raghavendra Bhat,59,56-65,MALE,42963000000035037,2026-07-15 14:36:44,2026-07-15 14:36:44,SYSTEM_SEED,SYSTEM_SEED
VIC-00314,Basavaraj Setty,37,36-45,MALE,42963000000035033,2026-07-15 14:36:44,2026-07-15 14:36:44,SYSTEM_SEED,SYSTEM_SEED
VIC-00315,Mahadevi Gowda,1,Under 18,FEMALE,42963000000035026,2026-07-15 14:36:44,2026-07-15 14:36:44,SYSTEM_SEED,SYSTEM_SEED
VIC-00316,Balveer Narasimhan,65,56-65,MALE,42963000000035032,2026-07-15 14:36:44,2026-07-15 14:36:44,SYSTEM_SEED,SYSTEM_SEED
VIC-00317,Kaveri Setty,71,66-80,FEMALE,42963000000035016,2026-07-15 14:36:44,2026-07-15 14:36:44,SYSTEM_SEED,SYSTEM_SEED
VIC-00318,Wakeeta Bail,14,Under 18,FEMALE,42963000000035013,2026-07-15 14:36:44,2026-07-15 14:36:44,SYSTEM_SEED,SYSTEM_SEED
VIC-00319,Siddalingaiah Poojary,66,66-80,MALE,42963000000035025,2026-07-15 14:36:44,2026-07-15 14:36:44,SYSTEM_SEED,SYSTEM_SEED
VIC-00320,Eiravati Kuruvilla,54,46-55,FEMALE,42963000000035042,2026-07-15 14:36:44,2026-07-15 14:36:44,SYSTEM_SEED,SYSTEM_SEED
VIC-00321,Chandrakala Achar,19,18-25,FEMALE,42963000000035016,2026-07-15 14:36:44,2026-07-15 14:36:44,SYSTEM_SEED,SYSTEM_SEED
VIC-00322,Sunandamma Shetty,57,56-65,FEMALE,42963000000035036,2026-07-15 14:36:44,2026-07-15 14:36:44,SYSTEM_SEED,SYSTEM_SEED
VIC-00323,Madhav Kurian,8,Under 18,MALE,42963000000035024,2026-07-15 14:36:44,2026-07-15 14:36:44,SYSTEM_SEED,SYSTEM_SEED
VIC-00324,Faris Sandhu,55,46-55,MALE,42963000000035033,2026-07-15 14:36:44,2026-07-15 14:36:44,SYSTEM_SEED,SYSTEM_SEED
VIC-00325,Chandrakala Nayak,41,36-45,FEMALE,42963000000035014,2026-07-15 14:36:44,2026-07-15 14:36:44,SYSTEM_SEED,SYSTEM_SEED
VIC-00326,Gautami Pathak,2,Under 18,FEMALE,42963000000035012,2026-07-15 14:36:44,2026-07-15 14:36:44,SYSTEM_SEED,SYSTEM_SEED
VIC-00327,Mitali More,4,Under 18,FEMALE,42963000000035025,2026-07-15 14:36:44,2026-07-15 14:36:44,SYSTEM_SEED,SYSTEM_SEED
VIC-00328,Balvan Dugal,32,26-35,MALE,42963000000035033,2026-07-15 14:36:44,2026-07-15 14:36:44,SYSTEM_SEED,SYSTEM_SEED
VIC-00329,Shivakumar Gowda,22,18-25,MALE,42963000000035017,2026-07-15 14:36:44,2026-07-15 14:36:44,SYSTEM_SEED,SYSTEM_SEED
VIC-00330,Jagadish Urs,57,56-65,MALE,42963000000035016,2026-07-15 14:36:44,2026-07-15 14:36:44,SYSTEM_SEED,SYSTEM_SEED
VIC-00331,Aarav Khatri,67,66-80,MALE,42963000000035018,2026-07-15 14:36:44,2026-07-15 14:36:44,SYSTEM_SEED,SYSTEM_SEED
VIC-00332,Sujathamma Rai,18,18-25,FEMALE,42963000000035038,2026-07-15 14:36:44,2026-07-15 14:36:44,SYSTEM_SEED,SYSTEM_SEED
VIC-00333,Lopa Gola,26,26-35,FEMALE,42963000000035027,2026-07-15 14:36:44,2026-07-15 14:36:44,SYSTEM_SEED,SYSTEM_SEED
VIC-00334,Upkaar Nazareth,18,18-25,MALE,42963000000035036,2026-07-15 14:36:44,2026-07-15 14:36:44,SYSTEM_SEED,SYSTEM_SEED
VIC-00335,Shanthakumari Kulkarni,14,Under 18,FEMALE,42963000000035037,2026-07-15 14:36:44,2026-07-15 14:36:44,SYSTEM_SEED,SYSTEM_SEED
VIC-00336,Yamini Warrior,54,46-55,FEMALE,42963000000035029,2026-07-15 14:36:44,2026-07-15 14:36:44,SYSTEM_SEED,SYSTEM_SEED
VIC-00337,Darsh Srivastava,39,36-45,MALE,42963000000035012,2026-07-15 14:36:44,2026-07-15 14:36:44,SYSTEM_SEED,SYSTEM_SEED
VIC-00338,Akkamahadevi Reddy,32,26-35,FEMALE,42963000000035022,2026-07-15 14:36:44,2026-07-15 14:36:44,SYSTEM_SEED,SYSTEM_SEED
VIC-00339,Chakrika Parekh,12,Under 18,FEMALE,42963000000035024,2026-07-15 14:36:44,2026-07-15 14:36:44,SYSTEM_SEED,SYSTEM_SEED
VIC-00340,Pushpalatha Bhat,0,Under 18,FEMALE,42963000000035013,2026-07-15 14:36:44,2026-07-15 14:36:44,SYSTEM_SEED,SYSTEM_SEED
VIC-00341,Patrick Goda,3,Under 18,MALE,42963000000035015,2026-07-15 14:36:44,2026-07-15 14:36:44,SYSTEM_SEED,SYSTEM_SEED
VIC-00342,Ijaya Krishna,38,36-45,FEMALE,42963000000035016,2026-07-15 14:36:44,2026-07-15 14:36:44,SYSTEM_SEED,SYSTEM_SEED
VIC-00343,Harish Rai,21,18-25,MALE,42963000000035025,2026-07-15 14:36:44,2026-07-15 14:36:44,SYSTEM_SEED,SYSTEM_SEED
VIC-00344,Caleb Bhatnagar,0,Under 18,MALE,42963000000035021,2026-07-15 14:36:44,2026-07-15 14:36:44,SYSTEM_SEED,SYSTEM_SEED
VIC-00345,Lakshmamma Hegde,52,46-55,FEMALE,42963000000035029,2026-07-15 14:36:44,2026-07-15 14:36:44,SYSTEM_SEED,SYSTEM_SEED
VIC-00346,Mahadevi Urs,42,36-45,FEMALE,42963000000035036,2026-07-15 14:36:44,2026-07-15 14:36:44,SYSTEM_SEED,SYSTEM_SEED
VIC-00347,Veeranna Poojary,20,18-25,MALE,42963000000035016,2026-07-15 14:36:44,2026-07-15 14:36:44,SYSTEM_SEED,SYSTEM_SEED
VIC-00348,Nagaveni Urs,58,56-65,FEMALE,42963000000035030,2026-07-15 14:36:44,2026-07-15 14:36:44,SYSTEM_SEED,SYSTEM_SEED
VIC-00349,Eta Oommen,7,Under 18,FEMALE,42963000000035041,2026-07-15 14:36:44,2026-07-15 14:36:44,SYSTEM_SEED,SYSTEM_SEED
VIC-00350,Yutika Warrior,51,46-55,FEMALE,42963000000035016,2026-07-15 14:36:44,2026-07-15 14:36:44,SYSTEM_SEED,SYSTEM_SEED
VIC-00351,Wriddhish Panchal,25,18-25,MALE,42963000000035028,2026-07-15 14:36:44,2026-07-15 14:36:44,SYSTEM_SEED,SYSTEM_SEED
VIC-00352,Panini Ramachandran,11,Under 18,FEMALE,42963000000035016,2026-07-15 14:36:44,2026-07-15 14:36:44,SYSTEM_SEED,SYSTEM_SEED
VIC-00353,Damini Vala,41,36-45,FEMALE,42963000000035021,2026-07-15 14:36:44,2026-07-15 14:36:44,SYSTEM_SEED,SYSTEM_SEED
VIC-00354,Hitesh Ganesh,59,56-65,MALE,42963000000035024,2026-07-15 14:36:44,2026-07-15 14:36:44,SYSTEM_SEED,SYSTEM_SEED
VIC-00355,Yashodamma Gowda,28,26-35,FEMALE,42963000000035014,2026-07-15 14:36:44,2026-07-15 14:36:44,SYSTEM_SEED,SYSTEM_SEED
VIC-00356,Warhi Bhavsar,30,26-35,FEMALE,42963000000035012,2026-07-15 14:36:44,2026-07-15 14:36:44,SYSTEM_SEED,SYSTEM_SEED
VIC-00357,Yug Shankar,68,66-80,MALE,42963000000035038,2026-07-15 14:36:44,2026-07-15 14:36:44,SYSTEM_SEED,SYSTEM_SEED
VIC-00358,Parvatamma Kulkarni,75,66-80,FEMALE,42963000000035024,2026-07-15 14:36:44,2026-07-15 14:36:44,SYSTEM_SEED,SYSTEM_SEED
VIC-00359,Puttaswamy Urs,16,Under 18,MALE,42963000000035016,2026-07-15 14:36:44,2026-07-15 14:36:44,SYSTEM_SEED,SYSTEM_SEED
VIC-00360,Oeshi Pillay,37,36-45,FEMALE,42963000000035031,2026-07-15 14:36:44,2026-07-15 14:36:44,SYSTEM_SEED,SYSTEM_SEED
VIC-00361,Anvi Bansal,23,18-25,FEMALE,42963000000035013,2026-07-15 14:36:44,2026-07-15 14:36:44,SYSTEM_SEED,SYSTEM_SEED
VIC-00362,Ijaya Aggarwal,56,56-65,FEMALE,42963000000035021,2026-07-15 14:36:44,2026-07-15 14:36:44,SYSTEM_SEED,SYSTEM_SEED
VIC-00363,Abhiram Pradhan,11,Under 18,MALE,42963000000035015,2026-07-15 14:36:44,2026-07-15 14:36:44,SYSTEM_SEED,SYSTEM_SEED
VIC-00364,Prakash Setty,75,66-80,MALE,42963000000035034,2026-07-15 14:36:44,2026-07-15 14:36:44,SYSTEM_SEED,SYSTEM_SEED
VIC-00365,Sarthak Amble,42,36-45,MALE,42963000000035024,2026-07-15 14:36:44,2026-07-15 14:36:44,SYSTEM_SEED,SYSTEM_SEED
VIC-00366,Ravindranath Gowda,32,26-35,MALE,42963000000035021,2026-07-15 14:36:44,2026-07-15 14:36:44,SYSTEM_SEED,SYSTEM_SEED
VIC-00367,Vedika Chada,70,66-80,FEMALE,42963000000035027,2026-07-15 14:36:44,2026-07-15 14:36:44,SYSTEM_SEED,SYSTEM_SEED
VIC-00368,Chanakya Verma,73,66-80,MALE,42963000000035024,2026-07-15 14:36:44,2026-07-15 14:36:44,SYSTEM_SEED,SYSTEM_SEED
VIC-00369,Lokesh Poojary,13,Under 18,MALE,42963000000035038,2026-07-15 14:36:44,2026-07-15 14:36:44,SYSTEM_SEED,SYSTEM_SEED
VIC-00370,Thimmakka Poojary,48,46-55,FEMALE,42963000000035033,2026-07-15 14:36:44,2026-07-15 14:36:44,SYSTEM_SEED,SYSTEM_SEED
VIC-00371,Thimmaiah Nayak,34,26-35,MALE,42963000000035024,2026-07-15 14:36:44,2026-07-15 14:36:44,SYSTEM_SEED,SYSTEM_SEED
VIC-00372,Sureshgowda Shetty,73,66-80,MALE,42963000000035038,2026-07-15 14:36:44,2026-07-15 14:36:44,SYSTEM_SEED,SYSTEM_SEED
VIC-00373,Ekansh Solanki,49,46-55,MALE,42963000000035039,2026-07-15 14:36:44,2026-07-15 14:36:44,SYSTEM_SEED,SYSTEM_SEED
VIC-00374,Panini Dar,73,66-80,FEMALE,42963000000035028,2026-07-15 14:36:44,2026-07-15 14:36:44,SYSTEM_SEED,SYSTEM_SEED
VIC-00375,Nathan Korpal,76,66-80,MALE,42963000000035016,2026-07-15 14:36:44,2026-07-15 14:36:44,SYSTEM_SEED,SYSTEM_SEED
VIC-00376,Simon Memon,42,36-45,MALE,42963000000035032,2026-07-15 14:36:44,2026-07-15 14:36:44,SYSTEM_SEED,SYSTEM_SEED
VIC-00377,Damyanti Bhakta,28,26-35,FEMALE,42963000000035017,2026-07-15 14:36:44,2026-07-15 14:36:44,SYSTEM_SEED,SYSTEM_SEED
VIC-00378,Ekapad Kuruvilla,66,66-80,MALE,42963000000035031,2026-07-15 14:36:44,2026-07-15 14:36:44,SYSTEM_SEED,SYSTEM_SEED
VIC-00379,Ganga Mand,71,66-80,FEMALE,42963000000035037,2026-07-15 14:36:44,2026-07-15 14:36:44,SYSTEM_SEED,SYSTEM_SEED
VIC-00380,Tripti Borde,13,Under 18,FEMALE,42963000000035026,2026-07-15 14:36:44,2026-07-15 14:36:44,SYSTEM_SEED,SYSTEM_SEED
VIC-00381,Yallappa Gowda,73,66-80,MALE,42963000000035024,2026-07-15 14:36:44,2026-07-15 14:36:44,SYSTEM_SEED,SYSTEM_SEED
VIC-00382,Bishakha Tara,0,Under 18,FEMALE,42963000000035024,2026-07-15 14:36:44,2026-07-15 14:36:44,SYSTEM_SEED,SYSTEM_SEED
VIC-00383,Netra Ray,78,66-80,FEMALE,42963000000035028,2026-07-15 14:36:44,2026-07-15 14:36:44,SYSTEM_SEED,SYSTEM_SEED
VIC-00384,Amara Mane,40,36-45,FEMALE,42963000000035024,2026-07-15 14:36:44,2026-07-15 14:36:44,SYSTEM_SEED,SYSTEM_SEED
VIC-00385,George Chander,39,36-45,MALE,42963000000035019,2026-07-15 14:36:44,2026-07-15 14:36:44,SYSTEM_SEED,SYSTEM_SEED
VIC-00386,Chandresh Patil,74,66-80,MALE,42963000000035039,2026-07-15 14:36:44,2026-07-15 14:36:44,SYSTEM_SEED,SYSTEM_SEED
VIC-00387,Mahadevi Shetty,17,Under 18,FEMALE,42963000000035022,2026-07-15 14:36:44,2026-07-15 14:36:44,SYSTEM_SEED,SYSTEM_SEED
VIC-00388,Champak Lalla,57,56-65,MALE,42963000000035036,2026-07-15 14:36:44,2026-07-15 14:36:44,SYSTEM_SEED,SYSTEM_SEED
VIC-00389,Yashodamma Nayak,3,Under 18,FEMALE,42963000000035040,2026-07-15 14:36:44,2026-07-15 14:36:44,SYSTEM_SEED,SYSTEM_SEED
VIC-00390,Nitara Dasgupta,65,56-65,FEMALE,42963000000035017,2026-07-15 14:36:44,2026-07-15 14:36:44,SYSTEM_SEED,SYSTEM_SEED
VIC-00391,Jagvi Brar,72,66-80,FEMALE,42963000000035033,2026-07-15 14:36:44,2026-07-15 14:36:44,SYSTEM_SEED,SYSTEM_SEED
VIC-00392,Arya Malhotra,73,66-80,FEMALE,42963000000035041,2026-07-15 14:36:44,2026-07-15 14:36:44,SYSTEM_SEED,SYSTEM_SEED
VIC-00393,Balveer Mishra,40,36-45,MALE,42963000000035024,2026-07-15 14:36:44,2026-07-15 14:36:44,SYSTEM_SEED,SYSTEM_SEED
VIC-00394,Thimmaiah Shetty,63,56-65,MALE,42963000000035021,2026-07-15 14:36:44,2026-07-15 14:36:44,SYSTEM_SEED,SYSTEM_SEED
VIC-00395,Chandresh Raval,27,26-35,MALE,42963000000035042,2026-07-15 14:36:44,2026-07-15 14:36:44,SYSTEM_SEED,SYSTEM_SEED
VIC-00396,Nimrat Salvi,26,26-35,FEMALE,42963000000035014,2026-07-15 14:36:44,2026-07-15 14:36:44,SYSTEM_SEED,SYSTEM_SEED
VIC-00397,Osha Luthra,12,Under 18,FEMALE,42963000000035035,2026-07-15 14:36:44,2026-07-15 14:36:44,SYSTEM_SEED,SYSTEM_SEED
VIC-00398,Basavaraj Nayak,49,46-55,MALE,42963000000035015,2026-07-15 14:36:44,2026-07-15 14:36:44,SYSTEM_SEED,SYSTEM_SEED
VIC-00399,Kariyappa Naik,80,66-80,MALE,42963000000035012,2026-07-15 14:36:44,2026-07-15 14:36:44,SYSTEM_SEED,SYSTEM_SEED
VIC-00400,Mahadevi Poojary,24,18-25,FEMALE,42963000000035017,2026-07-15 14:36:44,2026-07-15 14:36:44,SYSTEM_SEED,SYSTEM_SEED
VIC-00401,Vasanthamma Rai,52,46-55,FEMALE,42963000000035028,2026-07-15 14:36:44,2026-07-15 14:36:44,SYSTEM_SEED,SYSTEM_SEED
VIC-00402,Jagadish Kulkarni,5,Under 18,MALE,42963000000035033,2026-07-15 14:36:44,2026-07-15 14:36:44,SYSTEM_SEED,SYSTEM_SEED
VIC-00403,Ekapad Biswas,50,46-55,MALE,42963000000035021,2026-07-15 14:36:44,2026-07-15 14:36:44,SYSTEM_SEED,SYSTEM_SEED
VIC-00404,Aahana Chhabra,40,36-45,FEMALE,42963000000035032,2026-07-15 14:36:44,2026-07-15 14:36:44,SYSTEM_SEED,SYSTEM_SEED
VIC-00405,Chandrashekar Poojary,36,36-45,MALE,42963000000035029,2026-07-15 14:36:44,2026-07-15 14:36:44,SYSTEM_SEED,SYSTEM_SEED
VIC-00406,Sureshgowda Hegde,17,Under 18,MALE,42963000000035041,2026-07-15 14:36:44,2026-07-15 14:36:44,SYSTEM_SEED,SYSTEM_SEED
VIC-00407,Anvi Singh,37,36-45,FEMALE,42963000000035023,2026-07-15 14:36:44,2026-07-15 14:36:44,SYSTEM_SEED,SYSTEM_SEED
VIC-00408,Rathnamma Urs,74,66-80,FEMALE,42963000000035018,2026-07-15 14:36:44,2026-07-15 14:36:44,SYSTEM_SEED,SYSTEM_SEED
VIC-00409,Samaksh Chhabra,57,56-65,MALE,42963000000035042,2026-07-15 14:36:44,2026-07-15 14:36:44,SYSTEM_SEED,SYSTEM_SEED
VIC-00410,Nagaveni Hegde,19,18-25,FEMALE,42963000000035013,2026-07-15 14:36:44,2026-07-15 14:36:44,SYSTEM_SEED,SYSTEM_SEED
VIC-00411,Rathnamma Achar,24,18-25,FEMALE,42963000000035023,2026-07-15 14:36:44,2026-07-15 14:36:44,SYSTEM_SEED,SYSTEM_SEED
VIC-00412,Kaveri Hegde,35,26-35,FEMALE,42963000000035034,2026-07-15 14:36:44,2026-07-15 14:36:44,SYSTEM_SEED,SYSTEM_SEED
VIC-00413,Fariq Kota,70,66-80,MALE,42963000000035027,2026-07-15 14:36:44,2026-07-15 14:36:44,SYSTEM_SEED,SYSTEM_SEED
VIC-00414,Oliver Ganguly,18,18-25,MALE,42963000000035024,2026-07-15 14:36:44,2026-07-15 14:36:44,SYSTEM_SEED,SYSTEM_SEED
VIC-00415,Jayamma Naik,41,36-45,FEMALE,42963000000035013,2026-07-15 14:36:44,2026-07-15 14:36:44,SYSTEM_SEED,SYSTEM_SEED
VIC-00416,Charles Badal,19,18-25,MALE,42963000000035039,2026-07-15 14:36:44,2026-07-15 14:36:44,SYSTEM_SEED,SYSTEM_SEED
VIC-00417,Shanthakumari Bhat,80,66-80,FEMALE,42963000000035013,2026-07-15 14:36:44,2026-07-15 14:36:44,SYSTEM_SEED,SYSTEM_SEED
VIC-00418,Ikbal Date,45,36-45,MALE,42963000000035018,2026-07-15 14:36:44,2026-07-15 14:36:44,SYSTEM_SEED,SYSTEM_SEED
VIC-00419,Yashoda Khare,47,46-55,FEMALE,42963000000035022,2026-07-15 14:36:44,2026-07-15 14:36:44,SYSTEM_SEED,SYSTEM_SEED
VIC-00420,Pushpalatha Reddy,6,Under 18,FEMALE,42963000000035016,2026-07-15 14:36:44,2026-07-15 14:36:44,SYSTEM_SEED,SYSTEM_SEED
VIC-00421,Aahana Virk,0,Under 18,FEMALE,42963000000035024,2026-07-15 14:36:44,2026-07-15 14:36:44,SYSTEM_SEED,SYSTEM_SEED
VIC-00422,Ijaya Tailor,77,66-80,FEMALE,42963000000035034,2026-07-15 14:36:44,2026-07-15 14:36:44,SYSTEM_SEED,SYSTEM_SEED
VIC-00423,Ayushman Sani,27,26-35,MALE,42963000000035018,2026-07-15 14:36:44,2026-07-15 14:36:44,SYSTEM_SEED,SYSTEM_SEED
VIC-00424,Shivakumar Gowda,24,18-25,MALE,42963000000035027,2026-07-15 14:36:44,2026-07-15 14:36:44,SYSTEM_SEED,SYSTEM_SEED
VIC-00425,Rishi Hans,3,Under 18,MALE,42963000000035025,2026-07-15 14:36:44,2026-07-15 14:36:44,SYSTEM_SEED,SYSTEM_SEED
VIC-00426,Orinder Deshpande,48,46-55,MALE,42963000000035033,2026-07-15 14:36:44,2026-07-15 14:36:44,SYSTEM_SEED,SYSTEM_SEED
VIC-00427,Kariyappa Naik,54,46-55,MALE,42963000000035038,2026-07-15 14:36:44,2026-07-15 14:36:44,SYSTEM_SEED,SYSTEM_SEED
VIC-00428,Tripti Mani,7,Under 18,FEMALE,42963000000035027,2026-07-15 14:36:44,2026-07-15 14:36:44,SYSTEM_SEED,SYSTEM_SEED
VIC-00429,Kritika Dash,2,Under 18,FEMALE,42963000000035022,2026-07-15 14:36:44,2026-07-15 14:36:44,SYSTEM_SEED,SYSTEM_SEED
VIC-00430,Chandrakala Rai,4,Under 18,FEMALE,42963000000035023,2026-07-15 14:36:44,2026-07-15 14:36:44,SYSTEM_SEED,SYSTEM_SEED
VIC-00431,Lokesh Shetty,13,Under 18,MALE,42963000000035016,2026-07-15 14:36:44,2026-07-15 14:36:44,SYSTEM_SEED,SYSTEM_SEED
VIC-00432,Lakshmi Tank,39,36-45,FEMALE,42963000000035029,2026-07-15 14:36:44,2026-07-15 14:36:44,SYSTEM_SEED,SYSTEM_SEED
VIC-00433,Gopalakrishna Bhat,60,56-65,MALE,42963000000035038,2026-07-15 14:36:44,2026-07-15 14:36:44,SYSTEM_SEED,SYSTEM_SEED
VIC-00434,Dakshesh Ravi,24,18-25,MALE,42963000000035032,2026-07-15 14:36:44,2026-07-15 14:36:44,SYSTEM_SEED,SYSTEM_SEED
VIC-00435,Jonathan Dave,9,Under 18,MALE,42963000000035033,2026-07-15 14:36:44,2026-07-15 14:36:44,SYSTEM_SEED,SYSTEM_SEED
VIC-00436,Puttaswamy Poojary,48,46-55,MALE,42963000000035034,2026-07-15 14:36:44,2026-07-15 14:36:44,SYSTEM_SEED,SYSTEM_SEED
VIC-00437,Shivakumar Gowda,3,Under 18,MALE,42963000000035024,2026-07-15 14:36:44,2026-07-15 14:36:44,SYSTEM_SEED,SYSTEM_SEED
VIC-00438,Darpan Kothari,7,Under 18,MALE,42963000000035038,2026-07-15 14:36:44,2026-07-15 14:36:44,SYSTEM_SEED,SYSTEM_SEED
VIC-00439,Anusha Kashyap,65,56-65,FEMALE,42963000000035018,2026-07-15 14:36:44,2026-07-15 14:36:44,SYSTEM_SEED,SYSTEM_SEED
VIC-00440,Channabasappa Bhat,35,26-35,MALE,42963000000035016,2026-07-15 14:36:44,2026-07-15 14:36:44,SYSTEM_SEED,SYSTEM_SEED
VIC-00441,Aradhana Bora,41,36-45,FEMALE,42963000000035024,2026-07-15 14:36:44,2026-07-15 14:36:44,SYSTEM_SEED,SYSTEM_SEED
VIC-00442,Ekalinga Kamdar,70,66-80,MALE,42963000000035040,2026-07-15 14:36:44,2026-07-15 14:36:44,SYSTEM_SEED,SYSTEM_SEED
VIC-00443,Daksh Agate,19,18-25,MALE,42963000000035016,2026-07-15 14:36:44,2026-07-15 14:36:44,SYSTEM_SEED,SYSTEM_SEED
VIC-00444,Christopher Atwal,21,18-25,MALE,42963000000035023,2026-07-15 14:36:44,2026-07-15 14:36:44,SYSTEM_SEED,SYSTEM_SEED
VIC-00445,Yashodamma Rai,33,26-35,FEMALE,42963000000035023,2026-07-15 14:36:44,2026-07-15 14:36:44,SYSTEM_SEED,SYSTEM_SEED
VIC-00446,Damyanti Om,17,Under 18,FEMALE,42963000000035033,2026-07-15 14:36:44,2026-07-15 14:36:44,SYSTEM_SEED,SYSTEM_SEED
VIC-00447,Vansha Dhawan,1,Under 18,FEMALE,42963000000035036,2026-07-15 14:36:44,2026-07-15 14:36:44,SYSTEM_SEED,SYSTEM_SEED
VIC-00448,Diya Pillay,2,Under 18,FEMALE,42963000000035030,2026-07-15 14:36:44,2026-07-15 14:36:44,SYSTEM_SEED,SYSTEM_SEED
VIC-00449,Sujathamma Poojary,80,66-80,FEMALE,42963000000035018,2026-07-15 14:36:44,2026-07-15 14:36:44,SYSTEM_SEED,SYSTEM_SEED
VIC-00450,Tripti Radhakrishnan,57,56-65,FEMALE,42963000000035026,2026-07-15 14:36:44,2026-07-15 14:36:44,SYSTEM_SEED,SYSTEM_SEED
VIC-00451,Akkamahadevi Setty,70,66-80,FEMALE,42963000000035039,2026-07-15 14:36:44,2026-07-15 14:36:44,SYSTEM_SEED,SYSTEM_SEED
VIC-00452,Vamakshi Jaggi,77,66-80,FEMALE,42963000000035019,2026-07-15 14:36:44,2026-07-15 14:36:44,SYSTEM_SEED,SYSTEM_SEED
VIC-00453,Harshil Ramachandran,58,56-65,MALE,42963000000035033,2026-07-15 14:36:44,2026-07-15 14:36:44,SYSTEM_SEED,SYSTEM_SEED
VIC-00454,Ijaya Kibe,11,Under 18,FEMALE,42963000000035016,2026-07-15 14:36:44,2026-07-15 14:36:44,SYSTEM_SEED,SYSTEM_SEED
VIC-00455,Chandrashekar Setty,19,18-25,MALE,42963000000035026,2026-07-15 14:36:44,2026-07-15 14:36:44,SYSTEM_SEED,SYSTEM_SEED
VIC-00456,Yash Mahal,76,66-80,MALE,42963000000035016,2026-07-15 14:36:44,2026-07-15 14:36:44,SYSTEM_SEED,SYSTEM_SEED
VIC-00457,Sujathamma Gowda,9,Under 18,FEMALE,42963000000035033,2026-07-15 14:36:44,2026-07-15 14:36:44,SYSTEM_SEED,SYSTEM_SEED
VIC-00458,Thimmakka Reddy,0,Under 18,FEMALE,42963000000035022,2026-07-15 14:36:44,2026-07-15 14:36:44,SYSTEM_SEED,SYSTEM_SEED
VIC-00459,Arya Krishnan,4,Under 18,FEMALE,42963000000035022,2026-07-15 14:36:44,2026-07-15 14:36:44,SYSTEM_SEED,SYSTEM_SEED
VIC-00460,Tarak Sheth,1,Under 18,MALE,42963000000035034,2026-07-15 14:36:44,2026-07-15 14:36:44,SYSTEM_SEED,SYSTEM_SEED
VIC-00461,Bhavani Bhasin,51,46-55,FEMALE,42963000000035022,2026-07-15 14:36:44,2026-07-15 14:36:44,SYSTEM_SEED,SYSTEM_SEED
VIC-00462,Yallappa Bhat,73,66-80,MALE,42963000000035036,2026-07-15 14:36:44,2026-07-15 14:36:44,SYSTEM_SEED,SYSTEM_SEED
VIC-00463,Maanav Jani,24,18-25,MALE,42963000000035038,2026-07-15 14:36:44,2026-07-15 14:36:44,SYSTEM_SEED,SYSTEM_SEED
VIC-00464,Rathnamma Nayak,33,26-35,FEMALE,42963000000035016,2026-07-15 14:36:44,2026-07-15 14:36:44,SYSTEM_SEED,SYSTEM_SEED
VIC-00465,Dayamai Mani,34,26-35,FEMALE,42963000000035014,2026-07-15 14:36:44,2026-07-15 14:36:44,SYSTEM_SEED,SYSTEM_SEED
VIC-00466,Lucky Mammen,10,Under 18,MALE,42963000000035027,2026-07-15 14:36:44,2026-07-15 14:36:44,SYSTEM_SEED,SYSTEM_SEED
VIC-00467,Tanay Atwal,71,66-80,MALE,42963000000035032,2026-07-15 14:36:44,2026-07-15 14:36:44,SYSTEM_SEED,SYSTEM_SEED
VIC-00468,Bachittar Sha,0,Under 18,MALE,42963000000035040,2026-07-15 14:36:44,2026-07-15 14:36:44,SYSTEM_SEED,SYSTEM_SEED
VIC-00469,Nidra Kapur,65,56-65,FEMALE,42963000000035034,2026-07-15 14:36:44,2026-07-15 14:36:44,SYSTEM_SEED,SYSTEM_SEED
VIC-00470,Harish Majumdar,13,Under 18,MALE,42963000000035022,2026-07-15 14:36:44,2026-07-15 14:36:44,SYSTEM_SEED,SYSTEM_SEED
VIC-00471,Robert Madan,13,Under 18,MALE,42963000000035033,2026-07-15 14:36:44,2026-07-15 14:36:44,SYSTEM_SEED,SYSTEM_SEED
VIC-00472,Veeranna Achar,36,36-45,MALE,42963000000035014,2026-07-15 14:36:44,2026-07-15 14:36:44,SYSTEM_SEED,SYSTEM_SEED
VIC-00473,Wakeeta Kannan,47,46-55,FEMALE,42963000000035033,2026-07-15 14:36:44,2026-07-15 14:36:44,SYSTEM_SEED,SYSTEM_SEED
VIC-00474,Ekani Badal,19,18-25,FEMALE,42963000000035030,2026-07-15 14:36:44,2026-07-15 14:36:44,SYSTEM_SEED,SYSTEM_SEED
VIC-00475,Yallappa Gowda,6,Under 18,MALE,42963000000035021,2026-07-15 14:36:44,2026-07-15 14:36:44,SYSTEM_SEED,SYSTEM_SEED
VIC-00476,Xavier Rajagopalan,6,Under 18,MALE,42963000000035031,2026-07-15 14:36:44,2026-07-15 14:36:44,SYSTEM_SEED,SYSTEM_SEED
VIC-00477,Kaveri Gowda,63,56-65,FEMALE,42963000000035026,2026-07-15 14:36:44,2026-07-15 14:36:44,SYSTEM_SEED,SYSTEM_SEED
VIC-00478,Yashoda Dhillon,47,46-55,FEMALE,42963000000035013,2026-07-15 14:36:44,2026-07-15 14:36:44,SYSTEM_SEED,SYSTEM_SEED
VIC-00479,Krish Prabhakar,72,66-80,MALE,42963000000035024,2026-07-15 14:36:44,2026-07-15 14:36:44,SYSTEM_SEED,SYSTEM_SEED
VIC-00480,Kariyappa Achar,79,66-80,MALE,42963000000035016,2026-07-15 14:36:44,2026-07-15 14:36:44,SYSTEM_SEED,SYSTEM_SEED
VIC-00481,Sujathamma Nayak,60,56-65,FEMALE,42963000000035022,2026-07-15 14:36:44,2026-07-15 14:36:44,SYSTEM_SEED,SYSTEM_SEED
VIC-00482,Sujathamma Urs,42,36-45,FEMALE,42963000000035030,2026-07-15 14:36:44,2026-07-15 14:36:44,SYSTEM_SEED,SYSTEM_SEED
VIC-00483,Ravindranath Nayak,39,36-45,MALE,42963000000035018,2026-07-15 14:36:44,2026-07-15 14:36:44,SYSTEM_SEED,SYSTEM_SEED
VIC-00484,Chavvi Magar,78,66-80,FEMALE,42963000000035033,2026-07-15 14:36:44,2026-07-15 14:36:44,SYSTEM_SEED,SYSTEM_SEED
VIC-00485,Saksham Bahri,21,18-25,MALE,42963000000035014,2026-07-15 14:36:44,2026-07-15 14:36:44,SYSTEM_SEED,SYSTEM_SEED
VIC-00486,Chatresh Khurana,14,Under 18,MALE,42963000000035022,2026-07-15 14:36:44,2026-07-15 14:36:44,SYSTEM_SEED,SYSTEM_SEED
VIC-00487,Lakshmamma Poojary,5,Under 18,FEMALE,42963000000035040,2026-07-15 14:36:44,2026-07-15 14:36:44,SYSTEM_SEED,SYSTEM_SEED
VIC-00488,Jonathan Konda,58,56-65,MALE,42963000000035040,2026-07-15 14:36:44,2026-07-15 14:36:44,SYSTEM_SEED,SYSTEM_SEED
VIC-00489,Yadavi Wadhwa,54,46-55,FEMALE,42963000000035034,2026-07-15 14:36:44,2026-07-15 14:36:44,SYSTEM_SEED,SYSTEM_SEED
VIC-00490,Falan Bahri,77,66-80,MALE,42963000000035024,2026-07-15 14:36:44,2026-07-15 14:36:44,SYSTEM_SEED,SYSTEM_SEED
VIC-00491,Shaurya Om,48,46-55,MALE,42963000000035033,2026-07-15 14:36:44,2026-07-15 14:36:44,SYSTEM_SEED,SYSTEM_SEED
VIC-00492,Wridesh Hari,40,36-45,MALE,42963000000035022,2026-07-15 14:36:44,2026-07-15 14:36:44,SYSTEM_SEED,SYSTEM_SEED
VIC-00493,Chatura Mohan,58,56-65,MALE,42963000000035020,2026-07-15 14:36:44,2026-07-15 14:36:44,SYSTEM_SEED,SYSTEM_SEED
VIC-00494,Ladli Magar,66,66-80,FEMALE,42963000000035020,2026-07-15 14:36:44,2026-07-15 14:36:44,SYSTEM_SEED,SYSTEM_SEED
VIC-00495,Sai Parikh,10,Under 18,MALE,42963000000035019,2026-07-15 14:36:44,2026-07-15 14:36:44,SYSTEM_SEED,SYSTEM_SEED
VIC-00496,Sachi Sodhi,27,26-35,FEMALE,42963000000035041,2026-07-15 14:36:44,2026-07-15 14:36:44,SYSTEM_SEED,SYSTEM_SEED
VIC-00497,Jason Nair,21,18-25,MALE,42963000000035019,2026-07-15 14:36:44,2026-07-15 14:36:44,SYSTEM_SEED,SYSTEM_SEED
VIC-00498,Girijamma Achar,56,56-65,FEMALE,42963000000035018,2026-07-15 14:36:44,2026-07-15 14:36:44,SYSTEM_SEED,SYSTEM_SEED
VIC-00499,Manjunath Rai,71,66-80,MALE,42963000000035024,2026-07-15 14:36:44,2026-07-15 14:36:44,SYSTEM_SEED,SYSTEM_SEED
VIC-00500,Harish Hegde,18,18-25,MALE,42963000000035041,2026-07-15 14:36:44,2026-07-15 14:36:44,SYSTEM_SEED,SYSTEM_SEED
VIC-00501,Pahal Parikh,7,Under 18,FEMALE,42963000000035039,2026-07-15 14:36:44,2026-07-15 14:36:44,SYSTEM_SEED,SYSTEM_SEED
VIC-00502,Kavya Walia,9,Under 18,FEMALE,42963000000035041,2026-07-15 14:36:44,2026-07-15 14:36:44,SYSTEM_SEED,SYSTEM_SEED
VIC-00503,Xiti Kari,54,46-55,FEMALE,42963000000035038,2026-07-15 14:36:44,2026-07-15 14:36:44,SYSTEM_SEED,SYSTEM_SEED
VIC-00504,Adweta Bose,21,18-25,FEMALE,42963000000035014,2026-07-15 14:36:44,2026-07-15 14:36:44,SYSTEM_SEED,SYSTEM_SEED
VIC-00505,Siddalingaiah Urs,52,46-55,MALE,42963000000035016,2026-07-15 14:36:44,2026-07-15 14:36:44,SYSTEM_SEED,SYSTEM_SEED
VIC-00506,Ekapad Kashyap,25,18-25,MALE,42963000000035030,2026-07-15 14:36:44,2026-07-15 14:36:44,SYSTEM_SEED,SYSTEM_SEED
VIC-00507,Anthony Jayaraman,5,Under 18,MALE,42963000000035038,2026-07-15 14:36:44,2026-07-15 14:36:44,SYSTEM_SEED,SYSTEM_SEED
VIC-00508,Triveni Warrior,53,46-55,FEMALE,42963000000035019,2026-07-15 14:36:44,2026-07-15 14:36:44,SYSTEM_SEED,SYSTEM_SEED
VIC-00509,Puttaswamy Shetty,63,56-65,MALE,42963000000035031,2026-07-15 14:36:44,2026-07-15 14:36:44,SYSTEM_SEED,SYSTEM_SEED
VIC-00510,Dalaja Sastry,69,66-80,FEMALE,42963000000035035,2026-07-15 14:36:44,2026-07-15 14:36:44,SYSTEM_SEED,SYSTEM_SEED
VIC-00511,Indrajit Kala,70,66-80,MALE,42963000000035037,2026-07-15 14:36:44,2026-07-15 14:36:44,SYSTEM_SEED,SYSTEM_SEED
VIC-00512,Reva Chatterjee,36,36-45,FEMALE,42963000000035024,2026-07-15 14:36:44,2026-07-15 14:36:44,SYSTEM_SEED,SYSTEM_SEED
VIC-00513,Parvatamma Naik,69,66-80,FEMALE,42963000000035019,2026-07-15 14:36:44,2026-07-15 14:36:44,SYSTEM_SEED,SYSTEM_SEED
VIC-00514,Lavanya Apte,74,66-80,FEMALE,42963000000035018,2026-07-15 14:36:44,2026-07-15 14:36:44,SYSTEM_SEED,SYSTEM_SEED
VIC-00515,Dipta Mand,61,56-65,FEMALE,42963000000035033,2026-07-15 14:36:44,2026-07-15 14:36:44,SYSTEM_SEED,SYSTEM_SEED
VIC-00516,Kaveri Devadiga,23,18-25,FEMALE,42963000000035014,2026-07-15 14:36:44,2026-07-15 14:36:44,SYSTEM_SEED,SYSTEM_SEED
VIC-00517,Jayamma Achar,43,36-45,FEMALE,42963000000035026,2026-07-15 14:36:44,2026-07-15 14:36:44,SYSTEM_SEED,SYSTEM_SEED
VIC-00518,Jagrati Chander,23,18-25,FEMALE,42963000000035023,2026-07-15 14:36:44,2026-07-15 14:36:44,SYSTEM_SEED,SYSTEM_SEED
VIC-00519,Kashish Dani,64,56-65,FEMALE,42963000000035025,2026-07-15 14:36:44,2026-07-15 14:36:44,SYSTEM_SEED,SYSTEM_SEED
VIC-00520,Nagaveni Rai,69,66-80,FEMALE,42963000000035025,2026-07-15 14:36:44,2026-07-15 14:36:44,SYSTEM_SEED,SYSTEM_SEED
VIC-00521,Ladli Yadav,65,56-65,FEMALE,42963000000035018,2026-07-15 14:36:44,2026-07-15 14:36:44,SYSTEM_SEED,SYSTEM_SEED
VIC-00522,Channabasappa Naik,8,Under 18,MALE,42963000000035018,2026-07-15 14:36:44,2026-07-15 14:36:44,SYSTEM_SEED,SYSTEM_SEED
VIC-00523,Anthony Soni,74,66-80,MALE,42963000000035042,2026-07-15 14:36:44,2026-07-15 14:36:44,SYSTEM_SEED,SYSTEM_SEED
VIC-00524,Sujathamma Rai,0,Under 18,FEMALE,42963000000035032,2026-07-15 14:36:44,2026-07-15 14:36:44,SYSTEM_SEED,SYSTEM_SEED
VIC-00525,Manjunath Bhat,8,Under 18,MALE,42963000000035042,2026-07-15 14:36:44,2026-07-15 14:36:44,SYSTEM_SEED,SYSTEM_SEED
VIC-00526,Fiyaz Ahuja,77,66-80,MALE,42963000000035013,2026-07-15 14:36:44,2026-07-15 14:36:44,SYSTEM_SEED,SYSTEM_SEED
VIC-00527,Janaki Sabharwal,67,66-80,FEMALE,42963000000035020,2026-07-15 14:36:44,2026-07-15 14:36:44,SYSTEM_SEED,SYSTEM_SEED
VIC-00528,Daksha Chakrabarti,31,26-35,FEMALE,42963000000035023,2026-07-15 14:36:44,2026-07-15 14:36:44,SYSTEM_SEED,SYSTEM_SEED
VIC-00529,Maya Acharya,8,Under 18,FEMALE,42963000000035042,2026-07-15 14:36:44,2026-07-15 14:36:44,SYSTEM_SEED,SYSTEM_SEED
VIC-00530,Owen Parikh,51,46-55,MALE,42963000000035016,2026-07-15 14:36:44,2026-07-15 14:36:44,SYSTEM_SEED,SYSTEM_SEED
VIC-00531,Fitan Bala,30,26-35,MALE,42963000000035037,2026-07-15 14:36:44,2026-07-15 14:36:44,SYSTEM_SEED,SYSTEM_SEED
VIC-00532,Nagaveni Bhat,59,56-65,FEMALE,42963000000035013,2026-07-15 14:36:44,2026-07-15 14:36:44,SYSTEM_SEED,SYSTEM_SEED
VIC-00533,Chandrashekar Naik,3,Under 18,MALE,42963000000035037,2026-07-15 14:36:44,2026-07-15 14:36:44,SYSTEM_SEED,SYSTEM_SEED
VIC-00534,Bhagyalakshmi Poojary,16,Under 18,FEMALE,42963000000035024,2026-07-15 14:36:44,2026-07-15 14:36:44,SYSTEM_SEED,SYSTEM_SEED
VIC-00535,Advaith Maharaj,56,56-65,MALE,42963000000035041,2026-07-15 14:36:44,2026-07-15 14:36:44,SYSTEM_SEED,SYSTEM_SEED
VIC-00536,Harini Dugar,62,56-65,FEMALE,42963000000035014,2026-07-15 14:36:44,2026-07-15 14:36:44,SYSTEM_SEED,SYSTEM_SEED
VIC-00537,Aradhana Gola,20,18-25,FEMALE,42963000000035020,2026-07-15 14:36:44,2026-07-15 14:36:44,SYSTEM_SEED,SYSTEM_SEED
VIC-00538,Henry Hora,45,36-45,MALE,42963000000035023,2026-07-15 14:36:44,2026-07-15 14:36:44,SYSTEM_SEED,SYSTEM_SEED
VIC-00539,Basavaraj Devadiga,13,Under 18,MALE,42963000000035016,2026-07-15 14:36:44,2026-07-15 14:36:44,SYSTEM_SEED,SYSTEM_SEED
VIC-00540,Neelima Sharma,69,66-80,FEMALE,42963000000035036,2026-07-15 14:36:44,2026-07-15 14:36:44,SYSTEM_SEED,SYSTEM_SEED
VIC-00541,Parvatamma Rai,6,Under 18,FEMALE,42963000000035039,2026-07-15 14:36:44,2026-07-15 14:36:44,SYSTEM_SEED,SYSTEM_SEED
VIC-00542,Varenya Kara,79,66-80,FEMALE,42963000000035037,2026-07-15 14:36:44,2026-07-15 14:36:44,SYSTEM_SEED,SYSTEM_SEED
VIC-00543,Parvatamma Hegde,48,46-55,FEMALE,42963000000035018,2026-07-15 14:36:44,2026-07-15 14:36:44,SYSTEM_SEED,SYSTEM_SEED
VIC-00544,Amol Dalal,66,66-80,MALE,42963000000035040,2026-07-15 14:36:44,2026-07-15 14:36:44,SYSTEM_SEED,SYSTEM_SEED
VIC-00545,Gopalakrishna Naik,70,66-80,MALE,42963000000035032,2026-07-15 14:36:44,2026-07-15 14:36:44,SYSTEM_SEED,SYSTEM_SEED
VIC-00546,Rajeshri Mistry,66,66-80,FEMALE,42963000000035033,2026-07-15 14:36:44,2026-07-15 14:36:44,SYSTEM_SEED,SYSTEM_SEED
VIC-00547,Ganga Bhatnagar,5,Under 18,FEMALE,42963000000035039,2026-07-15 14:36:44,2026-07-15 14:36:44,SYSTEM_SEED,SYSTEM_SEED
VIC-00548,Thimmakka Naik,78,66-80,FEMALE,42963000000035019,2026-07-15 14:36:44,2026-07-15 14:36:44,SYSTEM_SEED,SYSTEM_SEED
VIC-00549,Vritti Radhakrishnan,68,66-80,FEMALE,42963000000035042,2026-07-15 14:36:44,2026-07-15 14:36:44,SYSTEM_SEED,SYSTEM_SEED
VIC-00550,Manjunath Kulkarni,42,36-45,MALE,42963000000035016,2026-07-15 14:36:44,2026-07-15 14:36:44,SYSTEM_SEED,SYSTEM_SEED
VIC-00551,Kaveri Poojary,21,18-25,FEMALE,42963000000035035,2026-07-15 14:36:44,2026-07-15 14:36:44,SYSTEM_SEED,SYSTEM_SEED
VIC-00552,Frederick Prasad,20,18-25,MALE,42963000000035039,2026-07-15 14:36:44,2026-07-15 14:36:44,SYSTEM_SEED,SYSTEM_SEED
VIC-00553,Sujathamma Kulkarni,48,46-55,FEMALE,42963000000035025,2026-07-15 14:36:44,2026-07-15 14:36:44,SYSTEM_SEED,SYSTEM_SEED
VIC-00554,Gagan Salvi,61,56-65,MALE,42963000000035026,2026-07-15 14:36:44,2026-07-15 14:36:44,SYSTEM_SEED,SYSTEM_SEED
VIC-00555,Jayamma Bhat,69,66-80,FEMALE,42963000000035032,2026-07-15 14:36:44,2026-07-15 14:36:44,SYSTEM_SEED,SYSTEM_SEED
VIC-00556,Brijesh Dugar,59,56-65,MALE,42963000000035033,2026-07-15 14:36:44,2026-07-15 14:36:44,SYSTEM_SEED,SYSTEM_SEED
VIC-00557,Bina Dube,19,18-25,FEMALE,42963000000035012,2026-07-15 14:36:44,2026-07-15 14:36:44,SYSTEM_SEED,SYSTEM_SEED
VIC-00558,Darika Saran,28,26-35,FEMALE,42963000000035036,2026-07-15 14:36:44,2026-07-15 14:36:44,SYSTEM_SEED,SYSTEM_SEED
VIC-00559,Fiyaz Lata,0,Under 18,MALE,42963000000035022,2026-07-15 14:36:44,2026-07-15 14:36:44,SYSTEM_SEED,SYSTEM_SEED
VIC-00560,Varsha Dugar,34,26-35,FEMALE,42963000000035030,2026-07-15 14:36:44,2026-07-15 14:36:44,SYSTEM_SEED,SYSTEM_SEED
VIC-00561,Vanya Sandal,47,46-55,FEMALE,42963000000035024,2026-07-15 14:36:44,2026-07-15 14:36:44,SYSTEM_SEED,SYSTEM_SEED
VIC-00562,Tristan Mallick,22,18-25,MALE,42963000000035017,2026-07-15 14:36:44,2026-07-15 14:36:44,SYSTEM_SEED,SYSTEM_SEED
VIC-00563,Puttaswamy Poojary,57,56-65,MALE,42963000000035024,2026-07-15 14:36:44,2026-07-15 14:36:44,SYSTEM_SEED,SYSTEM_SEED
VIC-00564,Jayamma Setty,43,36-45,FEMALE,42963000000035025,2026-07-15 14:36:44,2026-07-15 14:36:44,SYSTEM_SEED,SYSTEM_SEED
VIC-00565,Raghavendra Kulkarni,59,56-65,MALE,42963000000035017,2026-07-15 14:36:44,2026-07-15 14:36:44,SYSTEM_SEED,SYSTEM_SEED
VIC-00566,Kariyappa Setty,57,56-65,MALE,42963000000035039,2026-07-15 14:36:44,2026-07-15 14:36:44,SYSTEM_SEED,SYSTEM_SEED
VIC-00567,Puttaswamy Shetty,32,26-35,MALE,42963000000035013,2026-07-15 14:36:44,2026-07-15 14:36:44,SYSTEM_SEED,SYSTEM_SEED
VIC-00568,Kalpit Kala,52,46-55,MALE,42963000000035025,2026-07-15 14:36:44,2026-07-15 14:36:44,SYSTEM_SEED,SYSTEM_SEED
VIC-00569,Indira Ravi,57,56-65,FEMALE,42963000000035038,2026-07-15 14:36:44,2026-07-15 14:36:44,SYSTEM_SEED,SYSTEM_SEED
VIC-00570,Riya Wason,37,36-45,FEMALE,42963000000035015,2026-07-15 14:36:44,2026-07-15 14:36:44,SYSTEM_SEED,SYSTEM_SEED
VIC-00571,Yallappa Reddy,71,66-80,MALE,42963000000035026,2026-07-15 14:36:44,2026-07-15 14:36:44,SYSTEM_SEED,SYSTEM_SEED
VIC-00572,Savitramma Kulkarni,36,36-45,FEMALE,42963000000035022,2026-07-15 14:36:44,2026-07-15 14:36:44,SYSTEM_SEED,SYSTEM_SEED
VIC-00573,Nagaraj Bhat,43,36-45,MALE,42963000000035022,2026-07-15 14:36:44,2026-07-15 14:36:44,SYSTEM_SEED,SYSTEM_SEED
VIC-00574,Chandani D’Alia,33,26-35,FEMALE,42963000000035033,2026-07-15 14:36:44,2026-07-15 14:36:44,SYSTEM_SEED,SYSTEM_SEED
VIC-00575,Avi Karpe,29,26-35,MALE,42963000000035017,2026-07-15 14:36:44,2026-07-15 14:36:44,SYSTEM_SEED,SYSTEM_SEED
VIC-00576,Channabasappa Rai,9,Under 18,MALE,42963000000035041,2026-07-15 14:36:44,2026-07-15 14:36:44,SYSTEM_SEED,SYSTEM_SEED
VIC-00577,Shanthakumari Naik,45,36-45,FEMALE,42963000000035026,2026-07-15 14:36:44,2026-07-15 14:36:44,SYSTEM_SEED,SYSTEM_SEED
VIC-00578,Wakeeta Rana,30,26-35,FEMALE,42963000000035031,2026-07-15 14:36:44,2026-07-15 14:36:44,SYSTEM_SEED,SYSTEM_SEED
VIC-00579,Avni Vasa,74,66-80,FEMALE,42963000000035036,2026-07-15 14:36:44,2026-07-15 14:36:44,SYSTEM_SEED,SYSTEM_SEED
VIC-00580,Kala Date,53,46-55,FEMALE,42963000000035019,2026-07-15 14:36:44,2026-07-15 14:36:44,SYSTEM_SEED,SYSTEM_SEED
VIC-00581,Jagadish Urs,71,66-80,MALE,42963000000035028,2026-07-15 14:36:44,2026-07-15 14:36:44,SYSTEM_SEED,SYSTEM_SEED
VIC-00582,Aryan Trivedi,6,Under 18,MALE,42963000000035018,2026-07-15 14:36:44,2026-07-15 14:36:44,SYSTEM_SEED,SYSTEM_SEED
VIC-00583,Jai Yohannan,3,Under 18,MALE,42963000000035032,2026-07-15 14:36:44,2026-07-15 14:36:44,SYSTEM_SEED,SYSTEM_SEED
VIC-00584,Mahadevi Poojary,64,56-65,FEMALE,42963000000035024,2026-07-15 14:36:44,2026-07-15 14:36:44,SYSTEM_SEED,SYSTEM_SEED
VIC-00585,Veeranna Setty,45,36-45,MALE,42963000000035023,2026-07-15 14:36:44,2026-07-15 14:36:44,SYSTEM_SEED,SYSTEM_SEED
VIC-00586,Omkaar Vohra,9,Under 18,MALE,42963000000035013,2026-07-15 14:36:44,2026-07-15 14:36:44,SYSTEM_SEED,SYSTEM_SEED
VIC-00587,Kai Lal,46,46-55,MALE,42963000000035035,2026-07-15 14:36:44,2026-07-15 14:36:44,SYSTEM_SEED,SYSTEM_SEED
VIC-00588,Sujathamma Devadiga,25,18-25,FEMALE,42963000000035021,2026-07-15 14:36:44,2026-07-15 14:36:44,SYSTEM_SEED,SYSTEM_SEED
VIC-00589,Pushpalatha Reddy,21,18-25,FEMALE,42963000000035025,2026-07-15 14:36:44,2026-07-15 14:36:44,SYSTEM_SEED,SYSTEM_SEED
VIC-00590,Ekanta Gokhale,46,46-55,FEMALE,42963000000035029,2026-07-15 14:36:44,2026-07-15 14:36:44,SYSTEM_SEED,SYSTEM_SEED
VIC-00591,Sunandamma Rai,74,66-80,FEMALE,42963000000035031,2026-07-15 14:36:44,2026-07-15 14:36:44,SYSTEM_SEED,SYSTEM_SEED
VIC-00592,Unni Swaminathan,72,66-80,FEMALE,42963000000035022,2026-07-15 14:36:44,2026-07-15 14:36:44,SYSTEM_SEED,SYSTEM_SEED
VIC-00593,Ekiya Kannan,3,Under 18,FEMALE,42963000000035038,2026-07-15 14:36:44,2026-07-15 14:36:44,SYSTEM_SEED,SYSTEM_SEED
VIC-00594,Chandrakala Devadiga,30,26-35,FEMALE,42963000000035032,2026-07-15 14:36:44,2026-07-15 14:36:44,SYSTEM_SEED,SYSTEM_SEED
VIC-00595,Yochana Divan,14,Under 18,FEMALE,42963000000035020,2026-07-15 14:36:44,2026-07-15 14:36:44,SYSTEM_SEED,SYSTEM_SEED
VIC-00596,Balendra Sami,36,36-45,MALE,42963000000035038,2026-07-15 14:36:44,2026-07-15 14:36:44,SYSTEM_SEED,SYSTEM_SEED
VIC-00597,Naveen Sharma,20,18-25,MALE,42963000000035032,2026-07-15 14:36:44,2026-07-15 14:36:44,SYSTEM_SEED,SYSTEM_SEED
VIC-00598,Lakshit Nazareth,46,46-55,MALE,42963000000035016,2026-07-15 14:36:44,2026-07-15 14:36:44,SYSTEM_SEED,SYSTEM_SEED
VIC-00599,Amol Apte,67,66-80,MALE,42963000000035030,2026-07-15 14:36:44,2026-07-15 14:36:44,SYSTEM_SEED,SYSTEM_SEED
VIC-00600,Chandrakala Achar,9,Under 18,FEMALE,42963000000035022,2026-07-15 14:36:44,2026-07-15 14:36:44,SYSTEM_SEED,SYSTEM_SEED
VIC-00601,Raghavendra Devadiga,80,66-80,MALE,42963000000035033,2026-07-15 14:36:44,2026-07-15 14:36:44,SYSTEM_SEED,SYSTEM_SEED
VIC-00602,Lakshmamma Gowda,37,36-45,FEMALE,42963000000035033,2026-07-15 14:36:44,2026-07-15 14:36:44,SYSTEM_SEED,SYSTEM_SEED
VIC-00603,Amaira Balasubramanian,17,Under 18,FEMALE,42963000000035024,2026-07-15 14:36:44,2026-07-15 14:36:44,SYSTEM_SEED,SYSTEM_SEED
VIC-00604,Neel Gala,33,26-35,MALE,42963000000035024,2026-07-15 14:36:44,2026-07-15 14:36:44,SYSTEM_SEED,SYSTEM_SEED
VIC-00605,Raghavendra Nayak,70,66-80,MALE,42963000000035016,2026-07-15 14:36:44,2026-07-15 14:36:44,SYSTEM_SEED,SYSTEM_SEED
VIC-00606,Benjamin Gupta,30,26-35,MALE,42963000000035016,2026-07-15 14:36:44,2026-07-15 14:36:44,SYSTEM_SEED,SYSTEM_SEED
VIC-00607,Kaveri Achar,36,36-45,FEMALE,42963000000035038,2026-07-15 14:36:44,2026-07-15 14:36:44,SYSTEM_SEED,SYSTEM_SEED
VIC-00608,Akkamahadevi Achar,25,18-25,FEMALE,42963000000035042,2026-07-15 14:36:44,2026-07-15 14:36:44,SYSTEM_SEED,SYSTEM_SEED
VIC-00609,Chandran Sarna,32,26-35,MALE,42963000000035015,2026-07-15 14:36:44,2026-07-15 14:36:44,SYSTEM_SEED,SYSTEM_SEED
VIC-00610,Yallappa Rai,4,Under 18,MALE,42963000000035022,2026-07-15 14:36:44,2026-07-15 14:36:44,SYSTEM_SEED,SYSTEM_SEED
VIC-00611,Sureshgowda Achar,74,66-80,MALE,42963000000035027,2026-07-15 14:36:44,2026-07-15 14:36:44,SYSTEM_SEED,SYSTEM_SEED
VIC-00612,Ayush Bal,32,26-35,MALE,42963000000035015,2026-07-15 14:36:44,2026-07-15 14:36:44,SYSTEM_SEED,SYSTEM_SEED
VIC-00613,Channabasappa Hegde,41,36-45,MALE,42963000000035020,2026-07-15 14:36:44,2026-07-15 14:36:44,SYSTEM_SEED,SYSTEM_SEED
VIC-00614,Qushi Munshi,14,Under 18,FEMALE,42963000000035017,2026-07-15 14:36:44,2026-07-15 14:36:44,SYSTEM_SEED,SYSTEM_SEED
VIC-00615,Deepa Thaman,29,26-35,FEMALE,42963000000035019,2026-07-15 14:36:44,2026-07-15 14:36:44,SYSTEM_SEED,SYSTEM_SEED
VIC-00616,Mugdha Lal,25,18-25,FEMALE,42963000000035017,2026-07-15 14:36:44,2026-07-15 14:36:44,SYSTEM_SEED,SYSTEM_SEED
VIC-00617,Sunandamma Poojary,59,56-65,FEMALE,42963000000035023,2026-07-15 14:36:44,2026-07-15 14:36:44,SYSTEM_SEED,SYSTEM_SEED
VIC-00618,Brijesh Divan,37,36-45,MALE,42963000000035035,2026-07-15 14:36:44,2026-07-15 14:36:44,SYSTEM_SEED,SYSTEM_SEED
VIC-00619,Maanas Swaminathan,19,18-25,MALE,42963000000035013,2026-07-15 14:36:44,2026-07-15 14:36:44,SYSTEM_SEED,SYSTEM_SEED
VIC-00620,Prakash Achar,26,26-35,MALE,42963000000035024,2026-07-15 14:36:44,2026-07-15 14:36:44,SYSTEM_SEED,SYSTEM_SEED
VIC-00621,Faqid Gill,39,36-45,MALE,42963000000035027,2026-07-15 14:36:44,2026-07-15 14:36:44,SYSTEM_SEED,SYSTEM_SEED
VIC-00622,Zashil Basak,77,66-80,MALE,42963000000035014,2026-07-15 14:36:44,2026-07-15 14:36:44,SYSTEM_SEED,SYSTEM_SEED
VIC-00623,Gangamma Kulkarni,52,46-55,FEMALE,42963000000035020,2026-07-15 14:36:44,2026-07-15 14:36:44,SYSTEM_SEED,SYSTEM_SEED
VIC-00624,Ranveer Singh,73,66-80,MALE,42963000000035015,2026-07-15 14:36:44,2026-07-15 14:36:44,SYSTEM_SEED,SYSTEM_SEED
VIC-00625,Veeranna Urs,8,Under 18,MALE,42963000000035031,2026-07-15 14:36:44,2026-07-15 14:36:44,SYSTEM_SEED,SYSTEM_SEED
VIC-00626,Shivakumar Kulkarni,26,26-35,MALE,42963000000035015,2026-07-15 14:36:44,2026-07-15 14:36:44,SYSTEM_SEED,SYSTEM_SEED
VIC-00627,Zehaan Saran,80,66-80,MALE,42963000000035022,2026-07-15 14:36:44,2026-07-15 14:36:44,SYSTEM_SEED,SYSTEM_SEED
VIC-00628,Lokesh Urs,8,Under 18,MALE,42963000000035039,2026-07-15 14:36:44,2026-07-15 14:36:44,SYSTEM_SEED,SYSTEM_SEED
VIC-00629,Agastya Basu,70,66-80,MALE,42963000000035039,2026-07-15 14:36:44,2026-07-15 14:36:44,SYSTEM_SEED,SYSTEM_SEED
VIC-00630,Pushpalatha Kulkarni,64,56-65,FEMALE,42963000000035034,2026-07-15 14:36:44,2026-07-15 14:36:44,SYSTEM_SEED,SYSTEM_SEED
VIC-00631,Aarav Lal,3,Under 18,MALE,42963000000035016,2026-07-15 14:36:44,2026-07-15 14:36:44,SYSTEM_SEED,SYSTEM_SEED
VIC-00632,Nagaraj Achar,2,Under 18,MALE,42963000000035033,2026-07-15 14:36:44,2026-07-15 14:36:44,SYSTEM_SEED,SYSTEM_SEED
VIC-00633,Thimmakka Devadiga,47,46-55,FEMALE,42963000000035023,2026-07-15 14:36:44,2026-07-15 14:36:44,SYSTEM_SEED,SYSTEM_SEED
VIC-00634,Saanvi Pai,50,46-55,FEMALE,42963000000035022,2026-07-15 14:36:44,2026-07-15 14:36:44,SYSTEM_SEED,SYSTEM_SEED
VIC-00635,Chandrakala Kulkarni,19,18-25,FEMALE,42963000000035022,2026-07-15 14:36:44,2026-07-15 14:36:44,SYSTEM_SEED,SYSTEM_SEED
VIC-00636,Basavaraj Kulkarni,48,46-55,MALE,42963000000035033,2026-07-15 14:36:44,2026-07-15 14:36:44,SYSTEM_SEED,SYSTEM_SEED
VIC-00637,Chandrashekar Rai,25,18-25,MALE,42963000000035031,2026-07-15 14:36:44,2026-07-15 14:36:44,SYSTEM_SEED,SYSTEM_SEED
VIC-00638,Chaitanya Pathak,56,56-65,MALE,42963000000035042,2026-07-15 14:36:44,2026-07-15 14:36:44,SYSTEM_SEED,SYSTEM_SEED
VIC-00639,Ravindranath Kulkarni,73,66-80,MALE,42963000000035029,2026-07-15 14:36:44,2026-07-15 14:36:44,SYSTEM_SEED,SYSTEM_SEED
VIC-00640,Zilmil Doctor,59,56-65,FEMALE,42963000000035012,2026-07-15 14:36:44,2026-07-15 14:36:44,SYSTEM_SEED,SYSTEM_SEED
VIC-00641,Girijamma Poojary,35,26-35,FEMALE,42963000000035022,2026-07-15 14:36:44,2026-07-15 14:36:44,SYSTEM_SEED,SYSTEM_SEED
VIC-00642,Siddalingaiah Gowda,17,Under 18,MALE,42963000000035042,2026-07-15 14:36:44,2026-07-15 14:36:44,SYSTEM_SEED,SYSTEM_SEED
VIC-00643,Saanvi Das,3,Under 18,FEMALE,42963000000035024,2026-07-15 14:36:44,2026-07-15 14:36:44,SYSTEM_SEED,SYSTEM_SEED
VIC-00644,Triveni Dixit,1,Under 18,FEMALE,42963000000035034,2026-07-15 14:36:44,2026-07-15 14:36:44,SYSTEM_SEED,SYSTEM_SEED
VIC-00645,Ishaan Nagy,8,Under 18,MALE,42963000000035019,2026-07-15 14:36:44,2026-07-15 14:36:44,SYSTEM_SEED,SYSTEM_SEED
VIC-00646,Basavaraj Setty,25,18-25,MALE,42963000000035018,2026-07-15 14:36:44,2026-07-15 14:36:44,SYSTEM_SEED,SYSTEM_SEED
VIC-00647,Vasanthamma Urs,51,46-55,FEMALE,42963000000035022,2026-07-15 14:36:44,2026-07-15 14:36:44,SYSTEM_SEED,SYSTEM_SEED
VIC-00648,Puttaswamy Achar,67,66-80,MALE,42963000000035026,2026-07-15 14:36:44,2026-07-15 14:36:44,SYSTEM_SEED,SYSTEM_SEED
VIC-00649,Thimmakka Kulkarni,0,Under 18,FEMALE,42963000000035036,2026-07-15 14:36:44,2026-07-15 14:36:44,SYSTEM_SEED,SYSTEM_SEED
VIC-00650,Aryan Pau,41,36-45,MALE,42963000000035039,2026-07-15 14:36:44,2026-07-15 14:36:44,SYSTEM_SEED,SYSTEM_SEED
VIC-00651,Gangamma Poojary,70,66-80,FEMALE,42963000000035040,2026-07-15 14:36:44,2026-07-15 14:36:44,SYSTEM_SEED,SYSTEM_SEED
VIC-00652,Harinakshi Prashad,79,66-80,FEMALE,42963000000035033,2026-07-15 14:36:44,2026-07-15 14:36:44,SYSTEM_SEED,SYSTEM_SEED
VIC-00653,Anmol Singhal,27,26-35,MALE,42963000000035039,2026-07-15 14:36:44,2026-07-15 14:36:44,SYSTEM_SEED,SYSTEM_SEED
VIC-00654,Samar Johal,30,26-35,MALE,42963000000035023,2026-07-15 14:36:44,2026-07-15 14:36:44,SYSTEM_SEED,SYSTEM_SEED
VIC-00655,Manjunath Bhat,62,56-65,MALE,42963000000035017,2026-07-15 14:36:44,2026-07-15 14:36:44,SYSTEM_SEED,SYSTEM_SEED
VIC-00656,Samesh Sharma,2,Under 18,MALE,42963000000035013,2026-07-15 14:36:44,2026-07-15 14:36:44,SYSTEM_SEED,SYSTEM_SEED
VIC-00657,Adweta Vora,56,56-65,FEMALE,42963000000035022,2026-07-15 14:36:44,2026-07-15 14:36:44,SYSTEM_SEED,SYSTEM_SEED
VIC-00658,Edhitha Bhattacharyya,35,26-35,FEMALE,42963000000035025,2026-07-15 14:36:44,2026-07-15 14:36:44,SYSTEM_SEED,SYSTEM_SEED
VIC-00659,Krish Batta,34,26-35,MALE,42963000000035015,2026-07-15 14:36:44,2026-07-15 14:36:44,SYSTEM_SEED,SYSTEM_SEED
VIC-00660,Sujathamma Rai,11,Under 18,FEMALE,42963000000035016,2026-07-15 14:36:44,2026-07-15 14:36:44,SYSTEM_SEED,SYSTEM_SEED
VIC-00661,Shivani Krishnan,44,36-45,FEMALE,42963000000035038,2026-07-15 14:36:44,2026-07-15 14:36:44,SYSTEM_SEED,SYSTEM_SEED
VIC-00662,Zarna Ahluwalia,4,Under 18,FEMALE,42963000000035016,2026-07-15 14:36:44,2026-07-15 14:36:44,SYSTEM_SEED,SYSTEM_SEED
VIC-00663,Kai Goel,0,Under 18,MALE,42963000000035025,2026-07-15 14:36:44,2026-07-15 14:36:44,SYSTEM_SEED,SYSTEM_SEED
VIC-00664,Kariyappa Bhat,34,26-35,MALE,42963000000035018,2026-07-15 14:36:44,2026-07-15 14:36:44,SYSTEM_SEED,SYSTEM_SEED
VIC-00665,Zaid Kothari,14,Under 18,MALE,42963000000035033,2026-07-15 14:36:44,2026-07-15 14:36:44,SYSTEM_SEED,SYSTEM_SEED
VIC-00666,Parvatamma Reddy,8,Under 18,FEMALE,42963000000035014,2026-07-15 14:36:44,2026-07-15 14:36:44,SYSTEM_SEED,SYSTEM_SEED
VIC-00667,Thimmakka Achar,3,Under 18,FEMALE,42963000000035037,2026-07-15 14:36:44,2026-07-15 14:36:44,SYSTEM_SEED,SYSTEM_SEED
VIC-00668,Ranbir Guha,21,18-25,MALE,42963000000035022,2026-07-15 14:36:44,2026-07-15 14:36:44,SYSTEM_SEED,SYSTEM_SEED
VIC-00669,Rathnamma Shetty,43,36-45,FEMALE,42963000000035022,2026-07-15 14:36:44,2026-07-15 14:36:44,SYSTEM_SEED,SYSTEM_SEED
VIC-00670,Nagaraj Kulkarni,22,18-25,MALE,42963000000035033,2026-07-15 14:36:44,2026-07-15 14:36:44,SYSTEM_SEED,SYSTEM_SEED
VIC-00671,Ryan Loyal,29,26-35,MALE,42963000000035024,2026-07-15 14:36:44,2026-07-15 14:36:44,SYSTEM_SEED,SYSTEM_SEED
VIC-00672,Garima Bhatti,3,Under 18,FEMALE,42963000000035017,2026-07-15 14:36:44,2026-07-15 14:36:44,SYSTEM_SEED,SYSTEM_SEED
VIC-00673,Sudiksha Merchant,40,36-45,FEMALE,42963000000035019,2026-07-15 14:36:44,2026-07-15 14:36:44,SYSTEM_SEED,SYSTEM_SEED
VIC-00674,Mahadevi Gowda,45,36-45,FEMALE,42963000000035031,2026-07-15 14:36:44,2026-07-15 14:36:44,SYSTEM_SEED,SYSTEM_SEED
VIC-00675,Yutika Mohanty,11,Under 18,FEMALE,42963000000035015,2026-07-15 14:36:44,2026-07-15 14:36:44,SYSTEM_SEED,SYSTEM_SEED
VIC-00676,Manthan Dutt,17,Under 18,MALE,42963000000035016,2026-07-15 14:36:44,2026-07-15 14:36:44,SYSTEM_SEED,SYSTEM_SEED
VIC-00677,Keya Saini,66,66-80,FEMALE,42963000000035022,2026-07-15 14:36:44,2026-07-15 14:36:44,SYSTEM_SEED,SYSTEM_SEED
VIC-00678,Raksha Wadhwa,16,Under 18,FEMALE,42963000000035032,2026-07-15 14:36:44,2026-07-15 14:36:44,SYSTEM_SEED,SYSTEM_SEED
VIC-00679,Hredhaan Chawla,26,26-35,MALE,42963000000035022,2026-07-15 14:36:44,2026-07-15 14:36:44,SYSTEM_SEED,SYSTEM_SEED
VIC-00680,Ladli Butala,7,Under 18,FEMALE,42963000000035040,2026-07-15 14:36:44,2026-07-15 14:36:44,SYSTEM_SEED,SYSTEM_SEED
VIC-00681,Channabasappa Achar,80,66-80,MALE,42963000000035024,2026-07-15 14:36:44,2026-07-15 14:36:44,SYSTEM_SEED,SYSTEM_SEED
VIC-00682,Gangamma Hegde,10,Under 18,FEMALE,42963000000035022,2026-07-15 14:36:44,2026-07-15 14:36:44,SYSTEM_SEED,SYSTEM_SEED
VIC-00683,Anusha Ramakrishnan,24,18-25,FEMALE,42963000000035023,2026-07-15 14:36:44,2026-07-15 14:36:44,SYSTEM_SEED,SYSTEM_SEED
VIC-00684,Saumya Dugar,2,Under 18,FEMALE,42963000000035018,2026-07-15 14:36:44,2026-07-15 14:36:44,SYSTEM_SEED,SYSTEM_SEED
VIC-00685,Ridhi Mannan,24,18-25,FEMALE,42963000000035037,2026-07-15 14:36:44,2026-07-15 14:36:44,SYSTEM_SEED,SYSTEM_SEED
VIC-00686,Sunandamma Achar,4,Under 18,FEMALE,42963000000035012,2026-07-15 14:36:44,2026-07-15 14:36:44,SYSTEM_SEED,SYSTEM_SEED
VIC-00687,Idika Rau,42,36-45,FEMALE,42963000000035033,2026-07-15 14:36:44,2026-07-15 14:36:44,SYSTEM_SEED,SYSTEM_SEED
VIC-00688,Qarin Oak,15,Under 18,MALE,42963000000035020,2026-07-15 14:36:44,2026-07-15 14:36:44,SYSTEM_SEED,SYSTEM_SEED
VIC-00689,Nandini Handa,45,36-45,FEMALE,42963000000035018,2026-07-15 14:36:44,2026-07-15 14:36:44,SYSTEM_SEED,SYSTEM_SEED
VIC-00690,Brijesh Singhal,42,36-45,MALE,42963000000035020,2026-07-15 14:36:44,2026-07-15 14:36:44,SYSTEM_SEED,SYSTEM_SEED
VIC-00691,Nikita Sabharwal,60,56-65,FEMALE,42963000000035036,2026-07-15 14:36:44,2026-07-15 14:36:44,SYSTEM_SEED,SYSTEM_SEED
VIC-00692,Maanav Varghese,16,Under 18,MALE,42963000000035024,2026-07-15 14:36:44,2026-07-15 14:36:44,SYSTEM_SEED,SYSTEM_SEED
VIC-00693,Isaiah Chopra,1,Under 18,MALE,42963000000035016,2026-07-15 14:36:44,2026-07-15 14:36:44,SYSTEM_SEED,SYSTEM_SEED
VIC-00694,Kavya Tella,57,56-65,FEMALE,42963000000035017,2026-07-15 14:36:44,2026-07-15 14:36:44,SYSTEM_SEED,SYSTEM_SEED
VIC-00695,Manya Narula,36,36-45,FEMALE,42963000000035032,2026-07-15 14:36:44,2026-07-15 14:36:44,SYSTEM_SEED,SYSTEM_SEED
VIC-00696,Viraj Bhatia,29,26-35,MALE,42963000000035021,2026-07-15 14:36:44,2026-07-15 14:36:44,SYSTEM_SEED,SYSTEM_SEED
VIC-00697,Anirudh Mann,27,26-35,MALE,42963000000035026,2026-07-15 14:36:44,2026-07-15 14:36:44,SYSTEM_SEED,SYSTEM_SEED
VIC-00698,Madhav Khare,65,56-65,MALE,42963000000035029,2026-07-15 14:36:44,2026-07-15 14:36:44,SYSTEM_SEED,SYSTEM_SEED
VIC-00699,Vasanthamma Hegde,5,Under 18,FEMALE,42963000000035014,2026-07-15 14:36:44,2026-07-15 14:36:44,SYSTEM_SEED,SYSTEM_SEED
VIC-00700,Janaki Joshi,16,Under 18,FEMALE,42963000000035032,2026-07-15 14:36:44,2026-07-15 14:36:44,SYSTEM_SEED,SYSTEM_SEED
VIC-00701,Gunbir Vora,43,36-45,MALE,42963000000035024,2026-07-15 14:36:44,2026-07-15 14:36:44,SYSTEM_SEED,SYSTEM_SEED
VIC-00702,Nisha Das,30,26-35,FEMALE,42963000000035013,2026-07-15 14:36:44,2026-07-15 14:36:44,SYSTEM_SEED,SYSTEM_SEED
VIC-00703,Parvatamma Naik,72,66-80,FEMALE,42963000000035020,2026-07-15 14:36:44,2026-07-15 14:36:44,SYSTEM_SEED,SYSTEM_SEED
VIC-00704,Raghavendra Setty,80,66-80,MALE,42963000000035033,2026-07-15 14:36:44,2026-07-15 14:36:44,SYSTEM_SEED,SYSTEM_SEED
VIC-00705,Indrajit Dhaliwal,19,18-25,MALE,42963000000035034,2026-07-15 14:36:44,2026-07-15 14:36:44,SYSTEM_SEED,SYSTEM_SEED
VIC-00706,Chandani Chandra,61,56-65,FEMALE,42963000000035016,2026-07-15 14:36:44,2026-07-15 14:36:44,SYSTEM_SEED,SYSTEM_SEED
VIC-00707,Viraj Dasgupta,51,46-55,MALE,42963000000035031,2026-07-15 14:36:44,2026-07-15 14:36:44,SYSTEM_SEED,SYSTEM_SEED
VIC-00708,Ira Khosla,6,Under 18,FEMALE,42963000000035039,2026-07-15 14:36:44,2026-07-15 14:36:44,SYSTEM_SEED,SYSTEM_SEED
VIC-00709,Ira Tailor,48,46-55,FEMALE,42963000000035019,2026-07-15 14:36:44,2026-07-15 14:36:44,SYSTEM_SEED,SYSTEM_SEED
VIC-00710,Veeranna Naik,60,56-65,MALE,42963000000035015,2026-07-15 14:36:44,2026-07-15 14:36:44,SYSTEM_SEED,SYSTEM_SEED
VIC-00711,Ekani Ravel,8,Under 18,FEMALE,42963000000035036,2026-07-15 14:36:44,2026-07-15 14:36:44,SYSTEM_SEED,SYSTEM_SEED
VIC-00712,Akkamahadevi Devadiga,66,66-80,FEMALE,42963000000035034,2026-07-15 14:36:44,2026-07-15 14:36:44,SYSTEM_SEED,SYSTEM_SEED
VIC-00713,Parvatamma Reddy,73,66-80,FEMALE,42963000000035016,2026-07-15 14:36:44,2026-07-15 14:36:44,SYSTEM_SEED,SYSTEM_SEED
VIC-00714,Isaiah Baral,32,26-35,MALE,42963000000035018,2026-07-15 14:36:44,2026-07-15 14:36:44,SYSTEM_SEED,SYSTEM_SEED
VIC-00715,Yallappa Devadiga,74,66-80,MALE,42963000000035037,2026-07-15 14:36:44,2026-07-15 14:36:44,SYSTEM_SEED,SYSTEM_SEED
VIC-00716,Anay Bose,46,46-55,MALE,42963000000035034,2026-07-15 14:36:44,2026-07-15 14:36:44,SYSTEM_SEED,SYSTEM_SEED
VIC-00717,Thimmakka Bhat,38,36-45,FEMALE,42963000000035037,2026-07-15 14:36:44,2026-07-15 14:36:44,SYSTEM_SEED,SYSTEM_SEED
VIC-00718,Sureshgowda Shetty,43,36-45,MALE,42963000000035041,2026-07-15 14:36:44,2026-07-15 14:36:44,SYSTEM_SEED,SYSTEM_SEED
VIC-00719,Yashawini Taneja,71,66-80,FEMALE,42963000000035031,2026-07-15 14:36:44,2026-07-15 14:36:44,SYSTEM_SEED,SYSTEM_SEED
VIC-00720,Robert Chandran,7,Under 18,MALE,42963000000035024,2026-07-15 14:36:44,2026-07-15 14:36:44,SYSTEM_SEED,SYSTEM_SEED
VIC-00721,Yamini Ray,43,36-45,FEMALE,42963000000035018,2026-07-15 14:36:44,2026-07-15 14:36:44,SYSTEM_SEED,SYSTEM_SEED
VIC-00722,Abdul Goyal,20,18-25,MALE,42963000000035015,2026-07-15 14:36:44,2026-07-15 14:36:44,SYSTEM_SEED,SYSTEM_SEED
VIC-00723,Amara Balan,20,18-25,FEMALE,42963000000035033,2026-07-15 14:36:44,2026-07-15 14:36:44,SYSTEM_SEED,SYSTEM_SEED
VIC-00724,Oviya Sachdeva,74,66-80,FEMALE,42963000000035014,2026-07-15 14:36:44,2026-07-15 14:36:44,SYSTEM_SEED,SYSTEM_SEED
VIC-00725,Devansh Viswanathan,52,46-55,MALE,42963000000035033,2026-07-15 14:36:44,2026-07-15 14:36:44,SYSTEM_SEED,SYSTEM_SEED
VIC-00726,Jason Purohit,46,46-55,MALE,42963000000035039,2026-07-15 14:36:44,2026-07-15 14:36:44,SYSTEM_SEED,SYSTEM_SEED
VIC-00727,Vrishti Tank,27,26-35,FEMALE,42963000000035036,2026-07-15 14:36:44,2026-07-15 14:36:44,SYSTEM_SEED,SYSTEM_SEED
VIC-00728,Lucky Dar,52,46-55,MALE,42963000000035020,2026-07-15 14:36:44,2026-07-15 14:36:44,SYSTEM_SEED,SYSTEM_SEED
VIC-00729,Aarav Kala,0,Under 18,MALE,42963000000035036,2026-07-15 14:36:44,2026-07-15 14:36:44,SYSTEM_SEED,SYSTEM_SEED
VIC-00730,Qarin Pal,60,56-65,MALE,42963000000035012,2026-07-15 14:36:44,2026-07-15 14:36:44,SYSTEM_SEED,SYSTEM_SEED
VIC-00731,Ayush Bose,31,26-35,MALE,42963000000035024,2026-07-15 14:36:44,2026-07-15 14:36:44,SYSTEM_SEED,SYSTEM_SEED
VIC-00732,Bimala Dasgupta,65,56-65,FEMALE,42963000000035033,2026-07-15 14:36:44,2026-07-15 14:36:44,SYSTEM_SEED,SYSTEM_SEED
VIC-00733,Sureshgowda Setty,55,46-55,MALE,42963000000035033,2026-07-15 14:36:44,2026-07-15 14:36:44,SYSTEM_SEED,SYSTEM_SEED
VIC-00734,Nagaraj Achar,4,Under 18,MALE,42963000000035027,2026-07-15 14:36:44,2026-07-15 14:36:44,SYSTEM_SEED,SYSTEM_SEED
VIC-00735,Darika Zacharia,19,18-25,FEMALE,42963000000035031,2026-07-15 14:36:44,2026-07-15 14:36:44,SYSTEM_SEED,SYSTEM_SEED
VIC-00736,Jeevika Kashyap,38,36-45,FEMALE,42963000000035026,2026-07-15 14:36:44,2026-07-15 14:36:44,SYSTEM_SEED,SYSTEM_SEED
VIC-00737,Sunandamma Setty,22,18-25,FEMALE,42963000000035029,2026-07-15 14:36:44,2026-07-15 14:36:44,SYSTEM_SEED,SYSTEM_SEED
VIC-00738,Zilmil Sood,36,36-45,FEMALE,42963000000035031,2026-07-15 14:36:44,2026-07-15 14:36:44,SYSTEM_SEED,SYSTEM_SEED
VIC-00739,Agastya Dewan,50,46-55,MALE,42963000000035021,2026-07-15 14:36:44,2026-07-15 14:36:44,SYSTEM_SEED,SYSTEM_SEED
VIC-00740,Girijamma Bhat,50,46-55,FEMALE,42963000000035022,2026-07-15 14:36:44,2026-07-15 14:36:44,SYSTEM_SEED,SYSTEM_SEED
VIC-00741,Indali Garde,20,18-25,FEMALE,42963000000035024,2026-07-15 14:36:44,2026-07-15 14:36:44,SYSTEM_SEED,SYSTEM_SEED
VIC-00742,Bhagyalakshmi Poojary,34,26-35,FEMALE,42963000000035024,2026-07-15 14:36:44,2026-07-15 14:36:44,SYSTEM_SEED,SYSTEM_SEED
VIC-00743,Hritik Tiwari,39,36-45,MALE,42963000000035022,2026-07-15 14:36:44,2026-07-15 14:36:44,SYSTEM_SEED,SYSTEM_SEED
VIC-00744,Manjunath Gowda,7,Under 18,MALE,42963000000035017,2026-07-15 14:36:44,2026-07-15 14:36:44,SYSTEM_SEED,SYSTEM_SEED
VIC-00745,Bina Khatri,27,26-35,FEMALE,42963000000035016,2026-07-15 14:36:44,2026-07-15 14:36:44,SYSTEM_SEED,SYSTEM_SEED
VIC-00746,Mahika Nayak,32,26-35,FEMALE,42963000000035022,2026-07-15 14:36:44,2026-07-15 14:36:44,SYSTEM_SEED,SYSTEM_SEED
VIC-00747,Shaurya Bose,28,26-35,MALE,42963000000035018,2026-07-15 14:36:44,2026-07-15 14:36:44,SYSTEM_SEED,SYSTEM_SEED
VIC-00748,Lakshmi Bansal,59,56-65,FEMALE,42963000000035033,2026-07-15 14:36:44,2026-07-15 14:36:44,SYSTEM_SEED,SYSTEM_SEED
VIC-00749,Shivakumar Bhat,5,Under 18,MALE,42963000000035033,2026-07-15 14:36:44,2026-07-15 14:36:44,SYSTEM_SEED,SYSTEM_SEED
VIC-00750,Ravindranath Urs,43,36-45,MALE,42963000000035016,2026-07-15 14:36:44,2026-07-15 14:36:44,SYSTEM_SEED,SYSTEM_SEED
VIC-00751,Veeranna Poojary,61,56-65,MALE,42963000000035022,2026-07-15 14:36:44,2026-07-15 14:36:44,SYSTEM_SEED,SYSTEM_SEED
VIC-00752,Raghavendra Kulkarni,61,56-65,MALE,42963000000035033,2026-07-15 14:36:44,2026-07-15 14:36:44,SYSTEM_SEED,SYSTEM_SEED
VIC-00753,Eiravati Venkatesh,26,26-35,FEMALE,42963000000035022,2026-07-15 14:36:44,2026-07-15 14:36:44,SYSTEM_SEED,SYSTEM_SEED
VIC-00754,Anvi Peri,26,26-35,FEMALE,42963000000035017,2026-07-15 14:36:44,2026-07-15 14:36:44,SYSTEM_SEED,SYSTEM_SEED
VIC-00755,Raghavendra Urs,27,26-35,MALE,42963000000035042,2026-07-15 14:36:44,2026-07-15 14:36:44,SYSTEM_SEED,SYSTEM_SEED
VIC-00756,Om Khanna,51,46-55,MALE,42963000000035016,2026-07-15 14:36:44,2026-07-15 14:36:44,SYSTEM_SEED,SYSTEM_SEED
VIC-00757,Yallappa Poojary,28,26-35,MALE,42963000000035024,2026-07-15 14:36:44,2026-07-15 14:36:44,SYSTEM_SEED,SYSTEM_SEED
VIC-00758,Rudra Sangha,13,Under 18,MALE,42963000000035013,2026-07-15 14:36:44,2026-07-15 14:36:44,SYSTEM_SEED,SYSTEM_SEED
VIC-00759,Lakshmamma Shetty,6,Under 18,FEMALE,42963000000035012,2026-07-15 14:36:44,2026-07-15 14:36:44,SYSTEM_SEED,SYSTEM_SEED
VIC-00760,Lakshmamma Poojary,4,Under 18,FEMALE,42963000000035017,2026-07-15 14:36:44,2026-07-15 14:36:44,SYSTEM_SEED,SYSTEM_SEED
VIC-00761,Arin Venkataraman,29,26-35,MALE,42963000000035038,2026-07-15 14:36:44,2026-07-15 14:36:44,SYSTEM_SEED,SYSTEM_SEED
VIC-00762,Dalbir Dave,80,66-80,MALE,42963000000035029,2026-07-15 14:36:44,2026-07-15 14:36:44,SYSTEM_SEED,SYSTEM_SEED
VIC-00763,Sureshgowda Bhat,46,46-55,MALE,42963000000035022,2026-07-15 14:36:44,2026-07-15 14:36:44,SYSTEM_SEED,SYSTEM_SEED
VIC-00764,Adya Basak,80,66-80,FEMALE,42963000000035039,2026-07-15 14:36:44,2026-07-15 14:36:44,SYSTEM_SEED,SYSTEM_SEED
VIC-00765,Baghyawati Venkatesh,56,56-65,FEMALE,42963000000035015,2026-07-15 14:36:44,2026-07-15 14:36:44,SYSTEM_SEED,SYSTEM_SEED
VIC-00766,Radha Ramakrishnan,14,Under 18,FEMALE,42963000000035024,2026-07-15 14:36:44,2026-07-15 14:36:44,SYSTEM_SEED,SYSTEM_SEED
VIC-00767,Rathnamma Shetty,49,46-55,FEMALE,42963000000035026,2026-07-15 14:36:44,2026-07-15 14:36:44,SYSTEM_SEED,SYSTEM_SEED
VIC-00768,Sureshgowda Nayak,38,36-45,MALE,42963000000035033,2026-07-15 14:36:44,2026-07-15 14:36:44,SYSTEM_SEED,SYSTEM_SEED
VIC-00769,Chanchal Bala,69,66-80,FEMALE,42963000000035034,2026-07-15 14:36:44,2026-07-15 14:36:44,SYSTEM_SEED,SYSTEM_SEED
VIC-00770,Jagadish Nayak,20,18-25,MALE,42963000000035024,2026-07-15 14:36:44,2026-07-15 14:36:44,SYSTEM_SEED,SYSTEM_SEED
VIC-00771,Ganga Shah,57,56-65,FEMALE,42963000000035017,2026-07-15 14:36:44,2026-07-15 14:36:44,SYSTEM_SEED,SYSTEM_SEED
VIC-00772,Oeshi Kala,46,46-55,FEMALE,42963000000035029,2026-07-15 14:36:44,2026-07-15 14:36:44,SYSTEM_SEED,SYSTEM_SEED
VIC-00773,Gagan Kamdar,16,Under 18,MALE,42963000000035025,2026-07-15 14:36:44,2026-07-15 14:36:44,SYSTEM_SEED,SYSTEM_SEED
VIC-00774,Panini Parekh,73,66-80,FEMALE,42963000000035013,2026-07-15 14:36:44,2026-07-15 14:36:44,SYSTEM_SEED,SYSTEM_SEED
VIC-00775,Tanveer Upadhyay,77,66-80,MALE,42963000000035024,2026-07-15 14:36:44,2026-07-15 14:36:44,SYSTEM_SEED,SYSTEM_SEED
VIC-00776,Harish Achar,10,Under 18,MALE,42963000000035032,2026-07-15 14:36:44,2026-07-15 14:36:44,SYSTEM_SEED,SYSTEM_SEED
VIC-00777,Urmi Chopra,65,56-65,FEMALE,42963000000035022,2026-07-15 14:36:44,2026-07-15 14:36:44,SYSTEM_SEED,SYSTEM_SEED
VIC-00778,Basavaraj Reddy,46,46-55,MALE,42963000000035034,2026-07-15 14:36:44,2026-07-15 14:36:44,SYSTEM_SEED,SYSTEM_SEED
VIC-00779,Watika Samra,55,46-55,FEMALE,42963000000035024,2026-07-15 14:36:44,2026-07-15 14:36:44,SYSTEM_SEED,SYSTEM_SEED
VIC-00780,Parvatamma Devadiga,4,Under 18,FEMALE,42963000000035022,2026-07-15 14:36:44,2026-07-15 14:36:44,SYSTEM_SEED,SYSTEM_SEED
VIC-00781,Jagrati Vohra,53,46-55,FEMALE,42963000000035024,2026-07-15 14:36:44,2026-07-15 14:36:44,SYSTEM_SEED,SYSTEM_SEED
VIC-00782,Vasanthamma Achar,73,66-80,FEMALE,42963000000035031,2026-07-15 14:36:44,2026-07-15 14:36:44,SYSTEM_SEED,SYSTEM_SEED
VIC-00783,Maanav Baria,45,36-45,MALE,42963000000035033,2026-07-15 14:36:44,2026-07-15 14:36:44,SYSTEM_SEED,SYSTEM_SEED
VIC-00784,Jayamma Kulkarni,0,Under 18,FEMALE,42963000000035018,2026-07-15 14:36:44,2026-07-15 14:36:44,SYSTEM_SEED,SYSTEM_SEED
VIC-00785,Raghavendra Achar,60,56-65,MALE,42963000000035022,2026-07-15 14:36:44,2026-07-15 14:36:44,SYSTEM_SEED,SYSTEM_SEED
VIC-00786,Yashodamma Nayak,51,46-55,FEMALE,42963000000035018,2026-07-15 14:36:44,2026-07-15 14:36:44,SYSTEM_SEED,SYSTEM_SEED
VIC-00787,Kavya Modi,53,46-55,FEMALE,42963000000035018,2026-07-15 14:36:44,2026-07-15 14:36:44,SYSTEM_SEED,SYSTEM_SEED
VIC-00788,Udarsh Hari,76,66-80,MALE,42963000000035020,2026-07-15 14:36:44,2026-07-15 14:36:44,SYSTEM_SEED,SYSTEM_SEED
VIC-00789,Neha Khanna,44,36-45,FEMALE,42963000000035021,2026-07-15 14:36:44,2026-07-15 14:36:44,SYSTEM_SEED,SYSTEM_SEED
VIC-00790,Sunandamma Gowda,55,46-55,FEMALE,42963000000035034,2026-07-15 14:36:44,2026-07-15 14:36:44,SYSTEM_SEED,SYSTEM_SEED
VIC-00791,Gopalakrishna Gowda,65,56-65,MALE,42963000000035024,2026-07-15 14:36:44,2026-07-15 14:36:44,SYSTEM_SEED,SYSTEM_SEED
VIC-00792,Zarna Deshpande,18,18-25,FEMALE,42963000000035033,2026-07-15 14:36:44,2026-07-15 14:36:44,SYSTEM_SEED,SYSTEM_SEED
VIC-00793,Arin Kala,48,46-55,MALE,42963000000035031,2026-07-15 14:36:44,2026-07-15 14:36:44,SYSTEM_SEED,SYSTEM_SEED
VIC-00794,Ridhi Dash,21,18-25,FEMALE,42963000000035022,2026-07-15 14:36:44,2026-07-15 14:36:44,SYSTEM_SEED,SYSTEM_SEED
VIC-00795,Lokesh Shetty,59,56-65,MALE,42963000000035017,2026-07-15 14:36:44,2026-07-15 14:36:44,SYSTEM_SEED,SYSTEM_SEED
VIC-00796,Charan Prabhakar,64,56-65,MALE,42963000000035024,2026-07-15 14:36:44,2026-07-15 14:36:44,SYSTEM_SEED,SYSTEM_SEED
VIC-00797,Gangamma Achar,8,Under 18,FEMALE,42963000000035023,2026-07-15 14:36:44,2026-07-15 14:36:44,SYSTEM_SEED,SYSTEM_SEED
VIC-00798,Thimmaiah Reddy,15,Under 18,MALE,42963000000035013,2026-07-15 14:36:44,2026-07-15 14:36:44,SYSTEM_SEED,SYSTEM_SEED
VIC-00799,Aditya Batta,50,46-55,MALE,42963000000035033,2026-07-15 14:36:44,2026-07-15 14:36:44,SYSTEM_SEED,SYSTEM_SEED
VIC-00800,Bachittar Mann,26,26-35,MALE,42963000000035042,2026-07-15 14:36:44,2026-07-15 14:36:44,SYSTEM_SEED,SYSTEM_SEED
VIC-00801,Hemani Babu,38,36-45,FEMALE,42963000000035039,2026-07-15 14:36:44,2026-07-15 14:36:44,SYSTEM_SEED,SYSTEM_SEED
VIC-00802,Joshua Gandhi,71,66-80,MALE,42963000000035038,2026-07-15 14:36:44,2026-07-15 14:36:44,SYSTEM_SEED,SYSTEM_SEED
VIC-00803,Ucchal Prashad,65,56-65,FEMALE,42963000000035022,2026-07-15 14:36:44,2026-07-15 14:36:44,SYSTEM_SEED,SYSTEM_SEED
VIC-00804,Vasatika Chakraborty,35,26-35,FEMALE,42963000000035015,2026-07-15 14:36:44,2026-07-15 14:36:44,SYSTEM_SEED,SYSTEM_SEED
VIC-00805,Elijah Wason,78,66-80,MALE,42963000000035031,2026-07-15 14:36:44,2026-07-15 14:36:44,SYSTEM_SEED,SYSTEM_SEED
VIC-00806,Sanaya Kothari,53,46-55,FEMALE,42963000000035020,2026-07-15 14:36:44,2026-07-15 14:36:44,SYSTEM_SEED,SYSTEM_SEED
VIC-00807,Sunandamma Kulkarni,71,66-80,FEMALE,42963000000035015,2026-07-15 14:36:44,2026-07-15 14:36:44,SYSTEM_SEED,SYSTEM_SEED
VIC-00808,Oni Chauhan,31,26-35,FEMALE,42963000000035033,2026-07-15 14:36:44,2026-07-15 14:36:44,SYSTEM_SEED,SYSTEM_SEED
VIC-00809,Aishani Tella,73,66-80,FEMALE,42963000000035036,2026-07-15 14:36:44,2026-07-15 14:36:44,SYSTEM_SEED,SYSTEM_SEED
VIC-00810,Gunbir Gill,27,26-35,MALE,42963000000035032,2026-07-15 14:36:44,2026-07-15 14:36:44,SYSTEM_SEED,SYSTEM_SEED
VIC-00811,Yashodamma Gowda,70,66-80,FEMALE,42963000000035038,2026-07-15 14:36:44,2026-07-15 14:36:44,SYSTEM_SEED,SYSTEM_SEED
VIC-00812,Darika Goyal,42,36-45,FEMALE,42963000000035022,2026-07-15 14:36:44,2026-07-15 14:36:44,SYSTEM_SEED,SYSTEM_SEED
VIC-00813,Nandini Dhaliwal,11,Under 18,FEMALE,42963000000035026,2026-07-15 14:36:44,2026-07-15 14:36:44,SYSTEM_SEED,SYSTEM_SEED
VIC-00814,Thimmakka Setty,38,36-45,FEMALE,42963000000035033,2026-07-15 14:36:44,2026-07-15 14:36:44,SYSTEM_SEED,SYSTEM_SEED
VIC-00815,Nagaveni Rai,69,66-80,FEMALE,42963000000035024,2026-07-15 14:36:44,2026-07-15 14:36:44,SYSTEM_SEED,SYSTEM_SEED
VIC-00816,Tamanna Bhakta,5,Under 18,FEMALE,42963000000035029,2026-07-15 14:36:44,2026-07-15 14:36:44,SYSTEM_SEED,SYSTEM_SEED
VIC-00817,Puttaswamy Gowda,79,66-80,MALE,42963000000035017,2026-07-15 14:36:44,2026-07-15 14:36:44,SYSTEM_SEED,SYSTEM_SEED
VIC-00818,Girijamma Nayak,19,18-25,FEMALE,42963000000035018,2026-07-15 14:36:44,2026-07-15 14:36:44,SYSTEM_SEED,SYSTEM_SEED
VIC-00819,Manjunath Rai,21,18-25,MALE,42963000000035019,2026-07-15 14:36:44,2026-07-15 14:36:44,SYSTEM_SEED,SYSTEM_SEED
VIC-00820,Gangamma Naik,32,26-35,FEMALE,42963000000035025,2026-07-15 14:36:44,2026-07-15 14:36:44,SYSTEM_SEED,SYSTEM_SEED
VIC-00821,Mahadevi Bhat,13,Under 18,FEMALE,42963000000035032,2026-07-15 14:36:44,2026-07-15 14:36:44,SYSTEM_SEED,SYSTEM_SEED
VIC-00822,Prakash Reddy,57,56-65,MALE,42963000000035014,2026-07-15 14:36:44,2026-07-15 14:36:44,SYSTEM_SEED,SYSTEM_SEED
VIC-00823,Parvatamma Achar,79,66-80,FEMALE,42963000000035020,2026-07-15 14:36:44,2026-07-15 14:36:44,SYSTEM_SEED,SYSTEM_SEED
VIC-00824,Nagaveni Devadiga,7,Under 18,FEMALE,42963000000035017,2026-07-15 14:36:44,2026-07-15 14:36:44,SYSTEM_SEED,SYSTEM_SEED
VIC-00825,Advay Solanki,55,46-55,MALE,42963000000035033,2026-07-15 14:36:44,2026-07-15 14:36:44,SYSTEM_SEED,SYSTEM_SEED
VIC-00826,Puttaswamy Gowda,10,Under 18,MALE,42963000000035023,2026-07-15 14:36:44,2026-07-15 14:36:44,SYSTEM_SEED,SYSTEM_SEED
VIC-00827,Sneha Dalal,30,26-35,FEMALE,42963000000035033,2026-07-15 14:36:44,2026-07-15 14:36:44,SYSTEM_SEED,SYSTEM_SEED
VIC-00828,Turvi Balasubramanian,44,36-45,FEMALE,42963000000035026,2026-07-15 14:36:44,2026-07-15 14:36:44,SYSTEM_SEED,SYSTEM_SEED
VIC-00829,Prakash Hegde,8,Under 18,MALE,42963000000035030,2026-07-15 14:36:44,2026-07-15 14:36:44,SYSTEM_SEED,SYSTEM_SEED
VIC-00830,Raghavendra Naik,40,36-45,MALE,42963000000035025,2026-07-15 14:36:44,2026-07-15 14:36:44,SYSTEM_SEED,SYSTEM_SEED
VIC-00831,Mahadevi Bhat,69,66-80,FEMALE,42963000000035023,2026-07-15 14:36:44,2026-07-15 14:36:44,SYSTEM_SEED,SYSTEM_SEED
VIC-00832,Gagan Kalita,40,36-45,MALE,42963000000035021,2026-07-15 14:36:44,2026-07-15 14:36:44,SYSTEM_SEED,SYSTEM_SEED
VIC-00833,Jhalak Venkatesh,3,Under 18,FEMALE,42963000000035016,2026-07-15 14:36:44,2026-07-15 14:36:44,SYSTEM_SEED,SYSTEM_SEED
VIC-00834,Basavaraj Hegde,61,56-65,MALE,42963000000035017,2026-07-15 14:36:44,2026-07-15 14:36:44,SYSTEM_SEED,SYSTEM_SEED
VIC-00835,Omaja Pathak,23,18-25,FEMALE,42963000000035037,2026-07-15 14:36:44,2026-07-15 14:36:44,SYSTEM_SEED,SYSTEM_SEED
VIC-00836,Ekapad Badal,12,Under 18,MALE,42963000000035041,2026-07-15 14:36:44,2026-07-15 14:36:44,SYSTEM_SEED,SYSTEM_SEED
VIC-00837,Aarav Padmanabhan,71,66-80,MALE,42963000000035014,2026-07-15 14:36:44,2026-07-15 14:36:44,SYSTEM_SEED,SYSTEM_SEED
VIC-00838,Ravindranath Nayak,77,66-80,MALE,42963000000035027,2026-07-15 14:36:44,2026-07-15 14:36:44,SYSTEM_SEED,SYSTEM_SEED
VIC-00839,Yashodamma Hegde,47,46-55,FEMALE,42963000000035013,2026-07-15 14:36:44,2026-07-15 14:36:44,SYSTEM_SEED,SYSTEM_SEED
VIC-00840,Dhriti Dhar,75,66-80,FEMALE,42963000000035018,2026-07-15 14:36:44,2026-07-15 14:36:44,SYSTEM_SEED,SYSTEM_SEED
VIC-00841,Akkamahadevi Bhat,10,Under 18,FEMALE,42963000000035024,2026-07-15 14:36:44,2026-07-15 14:36:44,SYSTEM_SEED,SYSTEM_SEED
VIC-00842,Onkar Balan,1,Under 18,MALE,42963000000035030,2026-07-15 14:36:44,2026-07-15 14:36:44,SYSTEM_SEED,SYSTEM_SEED
VIC-00843,Gangamma Achar,26,26-35,FEMALE,42963000000035033,2026-07-15 14:36:44,2026-07-15 14:36:44,SYSTEM_SEED,SYSTEM_SEED
VIC-00844,Jagadish Hegde,54,46-55,MALE,42963000000035014,2026-07-15 14:36:44,2026-07-15 14:36:44,SYSTEM_SEED,SYSTEM_SEED
VIC-00845,Jayamma Gowda,24,18-25,FEMALE,42963000000035019,2026-07-15 14:36:44,2026-07-15 14:36:44,SYSTEM_SEED,SYSTEM_SEED
VIC-00846,Bhagyalakshmi Kulkarni,72,66-80,FEMALE,42963000000035037,2026-07-15 14:36:44,2026-07-15 14:36:44,SYSTEM_SEED,SYSTEM_SEED
VIC-00847,Samaksh Parmer,27,26-35,MALE,42963000000035024,2026-07-15 14:36:44,2026-07-15 14:36:44,SYSTEM_SEED,SYSTEM_SEED
VIC-00848,Sujathamma Shetty,60,56-65,FEMALE,42963000000035024,2026-07-15 14:36:44,2026-07-15 14:36:44,SYSTEM_SEED,SYSTEM_SEED
VIC-00849,Kaveri Reddy,69,66-80,FEMALE,42963000000035012,2026-07-15 14:36:44,2026-07-15 14:36:44,SYSTEM_SEED,SYSTEM_SEED
VIC-00850,Teerth Lata,16,Under 18,MALE,42963000000035033,2026-07-15 14:36:44,2026-07-15 14:36:44,SYSTEM_SEED,SYSTEM_SEED
VIC-00851,Sai Radhakrishnan,49,46-55,FEMALE,42963000000035028,2026-07-15 14:36:44,2026-07-15 14:36:44,SYSTEM_SEED,SYSTEM_SEED
VIC-00852,Harish Bhat,54,46-55,MALE,42963000000035021,2026-07-15 14:36:44,2026-07-15 14:36:44,SYSTEM_SEED,SYSTEM_SEED
VIC-00853,Samar Bora,55,46-55,MALE,42963000000035013,2026-07-15 14:36:44,2026-07-15 14:36:44,SYSTEM_SEED,SYSTEM_SEED
VIC-00854,Abhimanyu Subramaniam,15,Under 18,MALE,42963000000035031,2026-07-15 14:36:44,2026-07-15 14:36:44,SYSTEM_SEED,SYSTEM_SEED
VIC-00855,Kariyappa Rai,29,26-35,MALE,42963000000035037,2026-07-15 14:36:44,2026-07-15 14:36:44,SYSTEM_SEED,SYSTEM_SEED
VIC-00856,Chavvi Dhingra,45,36-45,FEMALE,42963000000035028,2026-07-15 14:36:44,2026-07-15 14:36:44,SYSTEM_SEED,SYSTEM_SEED
VIC-00857,Prakash Kulkarni,17,Under 18,MALE,42963000000035014,2026-07-15 14:36:44,2026-07-15 14:36:44,SYSTEM_SEED,SYSTEM_SEED
VIC-00858,Naksh Nayar,43,36-45,MALE,42963000000035028,2026-07-15 14:36:44,2026-07-15 14:36:44,SYSTEM_SEED,SYSTEM_SEED
VIC-00859,Jeremiah Handa,74,66-80,MALE,42963000000035033,2026-07-15 14:36:44,2026-07-15 14:36:44,SYSTEM_SEED,SYSTEM_SEED
VIC-00860,Ryan Dixit,51,46-55,MALE,42963000000035037,2026-07-15 14:36:44,2026-07-15 14:36:44,SYSTEM_SEED,SYSTEM_SEED
VIC-00861,Jagadish Setty,45,36-45,MALE,42963000000035013,2026-07-15 14:36:44,2026-07-15 14:36:44,SYSTEM_SEED,SYSTEM_SEED
VIC-00862,Gangamma Reddy,6,Under 18,FEMALE,42963000000035036,2026-07-15 14:36:44,2026-07-15 14:36:44,SYSTEM_SEED,SYSTEM_SEED
VIC-00863,Shivakumar Kulkarni,35,26-35,MALE,42963000000035033,2026-07-15 14:36:44,2026-07-15 14:36:44,SYSTEM_SEED,SYSTEM_SEED
VIC-00864,Nachiket Upadhyay,5,Under 18,MALE,42963000000035037,2026-07-15 14:36:44,2026-07-15 14:36:44,SYSTEM_SEED,SYSTEM_SEED
VIC-00865,Vasanthamma Kulkarni,63,56-65,FEMALE,42963000000035039,2026-07-15 14:36:44,2026-07-15 14:36:44,SYSTEM_SEED,SYSTEM_SEED
VIC-00866,Yashodamma Rai,30,26-35,FEMALE,42963000000035019,2026-07-15 14:36:44,2026-07-15 14:36:44,SYSTEM_SEED,SYSTEM_SEED
VIC-00867,Anmol Balan,3,Under 18,MALE,42963000000035035,2026-07-15 14:36:44,2026-07-15 14:36:44,SYSTEM_SEED,SYSTEM_SEED
VIC-00868,William Kapur,42,36-45,MALE,42963000000035036,2026-07-15 14:36:44,2026-07-15 14:36:44,SYSTEM_SEED,SYSTEM_SEED
VIC-00869,Savitramma Reddy,16,Under 18,FEMALE,42963000000035032,2026-07-15 14:36:44,2026-07-15 14:36:44,SYSTEM_SEED,SYSTEM_SEED
VIC-00870,Aarini Varkey,76,66-80,FEMALE,42963000000035027,2026-07-15 14:36:44,2026-07-15 14:36:44,SYSTEM_SEED,SYSTEM_SEED
VIC-00871,Rohan Ramachandran,5,Under 18,MALE,42963000000035024,2026-07-15 14:36:44,2026-07-15 14:36:44,SYSTEM_SEED,SYSTEM_SEED
VIC-00872,Ayaan Dada,35,26-35,MALE,42963000000035014,2026-07-15 14:36:44,2026-07-15 14:36:44,SYSTEM_SEED,SYSTEM_SEED
VIC-00873,Yashasvi Jaggi,2,Under 18,FEMALE,42963000000035020,2026-07-15 14:36:44,2026-07-15 14:36:44,SYSTEM_SEED,SYSTEM_SEED
VIC-00874,Lokesh Nayak,56,56-65,MALE,42963000000035039,2026-07-15 14:36:44,2026-07-15 14:36:44,SYSTEM_SEED,SYSTEM_SEED
VIC-00875,Chaitaly Hans,80,66-80,FEMALE,42963000000035026,2026-07-15 14:36:44,2026-07-15 14:36:44,SYSTEM_SEED,SYSTEM_SEED
VIC-00876,Gangamma Reddy,49,46-55,FEMALE,42963000000035028,2026-07-15 14:36:44,2026-07-15 14:36:44,SYSTEM_SEED,SYSTEM_SEED
VIC-00877,Parvatamma Nayak,36,36-45,FEMALE,42963000000035024,2026-07-15 14:36:44,2026-07-15 14:36:44,SYSTEM_SEED,SYSTEM_SEED
VIC-00878,Amara Bava,48,46-55,FEMALE,42963000000035038,2026-07-15 14:36:44,2026-07-15 14:36:44,SYSTEM_SEED,SYSTEM_SEED
VIC-00879,Sujathamma Reddy,1,Under 18,FEMALE,42963000000035016,2026-07-15 14:36:44,2026-07-15 14:36:44,SYSTEM_SEED,SYSTEM_SEED
VIC-00880,Vasanthamma Reddy,10,Under 18,FEMALE,42963000000035016,2026-07-15 14:36:44,2026-07-15 14:36:44,SYSTEM_SEED,SYSTEM_SEED
VIC-00881,Thimmaiah Naik,55,46-55,MALE,42963000000035012,2026-07-15 14:36:44,2026-07-15 14:36:44,SYSTEM_SEED,SYSTEM_SEED
VIC-00882,Riya Wable,34,26-35,FEMALE,42963000000035035,2026-07-15 14:36:44,2026-07-15 14:36:44,SYSTEM_SEED,SYSTEM_SEED
VIC-00883,Maya Buch,76,66-80,FEMALE,42963000000035039,2026-07-15 14:36:44,2026-07-15 14:36:44,SYSTEM_SEED,SYSTEM_SEED
VIC-00884,Sunandamma Urs,5,Under 18,FEMALE,42963000000035016,2026-07-15 14:36:44,2026-07-15 14:36:44,SYSTEM_SEED,SYSTEM_SEED
VIC-00885,Chandrakala Rai,62,56-65,FEMALE,42963000000035035,2026-07-15 14:36:44,2026-07-15 14:36:44,SYSTEM_SEED,SYSTEM_SEED
VIC-00886,Jagadish Rai,63,56-65,MALE,42963000000035041,2026-07-15 14:36:44,2026-07-15 14:36:44,SYSTEM_SEED,SYSTEM_SEED
VIC-00887,Puttaswamy Kulkarni,18,18-25,MALE,42963000000035019,2026-07-15 14:36:44,2026-07-15 14:36:44,SYSTEM_SEED,SYSTEM_SEED
VIC-00888,Balhaar Nagy,49,46-55,MALE,42963000000035036,2026-07-15 14:36:44,2026-07-15 14:36:44,SYSTEM_SEED,SYSTEM_SEED
VIC-00889,Vasana Reddy,66,66-80,FEMALE,42963000000035036,2026-07-15 14:36:44,2026-07-15 14:36:44,SYSTEM_SEED,SYSTEM_SEED
VIC-00890,Chandrashekar Rai,8,Under 18,MALE,42963000000035024,2026-07-15 14:36:44,2026-07-15 14:36:44,SYSTEM_SEED,SYSTEM_SEED
VIC-00891,Yutika Hayre,19,18-25,FEMALE,42963000000035012,2026-07-15 14:36:44,2026-07-15 14:36:44,SYSTEM_SEED,SYSTEM_SEED
VIC-00892,Harish Bhat,29,26-35,MALE,42963000000035021,2026-07-15 14:36:44,2026-07-15 14:36:44,SYSTEM_SEED,SYSTEM_SEED
VIC-00893,Girijamma Kulkarni,34,26-35,FEMALE,42963000000035022,2026-07-15 14:36:44,2026-07-15 14:36:44,SYSTEM_SEED,SYSTEM_SEED
VIC-00894,Jagadish Urs,79,66-80,MALE,42963000000035018,2026-07-15 14:36:44,2026-07-15 14:36:44,SYSTEM_SEED,SYSTEM_SEED
VIC-00895,Samesh Dhawan,15,Under 18,MALE,42963000000035012,2026-07-15 14:36:44,2026-07-15 14:36:44,SYSTEM_SEED,SYSTEM_SEED
VIC-00896,Raksha Kannan,74,66-80,FEMALE,42963000000035019,2026-07-15 14:36:44,2026-07-15 14:36:44,SYSTEM_SEED,SYSTEM_SEED
VIC-00897,Lopa Badal,28,26-35,FEMALE,42963000000035033,2026-07-15 14:36:44,2026-07-15 14:36:44,SYSTEM_SEED,SYSTEM_SEED
VIC-00898,Thomas Savant,9,Under 18,MALE,42963000000035019,2026-07-15 14:36:44,2026-07-15 14:36:44,SYSTEM_SEED,SYSTEM_SEED
VIC-00899,Shivani Gaba,68,66-80,FEMALE,42963000000035040,2026-07-15 14:36:44,2026-07-15 14:36:44,SYSTEM_SEED,SYSTEM_SEED
VIC-00900,Udarsh Dey,33,26-35,MALE,42963000000035032,2026-07-15 14:36:44,2026-07-15 14:36:44,SYSTEM_SEED,SYSTEM_SEED
VIC-00901,Tripti De,59,56-65,FEMALE,42963000000035037,2026-07-15 14:36:44,2026-07-15 14:36:44,SYSTEM_SEED,SYSTEM_SEED
VIC-00902,Jayamma Hegde,69,66-80,FEMALE,42963000000035016,2026-07-15 14:36:44,2026-07-15 14:36:44,SYSTEM_SEED,SYSTEM_SEED
VIC-00903,Lokesh Devadiga,14,Under 18,MALE,42963000000035023,2026-07-15 14:36:44,2026-07-15 14:36:44,SYSTEM_SEED,SYSTEM_SEED
VIC-00904,Orinder Bahl,79,66-80,MALE,42963000000035040,2026-07-15 14:36:44,2026-07-15 14:36:44,SYSTEM_SEED,SYSTEM_SEED
VIC-00905,Parvatamma Naik,1,Under 18,FEMALE,42963000000035041,2026-07-15 14:36:44,2026-07-15 14:36:44,SYSTEM_SEED,SYSTEM_SEED
VIC-00906,Xalak Som,52,46-55,FEMALE,42963000000035022,2026-07-15 14:36:44,2026-07-15 14:36:44,SYSTEM_SEED,SYSTEM_SEED
VIC-00907,Arunima Dyal,78,66-80,FEMALE,42963000000035033,2026-07-15 14:36:44,2026-07-15 14:36:44,SYSTEM_SEED,SYSTEM_SEED
VIC-00908,Lekha Bajaj,42,36-45,FEMALE,42963000000035022,2026-07-15 14:36:44,2026-07-15 14:36:44,SYSTEM_SEED,SYSTEM_SEED
VIC-00909,Zaitra Walla,36,36-45,FEMALE,42963000000035033,2026-07-15 14:36:44,2026-07-15 14:36:44,SYSTEM_SEED,SYSTEM_SEED
VIC-00910,Bhavna Hayer,53,46-55,FEMALE,42963000000035017,2026-07-15 14:36:44,2026-07-15 14:36:44,SYSTEM_SEED,SYSTEM_SEED
VIC-00911,Isha Setty,68,66-80,FEMALE,42963000000035016,2026-07-15 14:36:44,2026-07-15 14:36:44,SYSTEM_SEED,SYSTEM_SEED
VIC-00912,Chanchal Deo,19,18-25,FEMALE,42963000000035021,2026-07-15 14:36:44,2026-07-15 14:36:44,SYSTEM_SEED,SYSTEM_SEED
VIC-00913,Gopalakrishna Devadiga,16,Under 18,MALE,42963000000035030,2026-07-15 14:36:44,2026-07-15 14:36:44,SYSTEM_SEED,SYSTEM_SEED
VIC-00914,Praneel Garg,67,66-80,MALE,42963000000035032,2026-07-15 14:36:44,2026-07-15 14:36:44,SYSTEM_SEED,SYSTEM_SEED
VIC-00915,Raghavendra Poojary,42,36-45,MALE,42963000000035013,2026-07-15 14:36:44,2026-07-15 14:36:44,SYSTEM_SEED,SYSTEM_SEED
VIC-00916,Orinder Rattan,70,66-80,MALE,42963000000035033,2026-07-15 14:36:44,2026-07-15 14:36:44,SYSTEM_SEED,SYSTEM_SEED
VIC-00917,Vinaya Buch,60,56-65,FEMALE,42963000000035016,2026-07-15 14:36:44,2026-07-15 14:36:44,SYSTEM_SEED,SYSTEM_SEED
VIC-00918,Aashi Jayaraman,60,56-65,FEMALE,42963000000035024,2026-07-15 14:36:44,2026-07-15 14:36:44,SYSTEM_SEED,SYSTEM_SEED
VIC-00919,Thimmakka Devadiga,68,66-80,FEMALE,42963000000035016,2026-07-15 14:36:44,2026-07-15 14:36:44,SYSTEM_SEED,SYSTEM_SEED
VIC-00920,Sureshgowda Rai,10,Under 18,MALE,42963000000035033,2026-07-15 14:36:44,2026-07-15 14:36:44,SYSTEM_SEED,SYSTEM_SEED
VIC-00921,Charan Brar,26,26-35,MALE,42963000000035014,2026-07-15 14:36:44,2026-07-15 14:36:44,SYSTEM_SEED,SYSTEM_SEED
VIC-00922,Jagadish Reddy,49,46-55,MALE,42963000000035026,2026-07-15 14:36:44,2026-07-15 14:36:44,SYSTEM_SEED,SYSTEM_SEED
VIC-00923,Aadi Raghavan,16,Under 18,MALE,42963000000035015,2026-07-15 14:36:44,2026-07-15 14:36:44,SYSTEM_SEED,SYSTEM_SEED
VIC-00924,Nagaraj Poojary,37,36-45,MALE,42963000000035033,2026-07-15 14:36:44,2026-07-15 14:36:44,SYSTEM_SEED,SYSTEM_SEED
VIC-00925,Ravindranath Hegde,0,Under 18,MALE,42963000000035030,2026-07-15 14:36:44,2026-07-15 14:36:44,SYSTEM_SEED,SYSTEM_SEED
VIC-00926,Girijamma Reddy,35,26-35,FEMALE,42963000000035039,2026-07-15 14:36:44,2026-07-15 14:36:44,SYSTEM_SEED,SYSTEM_SEED
VIC-00927,Lakshmamma Poojary,39,36-45,FEMALE,42963000000035022,2026-07-15 14:36:44,2026-07-15 14:36:44,SYSTEM_SEED,SYSTEM_SEED
VIC-00928,Gangamma Nayak,8,Under 18,FEMALE,42963000000035028,2026-07-15 14:36:44,2026-07-15 14:36:44,SYSTEM_SEED,SYSTEM_SEED
VIC-00929,Imaran Sami,46,46-55,MALE,42963000000035018,2026-07-15 14:36:44,2026-07-15 14:36:44,SYSTEM_SEED,SYSTEM_SEED
VIC-00930,Nathan Deo,74,66-80,MALE,42963000000035040,2026-07-15 14:36:44,2026-07-15 14:36:44,SYSTEM_SEED,SYSTEM_SEED
VIC-00931,Chandrashekar Urs,78,66-80,MALE,42963000000035024,2026-07-15 14:36:44,2026-07-15 14:36:44,SYSTEM_SEED,SYSTEM_SEED
VIC-00932,Parvatamma Achar,26,26-35,FEMALE,42963000000035034,2026-07-15 14:36:44,2026-07-15 14:36:44,SYSTEM_SEED,SYSTEM_SEED
VIC-00933,Yachana Pai,76,66-80,FEMALE,42963000000035024,2026-07-15 14:36:44,2026-07-15 14:36:44,SYSTEM_SEED,SYSTEM_SEED
VIC-00934,Darsh Gupta,52,46-55,MALE,42963000000035029,2026-07-15 14:36:44,2026-07-15 14:36:44,SYSTEM_SEED,SYSTEM_SEED
VIC-00935,Udarsh Borde,60,56-65,MALE,42963000000035025,2026-07-15 14:36:44,2026-07-15 14:36:44,SYSTEM_SEED,SYSTEM_SEED
VIC-00936,Mitesh Lalla,16,Under 18,MALE,42963000000035016,2026-07-15 14:36:44,2026-07-15 14:36:44,SYSTEM_SEED,SYSTEM_SEED
VIC-00937,Hamsini Naidu,32,26-35,FEMALE,42963000000035017,2026-07-15 14:36:44,2026-07-15 14:36:44,SYSTEM_SEED,SYSTEM_SEED
VIC-00938,Ekta Randhawa,28,26-35,FEMALE,42963000000035025,2026-07-15 14:36:44,2026-07-15 14:36:44,SYSTEM_SEED,SYSTEM_SEED
VIC-00939,Kariyappa Naik,74,66-80,MALE,42963000000035037,2026-07-15 14:36:44,2026-07-15 14:36:44,SYSTEM_SEED,SYSTEM_SEED
VIC-00940,Bhagyalakshmi Devadiga,23,18-25,FEMALE,42963000000035018,2026-07-15 14:36:44,2026-07-15 14:36:44,SYSTEM_SEED,SYSTEM_SEED
VIC-00941,Anthony Chandra,1,Under 18,MALE,42963000000035020,2026-07-15 14:36:44,2026-07-15 14:36:44,SYSTEM_SEED,SYSTEM_SEED
VIC-00942,Lakshit Mane,39,36-45,MALE,42963000000035033,2026-07-15 14:36:44,2026-07-15 14:36:44,SYSTEM_SEED,SYSTEM_SEED
VIC-00943,Kashish Seth,71,66-80,FEMALE,42963000000035024,2026-07-15 14:36:44,2026-07-15 14:36:44,SYSTEM_SEED,SYSTEM_SEED
VIC-00944,Savitramma Reddy,63,56-65,FEMALE,42963000000035018,2026-07-15 14:36:44,2026-07-15 14:36:44,SYSTEM_SEED,SYSTEM_SEED
VIC-00945,Ladli Chaudry,52,46-55,FEMALE,42963000000035037,2026-07-15 14:36:44,2026-07-15 14:36:44,SYSTEM_SEED,SYSTEM_SEED
VIC-00946,Jayamma Naik,0,Under 18,FEMALE,42963000000035031,2026-07-15 14:36:44,2026-07-15 14:36:44,SYSTEM_SEED,SYSTEM_SEED
VIC-00947,Wahab Warrior,70,66-80,MALE,42963000000035037,2026-07-15 14:36:44,2026-07-15 14:36:44,SYSTEM_SEED,SYSTEM_SEED
VIC-00948,Lokesh Kulkarni,23,18-25,MALE,42963000000035034,2026-07-15 14:36:44,2026-07-15 14:36:44,SYSTEM_SEED,SYSTEM_SEED
VIC-00949,Ekavir Sheth,64,56-65,MALE,42963000000035023,2026-07-15 14:36:44,2026-07-15 14:36:44,SYSTEM_SEED,SYSTEM_SEED
VIC-00950,Frederick Grover,33,26-35,MALE,42963000000035033,2026-07-15 14:36:44,2026-07-15 14:36:44,SYSTEM_SEED,SYSTEM_SEED
VIC-00951,Abhimanyu Edwin,27,26-35,MALE,42963000000035028,2026-07-15 14:36:44,2026-07-15 14:36:44,SYSTEM_SEED,SYSTEM_SEED
VIC-00952,Xalak Yadav,38,36-45,FEMALE,42963000000035033,2026-07-15 14:36:44,2026-07-15 14:36:44,SYSTEM_SEED,SYSTEM_SEED
VIC-00953,Charan Hari,55,46-55,MALE,42963000000035027,2026-07-15 14:36:44,2026-07-15 14:36:44,SYSTEM_SEED,SYSTEM_SEED
VIC-00954,Nagaveni Bhat,51,46-55,FEMALE,42963000000035031,2026-07-15 14:36:44,2026-07-15 14:36:44,SYSTEM_SEED,SYSTEM_SEED
VIC-00955,Nagaraj Nayak,45,36-45,MALE,42963000000035042,2026-07-15 14:36:44,2026-07-15 14:36:44,SYSTEM_SEED,SYSTEM_SEED
VIC-00956,Yochana Saini,33,26-35,FEMALE,42963000000035017,2026-07-15 14:36:44,2026-07-15 14:36:44,SYSTEM_SEED,SYSTEM_SEED
VIC-00957,Thimmaiah Nayak,35,26-35,MALE,42963000000035027,2026-07-15 14:36:44,2026-07-15 14:36:44,SYSTEM_SEED,SYSTEM_SEED
VIC-00958,Jayamma Shetty,39,36-45,FEMALE,42963000000035042,2026-07-15 14:36:44,2026-07-15 14:36:44,SYSTEM_SEED,SYSTEM_SEED
VIC-00959,Panini Swamy,23,18-25,FEMALE,42963000000035016,2026-07-15 14:36:44,2026-07-15 14:36:44,SYSTEM_SEED,SYSTEM_SEED
VIC-00960,Jackson Sandhu,59,56-65,MALE,42963000000035027,2026-07-15 14:36:44,2026-07-15 14:36:44,SYSTEM_SEED,SYSTEM_SEED
VIC-00961,Jairaj Contractor,2,Under 18,MALE,42963000000035020,2026-07-15 14:36:44,2026-07-15 14:36:44,SYSTEM_SEED,SYSTEM_SEED
VIC-00962,Shivakumar Urs,32,26-35,MALE,42963000000035029,2026-07-15 14:36:44,2026-07-15 14:36:44,SYSTEM_SEED,SYSTEM_SEED
VIC-00963,Odika Rege,43,36-45,FEMALE,42963000000035027,2026-07-15 14:36:44,2026-07-15 14:36:44,SYSTEM_SEED,SYSTEM_SEED
VIC-00964,Pallavi Karnik,70,66-80,FEMALE,42963000000035035,2026-07-15 14:36:44,2026-07-15 14:36:44,SYSTEM_SEED,SYSTEM_SEED
VIC-00965,Advay Tailor,33,26-35,MALE,42963000000035016,2026-07-15 14:36:44,2026-07-15 14:36:44,SYSTEM_SEED,SYSTEM_SEED
VIC-00966,Saksham Dani,25,18-25,MALE,42963000000035039,2026-07-15 14:36:44,2026-07-15 14:36:44,SYSTEM_SEED,SYSTEM_SEED
VIC-00967,Sunandamma Naik,52,46-55,FEMALE,42963000000035017,2026-07-15 14:36:44,2026-07-15 14:36:44,SYSTEM_SEED,SYSTEM_SEED
VIC-00968,Waida Bhat,62,56-65,FEMALE,42963000000035022,2026-07-15 14:36:44,2026-07-15 14:36:44,SYSTEM_SEED,SYSTEM_SEED
VIC-00969,Veeranna Reddy,60,56-65,MALE,42963000000035024,2026-07-15 14:36:44,2026-07-15 14:36:44,SYSTEM_SEED,SYSTEM_SEED
VIC-00970,Nagaveni Achar,9,Under 18,FEMALE,42963000000035017,2026-07-15 14:36:44,2026-07-15 14:36:44,SYSTEM_SEED,SYSTEM_SEED
VIC-00971,Yuvraj Keer,9,Under 18,MALE,42963000000035028,2026-07-15 14:36:44,2026-07-15 14:36:44,SYSTEM_SEED,SYSTEM_SEED
VIC-00972,Sunandamma Kulkarni,71,66-80,FEMALE,42963000000035012,2026-07-15 14:36:44,2026-07-15 14:36:44,SYSTEM_SEED,SYSTEM_SEED
VIC-00973,Ethan Aurora,16,Under 18,MALE,42963000000035017,2026-07-15 14:36:44,2026-07-15 14:36:44,SYSTEM_SEED,SYSTEM_SEED
VIC-00974,Basavaraj Gowda,62,56-65,MALE,42963000000035036,2026-07-15 14:36:44,2026-07-15 14:36:44,SYSTEM_SEED,SYSTEM_SEED
VIC-00975,Aarav Puri,12,Under 18,MALE,42963000000035014,2026-07-15 14:36:44,2026-07-15 14:36:44,SYSTEM_SEED,SYSTEM_SEED
VIC-00976,Kariyappa Urs,42,36-45,MALE,42963000000035020,2026-07-15 14:36:44,2026-07-15 14:36:44,SYSTEM_SEED,SYSTEM_SEED
VIC-00977,Chaman Garg,25,18-25,FEMALE,42963000000035023,2026-07-15 14:36:44,2026-07-15 14:36:44,SYSTEM_SEED,SYSTEM_SEED
VIC-00978,Jasmit Palla,20,18-25,FEMALE,42963000000035033,2026-07-15 14:36:44,2026-07-15 14:36:44,SYSTEM_SEED,SYSTEM_SEED
VIC-00979,Fariq Chadha,77,66-80,MALE,42963000000035012,2026-07-15 14:36:44,2026-07-15 14:36:44,SYSTEM_SEED,SYSTEM_SEED
VIC-00980,Qadim Aurora,67,66-80,MALE,42963000000035041,2026-07-15 14:36:44,2026-07-15 14:36:44,SYSTEM_SEED,SYSTEM_SEED
VIC-00981,Vanya Cheema,49,46-55,FEMALE,42963000000035033,2026-07-15 14:36:44,2026-07-15 14:36:44,SYSTEM_SEED,SYSTEM_SEED
VIC-00982,Sureshgowda Poojary,77,66-80,MALE,42963000000035012,2026-07-15 14:36:44,2026-07-15 14:36:44,SYSTEM_SEED,SYSTEM_SEED
VIC-00983,Channabasappa Achar,67,66-80,MALE,42963000000035031,2026-07-15 14:36:44,2026-07-15 14:36:44,SYSTEM_SEED,SYSTEM_SEED
VIC-00984,Kariyappa Gowda,48,46-55,MALE,42963000000035024,2026-07-15 14:36:44,2026-07-15 14:36:44,SYSTEM_SEED,SYSTEM_SEED
VIC-00985,Kariyappa Setty,74,66-80,MALE,42963000000035031,2026-07-15 14:36:44,2026-07-15 14:36:44,SYSTEM_SEED,SYSTEM_SEED
VIC-00986,Kaveri Gowda,24,18-25,FEMALE,42963000000035024,2026-07-15 14:36:44,2026-07-15 14:36:44,SYSTEM_SEED,SYSTEM_SEED
VIC-00987,Tanmayi Doctor,46,46-55,FEMALE,42963000000035025,2026-07-15 14:36:44,2026-07-15 14:36:44,SYSTEM_SEED,SYSTEM_SEED
VIC-00988,Yutika Ghosh,56,56-65,FEMALE,42963000000035042,2026-07-15 14:36:44,2026-07-15 14:36:44,SYSTEM_SEED,SYSTEM_SEED
VIC-00989,Ekaraj Narang,79,66-80,MALE,42963000000035042,2026-07-15 14:36:44,2026-07-15 14:36:44,SYSTEM_SEED,SYSTEM_SEED
VIC-00990,Vasatika Baral,46,46-55,FEMALE,42963000000035022,2026-07-15 14:36:44,2026-07-15 14:36:44,SYSTEM_SEED,SYSTEM_SEED
VIC-00991,Kamya Sani,20,18-25,FEMALE,42963000000035033,2026-07-15 14:36:44,2026-07-15 14:36:44,SYSTEM_SEED,SYSTEM_SEED
VIC-00992,Girijamma Hegde,15,Under 18,FEMALE,42963000000035016,2026-07-15 14:36:44,2026-07-15 14:36:44,SYSTEM_SEED,SYSTEM_SEED
VIC-00993,Abhiram Dutt,59,56-65,MALE,42963000000035031,2026-07-15 14:36:44,2026-07-15 14:36:44,SYSTEM_SEED,SYSTEM_SEED
VIC-00994,Yashodamma Reddy,23,18-25,FEMALE,42963000000035033,2026-07-15 14:36:44,2026-07-15 14:36:44,SYSTEM_SEED,SYSTEM_SEED
VIC-00995,Anjali Narayanan,65,56-65,FEMALE,42963000000035022,2026-07-15 14:36:44,2026-07-15 14:36:44,SYSTEM_SEED,SYSTEM_SEED
VIC-00996,Jyoti Sant,4,Under 18,FEMALE,42963000000035040,2026-07-15 14:36:44,2026-07-15 14:36:44,SYSTEM_SEED,SYSTEM_SEED
VIC-00997,Yashica Manne,60,56-65,FEMALE,42963000000035017,2026-07-15 14:36:44,2026-07-15 14:36:44,SYSTEM_SEED,SYSTEM_SEED
VIC-00998,Neha Nazareth,61,56-65,FEMALE,42963000000035037,2026-07-15 14:36:44,2026-07-15 14:36:44,SYSTEM_SEED,SYSTEM_SEED
VIC-00999,Sunandamma Gowda,24,18-25,FEMALE,42963000000035042,2026-07-15 14:36:44,2026-07-15 14:36:44,SYSTEM_SEED,SYSTEM_SEED
VIC-01000,Brijesh Mander,21,18-25,MALE,42963000000035022,2026-07-15 14:36:44,2026-07-15 14:36:44,SYSTEM_SEED,SYSTEM_SEED
VIC-01001,Varsha Tripathi,63,56-65,FEMALE,42963000000035031,2026-07-15 14:36:44,2026-07-15 14:36:44,SYSTEM_SEED,SYSTEM_SEED
VIC-01002,Anita Sastry,33,26-35,FEMALE,42963000000035033,2026-07-15 14:36:44,2026-07-15 14:36:44,SYSTEM_SEED,SYSTEM_SEED
VIC-01003,Rachana Gola,49,46-55,FEMALE,42963000000035022,2026-07-15 14:36:44,2026-07-15 14:36:44,SYSTEM_SEED,SYSTEM_SEED
VIC-01004,Manjunath Shetty,33,26-35,MALE,42963000000035041,2026-07-15 14:36:44,2026-07-15 14:36:44,SYSTEM_SEED,SYSTEM_SEED
VIC-01005,Suhani Sem,56,56-65,FEMALE,42963000000035039,2026-07-15 14:36:44,2026-07-15 14:36:44,SYSTEM_SEED,SYSTEM_SEED
VIC-01006,Sunandamma Naik,16,Under 18,FEMALE,42963000000035018,2026-07-15 14:36:44,2026-07-15 14:36:44,SYSTEM_SEED,SYSTEM_SEED
VIC-01007,Waida Hayre,76,66-80,FEMALE,42963000000035030,2026-07-15 14:36:44,2026-07-15 14:36:44,SYSTEM_SEED,SYSTEM_SEED
VIC-01008,Amara Seth,67,66-80,FEMALE,42963000000035029,2026-07-15 14:36:44,2026-07-15 14:36:44,SYSTEM_SEED,SYSTEM_SEED
VIC-01009,Raghavendra Shetty,79,66-80,MALE,42963000000035018,2026-07-15 14:36:44,2026-07-15 14:36:44,SYSTEM_SEED,SYSTEM_SEED
VIC-01010,Ranveer Brahmbhatt,70,66-80,MALE,42963000000035037,2026-07-15 14:36:44,2026-07-15 14:36:44,SYSTEM_SEED,SYSTEM_SEED
VIC-01011,Lakshmamma Poojary,61,56-65,FEMALE,42963000000035025,2026-07-15 14:36:44,2026-07-15 14:36:44,SYSTEM_SEED,SYSTEM_SEED
VIC-01012,Vedhika Talwar,68,66-80,FEMALE,42963000000035022,2026-07-15 14:36:44,2026-07-15 14:36:44,SYSTEM_SEED,SYSTEM_SEED
VIC-01013,Channabasappa Reddy,23,18-25,MALE,42963000000035033,2026-07-15 14:36:44,2026-07-15 14:36:44,SYSTEM_SEED,SYSTEM_SEED
VIC-01014,Rehaan Doctor,38,36-45,MALE,42963000000035042,2026-07-15 14:36:44,2026-07-15 14:36:44,SYSTEM_SEED,SYSTEM_SEED
VIC-01015,Zayyan Tank,35,26-35,MALE,42963000000035035,2026-07-15 14:36:44,2026-07-15 14:36:44,SYSTEM_SEED,SYSTEM_SEED
VIC-01016,Akkamahadevi Urs,58,56-65,FEMALE,42963000000035017,2026-07-15 14:36:44,2026-07-15 14:36:44,SYSTEM_SEED,SYSTEM_SEED
VIC-01017,Eiravati Nagarajan,49,46-55,FEMALE,42963000000035017,2026-07-15 14:36:44,2026-07-15 14:36:44,SYSTEM_SEED,SYSTEM_SEED
VIC-01018,Yatin Barad,40,36-45,MALE,42963000000035015,2026-07-15 14:36:44,2026-07-15 14:36:44,SYSTEM_SEED,SYSTEM_SEED
VIC-01019,Zaitra Acharya,66,66-80,FEMALE,42963000000035018,2026-07-15 14:36:44,2026-07-15 14:36:44,SYSTEM_SEED,SYSTEM_SEED
VIC-01020,Idika Khanna,55,46-55,FEMALE,42963000000035017,2026-07-15 14:36:44,2026-07-15 14:36:44,SYSTEM_SEED,SYSTEM_SEED
VIC-01021,Savitramma Kulkarni,59,56-65,FEMALE,42963000000035019,2026-07-15 14:36:44,2026-07-15 14:36:44,SYSTEM_SEED,SYSTEM_SEED
VIC-01022,Jagadish Devadiga,55,46-55,MALE,42963000000035033,2026-07-15 14:36:44,2026-07-15 14:36:44,SYSTEM_SEED,SYSTEM_SEED
VIC-01023,Pushpalatha Achar,25,18-25,FEMALE,42963000000035035,2026-07-15 14:36:44,2026-07-15 14:36:44,SYSTEM_SEED,SYSTEM_SEED
VIC-01024,Ati Luthra,18,18-25,FEMALE,42963000000035034,2026-07-15 14:36:44,2026-07-15 14:36:44,SYSTEM_SEED,SYSTEM_SEED
VIC-01025,Sureshgowda Reddy,8,Under 18,MALE,42963000000035014,2026-07-15 14:36:44,2026-07-15 14:36:44,SYSTEM_SEED,SYSTEM_SEED
VIC-01026,Pranit Ramakrishnan,5,Under 18,MALE,42963000000035024,2026-07-15 14:36:44,2026-07-15 14:36:44,SYSTEM_SEED,SYSTEM_SEED
VIC-01027,Thimmakka Shetty,76,66-80,FEMALE,42963000000035021,2026-07-15 14:36:44,2026-07-15 14:36:44,SYSTEM_SEED,SYSTEM_SEED
VIC-01028,Oni Shan,75,66-80,FEMALE,42963000000035038,2026-07-15 14:36:44,2026-07-15 14:36:44,SYSTEM_SEED,SYSTEM_SEED
VIC-01029,Alexander Dash,60,56-65,MALE,42963000000035017,2026-07-15 14:36:44,2026-07-15 14:36:44,SYSTEM_SEED,SYSTEM_SEED
VIC-01030,Pushpalatha Devadiga,2,Under 18,FEMALE,42963000000035023,2026-07-15 14:36:44,2026-07-15 14:36:44,SYSTEM_SEED,SYSTEM_SEED
VIC-01031,Meera Goda,47,46-55,FEMALE,42963000000035019,2026-07-15 14:36:44,2026-07-15 14:36:44,SYSTEM_SEED,SYSTEM_SEED
VIC-01032,Rachit Loyal,26,26-35,MALE,42963000000035037,2026-07-15 14:36:44,2026-07-15 14:36:44,SYSTEM_SEED,SYSTEM_SEED
VIC-01033,Gavin Viswanathan,44,36-45,MALE,42963000000035031,2026-07-15 14:36:44,2026-07-15 14:36:44,SYSTEM_SEED,SYSTEM_SEED
VIC-01034,Victor Ramesh,23,18-25,MALE,42963000000035033,2026-07-15 14:36:44,2026-07-15 14:36:44,SYSTEM_SEED,SYSTEM_SEED
VIC-01035,Ekiya Pandit,67,66-80,FEMALE,42963000000035024,2026-07-15 14:36:44,2026-07-15 14:36:44,SYSTEM_SEED,SYSTEM_SEED
VIC-01036,Girik Koshy,7,Under 18,MALE,42963000000035024,2026-07-15 14:36:44,2026-07-15 14:36:44,SYSTEM_SEED,SYSTEM_SEED
VIC-01037,Zinal Luthra,76,66-80,FEMALE,42963000000035016,2026-07-15 14:36:44,2026-07-15 14:36:44,SYSTEM_SEED,SYSTEM_SEED
VIC-01038,Siddalingaiah Shetty,27,26-35,MALE,42963000000035027,2026-07-15 14:36:44,2026-07-15 14:36:44,SYSTEM_SEED,SYSTEM_SEED
VIC-01039,Janya Hayer,46,46-55,FEMALE,42963000000035028,2026-07-15 14:36:44,2026-07-15 14:36:44,SYSTEM_SEED,SYSTEM_SEED
VIC-01040,Onkar Ravel,13,Under 18,MALE,42963000000035032,2026-07-15 14:36:44,2026-07-15 14:36:44,SYSTEM_SEED,SYSTEM_SEED
VIC-01041,Thimmakka Setty,31,26-35,FEMALE,42963000000035024,2026-07-15 14:36:44,2026-07-15 14:36:44,SYSTEM_SEED,SYSTEM_SEED
VIC-01042,Kalpit Buch,1,Under 18,MALE,42963000000035024,2026-07-15 14:36:44,2026-07-15 14:36:44,SYSTEM_SEED,SYSTEM_SEED
VIC-01043,Idika Walia,80,66-80,FEMALE,42963000000035035,2026-07-15 14:36:44,2026-07-15 14:36:44,SYSTEM_SEED,SYSTEM_SEED
VIC-01044,Wyatt Gokhale,46,46-55,MALE,42963000000035016,2026-07-15 14:36:44,2026-07-15 14:36:44,SYSTEM_SEED,SYSTEM_SEED
VIC-01045,Robert Ganesh,34,26-35,MALE,42963000000035013,2026-07-15 14:36:44,2026-07-15 14:36:44,SYSTEM_SEED,SYSTEM_SEED
VIC-01046,Tamanna Kant,67,66-80,FEMALE,42963000000035017,2026-07-15 14:36:44,2026-07-15 14:36:44,SYSTEM_SEED,SYSTEM_SEED
VIC-01047,Onveer Wagle,34,26-35,MALE,42963000000035025,2026-07-15 14:36:44,2026-07-15 14:36:44,SYSTEM_SEED,SYSTEM_SEED
VIC-01048,Dalaja Kapoor,29,26-35,FEMALE,42963000000035018,2026-07-15 14:36:44,2026-07-15 14:36:44,SYSTEM_SEED,SYSTEM_SEED
VIC-01049,Shivani Pingle,55,46-55,FEMALE,42963000000035040,2026-07-15 14:36:44,2026-07-15 14:36:44,SYSTEM_SEED,SYSTEM_SEED
VIC-01050,Amara Suri,0,Under 18,FEMALE,42963000000035037,2026-07-15 14:36:44,2026-07-15 14:36:44,SYSTEM_SEED,SYSTEM_SEED
VIC-01051,Reyansh Nair,61,56-65,MALE,42963000000035016,2026-07-15 14:36:44,2026-07-15 14:36:44,SYSTEM_SEED,SYSTEM_SEED
VIC-01052,Oeshi Sura,24,18-25,FEMALE,42963000000035016,2026-07-15 14:36:44,2026-07-15 14:36:44,SYSTEM_SEED,SYSTEM_SEED
VIC-01053,Leena Kapur,64,56-65,FEMALE,42963000000035018,2026-07-15 14:36:44,2026-07-15 14:36:44,SYSTEM_SEED,SYSTEM_SEED
VIC-01054,Gunbir Mohan,32,26-35,MALE,42963000000035018,2026-07-15 14:36:44,2026-07-15 14:36:44,SYSTEM_SEED,SYSTEM_SEED
VIC-01055,Yashvi Borde,66,66-80,FEMALE,42963000000035021,2026-07-15 14:36:44,2026-07-15 14:36:44,SYSTEM_SEED,SYSTEM_SEED
VIC-01056,Warda Sule,34,26-35,FEMALE,42963000000035038,2026-07-15 14:36:44,2026-07-15 14:36:44,SYSTEM_SEED,SYSTEM_SEED
VIC-01057,Arjun Issac,75,66-80,MALE,42963000000035017,2026-07-15 14:36:44,2026-07-15 14:36:44,SYSTEM_SEED,SYSTEM_SEED
VIC-01058,Kamya Luthra,80,66-80,FEMALE,42963000000035013,2026-07-15 14:36:44,2026-07-15 14:36:44,SYSTEM_SEED,SYSTEM_SEED
VIC-01059,Raghavendra Naik,43,36-45,MALE,42963000000035016,2026-07-15 14:36:44,2026-07-15 14:36:44,SYSTEM_SEED,SYSTEM_SEED
VIC-01060,Caleb Patla,26,26-35,MALE,42963000000035036,2026-07-15 14:36:44,2026-07-15 14:36:44,SYSTEM_SEED,SYSTEM_SEED
VIC-01061,Mahadevi Gowda,77,66-80,FEMALE,42963000000035040,2026-07-15 14:36:44,2026-07-15 14:36:44,SYSTEM_SEED,SYSTEM_SEED
VIC-01062,Ronith Mohanty,76,66-80,MALE,42963000000035035,2026-07-15 14:36:44,2026-07-15 14:36:44,SYSTEM_SEED,SYSTEM_SEED
VIC-01063,Akkamahadevi Poojary,45,36-45,FEMALE,42963000000035036,2026-07-15 14:36:44,2026-07-15 14:36:44,SYSTEM_SEED,SYSTEM_SEED
VIC-01064,Nicholas Memon,3,Under 18,MALE,42963000000035024,2026-07-15 14:36:44,2026-07-15 14:36:44,SYSTEM_SEED,SYSTEM_SEED
VIC-01065,Chatura Narain,35,26-35,MALE,42963000000035035,2026-07-15 14:36:44,2026-07-15 14:36:44,SYSTEM_SEED,SYSTEM_SEED
VIC-01066,Jagadish Kulkarni,59,56-65,MALE,42963000000035017,2026-07-15 14:36:44,2026-07-15 14:36:44,SYSTEM_SEED,SYSTEM_SEED
VIC-01067,Puttaswamy Gowda,80,66-80,MALE,42963000000035029,2026-07-15 14:36:44,2026-07-15 14:36:44,SYSTEM_SEED,SYSTEM_SEED
VIC-01068,Veeranna Naik,2,Under 18,MALE,42963000000035020,2026-07-15 14:36:44,2026-07-15 14:36:44,SYSTEM_SEED,SYSTEM_SEED
VIC-01069,Isha Chhabra,4,Under 18,FEMALE,42963000000035033,2026-07-15 14:36:44,2026-07-15 14:36:44,SYSTEM_SEED,SYSTEM_SEED
VIC-01070,Harish Setty,16,Under 18,MALE,42963000000035035,2026-07-15 14:36:44,2026-07-15 14:36:44,SYSTEM_SEED,SYSTEM_SEED
VIC-01071,Gabriel Pau,4,Under 18,MALE,42963000000035027,2026-07-15 14:36:44,2026-07-15 14:36:44,SYSTEM_SEED,SYSTEM_SEED
VIC-01072,Ubika Soni,44,36-45,FEMALE,42963000000035020,2026-07-15 14:36:44,2026-07-15 14:36:44,SYSTEM_SEED,SYSTEM_SEED
VIC-01073,Kashish Sandhu,27,26-35,FEMALE,42963000000035039,2026-07-15 14:36:44,2026-07-15 14:36:44,SYSTEM_SEED,SYSTEM_SEED
VIC-01074,Nathan Bath,62,56-65,MALE,42963000000035028,2026-07-15 14:36:44,2026-07-15 14:36:44,SYSTEM_SEED,SYSTEM_SEED
VIC-01075,Puttaswamy Nayak,67,66-80,MALE,42963000000035040,2026-07-15 14:36:44,2026-07-15 14:36:44,SYSTEM_SEED,SYSTEM_SEED
VIC-01076,Gopalakrishna Bhat,41,36-45,MALE,42963000000035018,2026-07-15 14:36:44,2026-07-15 14:36:44,SYSTEM_SEED,SYSTEM_SEED
VIC-01077,Kiaan Doctor,20,18-25,MALE,42963000000035024,2026-07-15 14:36:44,2026-07-15 14:36:44,SYSTEM_SEED,SYSTEM_SEED
VIC-01078,Meghana Chahal,17,Under 18,FEMALE,42963000000035024,2026-07-15 14:36:44,2026-07-15 14:36:44,SYSTEM_SEED,SYSTEM_SEED
VIC-01079,Peter Goel,75,66-80,MALE,42963000000035022,2026-07-15 14:36:44,2026-07-15 14:36:44,SYSTEM_SEED,SYSTEM_SEED
VIC-01080,Sanaya Wadhwa,23,18-25,FEMALE,42963000000035037,2026-07-15 14:36:44,2026-07-15 14:36:44,SYSTEM_SEED,SYSTEM_SEED
VIC-01081,Puttaswamy Achar,53,46-55,MALE,42963000000035033,2026-07-15 14:36:44,2026-07-15 14:36:44,SYSTEM_SEED,SYSTEM_SEED
VIC-01082,Warjas Bhasin,5,Under 18,MALE,42963000000035018,2026-07-15 14:36:44,2026-07-15 14:36:44,SYSTEM_SEED,SYSTEM_SEED
VIC-01083,Thimmakka Devadiga,79,66-80,FEMALE,42963000000035021,2026-07-15 14:36:44,2026-07-15 14:36:44,SYSTEM_SEED,SYSTEM_SEED
VIC-01084,Parvatamma Bhat,49,46-55,FEMALE,42963000000035015,2026-07-15 14:36:44,2026-07-15 14:36:44,SYSTEM_SEED,SYSTEM_SEED
VIC-01085,William Ahuja,70,66-80,MALE,42963000000035019,2026-07-15 14:36:44,2026-07-15 14:36:44,SYSTEM_SEED,SYSTEM_SEED
VIC-01086,Pranit Dayal,41,36-45,MALE,42963000000035033,2026-07-15 14:36:44,2026-07-15 14:36:44,SYSTEM_SEED,SYSTEM_SEED
VIC-01087,Pushpalatha Gowda,36,36-45,FEMALE,42963000000035022,2026-07-15 14:36:44,2026-07-15 14:36:44,SYSTEM_SEED,SYSTEM_SEED
VIC-01088,Yasti Vyas,56,56-65,FEMALE,42963000000035040,2026-07-15 14:36:44,2026-07-15 14:36:44,SYSTEM_SEED,SYSTEM_SEED
VIC-01089,Suhani Gaba,46,46-55,FEMALE,42963000000035022,2026-07-15 14:36:44,2026-07-15 14:36:44,SYSTEM_SEED,SYSTEM_SEED
VIC-01090,Oni Sangha,26,26-35,FEMALE,42963000000035022,2026-07-15 14:36:44,2026-07-15 14:36:44,SYSTEM_SEED,SYSTEM_SEED
VIC-01091,Ayush Nair,9,Under 18,MALE,42963000000035037,2026-07-15 14:36:44,2026-07-15 14:36:44,SYSTEM_SEED,SYSTEM_SEED
VIC-01092,Sujathamma Nayak,57,56-65,FEMALE,42963000000035024,2026-07-15 14:36:44,2026-07-15 14:36:44,SYSTEM_SEED,SYSTEM_SEED
VIC-01093,Kaveri Rai,63,56-65,FEMALE,42963000000035040,2026-07-15 14:36:44,2026-07-15 14:36:44,SYSTEM_SEED,SYSTEM_SEED
VIC-01094,Thimmaiah Devadiga,36,36-45,MALE,42963000000035038,2026-07-15 14:36:44,2026-07-15 14:36:44,SYSTEM_SEED,SYSTEM_SEED
VIC-01095,Umang Yohannan,18,18-25,MALE,42963000000035036,2026-07-15 14:36:44,2026-07-15 14:36:44,SYSTEM_SEED,SYSTEM_SEED
VIC-01096,Logan Misra,60,56-65,MALE,42963000000035029,2026-07-15 14:36:44,2026-07-15 14:36:44,SYSTEM_SEED,SYSTEM_SEED
VIC-01097,Ekantika Tailor,36,36-45,FEMALE,42963000000035037,2026-07-15 14:36:44,2026-07-15 14:36:44,SYSTEM_SEED,SYSTEM_SEED
VIC-01098,Yashodhara Nazareth,36,36-45,FEMALE,42963000000035026,2026-07-15 14:36:44,2026-07-15 14:36:44,SYSTEM_SEED,SYSTEM_SEED
VIC-01099,Pallavi Sami,53,46-55,FEMALE,42963000000035024,2026-07-15 14:36:44,2026-07-15 14:36:44,SYSTEM_SEED,SYSTEM_SEED
VIC-01100,Yallappa Rai,13,Under 18,MALE,42963000000035024,2026-07-15 14:36:44,2026-07-15 14:36:44,SYSTEM_SEED,SYSTEM_SEED
VIC-01101,Pushpalatha Rai,53,46-55,FEMALE,42963000000035031,2026-07-15 14:36:44,2026-07-15 14:36:44,SYSTEM_SEED,SYSTEM_SEED
VIC-01102,Nathan Mani,75,66-80,MALE,42963000000035017,2026-07-15 14:36:44,2026-07-15 14:36:44,SYSTEM_SEED,SYSTEM_SEED
VIC-01103,Yashasvi Dave,57,56-65,FEMALE,42963000000035023,2026-07-15 14:36:44,2026-07-15 14:36:44,SYSTEM_SEED,SYSTEM_SEED
VIC-01104,Daniel Butala,2,Under 18,MALE,42963000000035022,2026-07-15 14:36:44,2026-07-15 14:36:44,SYSTEM_SEED,SYSTEM_SEED
VIC-01105,Lakshmamma Setty,19,18-25,FEMALE,42963000000035024,2026-07-15 14:36:44,2026-07-15 14:36:44,SYSTEM_SEED,SYSTEM_SEED
VIC-01106,Osha Bal,8,Under 18,FEMALE,42963000000035040,2026-07-15 14:36:44,2026-07-15 14:36:44,SYSTEM_SEED,SYSTEM_SEED
VIC-01107,Aarush Baral,80,66-80,MALE,42963000000035017,2026-07-15 14:36:44,2026-07-15 14:36:44,SYSTEM_SEED,SYSTEM_SEED
VIC-01108,Garima Mohanty,6,Under 18,FEMALE,42963000000035014,2026-07-15 14:36:44,2026-07-15 14:36:44,SYSTEM_SEED,SYSTEM_SEED
VIC-01109,Girijamma Rai,43,36-45,FEMALE,42963000000035027,2026-07-15 14:36:44,2026-07-15 14:36:44,SYSTEM_SEED,SYSTEM_SEED
VIC-01110,Ishwar Kata,46,46-55,MALE,42963000000035039,2026-07-15 14:36:44,2026-07-15 14:36:44,SYSTEM_SEED,SYSTEM_SEED
VIC-01111,Sureshgowda Urs,54,46-55,MALE,42963000000035042,2026-07-15 14:36:44,2026-07-15 14:36:44,SYSTEM_SEED,SYSTEM_SEED
VIC-01112,Jagat Deep,53,46-55,MALE,42963000000035023,2026-07-15 14:36:44,2026-07-15 14:36:44,SYSTEM_SEED,SYSTEM_SEED
VIC-01113,Yallappa Hegde,78,66-80,MALE,42963000000035022,2026-07-15 14:36:44,2026-07-15 14:36:44,SYSTEM_SEED,SYSTEM_SEED
VIC-01114,Gopalakrishna Devadiga,3,Under 18,MALE,42963000000035024,2026-07-15 14:36:44,2026-07-15 14:36:44,SYSTEM_SEED,SYSTEM_SEED
VIC-01115,Omaja Nadig,11,Under 18,FEMALE,42963000000035022,2026-07-15 14:36:44,2026-07-15 14:36:44,SYSTEM_SEED,SYSTEM_SEED
VIC-01116,Yallappa Devadiga,71,66-80,MALE,42963000000035021,2026-07-15 14:36:44,2026-07-15 14:36:44,SYSTEM_SEED,SYSTEM_SEED
VIC-01117,Ishita Ahluwalia,74,66-80,FEMALE,42963000000035018,2026-07-15 14:36:44,2026-07-15 14:36:44,SYSTEM_SEED,SYSTEM_SEED
VIC-01118,Onkar Srivastava,5,Under 18,MALE,42963000000035034,2026-07-15 14:36:44,2026-07-15 14:36:44,SYSTEM_SEED,SYSTEM_SEED
VIC-01119,Yutika Jani,53,46-55,FEMALE,42963000000035013,2026-07-15 14:36:44,2026-07-15 14:36:44,SYSTEM_SEED,SYSTEM_SEED
VIC-01120,Veeranna Poojary,3,Under 18,MALE,42963000000035042,2026-07-15 14:36:44,2026-07-15 14:36:44,SYSTEM_SEED,SYSTEM_SEED
VIC-01121,Lokesh Naik,76,66-80,MALE,42963000000035014,2026-07-15 14:36:44,2026-07-15 14:36:44,SYSTEM_SEED,SYSTEM_SEED
VIC-01122,Girijamma Urs,5,Under 18,FEMALE,42963000000035016,2026-07-15 14:36:44,2026-07-15 14:36:44,SYSTEM_SEED,SYSTEM_SEED
VIC-01123,Gavin Chaudhry,24,18-25,MALE,42963000000035032,2026-07-15 14:36:44,2026-07-15 14:36:44,SYSTEM_SEED,SYSTEM_SEED
VIC-01124,Nidra Mane,73,66-80,FEMALE,42963000000035024,2026-07-15 14:36:44,2026-07-15 14:36:44,SYSTEM_SEED,SYSTEM_SEED
VIC-01125,Reyansh Swaminathan,23,18-25,MALE,42963000000035039,2026-07-15 14:36:44,2026-07-15 14:36:44,SYSTEM_SEED,SYSTEM_SEED
VIC-01126,Zaid Kapadia,57,56-65,MALE,42963000000035025,2026-07-15 14:36:44,2026-07-15 14:36:44,SYSTEM_SEED,SYSTEM_SEED
VIC-01127,Sujathamma Bhat,78,66-80,FEMALE,42963000000035017,2026-07-15 14:36:44,2026-07-15 14:36:44,SYSTEM_SEED,SYSTEM_SEED
VIC-01128,Vanya Sastry,12,Under 18,FEMALE,42963000000035033,2026-07-15 14:36:44,2026-07-15 14:36:44,SYSTEM_SEED,SYSTEM_SEED
VIC-01129,Triveni Doctor,55,46-55,FEMALE,42963000000035022,2026-07-15 14:36:44,2026-07-15 14:36:44,SYSTEM_SEED,SYSTEM_SEED
VIC-01130,Gopalakrishna Naik,17,Under 18,MALE,42963000000035033,2026-07-15 14:36:44,2026-07-15 14:36:44,SYSTEM_SEED,SYSTEM_SEED
VIC-01131,Eiravati Peri,37,36-45,FEMALE,42963000000035017,2026-07-15 14:36:44,2026-07-15 14:36:44,SYSTEM_SEED,SYSTEM_SEED
VIC-01132,Akkamahadevi Shetty,61,56-65,FEMALE,42963000000035019,2026-07-15 14:36:44,2026-07-15 14:36:44,SYSTEM_SEED,SYSTEM_SEED
VIC-01133,Qarin Mani,59,56-65,MALE,42963000000035030,2026-07-15 14:36:44,2026-07-15 14:36:44,SYSTEM_SEED,SYSTEM_SEED
VIC-01134,Bhavya Vora,21,18-25,FEMALE,42963000000035033,2026-07-15 14:36:44,2026-07-15 14:36:44,SYSTEM_SEED,SYSTEM_SEED
VIC-01135,Harini Cherian,56,56-65,FEMALE,42963000000035028,2026-07-15 14:36:44,2026-07-15 14:36:44,SYSTEM_SEED,SYSTEM_SEED
VIC-01136,Yashodamma Naik,70,66-80,FEMALE,42963000000035024,2026-07-15 14:36:44,2026-07-15 14:36:44,SYSTEM_SEED,SYSTEM_SEED
VIC-01137,Ikshita Bhatnagar,39,36-45,FEMALE,42963000000035022,2026-07-15 14:36:44,2026-07-15 14:36:44,SYSTEM_SEED,SYSTEM_SEED
VIC-01138,Girijamma Poojary,39,36-45,FEMALE,42963000000035040,2026-07-15 14:36:44,2026-07-15 14:36:44,SYSTEM_SEED,SYSTEM_SEED
VIC-01139,Pushpalatha Rai,72,66-80,FEMALE,42963000000035029,2026-07-15 14:36:44,2026-07-15 14:36:44,SYSTEM_SEED,SYSTEM_SEED
VIC-01140,Nagaraj Gowda,55,46-55,MALE,42963000000035022,2026-07-15 14:36:44,2026-07-15 14:36:44,SYSTEM_SEED,SYSTEM_SEED
VIC-01141,Harish Dhar,19,18-25,MALE,42963000000035029,2026-07-15 14:36:44,2026-07-15 14:36:44,SYSTEM_SEED,SYSTEM_SEED
VIC-01142,Niharika Chanda,72,66-80,FEMALE,42963000000035035,2026-07-15 14:36:44,2026-07-15 14:36:44,SYSTEM_SEED,SYSTEM_SEED
VIC-01143,Saanvi Anand,75,66-80,FEMALE,42963000000035022,2026-07-15 14:36:44,2026-07-15 14:36:44,SYSTEM_SEED,SYSTEM_SEED
VIC-01144,Jason Sagar,66,66-80,MALE,42963000000035014,2026-07-15 14:36:44,2026-07-15 14:36:44,SYSTEM_SEED,SYSTEM_SEED
VIC-01145,Yash Dutta,68,66-80,MALE,42963000000035016,2026-07-15 14:36:44,2026-07-15 14:36:44,SYSTEM_SEED,SYSTEM_SEED
VIC-01146,Veeranna Devadiga,18,18-25,MALE,42963000000035018,2026-07-15 14:36:44,2026-07-15 14:36:44,SYSTEM_SEED,SYSTEM_SEED
VIC-01147,Lokesh Poojary,17,Under 18,MALE,42963000000035017,2026-07-15 14:36:44,2026-07-15 14:36:44,SYSTEM_SEED,SYSTEM_SEED
VIC-01148,Savitramma Nayak,62,56-65,FEMALE,42963000000035033,2026-07-15 14:36:44,2026-07-15 14:36:44,SYSTEM_SEED,SYSTEM_SEED
VIC-01149,Vedika Pai,8,Under 18,FEMALE,42963000000035017,2026-07-15 14:36:44,2026-07-15 14:36:44,SYSTEM_SEED,SYSTEM_SEED
VIC-01150,Zinal Gandhi,38,36-45,FEMALE,42963000000035033,2026-07-15 14:36:44,2026-07-15 14:36:44,SYSTEM_SEED,SYSTEM_SEED
VIC-01151,Tamanna Venkataraman,31,26-35,FEMALE,42963000000035014,2026-07-15 14:36:44,2026-07-15 14:36:44,SYSTEM_SEED,SYSTEM_SEED
VIC-01152,Vasatika Goel,41,36-45,FEMALE,42963000000035028,2026-07-15 14:36:44,2026-07-15 14:36:44,SYSTEM_SEED,SYSTEM_SEED
VIC-01153,Pushti Srinivasan,57,56-65,FEMALE,42963000000035031,2026-07-15 14:36:44,2026-07-15 14:36:44,SYSTEM_SEED,SYSTEM_SEED
VIC-01154,Raghavendra Rai,58,56-65,MALE,42963000000035024,2026-07-15 14:36:44,2026-07-15 14:36:44,SYSTEM_SEED,SYSTEM_SEED
VIC-01155,Naveen Lad,8,Under 18,MALE,42963000000035036,2026-07-15 14:36:44,2026-07-15 14:36:44,SYSTEM_SEED,SYSTEM_SEED
VIC-01156,Lila Sule,61,56-65,FEMALE,42963000000035030,2026-07-15 14:36:44,2026-07-15 14:36:44,SYSTEM_SEED,SYSTEM_SEED
VIC-01157,Sachi Dubey,77,66-80,FEMALE,42963000000035019,2026-07-15 14:36:44,2026-07-15 14:36:44,SYSTEM_SEED,SYSTEM_SEED
VIC-01158,Omaja Dhar,21,18-25,FEMALE,42963000000035024,2026-07-15 14:36:44,2026-07-15 14:36:44,SYSTEM_SEED,SYSTEM_SEED
VIC-01159,Nagaveni Setty,32,26-35,FEMALE,42963000000035041,2026-07-15 14:36:44,2026-07-15 14:36:44,SYSTEM_SEED,SYSTEM_SEED
VIC-01160,Gopalakrishna Nayak,32,26-35,MALE,42963000000035016,2026-07-15 14:36:44,2026-07-15 14:36:44,SYSTEM_SEED,SYSTEM_SEED
VIC-01161,Yashodhara Setty,65,56-65,FEMALE,42963000000035023,2026-07-15 14:36:44,2026-07-15 14:36:44,SYSTEM_SEED,SYSTEM_SEED
VIC-01162,Puttaswamy Hegde,12,Under 18,MALE,42963000000035037,2026-07-15 14:36:44,2026-07-15 14:36:44,SYSTEM_SEED,SYSTEM_SEED
VIC-01163,Kavya Chaudry,80,66-80,FEMALE,42963000000035027,2026-07-15 14:36:44,2026-07-15 14:36:44,SYSTEM_SEED,SYSTEM_SEED
VIC-01164,Gangamma Poojary,2,Under 18,FEMALE,42963000000035035,2026-07-15 14:36:44,2026-07-15 14:36:44,SYSTEM_SEED,SYSTEM_SEED
VIC-01165,Chandrakala Nayak,28,26-35,FEMALE,42963000000035021,2026-07-15 14:36:44,2026-07-15 14:36:44,SYSTEM_SEED,SYSTEM_SEED
VIC-01166,Avi Gopal,33,26-35,MALE,42963000000035042,2026-07-15 14:36:44,2026-07-15 14:36:44,SYSTEM_SEED,SYSTEM_SEED
VIC-01167,Dipta Singh,72,66-80,FEMALE,42963000000035024,2026-07-15 14:36:44,2026-07-15 14:36:44,SYSTEM_SEED,SYSTEM_SEED
VIC-01168,Sureshgowda Nayak,52,46-55,MALE,42963000000035033,2026-07-15 14:36:44,2026-07-15 14:36:44,SYSTEM_SEED,SYSTEM_SEED
VIC-01169,Azad Shankar,75,66-80,MALE,42963000000035032,2026-07-15 14:36:44,2026-07-15 14:36:44,SYSTEM_SEED,SYSTEM_SEED
VIC-01170,Chandrashekar Urs,16,Under 18,MALE,42963000000035017,2026-07-15 14:36:44,2026-07-15 14:36:44,SYSTEM_SEED,SYSTEM_SEED
VIC-01171,Hardik Savant,64,56-65,MALE,42963000000035029,2026-07-15 14:36:44,2026-07-15 14:36:44,SYSTEM_SEED,SYSTEM_SEED
VIC-01172,Girijamma Hegde,62,56-65,FEMALE,42963000000035013,2026-07-15 14:36:44,2026-07-15 14:36:44,SYSTEM_SEED,SYSTEM_SEED
VIC-01173,Idika Balakrishnan,67,66-80,FEMALE,42963000000035019,2026-07-15 14:36:44,2026-07-15 14:36:44,SYSTEM_SEED,SYSTEM_SEED
VIC-01174,Girijamma Gowda,37,36-45,FEMALE,42963000000035028,2026-07-15 14:36:44,2026-07-15 14:36:44,SYSTEM_SEED,SYSTEM_SEED
VIC-01175,Kaveri Rai,42,36-45,FEMALE,42963000000035036,2026-07-15 14:36:44,2026-07-15 14:36:44,SYSTEM_SEED,SYSTEM_SEED
VIC-01176,Gavin Gera,78,66-80,MALE,42963000000035029,2026-07-15 14:36:44,2026-07-15 14:36:44,SYSTEM_SEED,SYSTEM_SEED
VIC-01177,Basavaraj Nayak,37,36-45,MALE,42963000000035017,2026-07-15 14:36:44,2026-07-15 14:36:44,SYSTEM_SEED,SYSTEM_SEED
VIC-01178,Bhagyalakshmi Reddy,61,56-65,FEMALE,42963000000035024,2026-07-15 14:36:44,2026-07-15 14:36:44,SYSTEM_SEED,SYSTEM_SEED
VIC-01179,Hredhaan Sabharwal,9,Under 18,MALE,42963000000035012,2026-07-15 14:36:44,2026-07-15 14:36:44,SYSTEM_SEED,SYSTEM_SEED
VIC-01180,Lakshmamma Kulkarni,17,Under 18,FEMALE,42963000000035015,2026-07-15 14:36:44,2026-07-15 14:36:44,SYSTEM_SEED,SYSTEM_SEED
VIC-01181,Jayamma Gowda,58,56-65,FEMALE,42963000000035015,2026-07-15 14:36:44,2026-07-15 14:36:44,SYSTEM_SEED,SYSTEM_SEED
VIC-01182,Chandresh Sane,36,36-45,MALE,42963000000035018,2026-07-15 14:36:44,2026-07-15 14:36:44,SYSTEM_SEED,SYSTEM_SEED
VIC-01183,Baljiwan Mitter,31,26-35,MALE,42963000000035034,2026-07-15 14:36:44,2026-07-15 14:36:44,SYSTEM_SEED,SYSTEM_SEED
VIC-01184,Lokesh Reddy,52,46-55,MALE,42963000000035022,2026-07-15 14:36:44,2026-07-15 14:36:44,SYSTEM_SEED,SYSTEM_SEED
VIC-01185,Akkamahadevi Reddy,11,Under 18,FEMALE,42963000000035039,2026-07-15 14:36:44,2026-07-15 14:36:44,SYSTEM_SEED,SYSTEM_SEED
VIC-01186,Jayamma Reddy,18,18-25,FEMALE,42963000000035018,2026-07-15 14:36:44,2026-07-15 14:36:44,SYSTEM_SEED,SYSTEM_SEED
VIC-01187,Ekbal Khalsa,58,56-65,MALE,42963000000035040,2026-07-15 14:36:44,2026-07-15 14:36:44,SYSTEM_SEED,SYSTEM_SEED
VIC-01188,Omaja Patla,51,46-55,FEMALE,42963000000035029,2026-07-15 14:36:44,2026-07-15 14:36:44,SYSTEM_SEED,SYSTEM_SEED
VIC-01189,Akkamahadevi Rai,18,18-25,FEMALE,42963000000035024,2026-07-15 14:36:44,2026-07-15 14:36:44,SYSTEM_SEED,SYSTEM_SEED
VIC-01190,Harsh Nagarajan,55,46-55,MALE,42963000000035026,2026-07-15 14:36:44,2026-07-15 14:36:44,SYSTEM_SEED,SYSTEM_SEED
VIC-01191,Kiaan Sahni,0,Under 18,MALE,42963000000035021,2026-07-15 14:36:44,2026-07-15 14:36:44,SYSTEM_SEED,SYSTEM_SEED
VIC-01192,Yash Sheth,22,18-25,MALE,42963000000035014,2026-07-15 14:36:44,2026-07-15 14:36:44,SYSTEM_SEED,SYSTEM_SEED
VIC-01193,Imaran Edwin,58,56-65,MALE,42963000000035037,2026-07-15 14:36:44,2026-07-15 14:36:44,SYSTEM_SEED,SYSTEM_SEED
VIC-01194,Maanav Kota,30,26-35,MALE,42963000000035022,2026-07-15 14:36:44,2026-07-15 14:36:44,SYSTEM_SEED,SYSTEM_SEED
VIC-01195,Raghavendra Shetty,29,26-35,MALE,42963000000035033,2026-07-15 14:36:44,2026-07-15 14:36:44,SYSTEM_SEED,SYSTEM_SEED
VIC-01196,Osha Lal,67,66-80,FEMALE,42963000000035019,2026-07-15 14:36:44,2026-07-15 14:36:44,SYSTEM_SEED,SYSTEM_SEED
VIC-01197,Zaid Dada,53,46-55,MALE,42963000000035021,2026-07-15 14:36:44,2026-07-15 14:36:44,SYSTEM_SEED,SYSTEM_SEED
VIC-01198,Udant Sarna,74,66-80,MALE,42963000000035020,2026-07-15 14:36:44,2026-07-15 14:36:44,SYSTEM_SEED,SYSTEM_SEED
VIC-01199,Ravindranath Nayak,67,66-80,MALE,42963000000035018,2026-07-15 14:36:44,2026-07-15 14:36:44,SYSTEM_SEED,SYSTEM_SEED
VIC-01200,Idika Ghosh,33,26-35,FEMALE,42963000000035023,2026-07-15 14:36:44,2026-07-15 14:36:44,SYSTEM_SEED,SYSTEM_SEED
VIC-01201,Chandrashekar Shetty,42,36-45,MALE,42963000000035033,2026-07-15 14:36:44,2026-07-15 14:36:44,SYSTEM_SEED,SYSTEM_SEED
VIC-01202,Prakash Bhat,8,Under 18,MALE,42963000000035037,2026-07-15 14:36:44,2026-07-15 14:36:44,SYSTEM_SEED,SYSTEM_SEED
VIC-01203,Girijamma Poojary,64,56-65,FEMALE,42963000000035013,2026-07-15 14:36:44,2026-07-15 14:36:44,SYSTEM_SEED,SYSTEM_SEED
VIC-01204,Bhavya Edwin,24,18-25,FEMALE,42963000000035020,2026-07-15 14:36:44,2026-07-15 14:36:44,SYSTEM_SEED,SYSTEM_SEED
VIC-01205,Noah Koshy,28,26-35,MALE,42963000000035042,2026-07-15 14:36:44,2026-07-15 14:36:44,SYSTEM_SEED,SYSTEM_SEED
VIC-01206,Zansi Tank,0,Under 18,FEMALE,42963000000035021,2026-07-15 14:36:44,2026-07-15 14:36:44,SYSTEM_SEED,SYSTEM_SEED
VIC-01207,Veeranna Shetty,24,18-25,MALE,42963000000035024,2026-07-15 14:36:44,2026-07-15 14:36:44,SYSTEM_SEED,SYSTEM_SEED
VIC-01208,Sujathamma Gowda,15,Under 18,FEMALE,42963000000035022,2026-07-15 14:36:44,2026-07-15 14:36:44,SYSTEM_SEED,SYSTEM_SEED
VIC-01209,Nagaveni Devadiga,18,18-25,FEMALE,42963000000035015,2026-07-15 14:36:44,2026-07-15 14:36:44,SYSTEM_SEED,SYSTEM_SEED
VIC-01210,Channabasappa Naik,7,Under 18,MALE,42963000000035016,2026-07-15 14:36:44,2026-07-15 14:36:44,SYSTEM_SEED,SYSTEM_SEED
VIC-01211,Hredhaan Swaminathan,70,66-80,MALE,42963000000035038,2026-07-15 14:36:44,2026-07-15 14:36:44,SYSTEM_SEED,SYSTEM_SEED
VIC-01212,Vasanthamma Rai,80,66-80,FEMALE,42963000000035035,2026-07-15 14:36:44,2026-07-15 14:36:44,SYSTEM_SEED,SYSTEM_SEED
VIC-01213,Sujathamma Rai,48,46-55,FEMALE,42963000000035025,2026-07-15 14:36:44,2026-07-15 14:36:44,SYSTEM_SEED,SYSTEM_SEED
VIC-01214,Ekapad Venkataraman,4,Under 18,MALE,42963000000035022,2026-07-15 14:36:44,2026-07-15 14:36:44,SYSTEM_SEED,SYSTEM_SEED
VIC-01215,Gopalakrishna Gowda,30,26-35,MALE,42963000000035041,2026-07-15 14:36:44,2026-07-15 14:36:44,SYSTEM_SEED,SYSTEM_SEED
VIC-01216,Dhruv Dixit,44,36-45,MALE,42963000000035033,2026-07-15 14:36:44,2026-07-15 14:36:44,SYSTEM_SEED,SYSTEM_SEED
VIC-01217,Gopalakrishna Devadiga,77,66-80,MALE,42963000000035033,2026-07-15 14:36:44,2026-07-15 14:36:44,SYSTEM_SEED,SYSTEM_SEED
VIC-01218,Sunandamma Gowda,75,66-80,FEMALE,42963000000035017,2026-07-15 14:36:44,2026-07-15 14:36:44,SYSTEM_SEED,SYSTEM_SEED
VIC-01219,Chavvi Desai,66,66-80,FEMALE,42963000000035028,2026-07-15 14:36:44,2026-07-15 14:36:44,SYSTEM_SEED,SYSTEM_SEED
VIC-01220,Sneha Bhagat,5,Under 18,FEMALE,42963000000035022,2026-07-15 14:36:44,2026-07-15 14:36:44,SYSTEM_SEED,SYSTEM_SEED
VIC-01221,Harini Barad,45,36-45,FEMALE,42963000000035036,2026-07-15 14:36:44,2026-07-15 14:36:44,SYSTEM_SEED,SYSTEM_SEED
VIC-01222,Libni Suresh,47,46-55,FEMALE,42963000000035024,2026-07-15 14:36:44,2026-07-15 14:36:44,SYSTEM_SEED,SYSTEM_SEED
VIC-01223,Zayan Toor,48,46-55,MALE,42963000000035037,2026-07-15 14:36:44,2026-07-15 14:36:44,SYSTEM_SEED,SYSTEM_SEED
VIC-01224,Owen Kade,50,46-55,MALE,42963000000035016,2026-07-15 14:36:44,2026-07-15 14:36:44,SYSTEM_SEED,SYSTEM_SEED
VIC-01225,Pranav Goyal,41,36-45,MALE,42963000000035023,2026-07-15 14:36:44,2026-07-15 14:36:44,SYSTEM_SEED,SYSTEM_SEED
VIC-01226,Ronith Bhat,74,66-80,MALE,42963000000035031,2026-07-15 14:36:44,2026-07-15 14:36:44,SYSTEM_SEED,SYSTEM_SEED
VIC-01227,Isha Badal,16,Under 18,FEMALE,42963000000035042,2026-07-15 14:36:44,2026-07-15 14:36:44,SYSTEM_SEED,SYSTEM_SEED
VIC-01228,Nidhi Keer,8,Under 18,FEMALE,42963000000035016,2026-07-15 14:36:44,2026-07-15 14:36:44,SYSTEM_SEED,SYSTEM_SEED
VIC-01229,Banjeet Nagi,2,Under 18,MALE,42963000000035033,2026-07-15 14:36:44,2026-07-15 14:36:44,SYSTEM_SEED,SYSTEM_SEED
VIC-01230,Victor Bhavsar,28,26-35,MALE,42963000000035024,2026-07-15 14:36:44,2026-07-15 14:36:44,SYSTEM_SEED,SYSTEM_SEED
VIC-01231,Finn Kade,8,Under 18,MALE,42963000000035028,2026-07-15 14:36:44,2026-07-15 14:36:44,SYSTEM_SEED,SYSTEM_SEED
VIC-01232,Lokesh Naik,8,Under 18,MALE,42963000000035030,2026-07-15 14:36:44,2026-07-15 14:36:44,SYSTEM_SEED,SYSTEM_SEED
VIC-01233,Advay Dixit,63,56-65,MALE,42963000000035032,2026-07-15 14:36:44,2026-07-15 14:36:44,SYSTEM_SEED,SYSTEM_SEED
VIC-01234,Priya Bajwa,44,36-45,FEMALE,42963000000035040,2026-07-15 14:36:44,2026-07-15 14:36:44,SYSTEM_SEED,SYSTEM_SEED
VIC-01235,Yallappa Devadiga,62,56-65,MALE,42963000000035036,2026-07-15 14:36:44,2026-07-15 14:36:44,SYSTEM_SEED,SYSTEM_SEED
VIC-01236,Max Issac,17,Under 18,MALE,42963000000035032,2026-07-15 14:36:44,2026-07-15 14:36:44,SYSTEM_SEED,SYSTEM_SEED
VIC-01237,Manya Vaidya,12,Under 18,FEMALE,42963000000035015,2026-07-15 14:36:44,2026-07-15 14:36:44,SYSTEM_SEED,SYSTEM_SEED
VIC-01238,Barkha Hegde,76,66-80,FEMALE,42963000000035039,2026-07-15 14:36:44,2026-07-15 14:36:44,SYSTEM_SEED,SYSTEM_SEED
VIC-01239,Triya Singhal,62,56-65,FEMALE,42963000000035024,2026-07-15 14:36:44,2026-07-15 14:36:44,SYSTEM_SEED,SYSTEM_SEED
VIC-01240,Henry Tata,46,46-55,MALE,42963000000035022,2026-07-15 14:36:44,2026-07-15 14:36:44,SYSTEM_SEED,SYSTEM_SEED
VIC-01241,Deepa Dhillon,21,18-25,FEMALE,42963000000035016,2026-07-15 14:36:44,2026-07-15 14:36:44,SYSTEM_SEED,SYSTEM_SEED
VIC-01242,Arunima Dora,15,Under 18,FEMALE,42963000000035041,2026-07-15 14:36:44,2026-07-15 14:36:44,SYSTEM_SEED,SYSTEM_SEED
VIC-01243,Devika Johal,72,66-80,FEMALE,42963000000035040,2026-07-15 14:36:44,2026-07-15 14:36:44,SYSTEM_SEED,SYSTEM_SEED
VIC-01244,Chandrashekar Devadiga,67,66-80,MALE,42963000000035034,2026-07-15 14:36:44,2026-07-15 14:36:44,SYSTEM_SEED,SYSTEM_SEED
VIC-01245,Dhriti Sharma,45,36-45,FEMALE,42963000000035015,2026-07-15 14:36:44,2026-07-15 14:36:44,SYSTEM_SEED,SYSTEM_SEED
VIC-01246,Vasanthamma Hegde,67,66-80,FEMALE,42963000000035023,2026-07-15 14:36:44,2026-07-15 14:36:44,SYSTEM_SEED,SYSTEM_SEED
VIC-01247,Viraj Dewan,70,66-80,MALE,42963000000035016,2026-07-15 14:36:44,2026-07-15 14:36:44,SYSTEM_SEED,SYSTEM_SEED
VIC-01248,Deepa Chakraborty,63,56-65,FEMALE,42963000000035019,2026-07-15 14:36:44,2026-07-15 14:36:44,SYSTEM_SEED,SYSTEM_SEED
VIC-01249,Channabasappa Achar,36,36-45,MALE,42963000000035024,2026-07-15 14:36:44,2026-07-15 14:36:44,SYSTEM_SEED,SYSTEM_SEED
VIC-01250,Mahadevi Rai,42,36-45,FEMALE,42963000000035031,2026-07-15 14:36:44,2026-07-15 14:36:44,SYSTEM_SEED,SYSTEM_SEED
VIC-01251,Dayita Raja,49,46-55,FEMALE,42963000000035028,2026-07-15 14:36:44,2026-07-15 14:36:44,SYSTEM_SEED,SYSTEM_SEED
VIC-01252,Charles Dayal,22,18-25,MALE,42963000000035022,2026-07-15 14:36:44,2026-07-15 14:36:44,SYSTEM_SEED,SYSTEM_SEED
VIC-01253,Anvi Dara,78,66-80,FEMALE,42963000000035017,2026-07-15 14:36:44,2026-07-15 14:36:44,SYSTEM_SEED,SYSTEM_SEED
VIC-01254,Sureshgowda Hegde,54,46-55,MALE,42963000000035030,2026-07-15 14:36:44,2026-07-15 14:36:44,SYSTEM_SEED,SYSTEM_SEED
VIC-01255,Vansha Deshpande,73,66-80,FEMALE,42963000000035015,2026-07-15 14:36:44,2026-07-15 14:36:44,SYSTEM_SEED,SYSTEM_SEED
VIC-01256,Bhagyalakshmi Poojary,73,66-80,FEMALE,42963000000035017,2026-07-15 14:36:44,2026-07-15 14:36:44,SYSTEM_SEED,SYSTEM_SEED
VIC-01257,Zarna Sarma,80,66-80,FEMALE,42963000000035014,2026-07-15 14:36:44,2026-07-15 14:36:44,SYSTEM_SEED,SYSTEM_SEED
VIC-01258,Ira Kala,5,Under 18,FEMALE,42963000000035021,2026-07-15 14:36:44,2026-07-15 14:36:44,SYSTEM_SEED,SYSTEM_SEED
VIC-01259,Mahadevi Rai,65,56-65,FEMALE,42963000000035034,2026-07-15 14:36:44,2026-07-15 14:36:44,SYSTEM_SEED,SYSTEM_SEED
VIC-01260,Channabasappa Nayak,42,36-45,MALE,42963000000035016,2026-07-15 14:36:44,2026-07-15 14:36:44,SYSTEM_SEED,SYSTEM_SEED
VIC-01261,Thimmakka Hegde,35,26-35,FEMALE,42963000000035033,2026-07-15 14:36:44,2026-07-15 14:36:44,SYSTEM_SEED,SYSTEM_SEED
VIC-01262,Manan Hans,14,Under 18,MALE,42963000000035017,2026-07-15 14:36:44,2026-07-15 14:36:44,SYSTEM_SEED,SYSTEM_SEED
VIC-01263,Mahadevi Achar,75,66-80,FEMALE,42963000000035017,2026-07-15 14:36:44,2026-07-15 14:36:44,SYSTEM_SEED,SYSTEM_SEED
VIC-01264,Ranveer Nazareth,21,18-25,MALE,42963000000035034,2026-07-15 14:36:44,2026-07-15 14:36:44,SYSTEM_SEED,SYSTEM_SEED
VIC-01265,Abha Gola,10,Under 18,FEMALE,42963000000035024,2026-07-15 14:36:44,2026-07-15 14:36:44,SYSTEM_SEED,SYSTEM_SEED
VIC-01266,Matthew Verma,42,36-45,MALE,42963000000035039,2026-07-15 14:36:44,2026-07-15 14:36:44,SYSTEM_SEED,SYSTEM_SEED
VIC-01267,Bhagyalakshmi Rai,72,66-80,FEMALE,42963000000035030,2026-07-15 14:36:44,2026-07-15 14:36:44,SYSTEM_SEED,SYSTEM_SEED
VIC-01268,Falguni Manda,41,36-45,FEMALE,42963000000035041,2026-07-15 14:36:44,2026-07-15 14:36:44,SYSTEM_SEED,SYSTEM_SEED
VIC-01269,Jayamma Nayak,72,66-80,FEMALE,42963000000035014,2026-07-15 14:36:44,2026-07-15 14:36:44,SYSTEM_SEED,SYSTEM_SEED
VIC-01270,Mahadevi Bhat,38,36-45,FEMALE,42963000000035017,2026-07-15 14:36:44,2026-07-15 14:36:44,SYSTEM_SEED,SYSTEM_SEED
VIC-01271,Daksha Chana,9,Under 18,FEMALE,42963000000035014,2026-07-15 14:36:44,2026-07-15 14:36:44,SYSTEM_SEED,SYSTEM_SEED
VIC-01272,Advay Rana,4,Under 18,MALE,42963000000035037,2026-07-15 14:36:44,2026-07-15 14:36:44,SYSTEM_SEED,SYSTEM_SEED
VIC-01273,Pahal Anand,58,56-65,FEMALE,42963000000035016,2026-07-15 14:36:44,2026-07-15 14:36:44,SYSTEM_SEED,SYSTEM_SEED
VIC-01274,Ekani Doctor,24,18-25,FEMALE,42963000000035022,2026-07-15 14:36:44,2026-07-15 14:36:44,SYSTEM_SEED,SYSTEM_SEED
VIC-01275,Raghav Dave,45,36-45,MALE,42963000000035042,2026-07-15 14:36:44,2026-07-15 14:36:44,SYSTEM_SEED,SYSTEM_SEED
VIC-01276,Gunbir Peri,32,26-35,MALE,42963000000035017,2026-07-15 14:36:44,2026-07-15 14:36:44,SYSTEM_SEED,SYSTEM_SEED
VIC-01277,Sachi Bhatti,48,46-55,FEMALE,42963000000035038,2026-07-15 14:36:44,2026-07-15 14:36:44,SYSTEM_SEED,SYSTEM_SEED
VIC-01278,Yashodamma Setty,66,66-80,FEMALE,42963000000035026,2026-07-15 14:36:44,2026-07-15 14:36:44,SYSTEM_SEED,SYSTEM_SEED
VIC-01279,Gangamma Gowda,34,26-35,FEMALE,42963000000035018,2026-07-15 14:36:44,2026-07-15 14:36:44,SYSTEM_SEED,SYSTEM_SEED
VIC-01280,Hredhaan Pai,8,Under 18,MALE,42963000000035012,2026-07-15 14:36:44,2026-07-15 14:36:44,SYSTEM_SEED,SYSTEM_SEED
VIC-01281,Yallappa Naik,75,66-80,MALE,42963000000035024,2026-07-15 14:36:44,2026-07-15 14:36:44,SYSTEM_SEED,SYSTEM_SEED
VIC-01282,Thimmaiah Setty,14,Under 18,MALE,42963000000035039,2026-07-15 14:36:44,2026-07-15 14:36:44,SYSTEM_SEED,SYSTEM_SEED
VIC-01283,Yadavi Badal,9,Under 18,FEMALE,42963000000035024,2026-07-15 14:36:44,2026-07-15 14:36:44,SYSTEM_SEED,SYSTEM_SEED
VIC-01284,Ishwar Setty,79,66-80,MALE,42963000000035030,2026-07-15 14:36:44,2026-07-15 14:36:44,SYSTEM_SEED,SYSTEM_SEED
VIC-01285,Ekta Majumdar,80,66-80,FEMALE,42963000000035028,2026-07-15 14:36:44,2026-07-15 14:36:44,SYSTEM_SEED,SYSTEM_SEED
VIC-01286,Unnati Parmer,41,36-45,FEMALE,42963000000035017,2026-07-15 14:36:44,2026-07-15 14:36:44,SYSTEM_SEED,SYSTEM_SEED
VIC-01287,Rajeshri Ram,9,Under 18,FEMALE,42963000000035015,2026-07-15 14:36:44,2026-07-15 14:36:44,SYSTEM_SEED,SYSTEM_SEED
VIC-01288,Eiravati Kala,4,Under 18,FEMALE,42963000000035037,2026-07-15 14:36:44,2026-07-15 14:36:44,SYSTEM_SEED,SYSTEM_SEED
VIC-01289,Kai Borde,50,46-55,MALE,42963000000035014,2026-07-15 14:36:44,2026-07-15 14:36:44,SYSTEM_SEED,SYSTEM_SEED
VIC-01290,Prakash Kulkarni,52,46-55,MALE,42963000000035020,2026-07-15 14:36:44,2026-07-15 14:36:44,SYSTEM_SEED,SYSTEM_SEED
VIC-01291,Amara Dhaliwal,42,36-45,FEMALE,42963000000035039,2026-07-15 14:36:44,2026-07-15 14:36:44,SYSTEM_SEED,SYSTEM_SEED
VIC-01292,Avi Sami,20,18-25,MALE,42963000000035012,2026-07-15 14:36:44,2026-07-15 14:36:44,SYSTEM_SEED,SYSTEM_SEED
VIC-01293,Radhika Edwin,29,26-35,FEMALE,42963000000035022,2026-07-15 14:36:44,2026-07-15 14:36:44,SYSTEM_SEED,SYSTEM_SEED
VIC-01294,Manjunath Achar,79,66-80,MALE,42963000000035033,2026-07-15 14:36:44,2026-07-15 14:36:44,SYSTEM_SEED,SYSTEM_SEED
VIC-01295,Jack Talwar,36,36-45,MALE,42963000000035012,2026-07-15 14:36:44,2026-07-15 14:36:44,SYSTEM_SEED,SYSTEM_SEED
VIC-01296,Ravindranath Gowda,31,26-35,MALE,42963000000035031,2026-07-15 14:36:44,2026-07-15 14:36:44,SYSTEM_SEED,SYSTEM_SEED
VIC-01297,Bhanumati Ganesan,79,66-80,FEMALE,42963000000035039,2026-07-15 14:36:44,2026-07-15 14:36:44,SYSTEM_SEED,SYSTEM_SEED
VIC-01298,Timothy Chada,6,Under 18,MALE,42963000000035033,2026-07-15 14:36:44,2026-07-15 14:36:44,SYSTEM_SEED,SYSTEM_SEED
VIC-01299,Yallappa Setty,31,26-35,MALE,42963000000035040,2026-07-15 14:36:44,2026-07-15 14:36:44,SYSTEM_SEED,SYSTEM_SEED
VIC-01300,Gopalakrishna Shetty,45,36-45,MALE,42963000000035015,2026-07-15 14:36:44,2026-07-15 14:36:44,SYSTEM_SEED,SYSTEM_SEED
VIC-01301,Tanay Bains,80,66-80,MALE,42963000000035033,2026-07-15 14:36:44,2026-07-15 14:36:44,SYSTEM_SEED,SYSTEM_SEED
VIC-01302,Harish Devadiga,0,Under 18,MALE,42963000000035039,2026-07-15 14:36:44,2026-07-15 14:36:44,SYSTEM_SEED,SYSTEM_SEED
VIC-01303,Jhalak De,43,36-45,FEMALE,42963000000035022,2026-07-15 14:36:44,2026-07-15 14:36:44,SYSTEM_SEED,SYSTEM_SEED
VIC-01304,Megha Wali,77,66-80,FEMALE,42963000000035022,2026-07-15 14:36:44,2026-07-15 14:36:44,SYSTEM_SEED,SYSTEM_SEED
VIC-01305,Lakshmamma Poojary,10,Under 18,FEMALE,42963000000035025,2026-07-15 14:36:44,2026-07-15 14:36:44,SYSTEM_SEED,SYSTEM_SEED
VIC-01306,Pavani Nagarajan,25,18-25,FEMALE,42963000000035024,2026-07-15 14:36:44,2026-07-15 14:36:44,SYSTEM_SEED,SYSTEM_SEED
VIC-01307,Gauri Amble,1,Under 18,FEMALE,42963000000035016,2026-07-15 14:36:44,2026-07-15 14:36:44,SYSTEM_SEED,SYSTEM_SEED
VIC-01308,Shivakumar Urs,76,66-80,MALE,42963000000035034,2026-07-15 14:36:44,2026-07-15 14:36:44,SYSTEM_SEED,SYSTEM_SEED
VIC-01309,Mekhala Bali,40,36-45,FEMALE,42963000000035026,2026-07-15 14:36:44,2026-07-15 14:36:44,SYSTEM_SEED,SYSTEM_SEED
VIC-01310,Bhanumati Dash,12,Under 18,FEMALE,42963000000035031,2026-07-15 14:36:44,2026-07-15 14:36:44,SYSTEM_SEED,SYSTEM_SEED
VIC-01311,Parvatamma Achar,72,66-80,FEMALE,42963000000035014,2026-07-15 14:36:44,2026-07-15 14:36:44,SYSTEM_SEED,SYSTEM_SEED
VIC-01312,Pratyush Ravi,22,18-25,MALE,42963000000035016,2026-07-15 14:36:44,2026-07-15 14:36:44,SYSTEM_SEED,SYSTEM_SEED
VIC-01313,Upkaar Pillay,13,Under 18,MALE,42963000000035030,2026-07-15 14:36:44,2026-07-15 14:36:44,SYSTEM_SEED,SYSTEM_SEED
VIC-01314,Prakash Gowda,77,66-80,MALE,42963000000035019,2026-07-15 14:36:44,2026-07-15 14:36:44,SYSTEM_SEED,SYSTEM_SEED
VIC-01315,Nikita Bhattacharyya,10,Under 18,FEMALE,42963000000035017,2026-07-15 14:36:44,2026-07-15 14:36:44,SYSTEM_SEED,SYSTEM_SEED
VIC-01316,Timothy Pall,50,46-55,MALE,42963000000035039,2026-07-15 14:36:44,2026-07-15 14:36:44,SYSTEM_SEED,SYSTEM_SEED
VIC-01317,Akkamahadevi Hegde,36,36-45,FEMALE,42963000000035037,2026-07-15 14:36:44,2026-07-15 14:36:44,SYSTEM_SEED,SYSTEM_SEED
VIC-01318,Prakash Gowda,20,18-25,MALE,42963000000035035,2026-07-15 14:36:44,2026-07-15 14:36:44,SYSTEM_SEED,SYSTEM_SEED
VIC-01319,Meghana Sandal,19,18-25,FEMALE,42963000000035014,2026-07-15 14:36:44,2026-07-15 14:36:44,SYSTEM_SEED,SYSTEM_SEED
VIC-01320,Krishna Krishnamurthy,55,46-55,FEMALE,42963000000035029,2026-07-15 14:36:44,2026-07-15 14:36:44,SYSTEM_SEED,SYSTEM_SEED
VIC-01321,Chatresh Devan,79,66-80,MALE,42963000000035020,2026-07-15 14:36:44,2026-07-15 14:36:44,SYSTEM_SEED,SYSTEM_SEED
VIC-01322,Ravindranath Devadiga,18,18-25,MALE,42963000000035024,2026-07-15 14:36:44,2026-07-15 14:36:44,SYSTEM_SEED,SYSTEM_SEED
VIC-01323,Vihaan Saraf,41,36-45,MALE,42963000000035040,2026-07-15 14:36:44,2026-07-15 14:36:44,SYSTEM_SEED,SYSTEM_SEED
VIC-01324,Christopher Basu,39,36-45,MALE,42963000000035041,2026-07-15 14:36:44,2026-07-15 14:36:44,SYSTEM_SEED,SYSTEM_SEED
VIC-01325,Daniel Varkey,40,36-45,MALE,42963000000035017,2026-07-15 14:36:44,2026-07-15 14:36:44,SYSTEM_SEED,SYSTEM_SEED
VIC-01326,Chandrashekar Bhat,71,66-80,MALE,42963000000035031,2026-07-15 14:36:44,2026-07-15 14:36:44,SYSTEM_SEED,SYSTEM_SEED
VIC-01327,Ravindranath Kulkarni,40,36-45,MALE,42963000000035038,2026-07-15 14:36:44,2026-07-15 14:36:44,SYSTEM_SEED,SYSTEM_SEED
VIC-01328,Veeranna Shetty,68,66-80,MALE,42963000000035033,2026-07-15 14:36:44,2026-07-15 14:36:44,SYSTEM_SEED,SYSTEM_SEED
VIC-01329,Anirudh Johal,1,Under 18,MALE,42963000000035033,2026-07-15 14:36:44,2026-07-15 14:36:44,SYSTEM_SEED,SYSTEM_SEED
VIC-01330,Triveni Karpe,32,26-35,FEMALE,42963000000035022,2026-07-15 14:36:44,2026-07-15 14:36:44,SYSTEM_SEED,SYSTEM_SEED
VIC-01331,Jagadish Rai,10,Under 18,MALE,42963000000035030,2026-07-15 14:36:44,2026-07-15 14:36:44,SYSTEM_SEED,SYSTEM_SEED
VIC-01332,Vasanthamma Reddy,31,26-35,FEMALE,42963000000035040,2026-07-15 14:36:44,2026-07-15 14:36:44,SYSTEM_SEED,SYSTEM_SEED
VIC-01333,Varenya Rastogi,56,56-65,FEMALE,42963000000035034,2026-07-15 14:36:44,2026-07-15 14:36:44,SYSTEM_SEED,SYSTEM_SEED
VIC-01334,Chakradev Suresh,3,Under 18,MALE,42963000000035021,2026-07-15 14:36:44,2026-07-15 14:36:44,SYSTEM_SEED,SYSTEM_SEED
VIC-01335,Udyati Varty,25,18-25,FEMALE,42963000000035030,2026-07-15 14:36:44,2026-07-15 14:36:44,SYSTEM_SEED,SYSTEM_SEED
VIC-01336,Vasanthamma Urs,54,46-55,FEMALE,42963000000035033,2026-07-15 14:36:44,2026-07-15 14:36:44,SYSTEM_SEED,SYSTEM_SEED
VIC-01337,Siddalingaiah Nayak,63,56-65,MALE,42963000000035024,2026-07-15 14:36:44,2026-07-15 14:36:44,SYSTEM_SEED,SYSTEM_SEED
VIC-01338,Abha Varughese,43,36-45,FEMALE,42963000000035016,2026-07-15 14:36:44,2026-07-15 14:36:44,SYSTEM_SEED,SYSTEM_SEED
VIC-01339,Qadim Sem,6,Under 18,MALE,42963000000035012,2026-07-15 14:36:44,2026-07-15 14:36:44,SYSTEM_SEED,SYSTEM_SEED
VIC-01340,Ethan Balasubramanian,47,46-55,MALE,42963000000035037,2026-07-15 14:36:44,2026-07-15 14:36:44,SYSTEM_SEED,SYSTEM_SEED
VIC-01341,Pavani Bhat,76,66-80,FEMALE,42963000000035033,2026-07-15 14:36:44,2026-07-15 14:36:44,SYSTEM_SEED,SYSTEM_SEED
VIC-01342,Chaman Hayre,18,18-25,FEMALE,42963000000035019,2026-07-15 14:36:44,2026-07-15 14:36:44,SYSTEM_SEED,SYSTEM_SEED
VIC-01343,Samarth Sethi,17,Under 18,MALE,42963000000035022,2026-07-15 14:36:44,2026-07-15 14:36:44,SYSTEM_SEED,SYSTEM_SEED
VIC-01344,Krishna Bhagat,37,36-45,FEMALE,42963000000035038,2026-07-15 14:36:44,2026-07-15 14:36:44,SYSTEM_SEED,SYSTEM_SEED
VIC-01345,Ishwar Natarajan,68,66-80,MALE,42963000000035028,2026-07-15 14:36:44,2026-07-15 14:36:44,SYSTEM_SEED,SYSTEM_SEED
VIC-01346,Arunima Mani,62,56-65,FEMALE,42963000000035042,2026-07-15 14:36:44,2026-07-15 14:36:44,SYSTEM_SEED,SYSTEM_SEED
VIC-01347,Zilmil Majumdar,29,26-35,FEMALE,42963000000035028,2026-07-15 14:36:44,2026-07-15 14:36:44,SYSTEM_SEED,SYSTEM_SEED
VIC-01348,Mason Iyengar,28,26-35,MALE,42963000000035026,2026-07-15 14:36:44,2026-07-15 14:36:44,SYSTEM_SEED,SYSTEM_SEED
VIC-01349,Gagan Comar,21,18-25,MALE,42963000000035034,2026-07-15 14:36:44,2026-07-15 14:36:44,SYSTEM_SEED,SYSTEM_SEED
VIC-01350,Advik Badal,24,18-25,MALE,42963000000035041,2026-07-15 14:36:44,2026-07-15 14:36:44,SYSTEM_SEED,SYSTEM_SEED
VIC-01351,Hemani Palla,58,56-65,FEMALE,42963000000035026,2026-07-15 14:36:44,2026-07-15 14:36:44,SYSTEM_SEED,SYSTEM_SEED
VIC-01352,Manjunath Rai,61,56-65,MALE,42963000000035038,2026-07-15 14:36:44,2026-07-15 14:36:44,SYSTEM_SEED,SYSTEM_SEED
VIC-01353,Channabasappa Achar,58,56-65,MALE,42963000000035033,2026-07-15 14:36:44,2026-07-15 14:36:44,SYSTEM_SEED,SYSTEM_SEED
VIC-01354,Udant Sandhu,47,46-55,MALE,42963000000035027,2026-07-15 14:36:44,2026-07-15 14:36:44,SYSTEM_SEED,SYSTEM_SEED
VIC-01355,Jonathan Taneja,54,46-55,MALE,42963000000035032,2026-07-15 14:36:44,2026-07-15 14:36:44,SYSTEM_SEED,SYSTEM_SEED
VIC-01356,Ishani Dara,24,18-25,FEMALE,42963000000035021,2026-07-15 14:36:44,2026-07-15 14:36:44,SYSTEM_SEED,SYSTEM_SEED
VIC-01357,Osha Issac,7,Under 18,FEMALE,42963000000035022,2026-07-15 14:36:44,2026-07-15 14:36:44,SYSTEM_SEED,SYSTEM_SEED
VIC-01358,Vasanthamma Bhat,0,Under 18,FEMALE,42963000000035024,2026-07-15 14:36:44,2026-07-15 14:36:44,SYSTEM_SEED,SYSTEM_SEED
VIC-01359,Rathnamma Devadiga,38,36-45,FEMALE,42963000000035027,2026-07-15 14:36:44,2026-07-15 14:36:44,SYSTEM_SEED,SYSTEM_SEED
VIC-01360,Chandrakala Poojary,48,46-55,FEMALE,42963000000035024,2026-07-15 14:36:44,2026-07-15 14:36:44,SYSTEM_SEED,SYSTEM_SEED
VIC-01361,Tamanna Dugar,69,66-80,FEMALE,42963000000035040,2026-07-15 14:36:44,2026-07-15 14:36:44,SYSTEM_SEED,SYSTEM_SEED
VIC-01362,Lakshmi Sarkar,45,36-45,FEMALE,42963000000035014,2026-07-15 14:36:44,2026-07-15 14:36:44,SYSTEM_SEED,SYSTEM_SEED
VIC-01363,Raghavendra Achar,45,36-45,MALE,42963000000035019,2026-07-15 14:36:44,2026-07-15 14:36:44,SYSTEM_SEED,SYSTEM_SEED
VIC-01364,Tejas Dixit,42,36-45,MALE,42963000000035022,2026-07-15 14:36:44,2026-07-15 14:36:44,SYSTEM_SEED,SYSTEM_SEED
VIC-01365,Qushi Bhatt,24,18-25,FEMALE,42963000000035033,2026-07-15 14:36:44,2026-07-15 14:36:44,SYSTEM_SEED,SYSTEM_SEED
VIC-01366,Rathnamma Hegde,44,36-45,FEMALE,42963000000035020,2026-07-15 14:36:44,2026-07-15 14:36:44,SYSTEM_SEED,SYSTEM_SEED
VIC-01367,Ekantika Soman,12,Under 18,FEMALE,42963000000035013,2026-07-15 14:36:44,2026-07-15 14:36:44,SYSTEM_SEED,SYSTEM_SEED
VIC-01368,Amol Bhandari,43,36-45,MALE,42963000000035015,2026-07-15 14:36:44,2026-07-15 14:36:44,SYSTEM_SEED,SYSTEM_SEED
VIC-01369,Tamanna Sachdeva,54,46-55,FEMALE,42963000000035018,2026-07-15 14:36:44,2026-07-15 14:36:44,SYSTEM_SEED,SYSTEM_SEED
VIC-01370,Daksha Mukhopadhyay,1,Under 18,FEMALE,42963000000035040,2026-07-15 14:36:44,2026-07-15 14:36:44,SYSTEM_SEED,SYSTEM_SEED
VIC-01371,Advik Bir,32,26-35,MALE,42963000000035014,2026-07-15 14:36:44,2026-07-15 14:36:44,SYSTEM_SEED,SYSTEM_SEED
VIC-01372,Sunandamma Kulkarni,18,18-25,FEMALE,42963000000035016,2026-07-15 14:36:44,2026-07-15 14:36:44,SYSTEM_SEED,SYSTEM_SEED
VIC-01373,Arya Sekhon,64,56-65,FEMALE,42963000000035034,2026-07-15 14:36:44,2026-07-15 14:36:44,SYSTEM_SEED,SYSTEM_SEED
VIC-01374,Vivaan Dash,5,Under 18,MALE,42963000000035042,2026-07-15 14:36:44,2026-07-15 14:36:44,SYSTEM_SEED,SYSTEM_SEED
VIC-01375,Gopalakrishna Devadiga,22,18-25,MALE,42963000000035017,2026-07-15 14:36:44,2026-07-15 14:36:44,SYSTEM_SEED,SYSTEM_SEED
VIC-01376,Prakash Nayak,8,Under 18,MALE,42963000000035038,2026-07-15 14:36:44,2026-07-15 14:36:44,SYSTEM_SEED,SYSTEM_SEED
VIC-01377,Anjali Bahri,56,56-65,FEMALE,42963000000035033,2026-07-15 14:36:44,2026-07-15 14:36:44,SYSTEM_SEED,SYSTEM_SEED
VIC-01378,Jacob Bir,15,Under 18,MALE,42963000000035014,2026-07-15 14:36:44,2026-07-15 14:36:44,SYSTEM_SEED,SYSTEM_SEED
VIC-01379,Sunandamma Kulkarni,40,36-45,FEMALE,42963000000035040,2026-07-15 14:36:44,2026-07-15 14:36:44,SYSTEM_SEED,SYSTEM_SEED
VIC-01380,Aadhya Murty,27,26-35,FEMALE,42963000000035014,2026-07-15 14:36:44,2026-07-15 14:36:44,SYSTEM_SEED,SYSTEM_SEED
VIC-01381,Bachittar Nadig,26,26-35,MALE,42963000000035018,2026-07-15 14:36:44,2026-07-15 14:36:44,SYSTEM_SEED,SYSTEM_SEED
VIC-01382,Ansh Kumer,68,66-80,MALE,42963000000035024,2026-07-15 14:36:44,2026-07-15 14:36:44,SYSTEM_SEED,SYSTEM_SEED
VIC-01383,Neha Taneja,6,Under 18,FEMALE,42963000000035035,2026-07-15 14:36:44,2026-07-15 14:36:44,SYSTEM_SEED,SYSTEM_SEED
VIC-01384,Veeranna Hegde,74,66-80,MALE,42963000000035038,2026-07-15 14:36:44,2026-07-15 14:36:44,SYSTEM_SEED,SYSTEM_SEED
VIC-01385,Yatin Kapur,65,56-65,MALE,42963000000035034,2026-07-15 14:36:44,2026-07-15 14:36:44,SYSTEM_SEED,SYSTEM_SEED
VIC-01386,Ira Sheth,38,36-45,FEMALE,42963000000035026,2026-07-15 14:36:44,2026-07-15 14:36:44,SYSTEM_SEED,SYSTEM_SEED
VIC-01387,Jagadish Shetty,4,Under 18,MALE,42963000000035039,2026-07-15 14:36:44,2026-07-15 14:36:44,SYSTEM_SEED,SYSTEM_SEED
VIC-01388,Darpan Sachdeva,9,Under 18,MALE,42963000000035033,2026-07-15 14:36:44,2026-07-15 14:36:44,SYSTEM_SEED,SYSTEM_SEED
VIC-01389,Mugdha Chaudry,57,56-65,FEMALE,42963000000035013,2026-07-15 14:36:44,2026-07-15 14:36:44,SYSTEM_SEED,SYSTEM_SEED
VIC-01390,Sai Chaudhary,8,Under 18,FEMALE,42963000000035023,2026-07-15 14:36:44,2026-07-15 14:36:44,SYSTEM_SEED,SYSTEM_SEED
VIC-01391,Channabasappa Achar,80,66-80,MALE,42963000000035017,2026-07-15 14:36:44,2026-07-15 14:36:44,SYSTEM_SEED,SYSTEM_SEED
VIC-01392,Jagadish Gowda,61,56-65,MALE,42963000000035037,2026-07-15 14:36:44,2026-07-15 14:36:44,SYSTEM_SEED,SYSTEM_SEED
VIC-01393,Janaki Sundaram,35,26-35,FEMALE,42963000000035017,2026-07-15 14:36:44,2026-07-15 14:36:44,SYSTEM_SEED,SYSTEM_SEED
VIC-01394,Jagadish Hegde,32,26-35,MALE,42963000000035017,2026-07-15 14:36:44,2026-07-15 14:36:44,SYSTEM_SEED,SYSTEM_SEED
VIC-01395,Aryan Sundaram,5,Under 18,MALE,42963000000035023,2026-07-15 14:36:44,2026-07-15 14:36:44,SYSTEM_SEED,SYSTEM_SEED
VIC-01396,Akkamahadevi Nayak,2,Under 18,FEMALE,42963000000035020,2026-07-15 14:36:44,2026-07-15 14:36:44,SYSTEM_SEED,SYSTEM_SEED
VIC-01397,Raghavendra Rai,37,36-45,MALE,42963000000035015,2026-07-15 14:36:44,2026-07-15 14:36:44,SYSTEM_SEED,SYSTEM_SEED
VIC-01398,Sureshgowda Setty,58,56-65,MALE,42963000000035027,2026-07-15 14:36:44,2026-07-15 14:36:44,SYSTEM_SEED,SYSTEM_SEED
VIC-01399,Kiaan Kothari,18,18-25,MALE,42963000000035032,2026-07-15 14:36:44,2026-07-15 14:36:44,SYSTEM_SEED,SYSTEM_SEED
VIC-01400,Harita Naidu,76,66-80,FEMALE,42963000000035041,2026-07-15 14:36:44,2026-07-15 14:36:44,SYSTEM_SEED,SYSTEM_SEED
VIC-01401,Gavin Kade,59,56-65,MALE,42963000000035016,2026-07-15 14:36:44,2026-07-15 14:36:44,SYSTEM_SEED,SYSTEM_SEED
VIC-01402,Deepa Sehgal,9,Under 18,FEMALE,42963000000035033,2026-07-15 14:36:44,2026-07-15 14:36:44,SYSTEM_SEED,SYSTEM_SEED
VIC-01403,Bhavna Lalla,58,56-65,FEMALE,42963000000035024,2026-07-15 14:36:44,2026-07-15 14:36:44,SYSTEM_SEED,SYSTEM_SEED
VIC-01404,Tanveer Dewan,47,46-55,MALE,42963000000035037,2026-07-15 14:36:44,2026-07-15 14:36:44,SYSTEM_SEED,SYSTEM_SEED
VIC-01405,Hredhaan Sibal,59,56-65,MALE,42963000000035031,2026-07-15 14:36:44,2026-07-15 14:36:44,SYSTEM_SEED,SYSTEM_SEED
VIC-01406,Victor Zachariah,77,66-80,MALE,42963000000035026,2026-07-15 14:36:44,2026-07-15 14:36:44,SYSTEM_SEED,SYSTEM_SEED
VIC-01407,Nagaveni Rai,20,18-25,FEMALE,42963000000035013,2026-07-15 14:36:44,2026-07-15 14:36:44,SYSTEM_SEED,SYSTEM_SEED
VIC-01408,Thimmakka Reddy,14,Under 18,FEMALE,42963000000035028,2026-07-15 14:36:44,2026-07-15 14:36:44,SYSTEM_SEED,SYSTEM_SEED
VIC-01409,Chatresh Chakraborty,65,56-65,MALE,42963000000035035,2026-07-15 14:36:44,2026-07-15 14:36:44,SYSTEM_SEED,SYSTEM_SEED
VIC-01410,Veeranna Bhat,58,56-65,MALE,42963000000035036,2026-07-15 14:36:44,2026-07-15 14:36:44,SYSTEM_SEED,SYSTEM_SEED
VIC-01411,Baghyawati Dutt,3,Under 18,FEMALE,42963000000035024,2026-07-15 14:36:44,2026-07-15 14:36:44,SYSTEM_SEED,SYSTEM_SEED
VIC-01412,Sureshgowda Setty,5,Under 18,MALE,42963000000035018,2026-07-15 14:36:44,2026-07-15 14:36:44,SYSTEM_SEED,SYSTEM_SEED
VIC-01413,Kai Chandran,40,36-45,MALE,42963000000035025,2026-07-15 14:36:44,2026-07-15 14:36:44,SYSTEM_SEED,SYSTEM_SEED
VIC-01414,Savitramma Urs,13,Under 18,FEMALE,42963000000035033,2026-07-15 14:36:44,2026-07-15 14:36:44,SYSTEM_SEED,SYSTEM_SEED
VIC-01415,Kamya Pingle,17,Under 18,FEMALE,42963000000035013,2026-07-15 14:36:44,2026-07-15 14:36:44,SYSTEM_SEED,SYSTEM_SEED
VIC-01416,Ethan Choudhury,76,66-80,MALE,42963000000035017,2026-07-15 14:36:44,2026-07-15 14:36:44,SYSTEM_SEED,SYSTEM_SEED
VIC-01417,Shanthakumari Poojary,57,56-65,FEMALE,42963000000035014,2026-07-15 14:36:44,2026-07-15 14:36:44,SYSTEM_SEED,SYSTEM_SEED
VIC-01418,Vamakshi Bains,66,66-80,FEMALE,42963000000035021,2026-07-15 14:36:44,2026-07-15 14:36:44,SYSTEM_SEED,SYSTEM_SEED
VIC-01419,Alexander Bobal,1,Under 18,MALE,42963000000035016,2026-07-15 14:36:44,2026-07-15 14:36:44,SYSTEM_SEED,SYSTEM_SEED
VIC-01420,Kalpit Modi,9,Under 18,MALE,42963000000035033,2026-07-15 14:36:44,2026-07-15 14:36:44,SYSTEM_SEED,SYSTEM_SEED
VIC-01421,Rathnamma Urs,35,26-35,FEMALE,42963000000035017,2026-07-15 14:36:44,2026-07-15 14:36:44,SYSTEM_SEED,SYSTEM_SEED
VIC-01422,Bhagyalakshmi Devadiga,43,36-45,FEMALE,42963000000035033,2026-07-15 14:36:44,2026-07-15 14:36:44,SYSTEM_SEED,SYSTEM_SEED
VIC-01423,Gaurika Dara,66,66-80,FEMALE,42963000000035033,2026-07-15 14:36:44,2026-07-15 14:36:44,SYSTEM_SEED,SYSTEM_SEED
VIC-01424,Pranav Vig,64,56-65,MALE,42963000000035037,2026-07-15 14:36:44,2026-07-15 14:36:44,SYSTEM_SEED,SYSTEM_SEED
VIC-01425,Thomas Tripathi,17,Under 18,MALE,42963000000035041,2026-07-15 14:36:44,2026-07-15 14:36:44,SYSTEM_SEED,SYSTEM_SEED
VIC-01426,Urvashi Apte,4,Under 18,FEMALE,42963000000035033,2026-07-15 14:36:44,2026-07-15 14:36:44,SYSTEM_SEED,SYSTEM_SEED
VIC-01427,Azaan Bal,1,Under 18,MALE,42963000000035039,2026-07-15 14:36:44,2026-07-15 14:36:44,SYSTEM_SEED,SYSTEM_SEED
VIC-01428,Arin Sahota,79,66-80,MALE,42963000000035021,2026-07-15 14:36:44,2026-07-15 14:36:44,SYSTEM_SEED,SYSTEM_SEED
VIC-01429,Nathaniel Solanki,22,18-25,MALE,42963000000035020,2026-07-15 14:36:44,2026-07-15 14:36:44,SYSTEM_SEED,SYSTEM_SEED
VIC-01430,Gautam Gulati,46,46-55,MALE,42963000000035031,2026-07-15 14:36:44,2026-07-15 14:36:44,SYSTEM_SEED,SYSTEM_SEED
VIC-01431,Brijesh Mistry,35,26-35,MALE,42963000000035015,2026-07-15 14:36:44,2026-07-15 14:36:44,SYSTEM_SEED,SYSTEM_SEED
VIC-01432,Chandani Chad,39,36-45,FEMALE,42963000000035026,2026-07-15 14:36:44,2026-07-15 14:36:44,SYSTEM_SEED,SYSTEM_SEED
VIC-01433,Shanthakumari Naik,66,66-80,FEMALE,42963000000035023,2026-07-15 14:36:44,2026-07-15 14:36:44,SYSTEM_SEED,SYSTEM_SEED
VIC-01434,Nagaveni Achar,37,36-45,FEMALE,42963000000035020,2026-07-15 14:36:44,2026-07-15 14:36:44,SYSTEM_SEED,SYSTEM_SEED
VIC-01435,Basavaraj Hegde,70,66-80,MALE,42963000000035023,2026-07-15 14:36:44,2026-07-15 14:36:44,SYSTEM_SEED,SYSTEM_SEED
VIC-01436,Kariyappa Rai,64,56-65,MALE,42963000000035024,2026-07-15 14:36:44,2026-07-15 14:36:44,SYSTEM_SEED,SYSTEM_SEED
VIC-01437,Yashodhara Tata,59,56-65,FEMALE,42963000000035033,2026-07-15 14:36:44,2026-07-15 14:36:44,SYSTEM_SEED,SYSTEM_SEED
VIC-01438,Fitan Sampath,28,26-35,MALE,42963000000035034,2026-07-15 14:36:44,2026-07-15 14:36:44,SYSTEM_SEED,SYSTEM_SEED
VIC-01439,Vedika Ramanathan,17,Under 18,FEMALE,42963000000035020,2026-07-15 14:36:44,2026-07-15 14:36:44,SYSTEM_SEED,SYSTEM_SEED
VIC-01440,Arya Loke,67,66-80,FEMALE,42963000000035027,2026-07-15 14:36:44,2026-07-15 14:36:44,SYSTEM_SEED,SYSTEM_SEED
VIC-01441,Peter Karnik,32,26-35,MALE,42963000000035028,2026-07-15 14:36:44,2026-07-15 14:36:44,SYSTEM_SEED,SYSTEM_SEED
VIC-01442,Kai Chakrabarti,7,Under 18,MALE,42963000000035019,2026-07-15 14:36:44,2026-07-15 14:36:44,SYSTEM_SEED,SYSTEM_SEED
VIC-01443,Dayita Pant,12,Under 18,FEMALE,42963000000035035,2026-07-15 14:36:44,2026-07-15 14:36:44,SYSTEM_SEED,SYSTEM_SEED
VIC-01444,Yallappa Naik,64,56-65,MALE,42963000000035040,2026-07-15 14:36:44,2026-07-15 14:36:44,SYSTEM_SEED,SYSTEM_SEED
VIC-01445,Anya Talwar,36,36-45,FEMALE,42963000000035024,2026-07-15 14:36:44,2026-07-15 14:36:44,SYSTEM_SEED,SYSTEM_SEED
VIC-01446,Thimmaiah Reddy,15,Under 18,MALE,42963000000035015,2026-07-15 14:36:44,2026-07-15 14:36:44,SYSTEM_SEED,SYSTEM_SEED
VIC-01447,Nagaraj Rai,36,36-45,MALE,42963000000035018,2026-07-15 14:36:44,2026-07-15 14:36:44,SYSTEM_SEED,SYSTEM_SEED
VIC-01448,Gaurang Sura,48,46-55,MALE,42963000000035035,2026-07-15 14:36:44,2026-07-15 14:36:44,SYSTEM_SEED,SYSTEM_SEED
VIC-01449,Jasmit Nath,15,Under 18,FEMALE,42963000000035016,2026-07-15 14:36:44,2026-07-15 14:36:44,SYSTEM_SEED,SYSTEM_SEED
VIC-01450,Siddalingaiah Shetty,60,56-65,MALE,42963000000035014,2026-07-15 14:36:44,2026-07-15 14:36:44,SYSTEM_SEED,SYSTEM_SEED
VIC-01451,Ravindranath Setty,25,18-25,MALE,42963000000035033,2026-07-15 14:36:44,2026-07-15 14:36:44,SYSTEM_SEED,SYSTEM_SEED
VIC-01452,Jayamma Rai,60,56-65,FEMALE,42963000000035020,2026-07-15 14:36:44,2026-07-15 14:36:44,SYSTEM_SEED,SYSTEM_SEED
VIC-01453,Gopalakrishna Kulkarni,11,Under 18,MALE,42963000000035037,2026-07-15 14:36:44,2026-07-15 14:36:44,SYSTEM_SEED,SYSTEM_SEED
VIC-01454,Basavaraj Nayak,43,36-45,MALE,42963000000035018,2026-07-15 14:36:44,2026-07-15 14:36:44,SYSTEM_SEED,SYSTEM_SEED
VIC-01455,Peter Chhabra,17,Under 18,MALE,42963000000035013,2026-07-15 14:36:44,2026-07-15 14:36:44,SYSTEM_SEED,SYSTEM_SEED
VIC-01456,Chandrashekar Rai,31,26-35,MALE,42963000000035033,2026-07-15 14:36:44,2026-07-15 14:36:44,SYSTEM_SEED,SYSTEM_SEED
VIC-01457,Shanthakumari Setty,16,Under 18,FEMALE,42963000000035016,2026-07-15 14:36:44,2026-07-15 14:36:44,SYSTEM_SEED,SYSTEM_SEED
VIC-01458,Rushil Gopal,56,56-65,MALE,42963000000035030,2026-07-15 14:36:44,2026-07-15 14:36:44,SYSTEM_SEED,SYSTEM_SEED
VIC-01459,Aradhana Sama,46,46-55,FEMALE,42963000000035035,2026-07-15 14:36:44,2026-07-15 14:36:44,SYSTEM_SEED,SYSTEM_SEED
VIC-01460,Shivakumar Hegde,40,36-45,MALE,42963000000035033,2026-07-15 14:36:44,2026-07-15 14:36:44,SYSTEM_SEED,SYSTEM_SEED
VIC-01461,Jayamma Reddy,40,36-45,FEMALE,42963000000035031,2026-07-15 14:36:44,2026-07-15 14:36:44,SYSTEM_SEED,SYSTEM_SEED
VIC-01462,Sujathamma Setty,10,Under 18,FEMALE,42963000000035026,2026-07-15 14:36:44,2026-07-15 14:36:44,SYSTEM_SEED,SYSTEM_SEED
VIC-01463,Raghav Rajagopal,40,36-45,MALE,42963000000035026,2026-07-15 14:36:44,2026-07-15 14:36:44,SYSTEM_SEED,SYSTEM_SEED
VIC-01464,Gangamma Shetty,16,Under 18,FEMALE,42963000000035033,2026-07-15 14:36:44,2026-07-15 14:36:44,SYSTEM_SEED,SYSTEM_SEED
VIC-01465,Libni Sanghvi,78,66-80,FEMALE,42963000000035028,2026-07-15 14:36:44,2026-07-15 14:36:44,SYSTEM_SEED,SYSTEM_SEED
VIC-01466,Veeranna Rai,23,18-25,MALE,42963000000035034,2026-07-15 14:36:44,2026-07-15 14:36:44,SYSTEM_SEED,SYSTEM_SEED
VIC-01467,Lila Sethi,75,66-80,FEMALE,42963000000035018,2026-07-15 14:36:44,2026-07-15 14:36:44,SYSTEM_SEED,SYSTEM_SEED
VIC-01468,Forum Bhattacharyya,26,26-35,FEMALE,42963000000035040,2026-07-15 14:36:44,2026-07-15 14:36:44,SYSTEM_SEED,SYSTEM_SEED
VIC-01469,Sureshgowda Rai,21,18-25,MALE,42963000000035025,2026-07-15 14:36:44,2026-07-15 14:36:44,SYSTEM_SEED,SYSTEM_SEED
VIC-01470,Abdul Dua,5,Under 18,MALE,42963000000035037,2026-07-15 14:36:44,2026-07-15 14:36:44,SYSTEM_SEED,SYSTEM_SEED
VIC-01471,Prakash Naik,80,66-80,MALE,42963000000035035,2026-07-15 14:36:44,2026-07-15 14:36:44,SYSTEM_SEED,SYSTEM_SEED
VIC-01472,Dalaja Raju,45,36-45,FEMALE,42963000000035016,2026-07-15 14:36:44,2026-07-15 14:36:44,SYSTEM_SEED,SYSTEM_SEED
VIC-01473,Gauri Parekh,61,56-65,FEMALE,42963000000035018,2026-07-15 14:36:44,2026-07-15 14:36:44,SYSTEM_SEED,SYSTEM_SEED
VIC-01474,Shivakumar Shetty,33,26-35,MALE,42963000000035034,2026-07-15 14:36:44,2026-07-15 14:36:44,SYSTEM_SEED,SYSTEM_SEED
VIC-01475,Veeranna Kulkarni,6,Under 18,MALE,42963000000035013,2026-07-15 14:36:44,2026-07-15 14:36:44,SYSTEM_SEED,SYSTEM_SEED
VIC-01476,Shanthakumari Naik,65,56-65,FEMALE,42963000000035039,2026-07-15 14:36:44,2026-07-15 14:36:44,SYSTEM_SEED,SYSTEM_SEED
VIC-01477,Tanvi Maharaj,58,56-65,FEMALE,42963000000035022,2026-07-15 14:36:44,2026-07-15 14:36:44,SYSTEM_SEED,SYSTEM_SEED
VIC-01478,Aadi Thakkar,63,56-65,MALE,42963000000035024,2026-07-15 14:36:44,2026-07-15 14:36:44,SYSTEM_SEED,SYSTEM_SEED
VIC-01479,Lila Warrior,71,66-80,FEMALE,42963000000035022,2026-07-15 14:36:44,2026-07-15 14:36:44,SYSTEM_SEED,SYSTEM_SEED
VIC-01480,Basavaraj Kulkarni,48,46-55,MALE,42963000000035012,2026-07-15 14:36:44,2026-07-15 14:36:44,SYSTEM_SEED,SYSTEM_SEED
VIC-01481,Zashil Kari,32,26-35,MALE,42963000000035012,2026-07-15 14:36:44,2026-07-15 14:36:44,SYSTEM_SEED,SYSTEM_SEED
VIC-01482,Urmi Devan,32,26-35,FEMALE,42963000000035035,2026-07-15 14:36:44,2026-07-15 14:36:44,SYSTEM_SEED,SYSTEM_SEED
VIC-01483,Rudra Srinivasan,77,66-80,MALE,42963000000035024,2026-07-15 14:36:44,2026-07-15 14:36:44,SYSTEM_SEED,SYSTEM_SEED
VIC-01484,Nagaraj Devadiga,7,Under 18,MALE,42963000000035027,2026-07-15 14:36:44,2026-07-15 14:36:44,SYSTEM_SEED,SYSTEM_SEED
VIC-01485,Jagadish Rai,3,Under 18,MALE,42963000000035024,2026-07-15 14:36:44,2026-07-15 14:36:44,SYSTEM_SEED,SYSTEM_SEED
VIC-01486,Savitramma Setty,13,Under 18,FEMALE,42963000000035033,2026-07-15 14:36:44,2026-07-15 14:36:44,SYSTEM_SEED,SYSTEM_SEED
VIC-01487,Mahadevi Urs,7,Under 18,FEMALE,42963000000035017,2026-07-15 14:36:44,2026-07-15 14:36:44,SYSTEM_SEED,SYSTEM_SEED
VIC-01488,Zansi Saxena,74,66-80,FEMALE,42963000000035020,2026-07-15 14:36:44,2026-07-15 14:36:44,SYSTEM_SEED,SYSTEM_SEED
VIC-01489,Mahadevi Reddy,19,18-25,FEMALE,42963000000035024,2026-07-15 14:36:44,2026-07-15 14:36:44,SYSTEM_SEED,SYSTEM_SEED
VIC-01490,Unnati Bains,11,Under 18,FEMALE,42963000000035034,2026-07-15 14:36:44,2026-07-15 14:36:44,SYSTEM_SEED,SYSTEM_SEED
VIC-01491,Parvatamma Achar,33,26-35,FEMALE,42963000000035027,2026-07-15 14:36:44,2026-07-15 14:36:44,SYSTEM_SEED,SYSTEM_SEED
VIC-01492,Chanchal Mital,45,36-45,FEMALE,42963000000035033,2026-07-15 14:36:44,2026-07-15 14:36:44,SYSTEM_SEED,SYSTEM_SEED
VIC-01493,Hredhaan Chowdhury,64,56-65,MALE,42963000000035037,2026-07-15 14:36:44,2026-07-15 14:36:44,SYSTEM_SEED,SYSTEM_SEED
VIC-01494,Rachita Gade,24,18-25,FEMALE,42963000000035033,2026-07-15 14:36:44,2026-07-15 14:36:44,SYSTEM_SEED,SYSTEM_SEED
VIC-01495,Samar Chokshi,36,36-45,MALE,42963000000035032,2026-07-15 14:36:44,2026-07-15 14:36:44,SYSTEM_SEED,SYSTEM_SEED
VIC-01496,Hredhaan Soman,13,Under 18,MALE,42963000000035025,2026-07-15 14:36:44,2026-07-15 14:36:44,SYSTEM_SEED,SYSTEM_SEED
VIC-01497,Lokesh Reddy,35,26-35,MALE,42963000000035039,2026-07-15 14:36:44,2026-07-15 14:36:44,SYSTEM_SEED,SYSTEM_SEED
VIC-01498,Aadi Om,16,Under 18,MALE,42963000000035024,2026-07-15 14:36:44,2026-07-15 14:36:44,SYSTEM_SEED,SYSTEM_SEED
VIC-01499,Kritika Bassi,34,26-35,FEMALE,42963000000035033,2026-07-15 14:36:44,2026-07-15 14:36:44,SYSTEM_SEED,SYSTEM_SEED
VIC-01500,Rathnamma Hegde,35,26-35,FEMALE,42963000000035033,2026-07-15 14:36:44,2026-07-15 14:36:44,SYSTEM_SEED,SYSTEM_SEED
VIC-01501,Chandrakala Hegde,10,Under 18,FEMALE,42963000000035016,2026-07-15 14:36:44,2026-07-15 14:36:44,SYSTEM_SEED,SYSTEM_SEED
VIC-01502,Naveen Vaidya,2,Under 18,MALE,42963000000035022,2026-07-15 14:36:44,2026-07-15 14:36:44,SYSTEM_SEED,SYSTEM_SEED
VIC-01503,Prakash Nayak,16,Under 18,MALE,42963000000035026,2026-07-15 14:36:44,2026-07-15 14:36:44,SYSTEM_SEED,SYSTEM_SEED
VIC-01504,Sai Natarajan,43,36-45,MALE,42963000000035028,2026-07-15 14:36:44,2026-07-15 14:36:44,SYSTEM_SEED,SYSTEM_SEED
VIC-01505,Fitan Parsa,67,66-80,MALE,42963000000035042,2026-07-15 14:36:44,2026-07-15 14:36:44,SYSTEM_SEED,SYSTEM_SEED
VIC-01506,Girijamma Poojary,53,46-55,FEMALE,42963000000035024,2026-07-15 14:36:44,2026-07-15 14:36:44,SYSTEM_SEED,SYSTEM_SEED
VIC-01507,Matthew Tandon,40,36-45,MALE,42963000000035032,2026-07-15 14:36:44,2026-07-15 14:36:44,SYSTEM_SEED,SYSTEM_SEED
VIC-01508,Jayamma Urs,29,26-35,FEMALE,42963000000035035,2026-07-15 14:36:44,2026-07-15 14:36:44,SYSTEM_SEED,SYSTEM_SEED
VIC-01509,Karan Dash,56,56-65,MALE,42963000000035025,2026-07-15 14:36:44,2026-07-15 14:36:44,SYSTEM_SEED,SYSTEM_SEED
VIC-01510,Akkamahadevi Naik,74,66-80,FEMALE,42963000000035017,2026-07-15 14:36:44,2026-07-15 14:36:44,SYSTEM_SEED,SYSTEM_SEED
VIC-01511,Upadhriti Nadkarni,48,46-55,FEMALE,42963000000035012,2026-07-15 14:36:44,2026-07-15 14:36:44,SYSTEM_SEED,SYSTEM_SEED
VIC-01512,Inaya Mann,8,Under 18,FEMALE,42963000000035018,2026-07-15 14:36:44,2026-07-15 14:36:44,SYSTEM_SEED,SYSTEM_SEED
VIC-01513,Amrita Saha,66,66-80,FEMALE,42963000000035022,2026-07-15 14:36:44,2026-07-15 14:36:44,SYSTEM_SEED,SYSTEM_SEED
VIC-01514,Rathnamma Devadiga,43,36-45,FEMALE,42963000000035017,2026-07-15 14:36:44,2026-07-15 14:36:44,SYSTEM_SEED,SYSTEM_SEED
VIC-01515,Basavaraj Bhat,31,26-35,MALE,42963000000035016,2026-07-15 14:36:44,2026-07-15 14:36:44,SYSTEM_SEED,SYSTEM_SEED
VIC-01516,Azad Singhal,72,66-80,MALE,42963000000035027,2026-07-15 14:36:44,2026-07-15 14:36:44,SYSTEM_SEED,SYSTEM_SEED
VIC-01517,Girijamma Poojary,28,26-35,FEMALE,42963000000035013,2026-07-15 14:36:44,2026-07-15 14:36:44,SYSTEM_SEED,SYSTEM_SEED
VIC-01518,Jagadish Achar,29,26-35,MALE,42963000000035024,2026-07-15 14:36:44,2026-07-15 14:36:44,SYSTEM_SEED,SYSTEM_SEED
VIC-01519,Bhavini Varty,60,56-65,FEMALE,42963000000035042,2026-07-15 14:36:44,2026-07-15 14:36:44,SYSTEM_SEED,SYSTEM_SEED
VIC-01520,Kai Yohannan,39,36-45,MALE,42963000000035025,2026-07-15 14:36:44,2026-07-15 14:36:44,SYSTEM_SEED,SYSTEM_SEED
VIC-01521,Aadhya Rattan,20,18-25,FEMALE,42963000000035032,2026-07-15 14:36:44,2026-07-15 14:36:44,SYSTEM_SEED,SYSTEM_SEED
VIC-01522,Elijah Chatterjee,47,46-55,MALE,42963000000035029,2026-07-15 14:36:44,2026-07-15 14:36:44,SYSTEM_SEED,SYSTEM_SEED
VIC-01523,Chandrashekar Devadiga,52,46-55,MALE,42963000000035026,2026-07-15 14:36:44,2026-07-15 14:36:44,SYSTEM_SEED,SYSTEM_SEED
VIC-01524,Kaveri Setty,19,18-25,FEMALE,42963000000035016,2026-07-15 14:36:44,2026-07-15 14:36:44,SYSTEM_SEED,SYSTEM_SEED
VIC-01525,Mahadevi Achar,15,Under 18,FEMALE,42963000000035025,2026-07-15 14:36:44,2026-07-15 14:36:44,SYSTEM_SEED,SYSTEM_SEED
VIC-01526,Lokesh Hegde,41,36-45,MALE,42963000000035027,2026-07-15 14:36:44,2026-07-15 14:36:44,SYSTEM_SEED,SYSTEM_SEED
VIC-01527,Chaaya Savant,41,36-45,FEMALE,42963000000035035,2026-07-15 14:36:44,2026-07-15 14:36:44,SYSTEM_SEED,SYSTEM_SEED
VIC-01528,Triveni Varughese,14,Under 18,FEMALE,42963000000035024,2026-07-15 14:36:44,2026-07-15 14:36:44,SYSTEM_SEED,SYSTEM_SEED
VIC-01529,Veeranna Bhat,3,Under 18,MALE,42963000000035017,2026-07-15 14:36:44,2026-07-15 14:36:44,SYSTEM_SEED,SYSTEM_SEED
VIC-01530,Jeevika Narain,68,66-80,FEMALE,42963000000035014,2026-07-15 14:36:44,2026-07-15 14:36:44,SYSTEM_SEED,SYSTEM_SEED
VIC-01531,Ronith Puri,77,66-80,MALE,42963000000035019,2026-07-15 14:36:44,2026-07-15 14:36:44,SYSTEM_SEED,SYSTEM_SEED
VIC-01532,Mahadevi Gowda,1,Under 18,FEMALE,42963000000035016,2026-07-15 14:36:44,2026-07-15 14:36:44,SYSTEM_SEED,SYSTEM_SEED
VIC-01533,Udyati Yohannan,6,Under 18,FEMALE,42963000000035024,2026-07-15 14:36:44,2026-07-15 14:36:44,SYSTEM_SEED,SYSTEM_SEED
VIC-01534,Vasanthamma Rai,44,36-45,FEMALE,42963000000035025,2026-07-15 14:36:44,2026-07-15 14:36:44,SYSTEM_SEED,SYSTEM_SEED
VIC-01535,Chandrashekar Shetty,0,Under 18,MALE,42963000000035028,2026-07-15 14:36:44,2026-07-15 14:36:44,SYSTEM_SEED,SYSTEM_SEED
VIC-01536,Mahadevi Reddy,79,66-80,FEMALE,42963000000035036,2026-07-15 14:36:44,2026-07-15 14:36:44,SYSTEM_SEED,SYSTEM_SEED
VIC-01537,Kaveri Bhat,52,46-55,FEMALE,42963000000035029,2026-07-15 14:36:44,2026-07-15 14:36:44,SYSTEM_SEED,SYSTEM_SEED
VIC-01538,Rudra Sarraf,54,46-55,MALE,42963000000035041,2026-07-15 14:36:44,2026-07-15 14:36:44,SYSTEM_SEED,SYSTEM_SEED
VIC-01539,Manjunath Nayak,15,Under 18,MALE,42963000000035020,2026-07-15 14:36:44,2026-07-15 14:36:44,SYSTEM_SEED,SYSTEM_SEED
VIC-01540,Yashica Raj,70,66-80,FEMALE,42963000000035019,2026-07-15 14:36:44,2026-07-15 14:36:44,SYSTEM_SEED,SYSTEM_SEED
VIC-01541,Ravindranath Shetty,33,26-35,MALE,42963000000035039,2026-07-15 14:36:44,2026-07-15 14:36:44,SYSTEM_SEED,SYSTEM_SEED
VIC-01542,Chakradev Narang,24,18-25,MALE,42963000000035040,2026-07-15 14:36:44,2026-07-15 14:36:44,SYSTEM_SEED,SYSTEM_SEED
VIC-01543,Leena Murthy,36,36-45,FEMALE,42963000000035015,2026-07-15 14:36:44,2026-07-15 14:36:44,SYSTEM_SEED,SYSTEM_SEED
VIC-01544,Dayamai Dash,4,Under 18,FEMALE,42963000000035024,2026-07-15 14:36:44,2026-07-15 14:36:44,SYSTEM_SEED,SYSTEM_SEED
VIC-01545,Chandrakala Setty,46,46-55,FEMALE,42963000000035026,2026-07-15 14:36:44,2026-07-15 14:36:44,SYSTEM_SEED,SYSTEM_SEED
VIC-01546,Hemangini Bhardwaj,11,Under 18,FEMALE,42963000000035014,2026-07-15 14:36:44,2026-07-15 14:36:44,SYSTEM_SEED,SYSTEM_SEED
VIC-01547,Radha Koshy,19,18-25,FEMALE,42963000000035042,2026-07-15 14:36:44,2026-07-15 14:36:44,SYSTEM_SEED,SYSTEM_SEED
VIC-01548,Anthony Panchal,64,56-65,MALE,42963000000035024,2026-07-15 14:36:44,2026-07-15 14:36:44,SYSTEM_SEED,SYSTEM_SEED
VIC-01549,Sunandamma Gowda,57,56-65,FEMALE,42963000000035026,2026-07-15 14:36:44,2026-07-15 14:36:44,SYSTEM_SEED,SYSTEM_SEED
VIC-01550,Bimala Som,9,Under 18,FEMALE,42963000000035041,2026-07-15 14:36:44,2026-07-15 14:36:44,SYSTEM_SEED,SYSTEM_SEED
VIC-01551,Girijamma Bhat,14,Under 18,FEMALE,42963000000035023,2026-07-15 14:36:44,2026-07-15 14:36:44,SYSTEM_SEED,SYSTEM_SEED
VIC-01552,Udyati Bhatia,18,18-25,FEMALE,42963000000035040,2026-07-15 14:36:44,2026-07-15 14:36:44,SYSTEM_SEED,SYSTEM_SEED
VIC-01553,Siya Johal,56,56-65,FEMALE,42963000000035026,2026-07-15 14:36:44,2026-07-15 14:36:44,SYSTEM_SEED,SYSTEM_SEED
VIC-01554,Gopalakrishna Setty,37,36-45,MALE,42963000000035013,2026-07-15 14:36:44,2026-07-15 14:36:44,SYSTEM_SEED,SYSTEM_SEED
VIC-01555,Yashodamma Naik,65,56-65,FEMALE,42963000000035036,2026-07-15 14:36:44,2026-07-15 14:36:44,SYSTEM_SEED,SYSTEM_SEED
VIC-01556,Naksh Kothari,55,46-55,MALE,42963000000035038,2026-07-15 14:36:44,2026-07-15 14:36:44,SYSTEM_SEED,SYSTEM_SEED
VIC-01557,Dev Chaudhry,28,26-35,MALE,42963000000035031,2026-07-15 14:36:44,2026-07-15 14:36:44,SYSTEM_SEED,SYSTEM_SEED
VIC-01558,Rathnamma Reddy,26,26-35,FEMALE,42963000000035041,2026-07-15 14:36:44,2026-07-15 14:36:44,SYSTEM_SEED,SYSTEM_SEED
VIC-01559,Manjunath Gowda,61,56-65,MALE,42963000000035042,2026-07-15 14:36:44,2026-07-15 14:36:44,SYSTEM_SEED,SYSTEM_SEED
VIC-01560,Omisha Pradhan,3,Under 18,FEMALE,42963000000035026,2026-07-15 14:36:44,2026-07-15 14:36:44,SYSTEM_SEED,SYSTEM_SEED
VIC-01561,Sachi Sunder,64,56-65,FEMALE,42963000000035037,2026-07-15 14:36:44,2026-07-15 14:36:44,SYSTEM_SEED,SYSTEM_SEED
VIC-01562,Aryan Bakshi,14,Under 18,MALE,42963000000035022,2026-07-15 14:36:44,2026-07-15 14:36:44,SYSTEM_SEED,SYSTEM_SEED
VIC-01563,Akkamahadevi Achar,23,18-25,FEMALE,42963000000035022,2026-07-15 14:36:44,2026-07-15 14:36:44,SYSTEM_SEED,SYSTEM_SEED
VIC-01564,Ekansh Misra,69,66-80,MALE,42963000000035034,2026-07-15 14:36:44,2026-07-15 14:36:44,SYSTEM_SEED,SYSTEM_SEED
VIC-01565,Gaurav Batta,42,36-45,MALE,42963000000035039,2026-07-15 14:36:44,2026-07-15 14:36:44,SYSTEM_SEED,SYSTEM_SEED
VIC-01566,Nagaraj Hegde,77,66-80,MALE,42963000000035013,2026-07-15 14:36:44,2026-07-15 14:36:44,SYSTEM_SEED,SYSTEM_SEED
VIC-01567,Lakshmamma Naik,31,26-35,FEMALE,42963000000035035,2026-07-15 14:36:44,2026-07-15 14:36:44,SYSTEM_SEED,SYSTEM_SEED
VIC-01568,Riya Prashad,75,66-80,FEMALE,42963000000035025,2026-07-15 14:36:44,2026-07-15 14:36:44,SYSTEM_SEED,SYSTEM_SEED
VIC-01569,Urishilla Sankar,68,66-80,FEMALE,42963000000035019,2026-07-15 14:36:44,2026-07-15 14:36:44,SYSTEM_SEED,SYSTEM_SEED
VIC-01570,Samesh Bedi,56,56-65,MALE,42963000000035035,2026-07-15 14:36:44,2026-07-15 14:36:44,SYSTEM_SEED,SYSTEM_SEED
VIC-01571,Tejas Lala,5,Under 18,MALE,42963000000035023,2026-07-15 14:36:44,2026-07-15 14:36:44,SYSTEM_SEED,SYSTEM_SEED
VIC-01572,Advika Mukhopadhyay,48,46-55,FEMALE,42963000000035015,2026-07-15 14:36:44,2026-07-15 14:36:44,SYSTEM_SEED,SYSTEM_SEED
VIC-01573,Siddharth Patla,31,26-35,MALE,42963000000035037,2026-07-15 14:36:44,2026-07-15 14:36:44,SYSTEM_SEED,SYSTEM_SEED
VIC-01574,Timothy Oak,35,26-35,MALE,42963000000035033,2026-07-15 14:36:44,2026-07-15 14:36:44,SYSTEM_SEED,SYSTEM_SEED
VIC-01575,Vasanthamma Devadiga,62,56-65,FEMALE,42963000000035042,2026-07-15 14:36:44,2026-07-15 14:36:44,SYSTEM_SEED,SYSTEM_SEED
VIC-01576,Sujathamma Reddy,10,Under 18,FEMALE,42963000000035031,2026-07-15 14:36:44,2026-07-15 14:36:44,SYSTEM_SEED,SYSTEM_SEED
VIC-01577,Varenya Morar,23,18-25,FEMALE,42963000000035037,2026-07-15 14:36:44,2026-07-15 14:36:44,SYSTEM_SEED,SYSTEM_SEED
VIC-01578,Indrajit Handa,62,56-65,MALE,42963000000035034,2026-07-15 14:36:44,2026-07-15 14:36:44,SYSTEM_SEED,SYSTEM_SEED
VIC-01579,Unnati De,32,26-35,FEMALE,42963000000035041,2026-07-15 14:36:44,2026-07-15 14:36:44,SYSTEM_SEED,SYSTEM_SEED
VIC-01580,Nagaveni Naik,67,66-80,FEMALE,42963000000035016,2026-07-15 14:36:44,2026-07-15 14:36:44,SYSTEM_SEED,SYSTEM_SEED
VIC-01581,Qasim Kuruvilla,62,56-65,MALE,42963000000035024,2026-07-15 14:36:44,2026-07-15 14:36:44,SYSTEM_SEED,SYSTEM_SEED
VIC-01582,Lakshmamma Urs,32,26-35,FEMALE,42963000000035015,2026-07-15 14:36:44,2026-07-15 14:36:44,SYSTEM_SEED,SYSTEM_SEED
VIC-01583,Kariyappa Naik,33,26-35,MALE,42963000000035032,2026-07-15 14:36:44,2026-07-15 14:36:44,SYSTEM_SEED,SYSTEM_SEED
VIC-01584,Yallappa Setty,26,26-35,MALE,42963000000035033,2026-07-15 14:36:44,2026-07-15 14:36:44,SYSTEM_SEED,SYSTEM_SEED
VIC-01585,Jagadish Nayak,3,Under 18,MALE,42963000000035012,2026-07-15 14:36:44,2026-07-15 14:36:44,SYSTEM_SEED,SYSTEM_SEED
VIC-01586,Sai De,0,Under 18,FEMALE,42963000000035020,2026-07-15 14:36:44,2026-07-15 14:36:44,SYSTEM_SEED,SYSTEM_SEED
VIC-01587,Ubika Nayar,33,26-35,FEMALE,42963000000035039,2026-07-15 14:36:44,2026-07-15 14:36:44,SYSTEM_SEED,SYSTEM_SEED
VIC-01588,Sujathamma Nayak,61,56-65,FEMALE,42963000000035014,2026-07-15 14:36:44,2026-07-15 14:36:44,SYSTEM_SEED,SYSTEM_SEED
VIC-01589,Vasanthamma Achar,48,46-55,FEMALE,42963000000035022,2026-07-15 14:36:44,2026-07-15 14:36:44,SYSTEM_SEED,SYSTEM_SEED
VIC-01590,Avi Chopra,29,26-35,MALE,42963000000035027,2026-07-15 14:36:44,2026-07-15 14:36:44,SYSTEM_SEED,SYSTEM_SEED
VIC-01591,Oviya Palan,39,36-45,FEMALE,42963000000035022,2026-07-15 14:36:44,2026-07-15 14:36:44,SYSTEM_SEED,SYSTEM_SEED
VIC-01592,Avni Andra,57,56-65,FEMALE,42963000000035033,2026-07-15 14:36:44,2026-07-15 14:36:44,SYSTEM_SEED,SYSTEM_SEED
VIC-01593,Gaurika Grover,60,56-65,FEMALE,42963000000035033,2026-07-15 14:36:44,2026-07-15 14:36:44,SYSTEM_SEED,SYSTEM_SEED
VIC-01594,Rathnamma Naik,32,26-35,FEMALE,42963000000035024,2026-07-15 14:36:44,2026-07-15 14:36:44,SYSTEM_SEED,SYSTEM_SEED
VIC-01595,Harita Doshi,1,Under 18,FEMALE,42963000000035024,2026-07-15 14:36:44,2026-07-15 14:36:44,SYSTEM_SEED,SYSTEM_SEED
VIC-01596,Pushpalatha Naik,17,Under 18,FEMALE,42963000000035028,2026-07-15 14:36:44,2026-07-15 14:36:44,SYSTEM_SEED,SYSTEM_SEED
VIC-01597,Channabasappa Bhat,9,Under 18,MALE,42963000000035024,2026-07-15 14:36:44,2026-07-15 14:36:44,SYSTEM_SEED,SYSTEM_SEED
VIC-01598,Gautam Seth,66,66-80,MALE,42963000000035024,2026-07-15 14:36:44,2026-07-15 14:36:44,SYSTEM_SEED,SYSTEM_SEED
VIC-01599,William Som,64,56-65,MALE,42963000000035024,2026-07-15 14:36:44,2026-07-15 14:36:44,SYSTEM_SEED,SYSTEM_SEED
VIC-01600,Shivakumar Hegde,38,36-45,MALE,42963000000035033,2026-07-15 14:36:44,2026-07-15 14:36:44,SYSTEM_SEED,SYSTEM_SEED
VIC-01601,Sai Desai,70,66-80,MALE,42963000000035022,2026-07-15 14:36:44,2026-07-15 14:36:44,SYSTEM_SEED,SYSTEM_SEED
VIC-01602,Bhavna Ramakrishnan,77,66-80,FEMALE,42963000000035016,2026-07-15 14:36:44,2026-07-15 14:36:44,SYSTEM_SEED,SYSTEM_SEED
VIC-01603,Damini Brar,29,26-35,FEMALE,42963000000035030,2026-07-15 14:36:44,2026-07-15 14:36:44,SYSTEM_SEED,SYSTEM_SEED
VIC-01604,Meera Chaudhry,35,26-35,FEMALE,42963000000035013,2026-07-15 14:36:44,2026-07-15 14:36:44,SYSTEM_SEED,SYSTEM_SEED
VIC-01605,Bhagyalakshmi Poojary,17,Under 18,FEMALE,42963000000035020,2026-07-15 14:36:44,2026-07-15 14:36:44,SYSTEM_SEED,SYSTEM_SEED
VIC-01606,Chandrashekar Poojary,20,18-25,MALE,42963000000035034,2026-07-15 14:36:44,2026-07-15 14:36:44,SYSTEM_SEED,SYSTEM_SEED
VIC-01607,Quincy Thakur,11,Under 18,MALE,42963000000035026,2026-07-15 14:36:44,2026-07-15 14:36:44,SYSTEM_SEED,SYSTEM_SEED
VIC-01608,Rishi Bhasin,30,26-35,MALE,42963000000035018,2026-07-15 14:36:44,2026-07-15 14:36:44,SYSTEM_SEED,SYSTEM_SEED
VIC-01609,Advika Chokshi,13,Under 18,FEMALE,42963000000035039,2026-07-15 14:36:44,2026-07-15 14:36:44,SYSTEM_SEED,SYSTEM_SEED
VIC-01610,Sunandamma Rai,51,46-55,FEMALE,42963000000035022,2026-07-15 14:36:44,2026-07-15 14:36:44,SYSTEM_SEED,SYSTEM_SEED
VIC-01611,Yashodamma Reddy,47,46-55,FEMALE,42963000000035016,2026-07-15 14:36:44,2026-07-15 14:36:44,SYSTEM_SEED,SYSTEM_SEED
VIC-01612,Girijamma Devadiga,13,Under 18,FEMALE,42963000000035022,2026-07-15 14:36:44,2026-07-15 14:36:44,SYSTEM_SEED,SYSTEM_SEED
VIC-01613,Siddalingaiah Achar,32,26-35,MALE,42963000000035022,2026-07-15 14:36:44,2026-07-15 14:36:44,SYSTEM_SEED,SYSTEM_SEED
VIC-01614,Yauvani Randhawa,69,66-80,FEMALE,42963000000035017,2026-07-15 14:36:44,2026-07-15 14:36:44,SYSTEM_SEED,SYSTEM_SEED
VIC-01615,Savitramma Reddy,11,Under 18,FEMALE,42963000000035031,2026-07-15 14:36:44,2026-07-15 14:36:44,SYSTEM_SEED,SYSTEM_SEED
VIC-01616,Yug Datta,79,66-80,MALE,42963000000035023,2026-07-15 14:36:44,2026-07-15 14:36:44,SYSTEM_SEED,SYSTEM_SEED
VIC-01617,Chaaya Ghose,26,26-35,FEMALE,42963000000035035,2026-07-15 14:36:44,2026-07-15 14:36:44,SYSTEM_SEED,SYSTEM_SEED
VIC-01618,Vasanthamma Naik,68,66-80,FEMALE,42963000000035024,2026-07-15 14:36:44,2026-07-15 14:36:44,SYSTEM_SEED,SYSTEM_SEED
VIC-01619,Vamakshi Arya,41,36-45,FEMALE,42963000000035040,2026-07-15 14:36:44,2026-07-15 14:36:44,SYSTEM_SEED,SYSTEM_SEED
VIC-01620,Udant Deshmukh,15,Under 18,MALE,42963000000035028,2026-07-15 14:36:44,2026-07-15 14:36:44,SYSTEM_SEED,SYSTEM_SEED
VIC-01621,Lekha Gala,55,46-55,FEMALE,42963000000035016,2026-07-15 14:36:44,2026-07-15 14:36:44,SYSTEM_SEED,SYSTEM_SEED
VIC-01622,Bishakha Din,39,36-45,FEMALE,42963000000035030,2026-07-15 14:36:44,2026-07-15 14:36:44,SYSTEM_SEED,SYSTEM_SEED
VIC-01623,Gayathri Bera,21,18-25,FEMALE,42963000000035028,2026-07-15 14:36:44,2026-07-15 14:36:44,SYSTEM_SEED,SYSTEM_SEED
VIC-01624,Zarna Krishnamurthy,68,66-80,FEMALE,42963000000035020,2026-07-15 14:36:44,2026-07-15 14:36:44,SYSTEM_SEED,SYSTEM_SEED
VIC-01625,Wakeeta Oommen,46,46-55,FEMALE,42963000000035036,2026-07-15 14:36:44,2026-07-15 14:36:44,SYSTEM_SEED,SYSTEM_SEED
VIC-01626,Upasna Pal,58,56-65,FEMALE,42963000000035017,2026-07-15 14:36:44,2026-07-15 14:36:44,SYSTEM_SEED,SYSTEM_SEED
VIC-01627,Basavaraj Naik,77,66-80,MALE,42963000000035038,2026-07-15 14:36:44,2026-07-15 14:36:44,SYSTEM_SEED,SYSTEM_SEED
VIC-01628,Arjun Shenoy,63,56-65,MALE,42963000000035035,2026-07-15 14:36:44,2026-07-15 14:36:44,SYSTEM_SEED,SYSTEM_SEED
VIC-01629,Frado Pillay,79,66-80,MALE,42963000000035021,2026-07-15 14:36:44,2026-07-15 14:36:44,SYSTEM_SEED,SYSTEM_SEED
VIC-01630,Jayamma Hegde,24,18-25,FEMALE,42963000000035026,2026-07-15 14:36:44,2026-07-15 14:36:44,SYSTEM_SEED,SYSTEM_SEED
VIC-01631,Gagan Mukherjee,46,46-55,MALE,42963000000035030,2026-07-15 14:36:44,2026-07-15 14:36:44,SYSTEM_SEED,SYSTEM_SEED
VIC-01632,Parvatamma Kulkarni,45,36-45,FEMALE,42963000000035033,2026-07-15 14:36:44,2026-07-15 14:36:44,SYSTEM_SEED,SYSTEM_SEED
VIC-01633,Harish Reddy,34,26-35,MALE,42963000000035023,2026-07-15 14:36:44,2026-07-15 14:36:44,SYSTEM_SEED,SYSTEM_SEED
VIC-01634,David Kaul,43,36-45,MALE,42963000000035023,2026-07-15 14:36:44,2026-07-15 14:36:44,SYSTEM_SEED,SYSTEM_SEED
VIC-01635,Jayamma Shetty,30,26-35,FEMALE,42963000000035028,2026-07-15 14:36:44,2026-07-15 14:36:44,SYSTEM_SEED,SYSTEM_SEED
VIC-01636,Mahadevi Nayak,24,18-25,FEMALE,42963000000035033,2026-07-15 14:36:44,2026-07-15 14:36:44,SYSTEM_SEED,SYSTEM_SEED
VIC-01637,Bhagyalakshmi Nayak,68,66-80,FEMALE,42963000000035015,2026-07-15 14:36:44,2026-07-15 14:36:44,SYSTEM_SEED,SYSTEM_SEED
VIC-01638,Nagaveni Naik,63,56-65,FEMALE,42963000000035021,2026-07-15 14:36:44,2026-07-15 14:36:44,SYSTEM_SEED,SYSTEM_SEED
VIC-01639,Lajita Pathak,7,Under 18,FEMALE,42963000000035016,2026-07-15 14:36:44,2026-07-15 14:36:44,SYSTEM_SEED,SYSTEM_SEED
VIC-01640,Nagaveni Rai,24,18-25,FEMALE,42963000000035033,2026-07-15 14:36:44,2026-07-15 14:36:44,SYSTEM_SEED,SYSTEM_SEED
VIC-01641,Arjun Balay,1,Under 18,MALE,42963000000035033,2026-07-15 14:36:44,2026-07-15 14:36:44,SYSTEM_SEED,SYSTEM_SEED
VIC-01642,Joshua Mody,31,26-35,MALE,42963000000035040,2026-07-15 14:36:44,2026-07-15 14:36:44,SYSTEM_SEED,SYSTEM_SEED
VIC-01643,Nagaveni Shetty,72,66-80,FEMALE,42963000000035029,2026-07-15 14:36:44,2026-07-15 14:36:44,SYSTEM_SEED,SYSTEM_SEED
VIC-01644,Channabasappa Gowda,0,Under 18,MALE,42963000000035020,2026-07-15 14:36:44,2026-07-15 14:36:44,SYSTEM_SEED,SYSTEM_SEED
VIC-01645,Puttaswamy Urs,59,56-65,MALE,42963000000035024,2026-07-15 14:36:44,2026-07-15 14:36:44,SYSTEM_SEED,SYSTEM_SEED
VIC-01646,Luke Sibal,30,26-35,MALE,42963000000035040,2026-07-15 14:36:44,2026-07-15 14:36:44,SYSTEM_SEED,SYSTEM_SEED
VIC-01647,Elijah Hegde,62,56-65,MALE,42963000000035024,2026-07-15 14:36:44,2026-07-15 14:36:44,SYSTEM_SEED,SYSTEM_SEED
VIC-01648,Sujathamma Naik,45,36-45,FEMALE,42963000000035022,2026-07-15 14:36:44,2026-07-15 14:36:44,SYSTEM_SEED,SYSTEM_SEED
VIC-01649,Prakash Bhat,56,56-65,MALE,42963000000035022,2026-07-15 14:36:44,2026-07-15 14:36:44,SYSTEM_SEED,SYSTEM_SEED
VIC-01650,Ravindranath Reddy,13,Under 18,MALE,42963000000035020,2026-07-15 14:36:44,2026-07-15 14:36:44,SYSTEM_SEED,SYSTEM_SEED
VIC-01651,Daksh Dey,54,46-55,MALE,42963000000035015,2026-07-15 14:36:44,2026-07-15 14:36:44,SYSTEM_SEED,SYSTEM_SEED
VIC-01652,Faraj Sem,73,66-80,MALE,42963000000035033,2026-07-15 14:36:44,2026-07-15 14:36:44,SYSTEM_SEED,SYSTEM_SEED
VIC-01653,Yatan Chad,22,18-25,MALE,42963000000035024,2026-07-15 14:36:44,2026-07-15 14:36:44,SYSTEM_SEED,SYSTEM_SEED
VIC-01654,Nagaraj Kulkarni,8,Under 18,MALE,42963000000035022,2026-07-15 14:36:44,2026-07-15 14:36:44,SYSTEM_SEED,SYSTEM_SEED
VIC-01655,Theodore Rao,28,26-35,MALE,42963000000035030,2026-07-15 14:36:44,2026-07-15 14:36:44,SYSTEM_SEED,SYSTEM_SEED
VIC-01656,Keya Memon,60,56-65,FEMALE,42963000000035029,2026-07-15 14:36:44,2026-07-15 14:36:44,SYSTEM_SEED,SYSTEM_SEED
VIC-01657,Yashodamma Hegde,36,36-45,FEMALE,42963000000035035,2026-07-15 14:36:44,2026-07-15 14:36:44,SYSTEM_SEED,SYSTEM_SEED
VIC-01658,Harish Urs,16,Under 18,MALE,42963000000035028,2026-07-15 14:36:44,2026-07-15 14:36:44,SYSTEM_SEED,SYSTEM_SEED
VIC-01659,Mahadevi Achar,76,66-80,FEMALE,42963000000035015,2026-07-15 14:36:44,2026-07-15 14:36:44,SYSTEM_SEED,SYSTEM_SEED
VIC-01660,Yash Gara,46,46-55,MALE,42963000000035021,2026-07-15 14:36:44,2026-07-15 14:36:44,SYSTEM_SEED,SYSTEM_SEED
VIC-01661,Gopal Yohannan,23,18-25,MALE,42963000000035014,2026-07-15 14:36:44,2026-07-15 14:36:44,SYSTEM_SEED,SYSTEM_SEED
VIC-01662,Frado Bora,23,18-25,MALE,42963000000035042,2026-07-15 14:36:44,2026-07-15 14:36:44,SYSTEM_SEED,SYSTEM_SEED
VIC-01663,Raagini Arora,50,46-55,FEMALE,42963000000035037,2026-07-15 14:36:44,2026-07-15 14:36:44,SYSTEM_SEED,SYSTEM_SEED
VIC-01664,Bhavna Ram,5,Under 18,FEMALE,42963000000035012,2026-07-15 14:36:44,2026-07-15 14:36:44,SYSTEM_SEED,SYSTEM_SEED
VIC-01665,Prakash Shetty,24,18-25,MALE,42963000000035022,2026-07-15 14:36:44,2026-07-15 14:36:44,SYSTEM_SEED,SYSTEM_SEED
VIC-01666,Anvi Kumer,26,26-35,FEMALE,42963000000035035,2026-07-15 14:36:44,2026-07-15 14:36:44,SYSTEM_SEED,SYSTEM_SEED
VIC-01667,Gunbir Bali,32,26-35,MALE,42963000000035016,2026-07-15 14:36:44,2026-07-15 14:36:44,SYSTEM_SEED,SYSTEM_SEED
VIC-01668,Ishwar Nair,59,56-65,MALE,42963000000035029,2026-07-15 14:36:44,2026-07-15 14:36:44,SYSTEM_SEED,SYSTEM_SEED
VIC-01669,Siddalingaiah Bhat,56,56-65,MALE,42963000000035022,2026-07-15 14:36:44,2026-07-15 14:36:44,SYSTEM_SEED,SYSTEM_SEED
VIC-01670,Lila Karnik,6,Under 18,FEMALE,42963000000035036,2026-07-15 14:36:44,2026-07-15 14:36:44,SYSTEM_SEED,SYSTEM_SEED
VIC-01671,Lokesh Poojary,40,36-45,MALE,42963000000035031,2026-07-15 14:36:44,2026-07-15 14:36:44,SYSTEM_SEED,SYSTEM_SEED
VIC-01672,Chandrashekar Achar,69,66-80,MALE,42963000000035033,2026-07-15 14:36:44,2026-07-15 14:36:44,SYSTEM_SEED,SYSTEM_SEED
VIC-01673,Jayamma Rai,5,Under 18,FEMALE,42963000000035038,2026-07-15 14:36:44,2026-07-15 14:36:44,SYSTEM_SEED,SYSTEM_SEED
VIC-01674,Jyoti Mody,65,56-65,FEMALE,42963000000035033,2026-07-15 14:36:44,2026-07-15 14:36:44,SYSTEM_SEED,SYSTEM_SEED
VIC-01675,Rathnamma Bhat,60,56-65,FEMALE,42963000000035040,2026-07-15 14:36:44,2026-07-15 14:36:44,SYSTEM_SEED,SYSTEM_SEED
VIC-01676,Andrew Chawla,52,46-55,MALE,42963000000035016,2026-07-15 14:36:44,2026-07-15 14:36:44,SYSTEM_SEED,SYSTEM_SEED
VIC-01677,Nagaraj Setty,39,36-45,MALE,42963000000035041,2026-07-15 14:36:44,2026-07-15 14:36:44,SYSTEM_SEED,SYSTEM_SEED
VIC-01678,Prakash Kulkarni,53,46-55,MALE,42963000000035030,2026-07-15 14:36:44,2026-07-15 14:36:44,SYSTEM_SEED,SYSTEM_SEED
VIC-01679,Siya Sastry,48,46-55,FEMALE,42963000000035022,2026-07-15 14:36:44,2026-07-15 14:36:44,SYSTEM_SEED,SYSTEM_SEED
VIC-01680,Shivakumar Urs,67,66-80,MALE,42963000000035020,2026-07-15 14:36:44,2026-07-15 14:36:44,SYSTEM_SEED,SYSTEM_SEED
VIC-01681,Lakshmamma Rai,25,18-25,FEMALE,42963000000035021,2026-07-15 14:36:44,2026-07-15 14:36:44,SYSTEM_SEED,SYSTEM_SEED
VIC-01682,Sunandamma Reddy,8,Under 18,FEMALE,42963000000035035,2026-07-15 14:36:44,2026-07-15 14:36:44,SYSTEM_SEED,SYSTEM_SEED
VIC-01683,Yashawini Mangat,72,66-80,FEMALE,42963000000035031,2026-07-15 14:36:44,2026-07-15 14:36:44,SYSTEM_SEED,SYSTEM_SEED
VIC-01684,Shanthakumari Gowda,72,66-80,FEMALE,42963000000035022,2026-07-15 14:36:44,2026-07-15 14:36:44,SYSTEM_SEED,SYSTEM_SEED
VIC-01685,Simon Pai,5,Under 18,MALE,42963000000035034,2026-07-15 14:36:44,2026-07-15 14:36:44,SYSTEM_SEED,SYSTEM_SEED
VIC-01686,Ravindranath Urs,57,56-65,MALE,42963000000035033,2026-07-15 14:36:44,2026-07-15 14:36:44,SYSTEM_SEED,SYSTEM_SEED
VIC-01687,Yallappa Naik,34,26-35,MALE,42963000000035025,2026-07-15 14:36:44,2026-07-15 14:36:44,SYSTEM_SEED,SYSTEM_SEED
VIC-01688,Nagaraj Rai,23,18-25,MALE,42963000000035041,2026-07-15 14:36:44,2026-07-15 14:36:44,SYSTEM_SEED,SYSTEM_SEED
VIC-01689,Maya Kumar,45,36-45,FEMALE,42963000000035024,2026-07-15 14:36:44,2026-07-15 14:36:44,SYSTEM_SEED,SYSTEM_SEED
VIC-01690,Ravindranath Reddy,25,18-25,MALE,42963000000035024,2026-07-15 14:36:44,2026-07-15 14:36:44,SYSTEM_SEED,SYSTEM_SEED
VIC-01691,Shanthakumari Shetty,5,Under 18,FEMALE,42963000000035019,2026-07-15 14:36:44,2026-07-15 14:36:44,SYSTEM_SEED,SYSTEM_SEED
VIC-01692,Chandrakala Poojary,27,26-35,FEMALE,42963000000035014,2026-07-15 14:36:44,2026-07-15 14:36:44,SYSTEM_SEED,SYSTEM_SEED
VIC-01693,Channabasappa Setty,62,56-65,MALE,42963000000035016,2026-07-15 14:36:44,2026-07-15 14:36:44,SYSTEM_SEED,SYSTEM_SEED
VIC-01694,Lokesh Achar,25,18-25,MALE,42963000000035022,2026-07-15 14:36:44,2026-07-15 14:36:44,SYSTEM_SEED,SYSTEM_SEED
VIC-01695,Parvatamma Achar,19,18-25,FEMALE,42963000000035016,2026-07-15 14:36:44,2026-07-15 14:36:44,SYSTEM_SEED,SYSTEM_SEED
VIC-01696,Shanthakumari Nayak,50,46-55,FEMALE,42963000000035038,2026-07-15 14:36:44,2026-07-15 14:36:44,SYSTEM_SEED,SYSTEM_SEED
VIC-01697,Pranit Lal,75,66-80,MALE,42963000000035035,2026-07-15 14:36:44,2026-07-15 14:36:44,SYSTEM_SEED,SYSTEM_SEED
VIC-01698,Tanay Bera,69,66-80,MALE,42963000000035024,2026-07-15 14:36:44,2026-07-15 14:36:44,SYSTEM_SEED,SYSTEM_SEED
VIC-01699,Radhika Bhatti,37,36-45,FEMALE,42963000000035033,2026-07-15 14:36:44,2026-07-15 14:36:44,SYSTEM_SEED,SYSTEM_SEED
VIC-01700,Janani Seshadri,79,66-80,FEMALE,42963000000035012,2026-07-15 14:36:44,2026-07-15 14:36:44,SYSTEM_SEED,SYSTEM_SEED
VIC-01701,Advika Nagi,39,36-45,FEMALE,42963000000035020,2026-07-15 14:36:44,2026-07-15 14:36:44,SYSTEM_SEED,SYSTEM_SEED
VIC-01702,David Din,48,46-55,MALE,42963000000035029,2026-07-15 14:36:44,2026-07-15 14:36:44,SYSTEM_SEED,SYSTEM_SEED
VIC-01703,Shanthakumari Bhat,0,Under 18,FEMALE,42963000000035032,2026-07-15 14:36:44,2026-07-15 14:36:44,SYSTEM_SEED,SYSTEM_SEED
VIC-01704,Yashasvi Vala,20,18-25,FEMALE,42963000000035038,2026-07-15 14:36:44,2026-07-15 14:36:44,SYSTEM_SEED,SYSTEM_SEED
VIC-01705,Sanya Sandal,2,Under 18,FEMALE,42963000000035025,2026-07-15 14:36:44,2026-07-15 14:36:44,SYSTEM_SEED,SYSTEM_SEED
VIC-01706,Sunandamma Setty,42,36-45,FEMALE,42963000000035034,2026-07-15 14:36:44,2026-07-15 14:36:44,SYSTEM_SEED,SYSTEM_SEED
VIC-01707,Jagadish Rai,23,18-25,MALE,42963000000035022,2026-07-15 14:36:44,2026-07-15 14:36:44,SYSTEM_SEED,SYSTEM_SEED
VIC-01708,Azaan Mohan,57,56-65,MALE,42963000000035033,2026-07-15 14:36:44,2026-07-15 14:36:44,SYSTEM_SEED,SYSTEM_SEED
VIC-01709,Warda Deol,80,66-80,FEMALE,42963000000035040,2026-07-15 14:36:44,2026-07-15 14:36:44,SYSTEM_SEED,SYSTEM_SEED
VIC-01710,Damini Mahal,77,66-80,FEMALE,42963000000035033,2026-07-15 14:36:44,2026-07-15 14:36:44,SYSTEM_SEED,SYSTEM_SEED
VIC-01711,Ekapad Kulkarni,34,26-35,MALE,42963000000035024,2026-07-15 14:36:44,2026-07-15 14:36:44,SYSTEM_SEED,SYSTEM_SEED
VIC-01712,Kamala Bansal,30,26-35,FEMALE,42963000000035018,2026-07-15 14:36:44,2026-07-15 14:36:44,SYSTEM_SEED,SYSTEM_SEED
VIC-01713,Harish Shetty,55,46-55,MALE,42963000000035023,2026-07-15 14:36:44,2026-07-15 14:36:44,SYSTEM_SEED,SYSTEM_SEED
VIC-01714,Bhagyalakshmi Reddy,76,66-80,FEMALE,42963000000035033,2026-07-15 14:36:44,2026-07-15 14:36:44,SYSTEM_SEED,SYSTEM_SEED
VIC-01715,Sai Krishnan,65,56-65,FEMALE,42963000000035022,2026-07-15 14:36:44,2026-07-15 14:36:44,SYSTEM_SEED,SYSTEM_SEED
VIC-01716,Lipika Deo,66,66-80,FEMALE,42963000000035032,2026-07-15 14:36:44,2026-07-15 14:36:44,SYSTEM_SEED,SYSTEM_SEED
VIC-01717,Jeevika Sengupta,78,66-80,FEMALE,42963000000035041,2026-07-15 14:36:44,2026-07-15 14:36:44,SYSTEM_SEED,SYSTEM_SEED
VIC-01718,Yoshita Keer,77,66-80,FEMALE,42963000000035038,2026-07-15 14:36:44,2026-07-15 14:36:44,SYSTEM_SEED,SYSTEM_SEED
VIC-01719,Shanthakumari Achar,31,26-35,FEMALE,42963000000035032,2026-07-15 14:36:44,2026-07-15 14:36:44,SYSTEM_SEED,SYSTEM_SEED
VIC-01720,Prakash Shetty,41,36-45,MALE,42963000000035023,2026-07-15 14:36:44,2026-07-15 14:36:44,SYSTEM_SEED,SYSTEM_SEED
VIC-01721,Charan Dora,6,Under 18,MALE,42963000000035036,2026-07-15 14:36:44,2026-07-15 14:36:44,SYSTEM_SEED,SYSTEM_SEED
VIC-01722,Zaid Balan,30,26-35,MALE,42963000000035037,2026-07-15 14:36:44,2026-07-15 14:36:44,SYSTEM_SEED,SYSTEM_SEED
VIC-01723,Shivakumar Achar,15,Under 18,MALE,42963000000035022,2026-07-15 14:36:44,2026-07-15 14:36:44,SYSTEM_SEED,SYSTEM_SEED
VIC-01724,Farhan Kade,8,Under 18,MALE,42963000000035035,2026-07-15 14:36:44,2026-07-15 14:36:44,SYSTEM_SEED,SYSTEM_SEED
VIC-01725,Aryan Kala,63,56-65,MALE,42963000000035028,2026-07-15 14:36:44,2026-07-15 14:36:44,SYSTEM_SEED,SYSTEM_SEED
VIC-01726,Kariyappa Naik,78,66-80,MALE,42963000000035026,2026-07-15 14:36:44,2026-07-15 14:36:44,SYSTEM_SEED,SYSTEM_SEED
VIC-01727,Raghavendra Naik,3,Under 18,MALE,42963000000035014,2026-07-15 14:36:44,2026-07-15 14:36:44,SYSTEM_SEED,SYSTEM_SEED
VIC-01728,Harish Rai,3,Under 18,MALE,42963000000035012,2026-07-15 14:36:44,2026-07-15 14:36:44,SYSTEM_SEED,SYSTEM_SEED
VIC-01729,Ravindranath Nayak,19,18-25,MALE,42963000000035017,2026-07-15 14:36:44,2026-07-15 14:36:44,SYSTEM_SEED,SYSTEM_SEED
VIC-01730,Eta Dara,27,26-35,FEMALE,42963000000035031,2026-07-15 14:36:44,2026-07-15 14:36:44,SYSTEM_SEED,SYSTEM_SEED
VIC-01731,Chandrashekar Naik,75,66-80,MALE,42963000000035026,2026-07-15 14:36:44,2026-07-15 14:36:44,SYSTEM_SEED,SYSTEM_SEED
VIC-01732,Devika Aurora,31,26-35,FEMALE,42963000000035016,2026-07-15 14:36:44,2026-07-15 14:36:44,SYSTEM_SEED,SYSTEM_SEED
VIC-01733,Ishwar Gill,4,Under 18,MALE,42963000000035036,2026-07-15 14:36:44,2026-07-15 14:36:44,SYSTEM_SEED,SYSTEM_SEED
VIC-01734,Siddalingaiah Devadiga,77,66-80,MALE,42963000000035012,2026-07-15 14:36:44,2026-07-15 14:36:44,SYSTEM_SEED,SYSTEM_SEED
VIC-01735,Basavaraj Urs,40,36-45,MALE,42963000000035022,2026-07-15 14:36:44,2026-07-15 14:36:44,SYSTEM_SEED,SYSTEM_SEED
VIC-01736,Abhiram Bhatnagar,13,Under 18,MALE,42963000000035031,2026-07-15 14:36:44,2026-07-15 14:36:44,SYSTEM_SEED,SYSTEM_SEED
VIC-01737,Vihaan Saraf,48,46-55,MALE,42963000000035037,2026-07-15 14:36:44,2026-07-15 14:36:44,SYSTEM_SEED,SYSTEM_SEED
VIC-01738,Deepa Bath,22,18-25,FEMALE,42963000000035040,2026-07-15 14:36:44,2026-07-15 14:36:44,SYSTEM_SEED,SYSTEM_SEED
VIC-01739,Chandrakala Rai,32,26-35,FEMALE,42963000000035042,2026-07-15 14:36:44,2026-07-15 14:36:44,SYSTEM_SEED,SYSTEM_SEED
VIC-01740,Yashoda Srivastava,36,36-45,FEMALE,42963000000035033,2026-07-15 14:36:44,2026-07-15 14:36:44,SYSTEM_SEED,SYSTEM_SEED
VIC-01741,Darsh Apte,14,Under 18,MALE,42963000000035016,2026-07-15 14:36:44,2026-07-15 14:36:44,SYSTEM_SEED,SYSTEM_SEED
VIC-01742,Manbir Gulati,70,66-80,MALE,42963000000035024,2026-07-15 14:36:44,2026-07-15 14:36:44,SYSTEM_SEED,SYSTEM_SEED
VIC-01743,Rehaan Chander,68,66-80,MALE,42963000000035041,2026-07-15 14:36:44,2026-07-15 14:36:44,SYSTEM_SEED,SYSTEM_SEED
VIC-01744,Azaan Keer,6,Under 18,MALE,42963000000035013,2026-07-15 14:36:44,2026-07-15 14:36:44,SYSTEM_SEED,SYSTEM_SEED
VIC-01745,Yallappa Nayak,66,66-80,MALE,42963000000035012,2026-07-15 14:36:44,2026-07-15 14:36:44,SYSTEM_SEED,SYSTEM_SEED
VIC-01746,Ravindranath Nayak,14,Under 18,MALE,42963000000035016,2026-07-15 14:36:44,2026-07-15 14:36:44,SYSTEM_SEED,SYSTEM_SEED
VIC-01747,Gopalakrishna Bhat,1,Under 18,MALE,42963000000035013,2026-07-15 14:36:44,2026-07-15 14:36:44,SYSTEM_SEED,SYSTEM_SEED
VIC-01748,Sujathamma Reddy,29,26-35,FEMALE,42963000000035016,2026-07-15 14:36:44,2026-07-15 14:36:44,SYSTEM_SEED,SYSTEM_SEED
VIC-01749,Nathaniel Kohli,20,18-25,MALE,42963000000035022,2026-07-15 14:36:44,2026-07-15 14:36:44,SYSTEM_SEED,SYSTEM_SEED
VIC-01750,Arjun Subramanian,11,Under 18,MALE,42963000000035017,2026-07-15 14:36:44,2026-07-15 14:36:44,SYSTEM_SEED,SYSTEM_SEED
VIC-01751,Lakshmamma Naik,72,66-80,FEMALE,42963000000035022,2026-07-15 14:36:44,2026-07-15 14:36:44,SYSTEM_SEED,SYSTEM_SEED
VIC-01752,Gopalakrishna Reddy,49,46-55,MALE,42963000000035024,2026-07-15 14:36:44,2026-07-15 14:36:44,SYSTEM_SEED,SYSTEM_SEED
VIC-01753,Shivansh Devi,57,56-65,MALE,42963000000035024,2026-07-15 14:36:44,2026-07-15 14:36:44,SYSTEM_SEED,SYSTEM_SEED
VIC-01754,Nisha More,59,56-65,FEMALE,42963000000035034,2026-07-15 14:36:44,2026-07-15 14:36:44,SYSTEM_SEED,SYSTEM_SEED
VIC-01755,Lakshmamma Bhat,76,66-80,FEMALE,42963000000035012,2026-07-15 14:36:44,2026-07-15 14:36:44,SYSTEM_SEED,SYSTEM_SEED
VIC-01756,Nakul Chaudhari,50,46-55,MALE,42963000000035037,2026-07-15 14:36:44,2026-07-15 14:36:44,SYSTEM_SEED,SYSTEM_SEED
VIC-01757,Channabasappa Achar,29,26-35,MALE,42963000000035034,2026-07-15 14:36:44,2026-07-15 14:36:44,SYSTEM_SEED,SYSTEM_SEED
VIC-01758,Akkamahadevi Shetty,38,36-45,FEMALE,42963000000035014,2026-07-15 14:36:44,2026-07-15 14:36:44,SYSTEM_SEED,SYSTEM_SEED
VIC-01759,Thimmaiah Shetty,1,Under 18,MALE,42963000000035022,2026-07-15 14:36:44,2026-07-15 14:36:44,SYSTEM_SEED,SYSTEM_SEED
VIC-01760,Pushpalatha Setty,9,Under 18,FEMALE,42963000000035014,2026-07-15 14:36:44,2026-07-15 14:36:44,SYSTEM_SEED,SYSTEM_SEED
VIC-01761,Aadhya Issac,40,36-45,FEMALE,42963000000035012,2026-07-15 14:36:44,2026-07-15 14:36:44,SYSTEM_SEED,SYSTEM_SEED
VIC-01762,Vasudha Raval,20,18-25,FEMALE,42963000000035026,2026-07-15 14:36:44,2026-07-15 14:36:44,SYSTEM_SEED,SYSTEM_SEED
VIC-01763,Aadhya Pingle,57,56-65,FEMALE,42963000000035014,2026-07-15 14:36:44,2026-07-15 14:36:44,SYSTEM_SEED,SYSTEM_SEED
VIC-01764,Akkamahadevi Bhat,55,46-55,FEMALE,42963000000035024,2026-07-15 14:36:44,2026-07-15 14:36:44,SYSTEM_SEED,SYSTEM_SEED
VIC-01765,Parvatamma Kulkarni,29,26-35,FEMALE,42963000000035042,2026-07-15 14:36:44,2026-07-15 14:36:44,SYSTEM_SEED,SYSTEM_SEED
VIC-01766,Basavaraj Hegde,5,Under 18,MALE,42963000000035022,2026-07-15 14:36:44,2026-07-15 14:36:44,SYSTEM_SEED,SYSTEM_SEED
VIC-01767,Girijamma Devadiga,63,56-65,FEMALE,42963000000035039,2026-07-15 14:36:44,2026-07-15 14:36:44,SYSTEM_SEED,SYSTEM_SEED
VIC-01768,Nitesh Raghavan,31,26-35,MALE,42963000000035040,2026-07-15 14:36:44,2026-07-15 14:36:44,SYSTEM_SEED,SYSTEM_SEED
VIC-01769,Raghavendra Hegde,72,66-80,MALE,42963000000035013,2026-07-15 14:36:44,2026-07-15 14:36:44,SYSTEM_SEED,SYSTEM_SEED
VIC-01770,Baljiwan Narula,11,Under 18,MALE,42963000000035033,2026-07-15 14:36:44,2026-07-15 14:36:44,SYSTEM_SEED,SYSTEM_SEED
VIC-01771,Arin Sarin,32,26-35,MALE,42963000000035013,2026-07-15 14:36:44,2026-07-15 14:36:44,SYSTEM_SEED,SYSTEM_SEED
VIC-01772,Kariyappa Shetty,68,66-80,MALE,42963000000035013,2026-07-15 14:36:44,2026-07-15 14:36:44,SYSTEM_SEED,SYSTEM_SEED
VIC-01773,Sureshgowda Nayak,5,Under 18,MALE,42963000000035022,2026-07-15 14:36:44,2026-07-15 14:36:44,SYSTEM_SEED,SYSTEM_SEED
VIC-01774,Saumya Sami,34,26-35,FEMALE,42963000000035037,2026-07-15 14:36:44,2026-07-15 14:36:44,SYSTEM_SEED,SYSTEM_SEED
VIC-01775,Rathnamma Setty,11,Under 18,FEMALE,42963000000035024,2026-07-15 14:36:44,2026-07-15 14:36:44,SYSTEM_SEED,SYSTEM_SEED
VIC-01776,Charita Borah,56,56-65,FEMALE,42963000000035027,2026-07-15 14:36:44,2026-07-15 14:36:44,SYSTEM_SEED,SYSTEM_SEED
VIC-01777,Ronith Prabhakar,80,66-80,MALE,42963000000035031,2026-07-15 14:36:44,2026-07-15 14:36:44,SYSTEM_SEED,SYSTEM_SEED
VIC-01778,Chameli Chana,32,26-35,FEMALE,42963000000035036,2026-07-15 14:36:44,2026-07-15 14:36:44,SYSTEM_SEED,SYSTEM_SEED
VIC-01779,Megha Agarwal,77,66-80,FEMALE,42963000000035013,2026-07-15 14:36:44,2026-07-15 14:36:44,SYSTEM_SEED,SYSTEM_SEED
VIC-01780,Neel Chaudhry,10,Under 18,MALE,42963000000035040,2026-07-15 14:36:44,2026-07-15 14:36:44,SYSTEM_SEED,SYSTEM_SEED
VIC-01781,Lipika Singh,15,Under 18,FEMALE,42963000000035015,2026-07-15 14:36:44,2026-07-15 14:36:44,SYSTEM_SEED,SYSTEM_SEED
VIC-01782,Yutika Aurora,42,36-45,FEMALE,42963000000035032,2026-07-15 14:36:44,2026-07-15 14:36:44,SYSTEM_SEED,SYSTEM_SEED
VIC-01783,Indali Sani,51,46-55,FEMALE,42963000000035024,2026-07-15 14:36:44,2026-07-15 14:36:44,SYSTEM_SEED,SYSTEM_SEED
VIC-01784,Ravindranath Urs,74,66-80,MALE,42963000000035037,2026-07-15 14:36:44,2026-07-15 14:36:44,SYSTEM_SEED,SYSTEM_SEED
VIC-01785,Harrison Menon,3,Under 18,MALE,42963000000035015,2026-07-15 14:36:44,2026-07-15 14:36:44,SYSTEM_SEED,SYSTEM_SEED
VIC-01786,Sunandamma Kulkarni,12,Under 18,FEMALE,42963000000035024,2026-07-15 14:36:44,2026-07-15 14:36:44,SYSTEM_SEED,SYSTEM_SEED
VIC-01787,Jagadish Nayak,59,56-65,MALE,42963000000035033,2026-07-15 14:36:44,2026-07-15 14:36:44,SYSTEM_SEED,SYSTEM_SEED
VIC-01788,Saanvi Warrior,26,26-35,FEMALE,42963000000035026,2026-07-15 14:36:44,2026-07-15 14:36:44,SYSTEM_SEED,SYSTEM_SEED
VIC-01789,Gauri Rama,44,36-45,FEMALE,42963000000035041,2026-07-15 14:36:44,2026-07-15 14:36:44,SYSTEM_SEED,SYSTEM_SEED
VIC-01790,Lokesh Urs,20,18-25,MALE,42963000000035024,2026-07-15 14:36:44,2026-07-15 14:36:44,SYSTEM_SEED,SYSTEM_SEED
VIC-01791,Advika Wable,19,18-25,FEMALE,42963000000035014,2026-07-15 14:36:44,2026-07-15 14:36:44,SYSTEM_SEED,SYSTEM_SEED
VIC-01792,Upma Venkatesh,23,18-25,FEMALE,42963000000035026,2026-07-15 14:36:44,2026-07-15 14:36:44,SYSTEM_SEED,SYSTEM_SEED
VIC-01793,Sujathamma Naik,46,46-55,FEMALE,42963000000035033,2026-07-15 14:36:44,2026-07-15 14:36:44,SYSTEM_SEED,SYSTEM_SEED
VIC-01794,Puttaswamy Urs,79,66-80,MALE,42963000000035029,2026-07-15 14:36:44,2026-07-15 14:36:44,SYSTEM_SEED,SYSTEM_SEED
VIC-01795,Nagaraj Gowda,60,56-65,MALE,42963000000035038,2026-07-15 14:36:44,2026-07-15 14:36:44,SYSTEM_SEED,SYSTEM_SEED
VIC-01796,Vrishti Wadhwa,78,66-80,FEMALE,42963000000035018,2026-07-15 14:36:44,2026-07-15 14:36:44,SYSTEM_SEED,SYSTEM_SEED
VIC-01797,Bina Patla,25,18-25,FEMALE,42963000000035033,2026-07-15 14:36:44,2026-07-15 14:36:44,SYSTEM_SEED,SYSTEM_SEED
VIC-01798,Sujathamma Poojary,36,36-45,FEMALE,42963000000035026,2026-07-15 14:36:44,2026-07-15 14:36:44,SYSTEM_SEED,SYSTEM_SEED
VIC-01799,Reva Sanghvi,74,66-80,FEMALE,42963000000035027,2026-07-15 14:36:44,2026-07-15 14:36:44,SYSTEM_SEED,SYSTEM_SEED
VIC-01800,Mahadevi Achar,50,46-55,FEMALE,42963000000035034,2026-07-15 14:36:44,2026-07-15 14:36:44,SYSTEM_SEED,SYSTEM_SEED
VIC-01801,Radhika Setty,9,Under 18,FEMALE,42963000000035026,2026-07-15 14:36:44,2026-07-15 14:36:44,SYSTEM_SEED,SYSTEM_SEED
VIC-01802,Utkarsh Purohit,51,46-55,MALE,42963000000035016,2026-07-15 14:36:44,2026-07-15 14:36:44,SYSTEM_SEED,SYSTEM_SEED
VIC-01803,Jagat Date,42,36-45,MALE,42963000000035041,2026-07-15 14:36:44,2026-07-15 14:36:44,SYSTEM_SEED,SYSTEM_SEED
VIC-01804,Chameli Deo,39,36-45,FEMALE,42963000000035038,2026-07-15 14:36:44,2026-07-15 14:36:44,SYSTEM_SEED,SYSTEM_SEED
VIC-01805,Rachita Sha,7,Under 18,FEMALE,42963000000035037,2026-07-15 14:36:44,2026-07-15 14:36:44,SYSTEM_SEED,SYSTEM_SEED
VIC-01806,Jagadish Hegde,31,26-35,MALE,42963000000035019,2026-07-15 14:36:44,2026-07-15 14:36:44,SYSTEM_SEED,SYSTEM_SEED
VIC-01807,Puttaswamy Naik,47,46-55,MALE,42963000000035022,2026-07-15 14:36:44,2026-07-15 14:36:44,SYSTEM_SEED,SYSTEM_SEED
VIC-01808,Ranveer Aurora,53,46-55,MALE,42963000000035017,2026-07-15 14:36:44,2026-07-15 14:36:44,SYSTEM_SEED,SYSTEM_SEED
VIC-01809,Balveer Ahluwalia,67,66-80,MALE,42963000000035027,2026-07-15 14:36:44,2026-07-15 14:36:44,SYSTEM_SEED,SYSTEM_SEED
VIC-01810,Nagaraj Rai,24,18-25,MALE,42963000000035022,2026-07-15 14:36:44,2026-07-15 14:36:44,SYSTEM_SEED,SYSTEM_SEED
VIC-01811,Ekaraj Bora,46,46-55,MALE,42963000000035034,2026-07-15 14:36:44,2026-07-15 14:36:44,SYSTEM_SEED,SYSTEM_SEED
VIC-01812,Radha Nayak,39,36-45,FEMALE,42963000000035017,2026-07-15 14:36:44,2026-07-15 14:36:44,SYSTEM_SEED,SYSTEM_SEED
VIC-01813,Yashodamma Shetty,10,Under 18,FEMALE,42963000000035014,2026-07-15 14:36:44,2026-07-15 14:36:44,SYSTEM_SEED,SYSTEM_SEED
VIC-01814,Dhriti Sharma,37,36-45,FEMALE,42963000000035042,2026-07-15 14:36:44,2026-07-15 14:36:44,SYSTEM_SEED,SYSTEM_SEED
VIC-01815,Vedant Mannan,36,36-45,MALE,42963000000035016,2026-07-15 14:36:44,2026-07-15 14:36:44,SYSTEM_SEED,SYSTEM_SEED
VIC-01816,Ekapad Sura,68,66-80,MALE,42963000000035033,2026-07-15 14:36:44,2026-07-15 14:36:44,SYSTEM_SEED,SYSTEM_SEED
VIC-01817,Reyansh Goyal,38,36-45,MALE,42963000000035022,2026-07-15 14:36:44,2026-07-15 14:36:44,SYSTEM_SEED,SYSTEM_SEED
VIC-01818,Shivakumar Shetty,9,Under 18,MALE,42963000000035016,2026-07-15 14:36:44,2026-07-15 14:36:44,SYSTEM_SEED,SYSTEM_SEED
VIC-01819,Chanakya Dhillon,62,56-65,MALE,42963000000035030,2026-07-15 14:36:44,2026-07-15 14:36:44,SYSTEM_SEED,SYSTEM_SEED
VIC-01820,Sujathamma Urs,49,46-55,FEMALE,42963000000035020,2026-07-15 14:36:44,2026-07-15 14:36:44,SYSTEM_SEED,SYSTEM_SEED
VIC-01821,Yashodamma Setty,26,26-35,FEMALE,42963000000035021,2026-07-15 14:36:44,2026-07-15 14:36:44,SYSTEM_SEED,SYSTEM_SEED
VIC-01822,Puttaswamy Setty,15,Under 18,MALE,42963000000035022,2026-07-15 14:36:44,2026-07-15 14:36:44,SYSTEM_SEED,SYSTEM_SEED
VIC-01823,Chakradhar Rau,15,Under 18,MALE,42963000000035019,2026-07-15 14:36:44,2026-07-15 14:36:44,SYSTEM_SEED,SYSTEM_SEED
VIC-01824,Urmi Lata,28,26-35,FEMALE,42963000000035037,2026-07-15 14:36:44,2026-07-15 14:36:44,SYSTEM_SEED,SYSTEM_SEED
VIC-01825,Siddalingaiah Kulkarni,22,18-25,MALE,42963000000035039,2026-07-15 14:36:44,2026-07-15 14:36:44,SYSTEM_SEED,SYSTEM_SEED
VIC-01826,Gautami Dhaliwal,71,66-80,FEMALE,42963000000035016,2026-07-15 14:36:44,2026-07-15 14:36:44,SYSTEM_SEED,SYSTEM_SEED
VIC-01827,Ravindranath Shetty,9,Under 18,MALE,42963000000035013,2026-07-15 14:36:44,2026-07-15 14:36:44,SYSTEM_SEED,SYSTEM_SEED
VIC-01828,Oviya Vala,30,26-35,FEMALE,42963000000035033,2026-07-15 14:36:44,2026-07-15 14:36:44,SYSTEM_SEED,SYSTEM_SEED
VIC-01829,Umang Bera,39,36-45,MALE,42963000000035017,2026-07-15 14:36:44,2026-07-15 14:36:44,SYSTEM_SEED,SYSTEM_SEED
VIC-01830,Shanthakumari Urs,9,Under 18,FEMALE,42963000000035039,2026-07-15 14:36:44,2026-07-15 14:36:44,SYSTEM_SEED,SYSTEM_SEED
VIC-01831,Channabasappa Nayak,75,66-80,MALE,42963000000035022,2026-07-15 14:36:44,2026-07-15 14:36:44,SYSTEM_SEED,SYSTEM_SEED
VIC-01832,Rajeshri Lata,52,46-55,FEMALE,42963000000035018,2026-07-15 14:36:44,2026-07-15 14:36:44,SYSTEM_SEED,SYSTEM_SEED
VIC-01833,Charles Pal,77,66-80,MALE,42963000000035015,2026-07-15 14:36:44,2026-07-15 14:36:44,SYSTEM_SEED,SYSTEM_SEED
VIC-01834,Ria Sunder,8,Under 18,FEMALE,42963000000035025,2026-07-15 14:36:44,2026-07-15 14:36:44,SYSTEM_SEED,SYSTEM_SEED
VIC-01835,Chandrakala Kulkarni,80,66-80,FEMALE,42963000000035013,2026-07-15 14:36:44,2026-07-15 14:36:44,SYSTEM_SEED,SYSTEM_SEED
VIC-01836,Odika Saran,34,26-35,FEMALE,42963000000035024,2026-07-15 14:36:44,2026-07-15 14:36:44,SYSTEM_SEED,SYSTEM_SEED
VIC-01837,Jagadish Urs,13,Under 18,MALE,42963000000035015,2026-07-15 14:36:44,2026-07-15 14:36:44,SYSTEM_SEED,SYSTEM_SEED
VIC-01838,Nagaraj Setty,24,18-25,MALE,42963000000035014,2026-07-15 14:36:44,2026-07-15 14:36:44,SYSTEM_SEED,SYSTEM_SEED
VIC-01839,Girijamma Bhat,6,Under 18,FEMALE,42963000000035017,2026-07-15 14:36:44,2026-07-15 14:36:44,SYSTEM_SEED,SYSTEM_SEED
VIC-01840,Aarav Dhaliwal,53,46-55,MALE,42963000000035034,2026-07-15 14:36:44,2026-07-15 14:36:44,SYSTEM_SEED,SYSTEM_SEED
VIC-01841,Qadim Taneja,14,Under 18,MALE,42963000000035039,2026-07-15 14:36:44,2026-07-15 14:36:44,SYSTEM_SEED,SYSTEM_SEED
VIC-01842,Bhagyalakshmi Kulkarni,10,Under 18,FEMALE,42963000000035019,2026-07-15 14:36:44,2026-07-15 14:36:44,SYSTEM_SEED,SYSTEM_SEED
VIC-01843,Adya Bawa,59,56-65,FEMALE,42963000000035029,2026-07-15 14:36:44,2026-07-15 14:36:44,SYSTEM_SEED,SYSTEM_SEED
VIC-01844,Bhagyalakshmi Nayak,57,56-65,FEMALE,42963000000035024,2026-07-15 14:36:44,2026-07-15 14:36:44,SYSTEM_SEED,SYSTEM_SEED
VIC-01845,Sudiksha Kanda,8,Under 18,FEMALE,42963000000035020,2026-07-15 14:36:44,2026-07-15 14:36:44,SYSTEM_SEED,SYSTEM_SEED
VIC-01846,Samarth Maharaj,17,Under 18,MALE,42963000000035018,2026-07-15 14:36:44,2026-07-15 14:36:44,SYSTEM_SEED,SYSTEM_SEED
VIC-01847,Veeranna Reddy,28,26-35,MALE,42963000000035036,2026-07-15 14:36:44,2026-07-15 14:36:44,SYSTEM_SEED,SYSTEM_SEED
VIC-01848,Veda Garg,8,Under 18,FEMALE,42963000000035033,2026-07-15 14:36:44,2026-07-15 14:36:44,SYSTEM_SEED,SYSTEM_SEED
VIC-01849,Ekanta Mallick,21,18-25,FEMALE,42963000000035025,2026-07-15 14:36:44,2026-07-15 14:36:44,SYSTEM_SEED,SYSTEM_SEED
VIC-01850,Hema Thakur,76,66-80,FEMALE,42963000000035019,2026-07-15 14:36:44,2026-07-15 14:36:44,SYSTEM_SEED,SYSTEM_SEED
VIC-01851,Omisha Mammen,55,46-55,FEMALE,42963000000035017,2026-07-15 14:36:44,2026-07-15 14:36:44,SYSTEM_SEED,SYSTEM_SEED
VIC-01852,Puttaswamy Devadiga,77,66-80,MALE,42963000000035024,2026-07-15 14:36:44,2026-07-15 14:36:44,SYSTEM_SEED,SYSTEM_SEED
VIC-01853,Shivakumar Gowda,61,56-65,MALE,42963000000035027,2026-07-15 14:36:44,2026-07-15 14:36:44,SYSTEM_SEED,SYSTEM_SEED
VIC-01854,Yallappa Poojary,60,56-65,MALE,42963000000035021,2026-07-15 14:36:44,2026-07-15 14:36:44,SYSTEM_SEED,SYSTEM_SEED
VIC-01855,Nagaraj Kulkarni,77,66-80,MALE,42963000000035019,2026-07-15 14:36:44,2026-07-15 14:36:44,SYSTEM_SEED,SYSTEM_SEED
VIC-01856,Shivakumar Urs,29,26-35,MALE,42963000000035027,2026-07-15 14:36:44,2026-07-15 14:36:44,SYSTEM_SEED,SYSTEM_SEED
VIC-01857,Barkha Chakraborty,3,Under 18,FEMALE,42963000000035037,2026-07-15 14:36:44,2026-07-15 14:36:44,SYSTEM_SEED,SYSTEM_SEED
VIC-01858,Yoshita Varughese,80,66-80,FEMALE,42963000000035023,2026-07-15 14:36:44,2026-07-15 14:36:44,SYSTEM_SEED,SYSTEM_SEED
VIC-01859,Parvatamma Nayak,1,Under 18,FEMALE,42963000000035037,2026-07-15 14:36:44,2026-07-15 14:36:44,SYSTEM_SEED,SYSTEM_SEED
VIC-01860,Sunandamma Rai,59,56-65,FEMALE,42963000000035039,2026-07-15 14:36:44,2026-07-15 14:36:44,SYSTEM_SEED,SYSTEM_SEED
VIC-01861,Thimmaiah Shetty,10,Under 18,MALE,42963000000035034,2026-07-15 14:36:44,2026-07-15 14:36:44,SYSTEM_SEED,SYSTEM_SEED
VIC-01862,Prakash Hegde,16,Under 18,MALE,42963000000035022,2026-07-15 14:36:44,2026-07-15 14:36:44,SYSTEM_SEED,SYSTEM_SEED
VIC-01863,Faris Lala,67,66-80,MALE,42963000000035012,2026-07-15 14:36:44,2026-07-15 14:36:44,SYSTEM_SEED,SYSTEM_SEED
VIC-01864,Jai Chana,44,36-45,MALE,42963000000035028,2026-07-15 14:36:44,2026-07-15 14:36:44,SYSTEM_SEED,SYSTEM_SEED
VIC-01865,Ubika Bora,77,66-80,FEMALE,42963000000035030,2026-07-15 14:36:44,2026-07-15 14:36:44,SYSTEM_SEED,SYSTEM_SEED
VIC-01866,Ridhi Ahuja,30,26-35,FEMALE,42963000000035022,2026-07-15 14:36:44,2026-07-15 14:36:44,SYSTEM_SEED,SYSTEM_SEED
VIC-01867,Sujathamma Urs,60,56-65,FEMALE,42963000000035033,2026-07-15 14:36:44,2026-07-15 14:36:44,SYSTEM_SEED,SYSTEM_SEED
VIC-01868,Bhavini Bhargava,53,46-55,FEMALE,42963000000035039,2026-07-15 14:36:44,2026-07-15 14:36:44,SYSTEM_SEED,SYSTEM_SEED
VIC-01869,Ayushman Chand,41,36-45,MALE,42963000000035024,2026-07-15 14:36:44,2026-07-15 14:36:44,SYSTEM_SEED,SYSTEM_SEED
VIC-01870,Ria Agarwal,32,26-35,FEMALE,42963000000035027,2026-07-15 14:36:44,2026-07-15 14:36:44,SYSTEM_SEED,SYSTEM_SEED
VIC-01871,Puttaswamy Kulkarni,19,18-25,MALE,42963000000035021,2026-07-15 14:36:44,2026-07-15 14:36:44,SYSTEM_SEED,SYSTEM_SEED
VIC-01872,Vedika Chopra,70,66-80,FEMALE,42963000000035036,2026-07-15 14:36:44,2026-07-15 14:36:44,SYSTEM_SEED,SYSTEM_SEED
VIC-01873,Sureshgowda Setty,75,66-80,MALE,42963000000035036,2026-07-15 14:36:44,2026-07-15 14:36:44,SYSTEM_SEED,SYSTEM_SEED
VIC-01874,Nakul Grewal,41,36-45,MALE,42963000000035033,2026-07-15 14:36:44,2026-07-15 14:36:44,SYSTEM_SEED,SYSTEM_SEED
VIC-01875,Banjeet Bassi,75,66-80,MALE,42963000000035033,2026-07-15 14:36:44,2026-07-15 14:36:44,SYSTEM_SEED,SYSTEM_SEED
VIC-01876,Kaveri Poojary,72,66-80,FEMALE,42963000000035032,2026-07-15 14:36:44,2026-07-15 14:36:44,SYSTEM_SEED,SYSTEM_SEED
VIC-01877,Jhalak Sastry,79,66-80,FEMALE,42963000000035022,2026-07-15 14:36:44,2026-07-15 14:36:44,SYSTEM_SEED,SYSTEM_SEED
VIC-01878,Manjunath Nayak,74,66-80,MALE,42963000000035040,2026-07-15 14:36:44,2026-07-15 14:36:44,SYSTEM_SEED,SYSTEM_SEED
VIC-01879,Ekansh Iyengar,66,66-80,MALE,42963000000035022,2026-07-15 14:36:44,2026-07-15 14:36:44,SYSTEM_SEED,SYSTEM_SEED
VIC-01880,Gopalakrishna Naik,7,Under 18,MALE,42963000000035027,2026-07-15 14:36:44,2026-07-15 14:36:44,SYSTEM_SEED,SYSTEM_SEED
VIC-01881,Anamika Shere,36,36-45,FEMALE,42963000000035016,2026-07-15 14:36:44,2026-07-15 14:36:44,SYSTEM_SEED,SYSTEM_SEED
VIC-01882,Lakshmamma Nayak,40,36-45,FEMALE,42963000000035017,2026-07-15 14:36:44,2026-07-15 14:36:44,SYSTEM_SEED,SYSTEM_SEED
VIC-01883,Upasna Murthy,77,66-80,FEMALE,42963000000035037,2026-07-15 14:36:44,2026-07-15 14:36:44,SYSTEM_SEED,SYSTEM_SEED
VIC-01884,Aahana Sule,42,36-45,FEMALE,42963000000035016,2026-07-15 14:36:44,2026-07-15 14:36:44,SYSTEM_SEED,SYSTEM_SEED
VIC-01885,Chameli Thaman,39,36-45,FEMALE,42963000000035016,2026-07-15 14:36:44,2026-07-15 14:36:44,SYSTEM_SEED,SYSTEM_SEED
VIC-01886,Savitramma Setty,2,Under 18,FEMALE,42963000000035019,2026-07-15 14:36:44,2026-07-15 14:36:44,SYSTEM_SEED,SYSTEM_SEED
VIC-01887,Thimmakka Achar,31,26-35,FEMALE,42963000000035017,2026-07-15 14:36:44,2026-07-15 14:36:44,SYSTEM_SEED,SYSTEM_SEED
VIC-01888,Nihal Memon,63,56-65,MALE,42963000000035025,2026-07-15 14:36:44,2026-07-15 14:36:44,SYSTEM_SEED,SYSTEM_SEED
VIC-01889,Ekta Vig,66,66-80,FEMALE,42963000000035016,2026-07-15 14:36:44,2026-07-15 14:36:44,SYSTEM_SEED,SYSTEM_SEED
VIC-01890,Samuel Kala,77,66-80,MALE,42963000000035038,2026-07-15 14:36:44,2026-07-15 14:36:44,SYSTEM_SEED,SYSTEM_SEED
VIC-01891,Orinder Deep,64,56-65,MALE,42963000000035013,2026-07-15 14:36:44,2026-07-15 14:36:44,SYSTEM_SEED,SYSTEM_SEED
VIC-01892,Liam Sodhi,78,66-80,MALE,42963000000035014,2026-07-15 14:36:44,2026-07-15 14:36:44,SYSTEM_SEED,SYSTEM_SEED
VIC-01893,Manjunath Gowda,49,46-55,MALE,42963000000035013,2026-07-15 14:36:44,2026-07-15 14:36:44,SYSTEM_SEED,SYSTEM_SEED
VIC-01894,Thimmakka Nayak,64,56-65,FEMALE,42963000000035035,2026-07-15 14:36:44,2026-07-15 14:36:44,SYSTEM_SEED,SYSTEM_SEED
VIC-01895,Kaveri Nayak,38,36-45,FEMALE,42963000000035018,2026-07-15 14:36:44,2026-07-15 14:36:44,SYSTEM_SEED,SYSTEM_SEED
VIC-01896,Sureshgowda Bhat,2,Under 18,MALE,42963000000035030,2026-07-15 14:36:44,2026-07-15 14:36:44,SYSTEM_SEED,SYSTEM_SEED
VIC-01897,Samuel Chakrabarti,69,66-80,MALE,42963000000035013,2026-07-15 14:36:44,2026-07-15 14:36:44,SYSTEM_SEED,SYSTEM_SEED
VIC-01898,Warjas Jain,8,Under 18,MALE,42963000000035013,2026-07-15 14:36:44,2026-07-15 14:36:44,SYSTEM_SEED,SYSTEM_SEED
VIC-01899,Chakrika Kala,62,56-65,FEMALE,42963000000035033,2026-07-15 14:36:44,2026-07-15 14:36:44,SYSTEM_SEED,SYSTEM_SEED
VIC-01900,Shanthakumari Rai,58,56-65,FEMALE,42963000000035034,2026-07-15 14:36:44,2026-07-15 14:36:44,SYSTEM_SEED,SYSTEM_SEED
VIC-01901,Pushpalatha Achar,58,56-65,FEMALE,42963000000035022,2026-07-15 14:36:44,2026-07-15 14:36:44,SYSTEM_SEED,SYSTEM_SEED
VIC-01902,Andrew Kuruvilla,7,Under 18,MALE,42963000000035017,2026-07-15 14:36:44,2026-07-15 14:36:44,SYSTEM_SEED,SYSTEM_SEED
VIC-01903,Chandrashekar Naik,32,26-35,MALE,42963000000035017,2026-07-15 14:36:44,2026-07-15 14:36:44,SYSTEM_SEED,SYSTEM_SEED
VIC-01904,Mahadevi Kulkarni,48,46-55,FEMALE,42963000000035029,2026-07-15 14:36:44,2026-07-15 14:36:44,SYSTEM_SEED,SYSTEM_SEED
VIC-01905,Manjunath Poojary,6,Under 18,MALE,42963000000035026,2026-07-15 14:36:44,2026-07-15 14:36:44,SYSTEM_SEED,SYSTEM_SEED
VIC-01906,Thimmaiah Rai,10,Under 18,MALE,42963000000035017,2026-07-15 14:36:44,2026-07-15 14:36:44,SYSTEM_SEED,SYSTEM_SEED
VIC-01907,Arin Dube,43,36-45,MALE,42963000000035033,2026-07-15 14:36:44,2026-07-15 14:36:44,SYSTEM_SEED,SYSTEM_SEED
VIC-01908,Saksham Kapadia,18,18-25,MALE,42963000000035022,2026-07-15 14:36:44,2026-07-15 14:36:44,SYSTEM_SEED,SYSTEM_SEED
VIC-01909,Gangamma Rai,54,46-55,FEMALE,42963000000035012,2026-07-15 14:36:44,2026-07-15 14:36:44,SYSTEM_SEED,SYSTEM_SEED
VIC-01910,Thimmakka Devadiga,80,66-80,FEMALE,42963000000035042,2026-07-15 14:36:44,2026-07-15 14:36:44,SYSTEM_SEED,SYSTEM_SEED
VIC-01911,Bhavya Sidhu,55,46-55,FEMALE,42963000000035016,2026-07-15 14:36:44,2026-07-15 14:36:44,SYSTEM_SEED,SYSTEM_SEED
VIC-01912,Jalsa Parsa,71,66-80,FEMALE,42963000000035042,2026-07-15 14:36:44,2026-07-15 14:36:44,SYSTEM_SEED,SYSTEM_SEED
VIC-01913,Kaveri Achar,58,56-65,FEMALE,42963000000035032,2026-07-15 14:36:44,2026-07-15 14:36:44,SYSTEM_SEED,SYSTEM_SEED
VIC-01914,Lavanya Viswanathan,36,36-45,FEMALE,42963000000035014,2026-07-15 14:36:44,2026-07-15 14:36:44,SYSTEM_SEED,SYSTEM_SEED
VIC-01915,Raghavendra Bhat,21,18-25,MALE,42963000000035022,2026-07-15 14:36:44,2026-07-15 14:36:44,SYSTEM_SEED,SYSTEM_SEED
VIC-01916,Pahal Doshi,79,66-80,FEMALE,42963000000035017,2026-07-15 14:36:44,2026-07-15 14:36:44,SYSTEM_SEED,SYSTEM_SEED
VIC-01917,Ayushman Ravi,20,18-25,MALE,42963000000035022,2026-07-15 14:36:44,2026-07-15 14:36:44,SYSTEM_SEED,SYSTEM_SEED
VIC-01918,Teerth Barad,67,66-80,MALE,42963000000035042,2026-07-15 14:36:44,2026-07-15 14:36:44,SYSTEM_SEED,SYSTEM_SEED
VIC-01919,Vanya Hari,75,66-80,FEMALE,42963000000035041,2026-07-15 14:36:44,2026-07-15 14:36:44,SYSTEM_SEED,SYSTEM_SEED
VIC-01920,Ladli Mistry,45,36-45,FEMALE,42963000000035041,2026-07-15 14:36:44,2026-07-15 14:36:44,SYSTEM_SEED,SYSTEM_SEED
VIC-01921,Max Goel,42,36-45,MALE,42963000000035029,2026-07-15 14:36:44,2026-07-15 14:36:44,SYSTEM_SEED,SYSTEM_SEED
VIC-01922,Jhalak Raja,74,66-80,FEMALE,42963000000035019,2026-07-15 14:36:44,2026-07-15 14:36:44,SYSTEM_SEED,SYSTEM_SEED
VIC-01923,Pushpalatha Naik,37,36-45,FEMALE,42963000000035042,2026-07-15 14:36:44,2026-07-15 14:36:44,SYSTEM_SEED,SYSTEM_SEED
VIC-01924,Gopalakrishna Rai,30,26-35,MALE,42963000000035035,2026-07-15 14:36:44,2026-07-15 14:36:44,SYSTEM_SEED,SYSTEM_SEED
VIC-01925,Samaksh Devi,21,18-25,MALE,42963000000035020,2026-07-15 14:36:44,2026-07-15 14:36:44,SYSTEM_SEED,SYSTEM_SEED
VIC-01926,Sunandamma Gowda,67,66-80,FEMALE,42963000000035022,2026-07-15 14:36:44,2026-07-15 14:36:44,SYSTEM_SEED,SYSTEM_SEED
VIC-01927,Oni Natt,8,Under 18,FEMALE,42963000000035024,2026-07-15 14:36:44,2026-07-15 14:36:44,SYSTEM_SEED,SYSTEM_SEED
VIC-01928,Prakash Reddy,76,66-80,MALE,42963000000035032,2026-07-15 14:36:44,2026-07-15 14:36:44,SYSTEM_SEED,SYSTEM_SEED
VIC-01929,Udant Sawhney,57,56-65,MALE,42963000000035040,2026-07-15 14:36:44,2026-07-15 14:36:44,SYSTEM_SEED,SYSTEM_SEED
VIC-01930,Arya Ramaswamy,18,18-25,FEMALE,42963000000035033,2026-07-15 14:36:44,2026-07-15 14:36:44,SYSTEM_SEED,SYSTEM_SEED
VIC-01931,Prakash Nayak,16,Under 18,MALE,42963000000035039,2026-07-15 14:36:44,2026-07-15 14:36:44,SYSTEM_SEED,SYSTEM_SEED
VIC-01932,Udarsh Nayak,9,Under 18,MALE,42963000000035024,2026-07-15 14:36:44,2026-07-15 14:36:44,SYSTEM_SEED,SYSTEM_SEED
VIC-01933,Mahadevi Hegde,63,56-65,FEMALE,42963000000035018,2026-07-15 14:36:44,2026-07-15 14:36:44,SYSTEM_SEED,SYSTEM_SEED
VIC-01934,Sunandamma Achar,52,46-55,FEMALE,42963000000035015,2026-07-15 14:36:44,2026-07-15 14:36:44,SYSTEM_SEED,SYSTEM_SEED
VIC-01935,Nagaraj Rai,79,66-80,MALE,42963000000035016,2026-07-15 14:36:44,2026-07-15 14:36:44,SYSTEM_SEED,SYSTEM_SEED
VIC-01936,Balveer Patla,61,56-65,MALE,42963000000035021,2026-07-15 14:36:44,2026-07-15 14:36:44,SYSTEM_SEED,SYSTEM_SEED
VIC-01937,Fariq Jha,36,36-45,MALE,42963000000035030,2026-07-15 14:36:44,2026-07-15 14:36:44,SYSTEM_SEED,SYSTEM_SEED
VIC-01938,Aarna Bandi,71,66-80,FEMALE,42963000000035033,2026-07-15 14:36:44,2026-07-15 14:36:44,SYSTEM_SEED,SYSTEM_SEED
VIC-01939,Nicholas Chhabra,64,56-65,MALE,42963000000035022,2026-07-15 14:36:44,2026-07-15 14:36:44,SYSTEM_SEED,SYSTEM_SEED
VIC-01940,Xiti More,6,Under 18,FEMALE,42963000000035023,2026-07-15 14:36:44,2026-07-15 14:36:44,SYSTEM_SEED,SYSTEM_SEED
VIC-01941,Dalaja Kaur,65,56-65,FEMALE,42963000000035014,2026-07-15 14:36:44,2026-07-15 14:36:44,SYSTEM_SEED,SYSTEM_SEED
VIC-01942,Chakrika Chaudhry,14,Under 18,FEMALE,42963000000035032,2026-07-15 14:36:44,2026-07-15 14:36:44,SYSTEM_SEED,SYSTEM_SEED
VIC-01943,Yashica Rama,53,46-55,FEMALE,42963000000035014,2026-07-15 14:36:44,2026-07-15 14:36:44,SYSTEM_SEED,SYSTEM_SEED
VIC-01944,Aditya Dhar,74,66-80,MALE,42963000000035038,2026-07-15 14:36:44,2026-07-15 14:36:44,SYSTEM_SEED,SYSTEM_SEED
VIC-01945,Shivakumar Nayak,53,46-55,MALE,42963000000035040,2026-07-15 14:36:44,2026-07-15 14:36:44,SYSTEM_SEED,SYSTEM_SEED
VIC-01946,Shanthakumari Hegde,1,Under 18,FEMALE,42963000000035022,2026-07-15 14:36:44,2026-07-15 14:36:44,SYSTEM_SEED,SYSTEM_SEED
VIC-01947,Neelima Saxena,9,Under 18,FEMALE,42963000000035017,2026-07-15 14:36:44,2026-07-15 14:36:44,SYSTEM_SEED,SYSTEM_SEED
VIC-01948,Avni Goel,24,18-25,FEMALE,42963000000035017,2026-07-15 14:36:44,2026-07-15 14:36:44,SYSTEM_SEED,SYSTEM_SEED
VIC-01949,Savitramma Hegde,9,Under 18,FEMALE,42963000000035025,2026-07-15 14:36:44,2026-07-15 14:36:44,SYSTEM_SEED,SYSTEM_SEED
VIC-01950,Advik Ravi,75,66-80,MALE,42963000000035016,2026-07-15 14:36:44,2026-07-15 14:36:44,SYSTEM_SEED,SYSTEM_SEED
VIC-01951,Kamala Murty,54,46-55,FEMALE,42963000000035039,2026-07-15 14:36:44,2026-07-15 14:36:44,SYSTEM_SEED,SYSTEM_SEED
VIC-01952,Chakrika Goel,39,36-45,FEMALE,42963000000035027,2026-07-15 14:36:44,2026-07-15 14:36:44,SYSTEM_SEED,SYSTEM_SEED
VIC-01953,Chakrika Deshmukh,70,66-80,FEMALE,42963000000035020,2026-07-15 14:36:44,2026-07-15 14:36:44,SYSTEM_SEED,SYSTEM_SEED
VIC-01954,Urvashi Murthy,64,56-65,FEMALE,42963000000035029,2026-07-15 14:36:44,2026-07-15 14:36:44,SYSTEM_SEED,SYSTEM_SEED
VIC-01955,Kariyappa Devadiga,10,Under 18,MALE,42963000000035027,2026-07-15 14:36:44,2026-07-15 14:36:44,SYSTEM_SEED,SYSTEM_SEED
VIC-01956,Kariyappa Naik,80,66-80,MALE,42963000000035014,2026-07-15 14:36:44,2026-07-15 14:36:44,SYSTEM_SEED,SYSTEM_SEED
VIC-01957,Ayushman Anne,44,36-45,MALE,42963000000035035,2026-07-15 14:36:44,2026-07-15 14:36:44,SYSTEM_SEED,SYSTEM_SEED
VIC-01958,Prakash Reddy,17,Under 18,MALE,42963000000035018,2026-07-15 14:36:44,2026-07-15 14:36:44,SYSTEM_SEED,SYSTEM_SEED
VIC-01959,Ravindranath Poojary,75,66-80,MALE,42963000000035039,2026-07-15 14:36:44,2026-07-15 14:36:44,SYSTEM_SEED,SYSTEM_SEED
VIC-01960,Sathvik Bedi,13,Under 18,MALE,42963000000035033,2026-07-15 14:36:44,2026-07-15 14:36:44,SYSTEM_SEED,SYSTEM_SEED
VIC-01961,Nathaniel Choudhry,64,56-65,MALE,42963000000035037,2026-07-15 14:36:44,2026-07-15 14:36:44,SYSTEM_SEED,SYSTEM_SEED
VIC-01962,Jalsa Goswami,2,Under 18,FEMALE,42963000000035036,2026-07-15 14:36:44,2026-07-15 14:36:44,SYSTEM_SEED,SYSTEM_SEED
VIC-01963,Kai Sarraf,28,26-35,MALE,42963000000035035,2026-07-15 14:36:44,2026-07-15 14:36:44,SYSTEM_SEED,SYSTEM_SEED
VIC-01964,Amol Sarma,19,18-25,MALE,42963000000035016,2026-07-15 14:36:44,2026-07-15 14:36:44,SYSTEM_SEED,SYSTEM_SEED
VIC-01965,Anthony Tailor,44,36-45,MALE,42963000000035023,2026-07-15 14:36:44,2026-07-15 14:36:44,SYSTEM_SEED,SYSTEM_SEED
VIC-01966,Parvatamma Naik,45,36-45,FEMALE,42963000000035024,2026-07-15 14:36:44,2026-07-15 14:36:44,SYSTEM_SEED,SYSTEM_SEED
VIC-01967,Prakash Gowda,77,66-80,MALE,42963000000035025,2026-07-15 14:36:44,2026-07-15 14:36:44,SYSTEM_SEED,SYSTEM_SEED
VIC-01968,Timothy Halder,4,Under 18,MALE,42963000000035017,2026-07-15 14:36:44,2026-07-15 14:36:44,SYSTEM_SEED,SYSTEM_SEED
VIC-01969,Thimmaiah Naik,2,Under 18,MALE,42963000000035017,2026-07-15 14:36:44,2026-07-15 14:36:44,SYSTEM_SEED,SYSTEM_SEED
VIC-01970,Pushpalatha Naik,56,56-65,FEMALE,42963000000035020,2026-07-15 14:36:44,2026-07-15 14:36:44,SYSTEM_SEED,SYSTEM_SEED
VIC-01971,Vasanthamma Bhat,29,26-35,FEMALE,42963000000035034,2026-07-15 14:36:44,2026-07-15 14:36:44,SYSTEM_SEED,SYSTEM_SEED
VIC-01972,Vincent Bawa,19,18-25,MALE,42963000000035012,2026-07-15 14:36:44,2026-07-15 14:36:44,SYSTEM_SEED,SYSTEM_SEED
VIC-01973,Rajeshri Bala,69,66-80,FEMALE,42963000000035012,2026-07-15 14:36:44,2026-07-15 14:36:44,SYSTEM_SEED,SYSTEM_SEED
VIC-01974,Bhavini Bava,74,66-80,FEMALE,42963000000035021,2026-07-15 14:36:44,2026-07-15 14:36:44,SYSTEM_SEED,SYSTEM_SEED
VIC-01975,Ronith Mani,8,Under 18,MALE,42963000000035027,2026-07-15 14:36:44,2026-07-15 14:36:44,SYSTEM_SEED,SYSTEM_SEED
VIC-01976,Max Arora,8,Under 18,MALE,42963000000035033,2026-07-15 14:36:44,2026-07-15 14:36:44,SYSTEM_SEED,SYSTEM_SEED
VIC-01977,Daniel Aggarwal,20,18-25,MALE,42963000000035024,2026-07-15 14:36:44,2026-07-15 14:36:44,SYSTEM_SEED,SYSTEM_SEED
VIC-01978,Owen Date,77,66-80,MALE,42963000000035013,2026-07-15 14:36:44,2026-07-15 14:36:44,SYSTEM_SEED,SYSTEM_SEED
VIC-01979,Channabasappa Shetty,54,46-55,MALE,42963000000035022,2026-07-15 14:36:44,2026-07-15 14:36:44,SYSTEM_SEED,SYSTEM_SEED
VIC-01980,Hredhaan Sangha,61,56-65,MALE,42963000000035016,2026-07-15 14:36:44,2026-07-15 14:36:44,SYSTEM_SEED,SYSTEM_SEED
VIC-01981,Yashica Mane,20,18-25,FEMALE,42963000000035023,2026-07-15 14:36:44,2026-07-15 14:36:44,SYSTEM_SEED,SYSTEM_SEED
VIC-01982,Sureshgowda Achar,35,26-35,MALE,42963000000035022,2026-07-15 14:36:44,2026-07-15 14:36:44,SYSTEM_SEED,SYSTEM_SEED
VIC-01983,Bimala Mital,6,Under 18,FEMALE,42963000000035033,2026-07-15 14:36:44,2026-07-15 14:36:44,SYSTEM_SEED,SYSTEM_SEED
VIC-01984,Rathnamma Nayak,3,Under 18,FEMALE,42963000000035036,2026-07-15 14:36:44,2026-07-15 14:36:44,SYSTEM_SEED,SYSTEM_SEED
VIC-01985,Indrajit Nayar,25,18-25,MALE,42963000000035031,2026-07-15 14:36:44,2026-07-15 14:36:44,SYSTEM_SEED,SYSTEM_SEED
VIC-01986,Sujathamma Urs,19,18-25,FEMALE,42963000000035033,2026-07-15 14:36:44,2026-07-15 14:36:44,SYSTEM_SEED,SYSTEM_SEED
VIC-01987,Praneel Pal,42,36-45,MALE,42963000000035023,2026-07-15 14:36:44,2026-07-15 14:36:44,SYSTEM_SEED,SYSTEM_SEED
VIC-01988,Ravindranath Bhat,43,36-45,MALE,42963000000035013,2026-07-15 14:36:44,2026-07-15 14:36:44,SYSTEM_SEED,SYSTEM_SEED
VIC-01989,Ridhi Oak,58,56-65,FEMALE,42963000000035026,2026-07-15 14:36:44,2026-07-15 14:36:44,SYSTEM_SEED,SYSTEM_SEED
VIC-01990,Parvatamma Kulkarni,16,Under 18,FEMALE,42963000000035032,2026-07-15 14:36:44,2026-07-15 14:36:44,SYSTEM_SEED,SYSTEM_SEED
VIC-01991,Arin Pathak,79,66-80,MALE,42963000000035020,2026-07-15 14:36:44,2026-07-15 14:36:44,SYSTEM_SEED,SYSTEM_SEED
VIC-01992,Balendra Bandi,20,18-25,MALE,42963000000035034,2026-07-15 14:36:44,2026-07-15 14:36:44,SYSTEM_SEED,SYSTEM_SEED
VIC-01993,Nagaraj Achar,21,18-25,MALE,42963000000035039,2026-07-15 14:36:44,2026-07-15 14:36:44,SYSTEM_SEED,SYSTEM_SEED
VIC-01994,Chandrakala Poojary,59,56-65,FEMALE,42963000000035024,2026-07-15 14:36:44,2026-07-15 14:36:44,SYSTEM_SEED,SYSTEM_SEED
VIC-01995,Tanvi Sur,51,46-55,FEMALE,42963000000035033,2026-07-15 14:36:44,2026-07-15 14:36:44,SYSTEM_SEED,SYSTEM_SEED
VIC-01996,Kaveri Naik,56,56-65,FEMALE,42963000000035023,2026-07-15 14:36:44,2026-07-15 14:36:44,SYSTEM_SEED,SYSTEM_SEED
VIC-01997,Adya Rao,49,46-55,FEMALE,42963000000035015,2026-07-15 14:36:44,2026-07-15 14:36:44,SYSTEM_SEED,SYSTEM_SEED
VIC-01998,Ayushman Borah,72,66-80,MALE,42963000000035031,2026-07-15 14:36:44,2026-07-15 14:36:44,SYSTEM_SEED,SYSTEM_SEED
VIC-01999,Urvashi Sood,16,Under 18,FEMALE,42963000000035027,2026-07-15 14:36:44,2026-07-15 14:36:44,SYSTEM_SEED,SYSTEM_SEED
VIC-02000,Anya Khurana,37,36-45,FEMALE,42963000000035017,2026-07-15 14:36:44,2026-07-15 14:36:44,SYSTEM_SEED,SYSTEM_SEED
VIC-02001,Yamini Loke,40,36-45,FEMALE,42963000000035024,2026-07-15 14:36:44,2026-07-15 14:36:44,SYSTEM_SEED,SYSTEM_SEED
VIC-02002,Ikbal Hari,9,Under 18,MALE,42963000000035033,2026-07-15 14:36:44,2026-07-15 14:36:44,SYSTEM_SEED,SYSTEM_SEED
VIC-02003,Nikita Prasad,68,66-80,FEMALE,42963000000035036,2026-07-15 14:36:44,2026-07-15 14:36:44,SYSTEM_SEED,SYSTEM_SEED
VIC-02004,Advaith Agate,2,Under 18,MALE,42963000000035033,2026-07-15 14:36:44,2026-07-15 14:36:44,SYSTEM_SEED,SYSTEM_SEED
VIC-02005,Xalak Shanker,74,66-80,FEMALE,42963000000035036,2026-07-15 14:36:44,2026-07-15 14:36:44,SYSTEM_SEED,SYSTEM_SEED
VIC-02006,Lokesh Achar,51,46-55,MALE,42963000000035033,2026-07-15 14:36:44,2026-07-15 14:36:44,SYSTEM_SEED,SYSTEM_SEED
VIC-02007,Basavaraj Hegde,46,46-55,MALE,42963000000035041,2026-07-15 14:36:44,2026-07-15 14:36:44,SYSTEM_SEED,SYSTEM_SEED
VIC-02008,Siddalingaiah Gowda,74,66-80,MALE,42963000000035034,2026-07-15 14:36:44,2026-07-15 14:36:44,SYSTEM_SEED,SYSTEM_SEED
VIC-02009,Gaurangi Natt,53,46-55,FEMALE,42963000000035022,2026-07-15 14:36:44,2026-07-15 14:36:44,SYSTEM_SEED,SYSTEM_SEED
VIC-02010,Aarna Kamdar,52,46-55,FEMALE,42963000000035013,2026-07-15 14:36:44,2026-07-15 14:36:44,SYSTEM_SEED,SYSTEM_SEED
VIC-02011,Manjunath Nayak,56,56-65,MALE,42963000000035016,2026-07-15 14:36:44,2026-07-15 14:36:44,SYSTEM_SEED,SYSTEM_SEED
VIC-02012,Owen Apte,27,26-35,MALE,42963000000035026,2026-07-15 14:36:44,2026-07-15 14:36:44,SYSTEM_SEED,SYSTEM_SEED
VIC-02013,Sunandamma Reddy,20,18-25,FEMALE,42963000000035012,2026-07-15 14:36:44,2026-07-15 14:36:44,SYSTEM_SEED,SYSTEM_SEED
VIC-02014,Siddalingaiah Poojary,28,26-35,MALE,42963000000035024,2026-07-15 14:36:44,2026-07-15 14:36:44,SYSTEM_SEED,SYSTEM_SEED
VIC-02015,Yatin Kala,37,36-45,MALE,42963000000035033,2026-07-15 14:36:44,2026-07-15 14:36:44,SYSTEM_SEED,SYSTEM_SEED
VIC-02016,Gangamma Achar,48,46-55,FEMALE,42963000000035022,2026-07-15 14:36:44,2026-07-15 14:36:44,SYSTEM_SEED,SYSTEM_SEED
VIC-02017,Nirja Kumer,80,66-80,FEMALE,42963000000035032,2026-07-15 14:36:44,2026-07-15 14:36:44,SYSTEM_SEED,SYSTEM_SEED
VIC-02018,Shivani Gour,41,36-45,FEMALE,42963000000035024,2026-07-15 14:36:44,2026-07-15 14:36:44,SYSTEM_SEED,SYSTEM_SEED
VIC-02019,Damyanti Sharaf,24,18-25,FEMALE,42963000000035028,2026-07-15 14:36:44,2026-07-15 14:36:44,SYSTEM_SEED,SYSTEM_SEED
VIC-02020,Mahadevi Hegde,40,36-45,FEMALE,42963000000035019,2026-07-15 14:36:44,2026-07-15 14:36:44,SYSTEM_SEED,SYSTEM_SEED
VIC-02021,George Bhat,50,46-55,MALE,42963000000035018,2026-07-15 14:36:44,2026-07-15 14:36:44,SYSTEM_SEED,SYSTEM_SEED
VIC-02022,Falguni Kanda,43,36-45,FEMALE,42963000000035019,2026-07-15 14:36:44,2026-07-15 14:36:44,SYSTEM_SEED,SYSTEM_SEED
VIC-02023,Mitesh Narayanan,68,66-80,MALE,42963000000035024,2026-07-15 14:36:44,2026-07-15 14:36:44,SYSTEM_SEED,SYSTEM_SEED
VIC-02024,Bhavya Aurora,6,Under 18,FEMALE,42963000000035033,2026-07-15 14:36:44,2026-07-15 14:36:44,SYSTEM_SEED,SYSTEM_SEED
VIC-02025,Gangamma Naik,7,Under 18,FEMALE,42963000000035036,2026-07-15 14:36:44,2026-07-15 14:36:44,SYSTEM_SEED,SYSTEM_SEED
VIC-02026,Anusha Sama,75,66-80,FEMALE,42963000000035034,2026-07-15 14:36:44,2026-07-15 14:36:44,SYSTEM_SEED,SYSTEM_SEED
VIC-02027,Rachana Konda,53,46-55,FEMALE,42963000000035016,2026-07-15 14:36:44,2026-07-15 14:36:44,SYSTEM_SEED,SYSTEM_SEED
VIC-02028,Samuel Uppal,65,56-65,MALE,42963000000035038,2026-07-15 14:36:44,2026-07-15 14:36:44,SYSTEM_SEED,SYSTEM_SEED
VIC-02029,Jairaj Atwal,66,66-80,MALE,42963000000035014,2026-07-15 14:36:44,2026-07-15 14:36:44,SYSTEM_SEED,SYSTEM_SEED
VIC-02030,Devika Chakrabarti,37,36-45,FEMALE,42963000000035022,2026-07-15 14:36:44,2026-07-15 14:36:44,SYSTEM_SEED,SYSTEM_SEED
VIC-02031,Gopalakrishna Achar,59,56-65,MALE,42963000000035033,2026-07-15 14:36:44,2026-07-15 14:36:44,SYSTEM_SEED,SYSTEM_SEED
VIC-02032,Ronith Sawhney,7,Under 18,MALE,42963000000035041,2026-07-15 14:36:44,2026-07-15 14:36:44,SYSTEM_SEED,SYSTEM_SEED
VIC-02033,Sujathamma Setty,66,66-80,FEMALE,42963000000035025,2026-07-15 14:36:44,2026-07-15 14:36:44,SYSTEM_SEED,SYSTEM_SEED
VIC-02034,Savitramma Setty,29,26-35,FEMALE,42963000000035030,2026-07-15 14:36:44,2026-07-15 14:36:44,SYSTEM_SEED,SYSTEM_SEED
VIC-02035,Ekansh Ahuja,73,66-80,MALE,42963000000035018,2026-07-15 14:36:44,2026-07-15 14:36:44,SYSTEM_SEED,SYSTEM_SEED
VIC-02036,Oliver Shan,35,26-35,MALE,42963000000035015,2026-07-15 14:36:44,2026-07-15 14:36:44,SYSTEM_SEED,SYSTEM_SEED
VIC-02037,Varenya Naik,40,36-45,FEMALE,42963000000035040,2026-07-15 14:36:44,2026-07-15 14:36:44,SYSTEM_SEED,SYSTEM_SEED
VIC-02038,Basavaraj Rai,67,66-80,MALE,42963000000035017,2026-07-15 14:36:44,2026-07-15 14:36:44,SYSTEM_SEED,SYSTEM_SEED
VIC-02039,Chameli Garg,37,36-45,FEMALE,42963000000035016,2026-07-15 14:36:44,2026-07-15 14:36:44,SYSTEM_SEED,SYSTEM_SEED
VIC-02040,Yallappa Nayak,22,18-25,MALE,42963000000035022,2026-07-15 14:36:44,2026-07-15 14:36:44,SYSTEM_SEED,SYSTEM_SEED
VIC-02041,Nimrat Ganesh,5,Under 18,FEMALE,42963000000035017,2026-07-15 14:36:44,2026-07-15 14:36:44,SYSTEM_SEED,SYSTEM_SEED
VIC-02042,Arin Kashyap,1,Under 18,MALE,42963000000035027,2026-07-15 14:36:44,2026-07-15 14:36:44,SYSTEM_SEED,SYSTEM_SEED
VIC-02043,Siddalingaiah Achar,36,36-45,MALE,42963000000035014,2026-07-15 14:36:44,2026-07-15 14:36:44,SYSTEM_SEED,SYSTEM_SEED
VIC-02044,Shaurya Gola,79,66-80,MALE,42963000000035033,2026-07-15 14:36:44,2026-07-15 14:36:44,SYSTEM_SEED,SYSTEM_SEED
VIC-02045,Veeranna Urs,29,26-35,MALE,42963000000035033,2026-07-15 14:36:44,2026-07-15 14:36:44,SYSTEM_SEED,SYSTEM_SEED
VIC-02046,Shanthakumari Gowda,57,56-65,FEMALE,42963000000035032,2026-07-15 14:36:44,2026-07-15 14:36:44,SYSTEM_SEED,SYSTEM_SEED
VIC-02047,Ekavir Shankar,80,66-80,MALE,42963000000035022,2026-07-15 14:36:44,2026-07-15 14:36:44,SYSTEM_SEED,SYSTEM_SEED
VIC-02048,Raagini Verma,67,66-80,FEMALE,42963000000035027,2026-07-15 14:36:44,2026-07-15 14:36:44,SYSTEM_SEED,SYSTEM_SEED
VIC-02049,Lakshmamma Achar,9,Under 18,FEMALE,42963000000035038,2026-07-15 14:36:44,2026-07-15 14:36:44,SYSTEM_SEED,SYSTEM_SEED
VIC-02050,Brinda Kumer,78,66-80,FEMALE,42963000000035035,2026-07-15 14:36:44,2026-07-15 14:36:44,SYSTEM_SEED,SYSTEM_SEED
VIC-02051,Vedika Bakshi,68,66-80,FEMALE,42963000000035024,2026-07-15 14:36:44,2026-07-15 14:36:44,SYSTEM_SEED,SYSTEM_SEED
VIC-02052,Aadi Saxena,24,18-25,MALE,42963000000035012,2026-07-15 14:36:44,2026-07-15 14:36:44,SYSTEM_SEED,SYSTEM_SEED
VIC-02053,Chakradev Padmanabhan,52,46-55,MALE,42963000000035018,2026-07-15 14:36:44,2026-07-15 14:36:44,SYSTEM_SEED,SYSTEM_SEED
VIC-02054,Ravindranath Poojary,57,56-65,MALE,42963000000035033,2026-07-15 14:36:44,2026-07-15 14:36:44,SYSTEM_SEED,SYSTEM_SEED
VIC-02055,Isaiah Ahuja,65,56-65,MALE,42963000000035016,2026-07-15 14:36:44,2026-07-15 14:36:44,SYSTEM_SEED,SYSTEM_SEED
VIC-02056,Girindra Sankar,44,36-45,MALE,42963000000035040,2026-07-15 14:36:44,2026-07-15 14:36:44,SYSTEM_SEED,SYSTEM_SEED
VIC-02057,Sureshgowda Bhat,15,Under 18,MALE,42963000000035018,2026-07-15 14:36:44,2026-07-15 14:36:44,SYSTEM_SEED,SYSTEM_SEED
VIC-02058,Chavvi Garg,53,46-55,FEMALE,42963000000035014,2026-07-15 14:36:44,2026-07-15 14:36:44,SYSTEM_SEED,SYSTEM_SEED
VIC-02059,Jayamma Urs,51,46-55,FEMALE,42963000000035036,2026-07-15 14:36:44,2026-07-15 14:36:44,SYSTEM_SEED,SYSTEM_SEED
VIC-02060,Patrick Vohra,71,66-80,MALE,42963000000035026,2026-07-15 14:36:44,2026-07-15 14:36:44,SYSTEM_SEED,SYSTEM_SEED
VIC-02061,Yash Agrawal,29,26-35,MALE,42963000000035014,2026-07-15 14:36:44,2026-07-15 14:36:44,SYSTEM_SEED,SYSTEM_SEED
VIC-02062,Rathnamma Bhat,56,56-65,FEMALE,42963000000035021,2026-07-15 14:36:44,2026-07-15 14:36:44,SYSTEM_SEED,SYSTEM_SEED
VIC-02063,Basavaraj Poojary,79,66-80,MALE,42963000000035033,2026-07-15 14:36:44,2026-07-15 14:36:44,SYSTEM_SEED,SYSTEM_SEED
VIC-02064,Charvi Saraf,53,46-55,FEMALE,42963000000035012,2026-07-15 14:36:44,2026-07-15 14:36:44,SYSTEM_SEED,SYSTEM_SEED
VIC-02065,Channabasappa Devadiga,61,56-65,MALE,42963000000035015,2026-07-15 14:36:44,2026-07-15 14:36:44,SYSTEM_SEED,SYSTEM_SEED
VIC-02066,Dayita Thakur,22,18-25,FEMALE,42963000000035022,2026-07-15 14:36:44,2026-07-15 14:36:44,SYSTEM_SEED,SYSTEM_SEED
VIC-02067,Shanthakumari Devadiga,59,56-65,FEMALE,42963000000035014,2026-07-15 14:36:44,2026-07-15 14:36:44,SYSTEM_SEED,SYSTEM_SEED
VIC-02068,Hitesh Wason,33,26-35,MALE,42963000000035032,2026-07-15 14:36:44,2026-07-15 14:36:44,SYSTEM_SEED,SYSTEM_SEED
VIC-02069,Kaveri Rai,39,36-45,FEMALE,42963000000035021,2026-07-15 14:36:44,2026-07-15 14:36:44,SYSTEM_SEED,SYSTEM_SEED
VIC-02070,Osha Bumb,56,56-65,FEMALE,42963000000035033,2026-07-15 14:36:44,2026-07-15 14:36:44,SYSTEM_SEED,SYSTEM_SEED
VIC-02071,Shanthakumari Nayak,66,66-80,FEMALE,42963000000035026,2026-07-15 14:36:44,2026-07-15 14:36:44,SYSTEM_SEED,SYSTEM_SEED
VIC-02072,Vincent Singhal,77,66-80,MALE,42963000000035027,2026-07-15 14:36:44,2026-07-15 14:36:44,SYSTEM_SEED,SYSTEM_SEED
VIC-02073,Champak Raj,66,66-80,MALE,42963000000035022,2026-07-15 14:36:44,2026-07-15 14:36:44,SYSTEM_SEED,SYSTEM_SEED
VIC-02074,Arya Nori,13,Under 18,FEMALE,42963000000035035,2026-07-15 14:36:44,2026-07-15 14:36:44,SYSTEM_SEED,SYSTEM_SEED
VIC-02075,Wriddhish Warrior,60,56-65,MALE,42963000000035038,2026-07-15 14:36:44,2026-07-15 14:36:44,SYSTEM_SEED,SYSTEM_SEED
VIC-02076,Bhavna Prashad,44,36-45,FEMALE,42963000000035014,2026-07-15 14:36:44,2026-07-15 14:36:44,SYSTEM_SEED,SYSTEM_SEED
VIC-02077,Wriddhish Gera,53,46-55,MALE,42963000000035024,2026-07-15 14:36:44,2026-07-15 14:36:44,SYSTEM_SEED,SYSTEM_SEED
VIC-02078,Noah Mukhopadhyay,7,Under 18,MALE,42963000000035031,2026-07-15 14:36:44,2026-07-15 14:36:44,SYSTEM_SEED,SYSTEM_SEED
VIC-02079,Chanakya Varkey,69,66-80,MALE,42963000000035017,2026-07-15 14:36:44,2026-07-15 14:36:44,SYSTEM_SEED,SYSTEM_SEED
VIC-02080,Bhagyalakshmi Naik,74,66-80,FEMALE,42963000000035018,2026-07-15 14:36:44,2026-07-15 14:36:44,SYSTEM_SEED,SYSTEM_SEED
VIC-02081,Parvatamma Urs,62,56-65,FEMALE,42963000000035021,2026-07-15 14:36:44,2026-07-15 14:36:44,SYSTEM_SEED,SYSTEM_SEED
VIC-02082,Frado Sood,44,36-45,MALE,42963000000035022,2026-07-15 14:36:44,2026-07-15 14:36:44,SYSTEM_SEED,SYSTEM_SEED
VIC-02083,Raghavendra Naik,69,66-80,MALE,42963000000035027,2026-07-15 14:36:44,2026-07-15 14:36:44,SYSTEM_SEED,SYSTEM_SEED
VIC-02084,Chandrakala Rai,35,26-35,FEMALE,42963000000035033,2026-07-15 14:36:44,2026-07-15 14:36:44,SYSTEM_SEED,SYSTEM_SEED
VIC-02085,Aadi Bhagat,43,36-45,MALE,42963000000035033,2026-07-15 14:36:44,2026-07-15 14:36:44,SYSTEM_SEED,SYSTEM_SEED
VIC-02086,Hredhaan Menon,68,66-80,MALE,42963000000035026,2026-07-15 14:36:44,2026-07-15 14:36:44,SYSTEM_SEED,SYSTEM_SEED
VIC-02087,Ishwar Deshmukh,34,26-35,MALE,42963000000035042,2026-07-15 14:36:44,2026-07-15 14:36:44,SYSTEM_SEED,SYSTEM_SEED
VIC-02088,Bhanumati Krishnan,48,46-55,FEMALE,42963000000035015,2026-07-15 14:36:44,2026-07-15 14:36:44,SYSTEM_SEED,SYSTEM_SEED
VIC-02089,Maya Mallick,65,56-65,FEMALE,42963000000035039,2026-07-15 14:36:44,2026-07-15 14:36:44,SYSTEM_SEED,SYSTEM_SEED
VIC-02090,Maya Kakar,59,56-65,FEMALE,42963000000035041,2026-07-15 14:36:44,2026-07-15 14:36:44,SYSTEM_SEED,SYSTEM_SEED
VIC-02091,Christopher Bhatti,23,18-25,MALE,42963000000035041,2026-07-15 14:36:44,2026-07-15 14:36:44,SYSTEM_SEED,SYSTEM_SEED
VIC-02092,Radha Hayre,3,Under 18,FEMALE,42963000000035017,2026-07-15 14:36:44,2026-07-15 14:36:44,SYSTEM_SEED,SYSTEM_SEED
VIC-02093,Edhitha Arya,35,26-35,FEMALE,42963000000035024,2026-07-15 14:36:44,2026-07-15 14:36:44,SYSTEM_SEED,SYSTEM_SEED
VIC-02094,Andrew Johal,23,18-25,MALE,42963000000035023,2026-07-15 14:36:44,2026-07-15 14:36:44,SYSTEM_SEED,SYSTEM_SEED
VIC-02095,Yallappa Shetty,24,18-25,MALE,42963000000035039,2026-07-15 14:36:44,2026-07-15 14:36:44,SYSTEM_SEED,SYSTEM_SEED
VIC-02096,Lakshit Dixit,11,Under 18,MALE,42963000000035033,2026-07-15 14:36:44,2026-07-15 14:36:44,SYSTEM_SEED,SYSTEM_SEED
VIC-02097,Dominic De,28,26-35,MALE,42963000000035016,2026-07-15 14:36:44,2026-07-15 14:36:44,SYSTEM_SEED,SYSTEM_SEED
VIC-02098,Yuvraj Parmer,50,46-55,MALE,42963000000035017,2026-07-15 14:36:44,2026-07-15 14:36:44,SYSTEM_SEED,SYSTEM_SEED
VIC-02099,Charan Kohli,32,26-35,MALE,42963000000035037,2026-07-15 14:36:44,2026-07-15 14:36:44,SYSTEM_SEED,SYSTEM_SEED
VIC-02100,Vasanthamma Achar,46,46-55,FEMALE,42963000000035019,2026-07-15 14:36:44,2026-07-15 14:36:44,SYSTEM_SEED,SYSTEM_SEED
VIC-02101,Basavaraj Gowda,21,18-25,MALE,42963000000035021,2026-07-15 14:36:44,2026-07-15 14:36:44,SYSTEM_SEED,SYSTEM_SEED
VIC-02102,Kariyappa Bhat,29,26-35,MALE,42963000000035022,2026-07-15 14:36:44,2026-07-15 14:36:44,SYSTEM_SEED,SYSTEM_SEED
VIC-02103,Prakash Kulkarni,19,18-25,MALE,42963000000035023,2026-07-15 14:36:44,2026-07-15 14:36:44,SYSTEM_SEED,SYSTEM_SEED
VIC-02104,Indali Barman,78,66-80,FEMALE,42963000000035012,2026-07-15 14:36:44,2026-07-15 14:36:44,SYSTEM_SEED,SYSTEM_SEED
VIC-02105,Yashasvi Chander,69,66-80,FEMALE,42963000000035041,2026-07-15 14:36:44,2026-07-15 14:36:44,SYSTEM_SEED,SYSTEM_SEED
VIC-02106,Oviya Batta,54,46-55,FEMALE,42963000000035036,2026-07-15 14:36:44,2026-07-15 14:36:44,SYSTEM_SEED,SYSTEM_SEED
VIC-02107,Shanthakumari Naik,11,Under 18,FEMALE,42963000000035017,2026-07-15 14:36:44,2026-07-15 14:36:44,SYSTEM_SEED,SYSTEM_SEED
VIC-02108,Lakshmamma Shetty,69,66-80,FEMALE,42963000000035023,2026-07-15 14:36:44,2026-07-15 14:36:44,SYSTEM_SEED,SYSTEM_SEED
VIC-02109,Yallappa Naik,56,56-65,MALE,42963000000035022,2026-07-15 14:36:44,2026-07-15 14:36:44,SYSTEM_SEED,SYSTEM_SEED
VIC-02110,Jonathan Randhawa,46,46-55,MALE,42963000000035026,2026-07-15 14:36:44,2026-07-15 14:36:44,SYSTEM_SEED,SYSTEM_SEED
VIC-02111,Gopalakrishna Reddy,37,36-45,MALE,42963000000035022,2026-07-15 14:36:44,2026-07-15 14:36:44,SYSTEM_SEED,SYSTEM_SEED
VIC-02112,Gangamma Devadiga,25,18-25,FEMALE,42963000000035018,2026-07-15 14:36:44,2026-07-15 14:36:44,SYSTEM_SEED,SYSTEM_SEED
VIC-02113,Aarav Bhandari,20,18-25,MALE,42963000000035033,2026-07-15 14:36:44,2026-07-15 14:36:44,SYSTEM_SEED,SYSTEM_SEED
VIC-02114,Jack Sarraf,1,Under 18,MALE,42963000000035018,2026-07-15 14:36:44,2026-07-15 14:36:44,SYSTEM_SEED,SYSTEM_SEED
VIC-02115,Victor Parekh,51,46-55,MALE,42963000000035021,2026-07-15 14:36:44,2026-07-15 14:36:44,SYSTEM_SEED,SYSTEM_SEED
VIC-02116,Chandrakala Nayak,36,36-45,FEMALE,42963000000035034,2026-07-15 14:36:44,2026-07-15 14:36:44,SYSTEM_SEED,SYSTEM_SEED
VIC-02117,Manjunath Kulkarni,11,Under 18,MALE,42963000000035024,2026-07-15 14:36:44,2026-07-15 14:36:44,SYSTEM_SEED,SYSTEM_SEED
VIC-02118,Harish Reddy,4,Under 18,MALE,42963000000035018,2026-07-15 14:36:44,2026-07-15 14:36:44,SYSTEM_SEED,SYSTEM_SEED
VIC-02119,Chasmum Yogi,52,46-55,FEMALE,42963000000035018,2026-07-15 14:36:44,2026-07-15 14:36:44,SYSTEM_SEED,SYSTEM_SEED
VIC-02120,Ekaja Bobal,18,18-25,FEMALE,42963000000035025,2026-07-15 14:36:44,2026-07-15 14:36:44,SYSTEM_SEED,SYSTEM_SEED
VIC-02121,Faris Chakraborty,39,36-45,MALE,42963000000035014,2026-07-15 14:36:44,2026-07-15 14:36:44,SYSTEM_SEED,SYSTEM_SEED
VIC-02122,Yashodamma Rai,42,36-45,FEMALE,42963000000035024,2026-07-15 14:36:44,2026-07-15 14:36:44,SYSTEM_SEED,SYSTEM_SEED
VIC-02123,Balhaar Singh,9,Under 18,MALE,42963000000035033,2026-07-15 14:36:44,2026-07-15 14:36:44,SYSTEM_SEED,SYSTEM_SEED
VIC-02124,Savitramma Urs,65,56-65,FEMALE,42963000000035021,2026-07-15 14:36:44,2026-07-15 14:36:44,SYSTEM_SEED,SYSTEM_SEED
VIC-02125,Ravindranath Gowda,53,46-55,MALE,42963000000035033,2026-07-15 14:36:44,2026-07-15 14:36:44,SYSTEM_SEED,SYSTEM_SEED
VIC-02126,Ranbir Baria,37,36-45,MALE,42963000000035023,2026-07-15 14:36:44,2026-07-15 14:36:44,SYSTEM_SEED,SYSTEM_SEED
VIC-02127,Girijamma Hegde,56,56-65,FEMALE,42963000000035019,2026-07-15 14:36:44,2026-07-15 14:36:44,SYSTEM_SEED,SYSTEM_SEED
VIC-02128,Ikbal Dar,48,46-55,MALE,42963000000035038,2026-07-15 14:36:44,2026-07-15 14:36:44,SYSTEM_SEED,SYSTEM_SEED
VIC-02129,Karan Kota,35,26-35,MALE,42963000000035014,2026-07-15 14:36:44,2026-07-15 14:36:44,SYSTEM_SEED,SYSTEM_SEED
VIC-02130,Sunandamma Kulkarni,80,66-80,FEMALE,42963000000035024,2026-07-15 14:36:44,2026-07-15 14:36:44,SYSTEM_SEED,SYSTEM_SEED
VIC-02131,Bahadurjit Ram,28,26-35,MALE,42963000000035036,2026-07-15 14:36:44,2026-07-15 14:36:44,SYSTEM_SEED,SYSTEM_SEED
VIC-02132,Finn Dora,55,46-55,MALE,42963000000035022,2026-07-15 14:36:44,2026-07-15 14:36:44,SYSTEM_SEED,SYSTEM_SEED
VIC-02133,Harrison Dani,35,26-35,MALE,42963000000035016,2026-07-15 14:36:44,2026-07-15 14:36:44,SYSTEM_SEED,SYSTEM_SEED
VIC-02134,Widisha Atwal,73,66-80,FEMALE,42963000000035017,2026-07-15 14:36:44,2026-07-15 14:36:44,SYSTEM_SEED,SYSTEM_SEED
VIC-02135,Qadim Ravi,1,Under 18,MALE,42963000000035024,2026-07-15 14:36:44,2026-07-15 14:36:44,SYSTEM_SEED,SYSTEM_SEED
VIC-02136,Sathvik Ramaswamy,1,Under 18,MALE,42963000000035032,2026-07-15 14:36:44,2026-07-15 14:36:44,SYSTEM_SEED,SYSTEM_SEED
VIC-02137,Anmol Rajagopal,47,46-55,MALE,42963000000035012,2026-07-15 14:36:44,2026-07-15 14:36:44,SYSTEM_SEED,SYSTEM_SEED
VIC-02138,Ronith Dua,3,Under 18,MALE,42963000000035042,2026-07-15 14:36:44,2026-07-15 14:36:44,SYSTEM_SEED,SYSTEM_SEED
VIC-02139,Yashvi Ramesh,55,46-55,FEMALE,42963000000035024,2026-07-15 14:36:44,2026-07-15 14:36:44,SYSTEM_SEED,SYSTEM_SEED
VIC-02140,Pratyush Bhasin,29,26-35,MALE,42963000000035040,2026-07-15 14:36:44,2026-07-15 14:36:44,SYSTEM_SEED,SYSTEM_SEED
VIC-02141,Mekhala Kumar,63,56-65,FEMALE,42963000000035033,2026-07-15 14:36:44,2026-07-15 14:36:44,SYSTEM_SEED,SYSTEM_SEED
VIC-02142,Veeranna Urs,40,36-45,MALE,42963000000035022,2026-07-15 14:36:44,2026-07-15 14:36:44,SYSTEM_SEED,SYSTEM_SEED
VIC-02143,Kariyappa Bhat,21,18-25,MALE,42963000000035020,2026-07-15 14:36:44,2026-07-15 14:36:44,SYSTEM_SEED,SYSTEM_SEED
VIC-02144,Yallappa Kulkarni,70,66-80,MALE,42963000000035014,2026-07-15 14:36:44,2026-07-15 14:36:44,SYSTEM_SEED,SYSTEM_SEED
VIC-02145,Anita Sastry,45,36-45,FEMALE,42963000000035016,2026-07-15 14:36:44,2026-07-15 14:36:44,SYSTEM_SEED,SYSTEM_SEED
VIC-02146,Rohan Hegde,70,66-80,MALE,42963000000035012,2026-07-15 14:36:44,2026-07-15 14:36:44,SYSTEM_SEED,SYSTEM_SEED
VIC-02147,Girindra Kar,55,46-55,MALE,42963000000035016,2026-07-15 14:36:44,2026-07-15 14:36:44,SYSTEM_SEED,SYSTEM_SEED
VIC-02148,Orinder Anand,7,Under 18,MALE,42963000000035024,2026-07-15 14:36:44,2026-07-15 14:36:44,SYSTEM_SEED,SYSTEM_SEED
VIC-02149,Channabasappa Shetty,17,Under 18,MALE,42963000000035019,2026-07-15 14:36:44,2026-07-15 14:36:44,SYSTEM_SEED,SYSTEM_SEED
VIC-02150,Kariyappa Devadiga,30,26-35,MALE,42963000000035014,2026-07-15 14:36:44,2026-07-15 14:36:44,SYSTEM_SEED,SYSTEM_SEED
VIC-02151,Raghav Ganesh,32,26-35,MALE,42963000000035028,2026-07-15 14:36:44,2026-07-15 14:36:44,SYSTEM_SEED,SYSTEM_SEED
VIC-02152,Mahadevi Devadiga,30,26-35,FEMALE,42963000000035027,2026-07-15 14:36:44,2026-07-15 14:36:44,SYSTEM_SEED,SYSTEM_SEED
VIC-02153,Girish Dayal,50,46-55,MALE,42963000000035022,2026-07-15 14:36:44,2026-07-15 14:36:44,SYSTEM_SEED,SYSTEM_SEED
VIC-02154,Sanya Desai,75,66-80,FEMALE,42963000000035019,2026-07-15 14:36:44,2026-07-15 14:36:44,SYSTEM_SEED,SYSTEM_SEED
VIC-02155,Daniel Chakrabarti,2,Under 18,MALE,42963000000035017,2026-07-15 14:36:44,2026-07-15 14:36:44,SYSTEM_SEED,SYSTEM_SEED
VIC-02156,Falak Kumer,32,26-35,FEMALE,42963000000035035,2026-07-15 14:36:44,2026-07-15 14:36:44,SYSTEM_SEED,SYSTEM_SEED
VIC-02157,Samesh Devan,31,26-35,MALE,42963000000035036,2026-07-15 14:36:44,2026-07-15 14:36:44,SYSTEM_SEED,SYSTEM_SEED
VIC-02158,Naveen Lata,2,Under 18,MALE,42963000000035021,2026-07-15 14:36:44,2026-07-15 14:36:44,SYSTEM_SEED,SYSTEM_SEED
VIC-02159,Daksha Varma,34,26-35,FEMALE,42963000000035040,2026-07-15 14:36:44,2026-07-15 14:36:44,SYSTEM_SEED,SYSTEM_SEED
VIC-02160,Jayamma Poojary,42,36-45,FEMALE,42963000000035028,2026-07-15 14:36:44,2026-07-15 14:36:44,SYSTEM_SEED,SYSTEM_SEED
VIC-02161,Chandrashekar Devadiga,59,56-65,MALE,42963000000035024,2026-07-15 14:36:44,2026-07-15 14:36:44,SYSTEM_SEED,SYSTEM_SEED
VIC-02162,Xiti Chaudhari,32,26-35,FEMALE,42963000000035020,2026-07-15 14:36:44,2026-07-15 14:36:44,SYSTEM_SEED,SYSTEM_SEED
VIC-02163,Ethan Khatri,29,26-35,MALE,42963000000035027,2026-07-15 14:36:44,2026-07-15 14:36:44,SYSTEM_SEED,SYSTEM_SEED
VIC-02164,Nagaraj Rai,62,56-65,MALE,42963000000035040,2026-07-15 14:36:44,2026-07-15 14:36:44,SYSTEM_SEED,SYSTEM_SEED
VIC-02165,Chaman Rai,50,46-55,FEMALE,42963000000035025,2026-07-15 14:36:44,2026-07-15 14:36:44,SYSTEM_SEED,SYSTEM_SEED
VIC-02166,Januja Iyer,67,66-80,FEMALE,42963000000035022,2026-07-15 14:36:44,2026-07-15 14:36:44,SYSTEM_SEED,SYSTEM_SEED
VIC-02167,Kashvi Desai,61,56-65,FEMALE,42963000000035020,2026-07-15 14:36:44,2026-07-15 14:36:44,SYSTEM_SEED,SYSTEM_SEED
VIC-02168,Victor Grover,51,46-55,MALE,42963000000035022,2026-07-15 14:36:44,2026-07-15 14:36:44,SYSTEM_SEED,SYSTEM_SEED
VIC-02169,Ayush Patla,28,26-35,MALE,42963000000035022,2026-07-15 14:36:44,2026-07-15 14:36:44,SYSTEM_SEED,SYSTEM_SEED
VIC-02170,Harish Bhat,60,56-65,MALE,42963000000035019,2026-07-15 14:36:44,2026-07-15 14:36:44,SYSTEM_SEED,SYSTEM_SEED
VIC-02171,Isaiah Korpal,0,Under 18,MALE,42963000000035017,2026-07-15 14:36:44,2026-07-15 14:36:44,SYSTEM_SEED,SYSTEM_SEED
VIC-02172,Harrison Banerjee,19,18-25,MALE,42963000000035022,2026-07-15 14:36:44,2026-07-15 14:36:44,SYSTEM_SEED,SYSTEM_SEED
VIC-02173,Yallappa Poojary,74,66-80,MALE,42963000000035029,2026-07-15 14:36:44,2026-07-15 14:36:44,SYSTEM_SEED,SYSTEM_SEED
VIC-02174,Channabasappa Setty,46,46-55,MALE,42963000000035016,2026-07-15 14:36:44,2026-07-15 14:36:44,SYSTEM_SEED,SYSTEM_SEED
VIC-02175,Shanthakumari Reddy,42,36-45,FEMALE,42963000000035024,2026-07-15 14:36:44,2026-07-15 14:36:44,SYSTEM_SEED,SYSTEM_SEED
VIC-02176,Harish Reddy,71,66-80,MALE,42963000000035020,2026-07-15 14:36:44,2026-07-15 14:36:44,SYSTEM_SEED,SYSTEM_SEED
VIC-02177,Balvan Brar,25,18-25,MALE,42963000000035022,2026-07-15 14:36:44,2026-07-15 14:36:44,SYSTEM_SEED,SYSTEM_SEED
VIC-02178,Manjunath Devadiga,19,18-25,MALE,42963000000035019,2026-07-15 14:36:44,2026-07-15 14:36:44,SYSTEM_SEED,SYSTEM_SEED
VIC-02179,Zaid Ravi,49,46-55,MALE,42963000000035038,2026-07-15 14:36:44,2026-07-15 14:36:44,SYSTEM_SEED,SYSTEM_SEED
VIC-02180,Channabasappa Setty,65,56-65,MALE,42963000000035018,2026-07-15 14:36:44,2026-07-15 14:36:44,SYSTEM_SEED,SYSTEM_SEED
VIC-02181,Savitramma Gowda,45,36-45,FEMALE,42963000000035018,2026-07-15 14:36:44,2026-07-15 14:36:44,SYSTEM_SEED,SYSTEM_SEED
VIC-02182,Girijamma Setty,66,66-80,FEMALE,42963000000035030,2026-07-15 14:36:44,2026-07-15 14:36:44,SYSTEM_SEED,SYSTEM_SEED
VIC-02183,Basavaraj Hegde,71,66-80,MALE,42963000000035036,2026-07-15 14:36:44,2026-07-15 14:36:44,SYSTEM_SEED,SYSTEM_SEED
VIC-02184,Ridhi Loke,10,Under 18,FEMALE,42963000000035018,2026-07-15 14:36:44,2026-07-15 14:36:44,SYSTEM_SEED,SYSTEM_SEED
VIC-02185,Sunandamma Poojary,38,36-45,FEMALE,42963000000035024,2026-07-15 14:36:44,2026-07-15 14:36:44,SYSTEM_SEED,SYSTEM_SEED
VIC-02186,Yallappa Achar,57,56-65,MALE,42963000000035037,2026-07-15 14:36:44,2026-07-15 14:36:44,SYSTEM_SEED,SYSTEM_SEED
VIC-02187,Vinaya Ramakrishnan,5,Under 18,FEMALE,42963000000035027,2026-07-15 14:36:44,2026-07-15 14:36:44,SYSTEM_SEED,SYSTEM_SEED
VIC-02188,Yahvi Narayanan,8,Under 18,FEMALE,42963000000035028,2026-07-15 14:36:44,2026-07-15 14:36:44,SYSTEM_SEED,SYSTEM_SEED
VIC-02189,Suhani Loyal,49,46-55,FEMALE,42963000000035042,2026-07-15 14:36:44,2026-07-15 14:36:44,SYSTEM_SEED,SYSTEM_SEED
VIC-02190,Bhagyalakshmi Nayak,57,56-65,FEMALE,42963000000035018,2026-07-15 14:36:44,2026-07-15 14:36:44,SYSTEM_SEED,SYSTEM_SEED
VIC-02191,Sunandamma Poojary,25,18-25,FEMALE,42963000000035033,2026-07-15 14:36:44,2026-07-15 14:36:44,SYSTEM_SEED,SYSTEM_SEED
VIC-02192,Harish Patel,51,46-55,MALE,42963000000035026,2026-07-15 14:36:44,2026-07-15 14:36:44,SYSTEM_SEED,SYSTEM_SEED
VIC-02193,Harish Urs,66,66-80,MALE,42963000000035037,2026-07-15 14:36:44,2026-07-15 14:36:44,SYSTEM_SEED,SYSTEM_SEED
VIC-02194,Urmi Prabhakar,63,56-65,FEMALE,42963000000035041,2026-07-15 14:36:44,2026-07-15 14:36:44,SYSTEM_SEED,SYSTEM_SEED
VIC-02195,Krishna Ramaswamy,35,26-35,MALE,42963000000035038,2026-07-15 14:36:44,2026-07-15 14:36:44,SYSTEM_SEED,SYSTEM_SEED
VIC-02196,Yashasvi Raja,20,18-25,FEMALE,42963000000035035,2026-07-15 14:36:44,2026-07-15 14:36:44,SYSTEM_SEED,SYSTEM_SEED
VIC-02197,Upasna Joshi,8,Under 18,FEMALE,42963000000035031,2026-07-15 14:36:44,2026-07-15 14:36:44,SYSTEM_SEED,SYSTEM_SEED
VIC-02198,Sujathamma Naik,73,66-80,FEMALE,42963000000035028,2026-07-15 14:36:44,2026-07-15 14:36:44,SYSTEM_SEED,SYSTEM_SEED
VIC-02199,Edhitha Brar,29,26-35,FEMALE,42963000000035023,2026-07-15 14:36:44,2026-07-15 14:36:44,SYSTEM_SEED,SYSTEM_SEED
VIC-02200,Pavani Mangal,15,Under 18,FEMALE,42963000000035013,2026-07-15 14:36:44,2026-07-15 14:36:44,SYSTEM_SEED,SYSTEM_SEED
VIC-02201,Alka Wason,71,66-80,FEMALE,42963000000035039,2026-07-15 14:36:44,2026-07-15 14:36:44,SYSTEM_SEED,SYSTEM_SEED
VIC-02202,Sunandamma Urs,14,Under 18,FEMALE,42963000000035040,2026-07-15 14:36:44,2026-07-15 14:36:44,SYSTEM_SEED,SYSTEM_SEED
VIC-02203,Ojas Mohan,20,18-25,MALE,42963000000035026,2026-07-15 14:36:44,2026-07-15 14:36:44,SYSTEM_SEED,SYSTEM_SEED
VIC-02204,Sureshgowda Setty,18,18-25,MALE,42963000000035036,2026-07-15 14:36:44,2026-07-15 14:36:44,SYSTEM_SEED,SYSTEM_SEED
VIC-02205,Panini Goyal,71,66-80,FEMALE,42963000000035029,2026-07-15 14:36:44,2026-07-15 14:36:44,SYSTEM_SEED,SYSTEM_SEED
VIC-02206,Ekbal Naidu,21,18-25,MALE,42963000000035018,2026-07-15 14:36:44,2026-07-15 14:36:44,SYSTEM_SEED,SYSTEM_SEED
VIC-02207,Rathnamma Nayak,51,46-55,FEMALE,42963000000035013,2026-07-15 14:36:44,2026-07-15 14:36:44,SYSTEM_SEED,SYSTEM_SEED
VIC-02208,Mahadevi Gowda,71,66-80,FEMALE,42963000000035034,2026-07-15 14:36:44,2026-07-15 14:36:44,SYSTEM_SEED,SYSTEM_SEED
VIC-02209,Thimmakka Rai,35,26-35,FEMALE,42963000000035017,2026-07-15 14:36:44,2026-07-15 14:36:44,SYSTEM_SEED,SYSTEM_SEED
VIC-02210,Gangamma Reddy,47,46-55,FEMALE,42963000000035027,2026-07-15 14:36:44,2026-07-15 14:36:44,SYSTEM_SEED,SYSTEM_SEED
VIC-02211,Sai Ranganathan,79,66-80,FEMALE,42963000000035036,2026-07-15 14:36:44,2026-07-15 14:36:44,SYSTEM_SEED,SYSTEM_SEED
VIC-02212,Bhagyalakshmi Urs,12,Under 18,FEMALE,42963000000035019,2026-07-15 14:36:44,2026-07-15 14:36:44,SYSTEM_SEED,SYSTEM_SEED
VIC-02213,Bhagyalakshmi Naik,34,26-35,FEMALE,42963000000035013,2026-07-15 14:36:44,2026-07-15 14:36:44,SYSTEM_SEED,SYSTEM_SEED
VIC-02214,Shivakumar Shetty,30,26-35,MALE,42963000000035033,2026-07-15 14:36:44,2026-07-15 14:36:44,SYSTEM_SEED,SYSTEM_SEED
VIC-02215,Shanthakumari Bhat,5,Under 18,FEMALE,42963000000035024,2026-07-15 14:36:44,2026-07-15 14:36:44,SYSTEM_SEED,SYSTEM_SEED
VIC-02216,Vansha Gopal,20,18-25,FEMALE,42963000000035016,2026-07-15 14:36:44,2026-07-15 14:36:44,SYSTEM_SEED,SYSTEM_SEED
VIC-02217,Jagdish Arya,39,36-45,MALE,42963000000035016,2026-07-15 14:36:44,2026-07-15 14:36:44,SYSTEM_SEED,SYSTEM_SEED
VIC-02218,Manya Deshpande,33,26-35,FEMALE,42963000000035042,2026-07-15 14:36:44,2026-07-15 14:36:44,SYSTEM_SEED,SYSTEM_SEED
VIC-02219,Girijamma Devadiga,76,66-80,FEMALE,42963000000035016,2026-07-15 14:36:44,2026-07-15 14:36:44,SYSTEM_SEED,SYSTEM_SEED
VIC-02220,Raksha Dani,24,18-25,FEMALE,42963000000035035,2026-07-15 14:36:44,2026-07-15 14:36:44,SYSTEM_SEED,SYSTEM_SEED
VIC-02221,Hemangini Rajan,41,36-45,FEMALE,42963000000035042,2026-07-15 14:36:44,2026-07-15 14:36:44,SYSTEM_SEED,SYSTEM_SEED
VIC-02222,Mekhala Ben,46,46-55,FEMALE,42963000000035025,2026-07-15 14:36:44,2026-07-15 14:36:44,SYSTEM_SEED,SYSTEM_SEED
VIC-02223,Indira Kota,31,26-35,FEMALE,42963000000035041,2026-07-15 14:36:44,2026-07-15 14:36:44,SYSTEM_SEED,SYSTEM_SEED
VIC-02224,Yashodamma Urs,7,Under 18,FEMALE,42963000000035036,2026-07-15 14:36:44,2026-07-15 14:36:44,SYSTEM_SEED,SYSTEM_SEED
VIC-02225,Sarthak Dada,18,18-25,MALE,42963000000035022,2026-07-15 14:36:44,2026-07-15 14:36:44,SYSTEM_SEED,SYSTEM_SEED
VIC-02226,Savitramma Gowda,63,56-65,FEMALE,42963000000035024,2026-07-15 14:36:44,2026-07-15 14:36:44,SYSTEM_SEED,SYSTEM_SEED
VIC-02227,Nathan More,13,Under 18,MALE,42963000000035024,2026-07-15 14:36:44,2026-07-15 14:36:44,SYSTEM_SEED,SYSTEM_SEED
VIC-02228,Chandrashekar Gowda,32,26-35,MALE,42963000000035014,2026-07-15 14:36:44,2026-07-15 14:36:44,SYSTEM_SEED,SYSTEM_SEED
VIC-02229,Ayaan Sethi,37,36-45,MALE,42963000000035016,2026-07-15 14:36:44,2026-07-15 14:36:44,SYSTEM_SEED,SYSTEM_SEED
VIC-02230,Sunandamma Setty,50,46-55,FEMALE,42963000000035036,2026-07-15 14:36:44,2026-07-15 14:36:44,SYSTEM_SEED,SYSTEM_SEED
VIC-02231,Imaran Shankar,0,Under 18,MALE,42963000000035024,2026-07-15 14:36:44,2026-07-15 14:36:44,SYSTEM_SEED,SYSTEM_SEED
VIC-02232,Shanthakumari Poojary,73,66-80,FEMALE,42963000000035042,2026-07-15 14:36:44,2026-07-15 14:36:44,SYSTEM_SEED,SYSTEM_SEED
VIC-02233,Sujathamma Naik,41,36-45,FEMALE,42963000000035012,2026-07-15 14:36:44,2026-07-15 14:36:44,SYSTEM_SEED,SYSTEM_SEED
VIC-02234,Charles Badami,72,66-80,MALE,42963000000035033,2026-07-15 14:36:44,2026-07-15 14:36:44,SYSTEM_SEED,SYSTEM_SEED
VIC-02235,Darsh Tandon,26,26-35,MALE,42963000000035025,2026-07-15 14:36:44,2026-07-15 14:36:44,SYSTEM_SEED,SYSTEM_SEED
VIC-02236,Fiyaz Dhar,52,46-55,MALE,42963000000035024,2026-07-15 14:36:44,2026-07-15 14:36:44,SYSTEM_SEED,SYSTEM_SEED
VIC-02237,Rathnamma Shetty,21,18-25,FEMALE,42963000000035036,2026-07-15 14:36:44,2026-07-15 14:36:44,SYSTEM_SEED,SYSTEM_SEED
VIC-02238,Chaaya Pillay,31,26-35,FEMALE,42963000000035041,2026-07-15 14:36:44,2026-07-15 14:36:44,SYSTEM_SEED,SYSTEM_SEED
VIC-02239,Charita Mand,29,26-35,FEMALE,42963000000035027,2026-07-15 14:36:44,2026-07-15 14:36:44,SYSTEM_SEED,SYSTEM_SEED
VIC-02240,Shanthakumari Gowda,53,46-55,FEMALE,42963000000035019,2026-07-15 14:36:44,2026-07-15 14:36:44,SYSTEM_SEED,SYSTEM_SEED
VIC-02241,Gaurangi Kadakia,36,36-45,FEMALE,42963000000035022,2026-07-15 14:36:44,2026-07-15 14:36:44,SYSTEM_SEED,SYSTEM_SEED
VIC-02242,Logan Goda,65,56-65,MALE,42963000000035016,2026-07-15 14:36:44,2026-07-15 14:36:44,SYSTEM_SEED,SYSTEM_SEED
VIC-02243,Yashawini Sharma,55,46-55,FEMALE,42963000000035029,2026-07-15 14:36:44,2026-07-15 14:36:44,SYSTEM_SEED,SYSTEM_SEED
VIC-02244,Kaveri Reddy,13,Under 18,FEMALE,42963000000035021,2026-07-15 14:36:44,2026-07-15 14:36:44,SYSTEM_SEED,SYSTEM_SEED
VIC-02245,Kiaan Tara,8,Under 18,MALE,42963000000035018,2026-07-15 14:36:44,2026-07-15 14:36:44,SYSTEM_SEED,SYSTEM_SEED
VIC-02246,Chandrashekar Kulkarni,60,56-65,MALE,42963000000035018,2026-07-15 14:36:44,2026-07-15 14:36:44,SYSTEM_SEED,SYSTEM_SEED
VIC-02247,Dayita Tank,55,46-55,FEMALE,42963000000035022,2026-07-15 14:36:44,2026-07-15 14:36:44,SYSTEM_SEED,SYSTEM_SEED
VIC-02248,Kariyappa Shetty,41,36-45,MALE,42963000000035020,2026-07-15 14:36:44,2026-07-15 14:36:44,SYSTEM_SEED,SYSTEM_SEED
VIC-02249,Finn Bakshi,20,18-25,MALE,42963000000035029,2026-07-15 14:36:44,2026-07-15 14:36:44,SYSTEM_SEED,SYSTEM_SEED
VIC-02250,Mahadevi Urs,52,46-55,FEMALE,42963000000035042,2026-07-15 14:36:44,2026-07-15 14:36:44,SYSTEM_SEED,SYSTEM_SEED
VIC-02251,Panini Divan,21,18-25,FEMALE,42963000000035040,2026-07-15 14:36:44,2026-07-15 14:36:44,SYSTEM_SEED,SYSTEM_SEED
VIC-02252,Gopalakrishna Poojary,59,56-65,MALE,42963000000035026,2026-07-15 14:36:44,2026-07-15 14:36:44,SYSTEM_SEED,SYSTEM_SEED
VIC-02253,Vamakshi Shere,66,66-80,FEMALE,42963000000035013,2026-07-15 14:36:44,2026-07-15 14:36:44,SYSTEM_SEED,SYSTEM_SEED
VIC-02254,Ekaja Sani,23,18-25,FEMALE,42963000000035016,2026-07-15 14:36:44,2026-07-15 14:36:44,SYSTEM_SEED,SYSTEM_SEED
VIC-02255,Pushpalatha Kulkarni,56,56-65,FEMALE,42963000000035037,2026-07-15 14:36:44,2026-07-15 14:36:44,SYSTEM_SEED,SYSTEM_SEED
VIC-02256,Basavaraj Devadiga,47,46-55,MALE,42963000000035016,2026-07-15 14:36:44,2026-07-15 14:36:44,SYSTEM_SEED,SYSTEM_SEED
VIC-02257,Ojasvi Ray,1,Under 18,FEMALE,42963000000035042,2026-07-15 14:36:44,2026-07-15 14:36:44,SYSTEM_SEED,SYSTEM_SEED
VIC-02258,Gunbir Sidhu,63,56-65,MALE,42963000000035012,2026-07-15 14:36:44,2026-07-15 14:36:44,SYSTEM_SEED,SYSTEM_SEED
VIC-02259,Dayita Mallick,47,46-55,FEMALE,42963000000035013,2026-07-15 14:36:44,2026-07-15 14:36:44,SYSTEM_SEED,SYSTEM_SEED
VIC-02260,Arin Parikh,34,26-35,MALE,42963000000035020,2026-07-15 14:36:44,2026-07-15 14:36:44,SYSTEM_SEED,SYSTEM_SEED
VIC-02261,Urvashi Yadav,43,36-45,FEMALE,42963000000035040,2026-07-15 14:36:44,2026-07-15 14:36:44,SYSTEM_SEED,SYSTEM_SEED
VIC-02262,Advik Pillai,40,36-45,MALE,42963000000035027,2026-07-15 14:36:44,2026-07-15 14:36:44,SYSTEM_SEED,SYSTEM_SEED
VIC-02263,Kariyappa Rai,31,26-35,MALE,42963000000035021,2026-07-15 14:36:44,2026-07-15 14:36:44,SYSTEM_SEED,SYSTEM_SEED
VIC-02264,Arin Bansal,44,36-45,MALE,42963000000035014,2026-07-15 14:36:44,2026-07-15 14:36:44,SYSTEM_SEED,SYSTEM_SEED
VIC-02265,Forum Sule,75,66-80,FEMALE,42963000000035037,2026-07-15 14:36:44,2026-07-15 14:36:44,SYSTEM_SEED,SYSTEM_SEED
VIC-02266,Devansh Bhatti,46,46-55,MALE,42963000000035014,2026-07-15 14:36:44,2026-07-15 14:36:44,SYSTEM_SEED,SYSTEM_SEED
VIC-02267,Kaveri Devadiga,66,66-80,FEMALE,42963000000035018,2026-07-15 14:36:44,2026-07-15 14:36:44,SYSTEM_SEED,SYSTEM_SEED
VIC-02268,Idika Nagarajan,25,18-25,FEMALE,42963000000035019,2026-07-15 14:36:44,2026-07-15 14:36:44,SYSTEM_SEED,SYSTEM_SEED
VIC-02269,Gunbir Dar,42,36-45,MALE,42963000000035025,2026-07-15 14:36:44,2026-07-15 14:36:44,SYSTEM_SEED,SYSTEM_SEED
VIC-02270,Amara Mitra,79,66-80,FEMALE,42963000000035042,2026-07-15 14:36:44,2026-07-15 14:36:44,SYSTEM_SEED,SYSTEM_SEED
VIC-02271,Diya Kalla,14,Under 18,FEMALE,42963000000035017,2026-07-15 14:36:44,2026-07-15 14:36:44,SYSTEM_SEED,SYSTEM_SEED
VIC-02272,Jayamma Urs,11,Under 18,FEMALE,42963000000035022,2026-07-15 14:36:44,2026-07-15 14:36:44,SYSTEM_SEED,SYSTEM_SEED
VIC-02273,Jagadish Naik,55,46-55,MALE,42963000000035033,2026-07-15 14:36:44,2026-07-15 14:36:44,SYSTEM_SEED,SYSTEM_SEED
VIC-02274,Thimmakka Hegde,33,26-35,FEMALE,42963000000035039,2026-07-15 14:36:44,2026-07-15 14:36:44,SYSTEM_SEED,SYSTEM_SEED
VIC-02275,Siddalingaiah Hegde,0,Under 18,MALE,42963000000035015,2026-07-15 14:36:44,2026-07-15 14:36:44,SYSTEM_SEED,SYSTEM_SEED
VIC-02276,Vasanthamma Achar,78,66-80,FEMALE,42963000000035027,2026-07-15 14:36:44,2026-07-15 14:36:44,SYSTEM_SEED,SYSTEM_SEED
VIC-02277,Zarna Chadha,32,26-35,FEMALE,42963000000035018,2026-07-15 14:36:44,2026-07-15 14:36:44,SYSTEM_SEED,SYSTEM_SEED
VIC-02278,Gayathri Banerjee,15,Under 18,FEMALE,42963000000035035,2026-07-15 14:36:44,2026-07-15 14:36:44,SYSTEM_SEED,SYSTEM_SEED
VIC-02279,Basavaraj Bhat,62,56-65,MALE,42963000000035033,2026-07-15 14:36:44,2026-07-15 14:36:44,SYSTEM_SEED,SYSTEM_SEED
VIC-02280,Thimmaiah Gowda,2,Under 18,MALE,42963000000035021,2026-07-15 14:36:44,2026-07-15 14:36:44,SYSTEM_SEED,SYSTEM_SEED
VIC-02281,Prakash Urs,69,66-80,MALE,42963000000035016,2026-07-15 14:36:44,2026-07-15 14:36:44,SYSTEM_SEED,SYSTEM_SEED
VIC-02282,Darsh Hora,3,Under 18,MALE,42963000000035022,2026-07-15 14:36:44,2026-07-15 14:36:44,SYSTEM_SEED,SYSTEM_SEED
VIC-02283,Manjunath Rai,14,Under 18,MALE,42963000000035032,2026-07-15 14:36:44,2026-07-15 14:36:44,SYSTEM_SEED,SYSTEM_SEED
VIC-02284,Prisha Panchal,66,66-80,FEMALE,42963000000035033,2026-07-15 14:36:44,2026-07-15 14:36:44,SYSTEM_SEED,SYSTEM_SEED
VIC-02285,Rohan Goda,75,66-80,MALE,42963000000035028,2026-07-15 14:36:44,2026-07-15 14:36:44,SYSTEM_SEED,SYSTEM_SEED
VIC-02286,Girik Sundaram,30,26-35,MALE,42963000000035042,2026-07-15 14:36:44,2026-07-15 14:36:44,SYSTEM_SEED,SYSTEM_SEED
VIC-02287,Jayamma Nayak,53,46-55,FEMALE,42963000000035027,2026-07-15 14:36:44,2026-07-15 14:36:44,SYSTEM_SEED,SYSTEM_SEED
VIC-02288,Pooja Datta,9,Under 18,FEMALE,42963000000035016,2026-07-15 14:36:44,2026-07-15 14:36:44,SYSTEM_SEED,SYSTEM_SEED
VIC-02289,Gangamma Naik,57,56-65,FEMALE,42963000000035036,2026-07-15 14:36:44,2026-07-15 14:36:44,SYSTEM_SEED,SYSTEM_SEED
VIC-02290,Kariyappa Gowda,44,36-45,MALE,42963000000035027,2026-07-15 14:36:44,2026-07-15 14:36:44,SYSTEM_SEED,SYSTEM_SEED
VIC-02291,Qushi Kala,58,56-65,FEMALE,42963000000035035,2026-07-15 14:36:44,2026-07-15 14:36:44,SYSTEM_SEED,SYSTEM_SEED
VIC-02292,Falak Gara,71,66-80,FEMALE,42963000000035034,2026-07-15 14:36:44,2026-07-15 14:36:44,SYSTEM_SEED,SYSTEM_SEED
VIC-02293,Yallappa Naik,41,36-45,MALE,42963000000035028,2026-07-15 14:36:44,2026-07-15 14:36:44,SYSTEM_SEED,SYSTEM_SEED
VIC-02294,Timothy Karan,0,Under 18,MALE,42963000000035018,2026-07-15 14:36:44,2026-07-15 14:36:44,SYSTEM_SEED,SYSTEM_SEED
VIC-02295,Yutika Ghosh,33,26-35,FEMALE,42963000000035033,2026-07-15 14:36:44,2026-07-15 14:36:44,SYSTEM_SEED,SYSTEM_SEED
VIC-02296,Maanas Patla,45,36-45,MALE,42963000000035024,2026-07-15 14:36:44,2026-07-15 14:36:44,SYSTEM_SEED,SYSTEM_SEED
VIC-02297,Prakash Achar,50,46-55,MALE,42963000000035022,2026-07-15 14:36:44,2026-07-15 14:36:44,SYSTEM_SEED,SYSTEM_SEED
VIC-02298,Thimmaiah Achar,79,66-80,MALE,42963000000035022,2026-07-15 14:36:44,2026-07-15 14:36:44,SYSTEM_SEED,SYSTEM_SEED
VIC-02299,Raghavendra Gowda,50,46-55,MALE,42963000000035020,2026-07-15 14:36:44,2026-07-15 14:36:44,SYSTEM_SEED,SYSTEM_SEED
VIC-02300,Jayamma Setty,67,66-80,FEMALE,42963000000035022,2026-07-15 14:36:44,2026-07-15 14:36:44,SYSTEM_SEED,SYSTEM_SEED
VIC-02301,Indrajit Pandya,16,Under 18,MALE,42963000000035036,2026-07-15 14:36:44,2026-07-15 14:36:44,SYSTEM_SEED,SYSTEM_SEED
VIC-02302,Gangamma Naik,18,18-25,FEMALE,42963000000035042,2026-07-15 14:36:44,2026-07-15 14:36:44,SYSTEM_SEED,SYSTEM_SEED
VIC-02303,Dhruv Karan,52,46-55,MALE,42963000000035015,2026-07-15 14:36:44,2026-07-15 14:36:44,SYSTEM_SEED,SYSTEM_SEED
VIC-02304,Unni Chahal,72,66-80,FEMALE,42963000000035022,2026-07-15 14:36:44,2026-07-15 14:36:44,SYSTEM_SEED,SYSTEM_SEED
VIC-02305,Anay Singh,41,36-45,MALE,42963000000035026,2026-07-15 14:36:44,2026-07-15 14:36:44,SYSTEM_SEED,SYSTEM_SEED
VIC-02306,Chakradev Bawa,1,Under 18,MALE,42963000000035032,2026-07-15 14:36:44,2026-07-15 14:36:44,SYSTEM_SEED,SYSTEM_SEED
VIC-02307,Arin Vaidya,39,36-45,MALE,42963000000035038,2026-07-15 14:36:44,2026-07-15 14:36:44,SYSTEM_SEED,SYSTEM_SEED
VIC-02308,Saumya Tank,47,46-55,FEMALE,42963000000035019,2026-07-15 14:36:44,2026-07-15 14:36:44,SYSTEM_SEED,SYSTEM_SEED
VIC-02309,Yashawini Dutt,60,56-65,FEMALE,42963000000035025,2026-07-15 14:36:44,2026-07-15 14:36:44,SYSTEM_SEED,SYSTEM_SEED
VIC-02310,Channabasappa Reddy,65,56-65,MALE,42963000000035016,2026-07-15 14:36:44,2026-07-15 14:36:44,SYSTEM_SEED,SYSTEM_SEED
VIC-02311,Channabasappa Reddy,47,46-55,MALE,42963000000035022,2026-07-15 14:36:44,2026-07-15 14:36:44,SYSTEM_SEED,SYSTEM_SEED
VIC-02312,Sai Barad,18,18-25,FEMALE,42963000000035041,2026-07-15 14:36:44,2026-07-15 14:36:44,SYSTEM_SEED,SYSTEM_SEED
VIC-02313,Kariyappa Devadiga,17,Under 18,MALE,42963000000035018,2026-07-15 14:36:44,2026-07-15 14:36:44,SYSTEM_SEED,SYSTEM_SEED
VIC-02314,Lakshmamma Achar,43,36-45,FEMALE,42963000000035018,2026-07-15 14:36:44,2026-07-15 14:36:44,SYSTEM_SEED,SYSTEM_SEED
VIC-02315,Advika Swamy,77,66-80,FEMALE,42963000000035033,2026-07-15 14:36:44,2026-07-15 14:36:44,SYSTEM_SEED,SYSTEM_SEED
VIC-02316,Jagadish Bhat,60,56-65,MALE,42963000000035036,2026-07-15 14:36:44,2026-07-15 14:36:44,SYSTEM_SEED,SYSTEM_SEED
VIC-02317,Garima Randhawa,2,Under 18,FEMALE,42963000000035015,2026-07-15 14:36:44,2026-07-15 14:36:44,SYSTEM_SEED,SYSTEM_SEED
VIC-02318,Akkamahadevi Naik,3,Under 18,FEMALE,42963000000035023,2026-07-15 14:36:44,2026-07-15 14:36:44,SYSTEM_SEED,SYSTEM_SEED
VIC-02319,Mahadevi Setty,49,46-55,FEMALE,42963000000035031,2026-07-15 14:36:44,2026-07-15 14:36:44,SYSTEM_SEED,SYSTEM_SEED
VIC-02320,Parvatamma Urs,46,46-55,FEMALE,42963000000035031,2026-07-15 14:36:44,2026-07-15 14:36:44,SYSTEM_SEED,SYSTEM_SEED
VIC-02321,Peter Kapadia,31,26-35,MALE,42963000000035029,2026-07-15 14:36:44,2026-07-15 14:36:44,SYSTEM_SEED,SYSTEM_SEED
VIC-02322,Chaitanya Tailor,23,18-25,MALE,42963000000035040,2026-07-15 14:36:44,2026-07-15 14:36:44,SYSTEM_SEED,SYSTEM_SEED
VIC-02323,Lekha Walla,55,46-55,FEMALE,42963000000035036,2026-07-15 14:36:44,2026-07-15 14:36:44,SYSTEM_SEED,SYSTEM_SEED
VIC-02324,Tamanna Sridhar,73,66-80,FEMALE,42963000000035030,2026-07-15 14:36:44,2026-07-15 14:36:44,SYSTEM_SEED,SYSTEM_SEED
VIC-02325,Omaja Savant,62,56-65,FEMALE,42963000000035041,2026-07-15 14:36:44,2026-07-15 14:36:44,SYSTEM_SEED,SYSTEM_SEED
VIC-02326,Chandrashekar Shetty,17,Under 18,MALE,42963000000035033,2026-07-15 14:36:44,2026-07-15 14:36:44,SYSTEM_SEED,SYSTEM_SEED
VIC-02327,Sujathamma Kulkarni,0,Under 18,FEMALE,42963000000035026,2026-07-15 14:36:44,2026-07-15 14:36:44,SYSTEM_SEED,SYSTEM_SEED
VIC-02328,Dominic Dhillon,71,66-80,MALE,42963000000035016,2026-07-15 14:36:44,2026-07-15 14:36:44,SYSTEM_SEED,SYSTEM_SEED
VIC-02329,Janaki Dua,69,66-80,FEMALE,42963000000035024,2026-07-15 14:36:44,2026-07-15 14:36:44,SYSTEM_SEED,SYSTEM_SEED
VIC-02330,Faris Trivedi,44,36-45,MALE,42963000000035030,2026-07-15 14:36:44,2026-07-15 14:36:44,SYSTEM_SEED,SYSTEM_SEED
VIC-02331,Mahadevi Achar,36,36-45,FEMALE,42963000000035016,2026-07-15 14:36:44,2026-07-15 14:36:44,SYSTEM_SEED,SYSTEM_SEED
VIC-02332,Sureshgowda Devadiga,16,Under 18,MALE,42963000000035016,2026-07-15 14:36:44,2026-07-15 14:36:44,SYSTEM_SEED,SYSTEM_SEED
VIC-02333,Damyanti Master,57,56-65,FEMALE,42963000000035033,2026-07-15 14:36:44,2026-07-15 14:36:44,SYSTEM_SEED,SYSTEM_SEED
VIC-02334,Gangamma Nayak,46,46-55,FEMALE,42963000000035024,2026-07-15 14:36:44,2026-07-15 14:36:44,SYSTEM_SEED,SYSTEM_SEED
VIC-02335,Gangamma Shetty,66,66-80,FEMALE,42963000000035025,2026-07-15 14:36:44,2026-07-15 14:36:44,SYSTEM_SEED,SYSTEM_SEED
VIC-02336,Ravindranath Poojary,67,66-80,MALE,42963000000035021,2026-07-15 14:36:44,2026-07-15 14:36:44,SYSTEM_SEED,SYSTEM_SEED
VIC-02337,Ganga Pal,67,66-80,FEMALE,42963000000035018,2026-07-15 14:36:44,2026-07-15 14:36:44,SYSTEM_SEED,SYSTEM_SEED
VIC-02338,Akkamahadevi Setty,68,66-80,FEMALE,42963000000035024,2026-07-15 14:36:44,2026-07-15 14:36:44,SYSTEM_SEED,SYSTEM_SEED
VIC-02339,Thimmaiah Setty,36,36-45,MALE,42963000000035024,2026-07-15 14:36:44,2026-07-15 14:36:44,SYSTEM_SEED,SYSTEM_SEED
VIC-02340,Savitramma Achar,76,66-80,FEMALE,42963000000035021,2026-07-15 14:36:44,2026-07-15 14:36:44,SYSTEM_SEED,SYSTEM_SEED
VIC-02341,George Gokhale,31,26-35,MALE,42963000000035032,2026-07-15 14:36:44,2026-07-15 14:36:44,SYSTEM_SEED,SYSTEM_SEED
VIC-02342,Puttaswamy Shetty,30,26-35,MALE,42963000000035016,2026-07-15 14:36:44,2026-07-15 14:36:44,SYSTEM_SEED,SYSTEM_SEED
VIC-02343,Tanmayi Bhandari,52,46-55,FEMALE,42963000000035014,2026-07-15 14:36:44,2026-07-15 14:36:44,SYSTEM_SEED,SYSTEM_SEED
VIC-02344,Hemani Nazareth,60,56-65,FEMALE,42963000000035028,2026-07-15 14:36:44,2026-07-15 14:36:44,SYSTEM_SEED,SYSTEM_SEED
VIC-02345,Quincy Bawa,56,56-65,MALE,42963000000035030,2026-07-15 14:36:44,2026-07-15 14:36:44,SYSTEM_SEED,SYSTEM_SEED
VIC-02346,Shanthakumari Urs,72,66-80,FEMALE,42963000000035025,2026-07-15 14:36:44,2026-07-15 14:36:44,SYSTEM_SEED,SYSTEM_SEED
VIC-02347,Keya Srinivas,10,Under 18,FEMALE,42963000000035037,2026-07-15 14:36:44,2026-07-15 14:36:44,SYSTEM_SEED,SYSTEM_SEED
VIC-02348,Bhavna Contractor,37,36-45,FEMALE,42963000000035034,2026-07-15 14:36:44,2026-07-15 14:36:44,SYSTEM_SEED,SYSTEM_SEED
VIC-02349,Veeranna Rai,74,66-80,MALE,42963000000035016,2026-07-15 14:36:44,2026-07-15 14:36:44,SYSTEM_SEED,SYSTEM_SEED
VIC-02350,Madhavi Ranganathan,56,56-65,FEMALE,42963000000035016,2026-07-15 14:36:44,2026-07-15 14:36:44,SYSTEM_SEED,SYSTEM_SEED
VIC-02351,Manya Cheema,6,Under 18,FEMALE,42963000000035015,2026-07-15 14:36:44,2026-07-15 14:36:44,SYSTEM_SEED,SYSTEM_SEED
VIC-02352,Lakshmamma Bhat,63,56-65,FEMALE,42963000000035024,2026-07-15 14:36:44,2026-07-15 14:36:44,SYSTEM_SEED,SYSTEM_SEED
VIC-02353,Yashodamma Achar,74,66-80,FEMALE,42963000000035022,2026-07-15 14:36:44,2026-07-15 14:36:44,SYSTEM_SEED,SYSTEM_SEED
VIC-02354,Aarush Sunder,63,56-65,MALE,42963000000035031,2026-07-15 14:36:44,2026-07-15 14:36:44,SYSTEM_SEED,SYSTEM_SEED
VIC-02355,Ishwar Mody,70,66-80,MALE,42963000000035029,2026-07-15 14:36:44,2026-07-15 14:36:44,SYSTEM_SEED,SYSTEM_SEED
VIC-02356,Basavaraj Hegde,17,Under 18,MALE,42963000000035012,2026-07-15 14:36:44,2026-07-15 14:36:44,SYSTEM_SEED,SYSTEM_SEED
VIC-02357,Ojasvi Dixit,32,26-35,FEMALE,42963000000035016,2026-07-15 14:36:44,2026-07-15 14:36:44,SYSTEM_SEED,SYSTEM_SEED
VIC-02358,Puttaswamy Devadiga,76,66-80,MALE,42963000000035014,2026-07-15 14:36:44,2026-07-15 14:36:44,SYSTEM_SEED,SYSTEM_SEED
VIC-02359,Yallappa Setty,41,36-45,MALE,42963000000035028,2026-07-15 14:36:44,2026-07-15 14:36:44,SYSTEM_SEED,SYSTEM_SEED
VIC-02360,Bimala Kannan,5,Under 18,FEMALE,42963000000035027,2026-07-15 14:36:44,2026-07-15 14:36:44,SYSTEM_SEED,SYSTEM_SEED
VIC-02361,Gagan Rattan,80,66-80,MALE,42963000000035032,2026-07-15 14:36:44,2026-07-15 14:36:44,SYSTEM_SEED,SYSTEM_SEED
VIC-02362,Yashoda Mangat,1,Under 18,FEMALE,42963000000035012,2026-07-15 14:36:44,2026-07-15 14:36:44,SYSTEM_SEED,SYSTEM_SEED
VIC-02363,Jyoti Solanki,45,36-45,FEMALE,42963000000035025,2026-07-15 14:36:44,2026-07-15 14:36:44,SYSTEM_SEED,SYSTEM_SEED
VIC-02364,Reyansh Bhatnagar,34,26-35,MALE,42963000000035016,2026-07-15 14:36:44,2026-07-15 14:36:44,SYSTEM_SEED,SYSTEM_SEED
VIC-02365,Manya Soni,37,36-45,FEMALE,42963000000035038,2026-07-15 14:36:44,2026-07-15 14:36:44,SYSTEM_SEED,SYSTEM_SEED
VIC-02366,Pratyush Nagar,16,Under 18,MALE,42963000000035029,2026-07-15 14:36:44,2026-07-15 14:36:44,SYSTEM_SEED,SYSTEM_SEED
VIC-02367,Balhaar Ghosh,44,36-45,MALE,42963000000035016,2026-07-15 14:36:44,2026-07-15 14:36:44,SYSTEM_SEED,SYSTEM_SEED
VIC-02368,Lokesh Kulkarni,19,18-25,MALE,42963000000035033,2026-07-15 14:36:44,2026-07-15 14:36:44,SYSTEM_SEED,SYSTEM_SEED
VIC-02369,Shivakumar Devadiga,32,26-35,MALE,42963000000035017,2026-07-15 14:36:44,2026-07-15 14:36:44,SYSTEM_SEED,SYSTEM_SEED
VIC-02370,Raksha Chadha,47,46-55,FEMALE,42963000000035031,2026-07-15 14:36:44,2026-07-15 14:36:44,SYSTEM_SEED,SYSTEM_SEED
VIC-02371,Puttaswamy Bhat,27,26-35,MALE,42963000000035018,2026-07-15 14:36:44,2026-07-15 14:36:44,SYSTEM_SEED,SYSTEM_SEED
VIC-02372,Krish Bora,61,56-65,MALE,42963000000035021,2026-07-15 14:36:44,2026-07-15 14:36:44,SYSTEM_SEED,SYSTEM_SEED
VIC-02373,Pavani Narayan,1,Under 18,FEMALE,42963000000035020,2026-07-15 14:36:44,2026-07-15 14:36:44,SYSTEM_SEED,SYSTEM_SEED
VIC-02374,Kaveri Kulkarni,32,26-35,FEMALE,42963000000035012,2026-07-15 14:36:44,2026-07-15 14:36:44,SYSTEM_SEED,SYSTEM_SEED
VIC-02375,Yashodamma Achar,65,56-65,FEMALE,42963000000035013,2026-07-15 14:36:44,2026-07-15 14:36:44,SYSTEM_SEED,SYSTEM_SEED
VIC-02376,Madhavi Badal,4,Under 18,FEMALE,42963000000035024,2026-07-15 14:36:44,2026-07-15 14:36:44,SYSTEM_SEED,SYSTEM_SEED
VIC-02377,Riya Kakar,50,46-55,FEMALE,42963000000035038,2026-07-15 14:36:44,2026-07-15 14:36:44,SYSTEM_SEED,SYSTEM_SEED
VIC-02378,Varenya Taneja,63,56-65,FEMALE,42963000000035036,2026-07-15 14:36:44,2026-07-15 14:36:44,SYSTEM_SEED,SYSTEM_SEED
VIC-02379,Manjunath Rai,11,Under 18,MALE,42963000000035024,2026-07-15 14:36:44,2026-07-15 14:36:44,SYSTEM_SEED,SYSTEM_SEED
VIC-02380,George Bhasin,49,46-55,MALE,42963000000035023,2026-07-15 14:36:44,2026-07-15 14:36:44,SYSTEM_SEED,SYSTEM_SEED
VIC-02381,Aachal Devan,6,Under 18,FEMALE,42963000000035017,2026-07-15 14:36:44,2026-07-15 14:36:44,SYSTEM_SEED,SYSTEM_SEED
VIC-02382,Lajita Ganguly,49,46-55,FEMALE,42963000000035040,2026-07-15 14:36:44,2026-07-15 14:36:44,SYSTEM_SEED,SYSTEM_SEED
VIC-02383,Gauri Aurora,46,46-55,FEMALE,42963000000035021,2026-07-15 14:36:44,2026-07-15 14:36:44,SYSTEM_SEED,SYSTEM_SEED
VIC-02384,Yadavi Char,48,46-55,FEMALE,42963000000035024,2026-07-15 14:36:44,2026-07-15 14:36:44,SYSTEM_SEED,SYSTEM_SEED
VIC-02385,Chaitanya Doctor,60,56-65,MALE,42963000000035041,2026-07-15 14:36:44,2026-07-15 14:36:44,SYSTEM_SEED,SYSTEM_SEED
VIC-02386,Balhaar Jaggi,63,56-65,MALE,42963000000035016,2026-07-15 14:36:44,2026-07-15 14:36:44,SYSTEM_SEED,SYSTEM_SEED
VIC-02387,Shanthakumari Urs,38,36-45,FEMALE,42963000000035035,2026-07-15 14:36:44,2026-07-15 14:36:44,SYSTEM_SEED,SYSTEM_SEED
VIC-02388,Girijamma Urs,9,Under 18,FEMALE,42963000000035016,2026-07-15 14:36:44,2026-07-15 14:36:44,SYSTEM_SEED,SYSTEM_SEED
VIC-02389,Upasna Raval,77,66-80,FEMALE,42963000000035017,2026-07-15 14:36:44,2026-07-15 14:36:44,SYSTEM_SEED,SYSTEM_SEED
VIC-02390,Sujathamma Rai,30,26-35,FEMALE,42963000000035015,2026-07-15 14:36:44,2026-07-15 14:36:44,SYSTEM_SEED,SYSTEM_SEED
VIC-02391,Bhagyalakshmi Achar,50,46-55,FEMALE,42963000000035032,2026-07-15 14:36:44,2026-07-15 14:36:44,SYSTEM_SEED,SYSTEM_SEED
VIC-02392,Savitramma Poojary,40,36-45,FEMALE,42963000000035014,2026-07-15 14:36:44,2026-07-15 14:36:44,SYSTEM_SEED,SYSTEM_SEED
VIC-02393,Jayamma Urs,2,Under 18,FEMALE,42963000000035014,2026-07-15 14:36:44,2026-07-15 14:36:44,SYSTEM_SEED,SYSTEM_SEED
VIC-02394,Gopalakrishna Reddy,15,Under 18,MALE,42963000000035034,2026-07-15 14:36:44,2026-07-15 14:36:44,SYSTEM_SEED,SYSTEM_SEED
VIC-02395,Zinal Setty,33,26-35,FEMALE,42963000000035014,2026-07-15 14:36:44,2026-07-15 14:36:44,SYSTEM_SEED,SYSTEM_SEED
VIC-02396,Raghavendra Setty,7,Under 18,MALE,42963000000035037,2026-07-15 14:36:44,2026-07-15 14:36:44,SYSTEM_SEED,SYSTEM_SEED
VIC-02397,Anita Virk,25,18-25,FEMALE,42963000000035037,2026-07-15 14:36:44,2026-07-15 14:36:44,SYSTEM_SEED,SYSTEM_SEED
VIC-02398,Kaveri Devadiga,80,66-80,FEMALE,42963000000035018,2026-07-15 14:36:44,2026-07-15 14:36:44,SYSTEM_SEED,SYSTEM_SEED
VIC-02399,Janaki Borah,80,66-80,FEMALE,42963000000035038,2026-07-15 14:36:44,2026-07-15 14:36:44,SYSTEM_SEED,SYSTEM_SEED
VIC-02400,Unni Swaminathan,69,66-80,FEMALE,42963000000035022,2026-07-15 14:36:44,2026-07-15 14:36:44,SYSTEM_SEED,SYSTEM_SEED
VIC-02401,Kala Buch,7,Under 18,FEMALE,42963000000035022,2026-07-15 14:36:44,2026-07-15 14:36:44,SYSTEM_SEED,SYSTEM_SEED
VIC-02402,Dominic Sarma,74,66-80,MALE,42963000000035033,2026-07-15 14:36:44,2026-07-15 14:36:44,SYSTEM_SEED,SYSTEM_SEED
VIC-02403,Amrita Sharma,23,18-25,FEMALE,42963000000035032,2026-07-15 14:36:44,2026-07-15 14:36:44,SYSTEM_SEED,SYSTEM_SEED
VIC-02404,Vasanthamma Naik,76,66-80,FEMALE,42963000000035040,2026-07-15 14:36:44,2026-07-15 14:36:44,SYSTEM_SEED,SYSTEM_SEED
VIC-02405,Wazir Salvi,61,56-65,MALE,42963000000035012,2026-07-15 14:36:44,2026-07-15 14:36:44,SYSTEM_SEED,SYSTEM_SEED
VIC-02406,Jagadish Reddy,27,26-35,MALE,42963000000035033,2026-07-15 14:36:44,2026-07-15 14:36:44,SYSTEM_SEED,SYSTEM_SEED
VIC-02407,Kashish Johal,65,56-65,FEMALE,42963000000035027,2026-07-15 14:36:44,2026-07-15 14:36:44,SYSTEM_SEED,SYSTEM_SEED
VIC-02408,Veeranna Kulkarni,53,46-55,MALE,42963000000035012,2026-07-15 14:36:44,2026-07-15 14:36:44,SYSTEM_SEED,SYSTEM_SEED
VIC-02409,Isha D’Alia,68,66-80,FEMALE,42963000000035020,2026-07-15 14:36:44,2026-07-15 14:36:44,SYSTEM_SEED,SYSTEM_SEED
VIC-02410,Rayaan Narasimhan,10,Under 18,MALE,42963000000035032,2026-07-15 14:36:44,2026-07-15 14:36:44,SYSTEM_SEED,SYSTEM_SEED
VIC-02411,Yashodamma Rai,22,18-25,FEMALE,42963000000035032,2026-07-15 14:36:44,2026-07-15 14:36:44,SYSTEM_SEED,SYSTEM_SEED
VIC-02412,Ijaya Balasubramanian,52,46-55,FEMALE,42963000000035033,2026-07-15 14:36:44,2026-07-15 14:36:44,SYSTEM_SEED,SYSTEM_SEED
VIC-02413,Raghavendra Rai,46,46-55,MALE,42963000000035022,2026-07-15 14:36:44,2026-07-15 14:36:44,SYSTEM_SEED,SYSTEM_SEED
VIC-02414,Hemani Kaul,16,Under 18,FEMALE,42963000000035032,2026-07-15 14:36:44,2026-07-15 14:36:44,SYSTEM_SEED,SYSTEM_SEED
VIC-02415,Jayamma Setty,3,Under 18,FEMALE,42963000000035037,2026-07-15 14:36:44,2026-07-15 14:36:44,SYSTEM_SEED,SYSTEM_SEED
VIC-02416,Elijah Bath,18,18-25,MALE,42963000000035026,2026-07-15 14:36:44,2026-07-15 14:36:44,SYSTEM_SEED,SYSTEM_SEED
VIC-02417,Dipta Biswas,28,26-35,FEMALE,42963000000035034,2026-07-15 14:36:44,2026-07-15 14:36:44,SYSTEM_SEED,SYSTEM_SEED
VIC-02418,Lakshmamma Rai,69,66-80,FEMALE,42963000000035037,2026-07-15 14:36:44,2026-07-15 14:36:44,SYSTEM_SEED,SYSTEM_SEED
VIC-02419,Amaira Palla,76,66-80,FEMALE,42963000000035030,2026-07-15 14:36:44,2026-07-15 14:36:44,SYSTEM_SEED,SYSTEM_SEED
VIC-02420,Saanvi Magar,20,18-25,FEMALE,42963000000035023,2026-07-15 14:36:44,2026-07-15 14:36:44,SYSTEM_SEED,SYSTEM_SEED
VIC-02421,Vasatika Mander,63,56-65,FEMALE,42963000000035019,2026-07-15 14:36:44,2026-07-15 14:36:44,SYSTEM_SEED,SYSTEM_SEED
VIC-02422,Aarush Bedi,41,36-45,MALE,42963000000035013,2026-07-15 14:36:44,2026-07-15 14:36:44,SYSTEM_SEED,SYSTEM_SEED
VIC-02423,Ekaraj Salvi,31,26-35,MALE,42963000000035015,2026-07-15 14:36:44,2026-07-15 14:36:44,SYSTEM_SEED,SYSTEM_SEED
VIC-02424,Siya Mohan,15,Under 18,FEMALE,42963000000035042,2026-07-15 14:36:44,2026-07-15 14:36:44,SYSTEM_SEED,SYSTEM_SEED
VIC-02425,Teerth Taneja,6,Under 18,MALE,42963000000035025,2026-07-15 14:36:44,2026-07-15 14:36:44,SYSTEM_SEED,SYSTEM_SEED
VIC-02426,Neha Sem,61,56-65,FEMALE,42963000000035021,2026-07-15 14:36:44,2026-07-15 14:36:44,SYSTEM_SEED,SYSTEM_SEED
VIC-02427,Nilima Chakraborty,44,36-45,FEMALE,42963000000035033,2026-07-15 14:36:44,2026-07-15 14:36:44,SYSTEM_SEED,SYSTEM_SEED
VIC-02428,Veeranna Nayak,1,Under 18,MALE,42963000000035021,2026-07-15 14:36:44,2026-07-15 14:36:44,SYSTEM_SEED,SYSTEM_SEED
VIC-02429,Isha Rajan,71,66-80,FEMALE,42963000000035038,2026-07-15 14:36:44,2026-07-15 14:36:44,SYSTEM_SEED,SYSTEM_SEED
VIC-02430,Shanthakumari Hegde,62,56-65,FEMALE,42963000000035035,2026-07-15 14:36:44,2026-07-15 14:36:44,SYSTEM_SEED,SYSTEM_SEED
VIC-02431,Savitramma Setty,75,66-80,FEMALE,42963000000035017,2026-07-15 14:36:44,2026-07-15 14:36:44,SYSTEM_SEED,SYSTEM_SEED
VIC-02432,Mahadevi Poojary,37,36-45,FEMALE,42963000000035022,2026-07-15 14:36:44,2026-07-15 14:36:44,SYSTEM_SEED,SYSTEM_SEED
VIC-02433,Yashodamma Reddy,38,36-45,FEMALE,42963000000035035,2026-07-15 14:36:44,2026-07-15 14:36:44,SYSTEM_SEED,SYSTEM_SEED
VIC-02434,Unni Bandi,29,26-35,FEMALE,42963000000035017,2026-07-15 14:36:44,2026-07-15 14:36:44,SYSTEM_SEED,SYSTEM_SEED
VIC-02435,Oni Bali,18,18-25,FEMALE,42963000000035016,2026-07-15 14:36:44,2026-07-15 14:36:44,SYSTEM_SEED,SYSTEM_SEED
VIC-02436,Kariyappa Poojary,21,18-25,MALE,42963000000035024,2026-07-15 14:36:44,2026-07-15 14:36:44,SYSTEM_SEED,SYSTEM_SEED
VIC-02437,Pushpalatha Gowda,62,56-65,FEMALE,42963000000035020,2026-07-15 14:36:44,2026-07-15 14:36:44,SYSTEM_SEED,SYSTEM_SEED
VIC-02438,Samar Konda,41,36-45,MALE,42963000000035041,2026-07-15 14:36:44,2026-07-15 14:36:44,SYSTEM_SEED,SYSTEM_SEED
VIC-02439,Jagadish Setty,1,Under 18,MALE,42963000000035021,2026-07-15 14:36:44,2026-07-15 14:36:44,SYSTEM_SEED,SYSTEM_SEED
VIC-02440,Nisha Kannan,53,46-55,FEMALE,42963000000035013,2026-07-15 14:36:44,2026-07-15 14:36:44,SYSTEM_SEED,SYSTEM_SEED
VIC-02441,Yallappa Devadiga,72,66-80,MALE,42963000000035023,2026-07-15 14:36:44,2026-07-15 14:36:44,SYSTEM_SEED,SYSTEM_SEED
VIC-02442,Yashodamma Bhat,57,56-65,FEMALE,42963000000035018,2026-07-15 14:36:44,2026-07-15 14:36:44,SYSTEM_SEED,SYSTEM_SEED
VIC-02443,Hardik Barad,40,36-45,MALE,42963000000035028,2026-07-15 14:36:44,2026-07-15 14:36:44,SYSTEM_SEED,SYSTEM_SEED
VIC-02444,Raghavendra Poojary,38,36-45,MALE,42963000000035024,2026-07-15 14:36:44,2026-07-15 14:36:44,SYSTEM_SEED,SYSTEM_SEED
VIC-02445,Madhavi Sandhu,78,66-80,FEMALE,42963000000035024,2026-07-15 14:36:44,2026-07-15 14:36:44,SYSTEM_SEED,SYSTEM_SEED
VIC-02446,Vedika Sastry,38,36-45,FEMALE,42963000000035024,2026-07-15 14:36:44,2026-07-15 14:36:44,SYSTEM_SEED,SYSTEM_SEED
VIC-02447,Channabasappa Bhat,46,46-55,MALE,42963000000035024,2026-07-15 14:36:44,2026-07-15 14:36:44,SYSTEM_SEED,SYSTEM_SEED
VIC-02448,Dayamai Parmar,32,26-35,FEMALE,42963000000035041,2026-07-15 14:36:44,2026-07-15 14:36:44,SYSTEM_SEED,SYSTEM_SEED
VIC-02449,Ranveer Kapoor,76,66-80,MALE,42963000000035040,2026-07-15 14:36:44,2026-07-15 14:36:44,SYSTEM_SEED,SYSTEM_SEED
VIC-02450,Sunandamma Shetty,31,26-35,FEMALE,42963000000035036,2026-07-15 14:36:44,2026-07-15 14:36:44,SYSTEM_SEED,SYSTEM_SEED
VIC-02451,Kaveri Hegde,61,56-65,FEMALE,42963000000035024,2026-07-15 14:36:44,2026-07-15 14:36:44,SYSTEM_SEED,SYSTEM_SEED
VIC-02452,Ishanvi Bawa,18,18-25,FEMALE,42963000000035018,2026-07-15 14:36:44,2026-07-15 14:36:44,SYSTEM_SEED,SYSTEM_SEED
VIC-02453,Viraj Anand,56,56-65,MALE,42963000000035022,2026-07-15 14:36:44,2026-07-15 14:36:44,SYSTEM_SEED,SYSTEM_SEED
VIC-02454,Sunandamma Achar,79,66-80,FEMALE,42963000000035014,2026-07-15 14:36:44,2026-07-15 14:36:44,SYSTEM_SEED,SYSTEM_SEED
VIC-02455,Kariyappa Kulkarni,68,66-80,MALE,42963000000035036,2026-07-15 14:36:44,2026-07-15 14:36:44,SYSTEM_SEED,SYSTEM_SEED
VIC-02456,Qarin Palla,76,66-80,MALE,42963000000035013,2026-07-15 14:36:44,2026-07-15 14:36:44,SYSTEM_SEED,SYSTEM_SEED
VIC-02457,Gangamma Devadiga,41,36-45,FEMALE,42963000000035028,2026-07-15 14:36:44,2026-07-15 14:36:44,SYSTEM_SEED,SYSTEM_SEED
VIC-02458,Pushpalatha Urs,29,26-35,FEMALE,42963000000035022,2026-07-15 14:36:44,2026-07-15 14:36:44,SYSTEM_SEED,SYSTEM_SEED
VIC-02459,Kariyappa Shetty,72,66-80,MALE,42963000000035014,2026-07-15 14:36:44,2026-07-15 14:36:44,SYSTEM_SEED,SYSTEM_SEED
VIC-02460,Jayamma Poojary,52,46-55,FEMALE,42963000000035016,2026-07-15 14:36:44,2026-07-15 14:36:44,SYSTEM_SEED,SYSTEM_SEED
VIC-02461,Faris Wadhwa,78,66-80,MALE,42963000000035018,2026-07-15 14:36:44,2026-07-15 14:36:44,SYSTEM_SEED,SYSTEM_SEED
VIC-02462,Lokesh Urs,52,46-55,MALE,42963000000035022,2026-07-15 14:36:44,2026-07-15 14:36:44,SYSTEM_SEED,SYSTEM_SEED
VIC-02463,Yashodamma Nayak,47,46-55,FEMALE,42963000000035029,2026-07-15 14:36:44,2026-07-15 14:36:44,SYSTEM_SEED,SYSTEM_SEED
VIC-02464,Vedhika Sachdev,69,66-80,FEMALE,42963000000035012,2026-07-15 14:36:44,2026-07-15 14:36:44,SYSTEM_SEED,SYSTEM_SEED
VIC-02465,Tanay Mistry,20,18-25,MALE,42963000000035024,2026-07-15 14:36:44,2026-07-15 14:36:44,SYSTEM_SEED,SYSTEM_SEED
VIC-02466,Chaaya Murthy,0,Under 18,FEMALE,42963000000035025,2026-07-15 14:36:44,2026-07-15 14:36:44,SYSTEM_SEED,SYSTEM_SEED
VIC-02467,Oliver Ramaswamy,41,36-45,MALE,42963000000035030,2026-07-15 14:36:44,2026-07-15 14:36:44,SYSTEM_SEED,SYSTEM_SEED
VIC-02468,Megha Sachdev,60,56-65,FEMALE,42963000000035042,2026-07-15 14:36:44,2026-07-15 14:36:44,SYSTEM_SEED,SYSTEM_SEED
VIC-02469,Krishna Misra,54,46-55,FEMALE,42963000000035018,2026-07-15 14:36:44,2026-07-15 14:36:44,SYSTEM_SEED,SYSTEM_SEED
VIC-02470,Karan Master,74,66-80,MALE,42963000000035030,2026-07-15 14:36:44,2026-07-15 14:36:44,SYSTEM_SEED,SYSTEM_SEED
VIC-02471,Nikita Kurian,49,46-55,FEMALE,42963000000035023,2026-07-15 14:36:44,2026-07-15 14:36:44,SYSTEM_SEED,SYSTEM_SEED
VIC-02472,Niharika Dara,63,56-65,FEMALE,42963000000035024,2026-07-15 14:36:44,2026-07-15 14:36:44,SYSTEM_SEED,SYSTEM_SEED
VIC-02473,Jason Kibe,1,Under 18,MALE,42963000000035034,2026-07-15 14:36:44,2026-07-15 14:36:44,SYSTEM_SEED,SYSTEM_SEED
VIC-02474,Manya Seshadri,37,36-45,FEMALE,42963000000035019,2026-07-15 14:36:44,2026-07-15 14:36:44,SYSTEM_SEED,SYSTEM_SEED
VIC-02475,Girijamma Urs,56,56-65,FEMALE,42963000000035033,2026-07-15 14:36:44,2026-07-15 14:36:44,SYSTEM_SEED,SYSTEM_SEED
VIC-02476,Isaiah Madan,3,Under 18,MALE,42963000000035032,2026-07-15 14:36:44,2026-07-15 14:36:44,SYSTEM_SEED,SYSTEM_SEED
VIC-02477,Kevin Badal,78,66-80,MALE,42963000000035018,2026-07-15 14:36:44,2026-07-15 14:36:44,SYSTEM_SEED,SYSTEM_SEED
VIC-02478,Elijah Kapur,18,18-25,MALE,42963000000035022,2026-07-15 14:36:44,2026-07-15 14:36:44,SYSTEM_SEED,SYSTEM_SEED
VIC-02479,Pushpalatha Achar,20,18-25,FEMALE,42963000000035022,2026-07-15 14:36:44,2026-07-15 14:36:44,SYSTEM_SEED,SYSTEM_SEED
VIC-02480,Omya Tella,38,36-45,FEMALE,42963000000035031,2026-07-15 14:36:44,2026-07-15 14:36:44,SYSTEM_SEED,SYSTEM_SEED
VIC-02481,Yashodamma Bhat,15,Under 18,FEMALE,42963000000035014,2026-07-15 14:36:44,2026-07-15 14:36:44,SYSTEM_SEED,SYSTEM_SEED
VIC-02482,Eesha Sood,56,56-65,FEMALE,42963000000035016,2026-07-15 14:36:44,2026-07-15 14:36:44,SYSTEM_SEED,SYSTEM_SEED
VIC-02483,Zinal Vig,75,66-80,FEMALE,42963000000035034,2026-07-15 14:36:44,2026-07-15 14:36:44,SYSTEM_SEED,SYSTEM_SEED
VIC-02484,Pushpalatha Urs,64,56-65,FEMALE,42963000000035031,2026-07-15 14:36:44,2026-07-15 14:36:44,SYSTEM_SEED,SYSTEM_SEED
VIC-02485,Ravindranath Rai,40,36-45,MALE,42963000000035033,2026-07-15 14:36:44,2026-07-15 14:36:44,SYSTEM_SEED,SYSTEM_SEED
VIC-02486,Chandresh Krish,79,66-80,MALE,42963000000035029,2026-07-15 14:36:44,2026-07-15 14:36:44,SYSTEM_SEED,SYSTEM_SEED
VIC-02487,Sujathamma Urs,27,26-35,FEMALE,42963000000035037,2026-07-15 14:36:44,2026-07-15 14:36:44,SYSTEM_SEED,SYSTEM_SEED
VIC-02488,Charles Anand,3,Under 18,MALE,42963000000035022,2026-07-15 14:36:44,2026-07-15 14:36:44,SYSTEM_SEED,SYSTEM_SEED
VIC-02489,Jayamma Bhat,52,46-55,FEMALE,42963000000035029,2026-07-15 14:36:44,2026-07-15 14:36:44,SYSTEM_SEED,SYSTEM_SEED
VIC-02490,Dhruv Bhat,13,Under 18,MALE,42963000000035021,2026-07-15 14:36:44,2026-07-15 14:36:44,SYSTEM_SEED,SYSTEM_SEED
VIC-02491,Dakshesh Srinivas,3,Under 18,MALE,42963000000035036,2026-07-15 14:36:44,2026-07-15 14:36:44,SYSTEM_SEED,SYSTEM_SEED
VIC-02492,Wriddhish Narain,66,66-80,MALE,42963000000035040,2026-07-15 14:36:44,2026-07-15 14:36:44,SYSTEM_SEED,SYSTEM_SEED
VIC-02493,Yallappa Naik,71,66-80,MALE,42963000000035033,2026-07-15 14:36:44,2026-07-15 14:36:44,SYSTEM_SEED,SYSTEM_SEED
VIC-02494,Mahadevi Gowda,39,36-45,FEMALE,42963000000035014,2026-07-15 14:36:44,2026-07-15 14:36:44,SYSTEM_SEED,SYSTEM_SEED
VIC-02495,Owen Hans,54,46-55,MALE,42963000000035032,2026-07-15 14:36:44,2026-07-15 14:36:44,SYSTEM_SEED,SYSTEM_SEED
VIC-02496,Veeranna Shetty,67,66-80,MALE,42963000000035022,2026-07-15 14:36:44,2026-07-15 14:36:44,SYSTEM_SEED,SYSTEM_SEED
VIC-02497,Triveni Prabhakar,64,56-65,FEMALE,42963000000035017,2026-07-15 14:36:44,2026-07-15 14:36:44,SYSTEM_SEED,SYSTEM_SEED
VIC-02498,Vrishti Deo,66,66-80,FEMALE,42963000000035040,2026-07-15 14:36:44,2026-07-15 14:36:44,SYSTEM_SEED,SYSTEM_SEED
VIC-02499,Shanthakumari Gowda,25,18-25,FEMALE,42963000000035026,2026-07-15 14:36:44,2026-07-15 14:36:44,SYSTEM_SEED,SYSTEM_SEED
VIC-02500,Anjali Konda,51,46-55,FEMALE,42963000000035024,2026-07-15 14:36:44,2026-07-15 14:36:44,SYSTEM_SEED,SYSTEM_SEED
VIC-02501,Anvi Mittal,44,36-45,FEMALE,42963000000035027,2026-07-15 14:36:44,2026-07-15 14:36:44,SYSTEM_SEED,SYSTEM_SEED
VIC-02502,Siddalingaiah Devadiga,41,36-45,MALE,42963000000035020,2026-07-15 14:36:44,2026-07-15 14:36:44,SYSTEM_SEED,SYSTEM_SEED
VIC-02503,Kariyappa Rai,16,Under 18,MALE,42963000000035022,2026-07-15 14:36:44,2026-07-15 14:36:44,SYSTEM_SEED,SYSTEM_SEED
VIC-02504,Veeranna Rai,68,66-80,MALE,42963000000035030,2026-07-15 14:36:44,2026-07-15 14:36:44,SYSTEM_SEED,SYSTEM_SEED
VIC-02505,Sureshgowda Bhat,41,36-45,MALE,42963000000035025,2026-07-15 14:36:44,2026-07-15 14:36:44,SYSTEM_SEED,SYSTEM_SEED
VIC-02506,Upma Modi,37,36-45,FEMALE,42963000000035033,2026-07-15 14:36:44,2026-07-15 14:36:44,SYSTEM_SEED,SYSTEM_SEED
VIC-02507,Harish Gowda,5,Under 18,MALE,42963000000035025,2026-07-15 14:36:44,2026-07-15 14:36:44,SYSTEM_SEED,SYSTEM_SEED
VIC-02508,Azad Divan,36,36-45,MALE,42963000000035014,2026-07-15 14:36:44,2026-07-15 14:36:44,SYSTEM_SEED,SYSTEM_SEED
VIC-02509,Avi Bala,38,36-45,MALE,42963000000035027,2026-07-15 14:36:44,2026-07-15 14:36:44,SYSTEM_SEED,SYSTEM_SEED
VIC-02510,Pranav Chhabra,1,Under 18,MALE,42963000000035025,2026-07-15 14:36:44,2026-07-15 14:36:44,SYSTEM_SEED,SYSTEM_SEED
VIC-02511,Deepa Jani,14,Under 18,FEMALE,42963000000035014,2026-07-15 14:36:44,2026-07-15 14:36:44,SYSTEM_SEED,SYSTEM_SEED
VIC-02512,Nagaveni Devadiga,55,46-55,FEMALE,42963000000035015,2026-07-15 14:36:44,2026-07-15 14:36:44,SYSTEM_SEED,SYSTEM_SEED
VIC-02513,Ojas Ramaswamy,45,36-45,MALE,42963000000035013,2026-07-15 14:36:44,2026-07-15 14:36:44,SYSTEM_SEED,SYSTEM_SEED
VIC-02514,Vasanthamma Achar,39,36-45,FEMALE,42963000000035022,2026-07-15 14:36:44,2026-07-15 14:36:44,SYSTEM_SEED,SYSTEM_SEED
VIC-02515,Yashodamma Achar,17,Under 18,FEMALE,42963000000035016,2026-07-15 14:36:44,2026-07-15 14:36:44,SYSTEM_SEED,SYSTEM_SEED
VIC-02516,Parvatamma Achar,4,Under 18,FEMALE,42963000000035040,2026-07-15 14:36:44,2026-07-15 14:36:44,SYSTEM_SEED,SYSTEM_SEED
VIC-02517,Zarna Ramanathan,30,26-35,FEMALE,42963000000035021,2026-07-15 14:36:44,2026-07-15 14:36:44,SYSTEM_SEED,SYSTEM_SEED
VIC-02518,Noah Nazareth,64,56-65,MALE,42963000000035040,2026-07-15 14:36:44,2026-07-15 14:36:44,SYSTEM_SEED,SYSTEM_SEED
VIC-02519,Aarav Sani,50,46-55,MALE,42963000000035017,2026-07-15 14:36:44,2026-07-15 14:36:44,SYSTEM_SEED,SYSTEM_SEED
VIC-02520,Puttaswamy Setty,62,56-65,MALE,42963000000035016,2026-07-15 14:36:44,2026-07-15 14:36:44,SYSTEM_SEED,SYSTEM_SEED
VIC-02521,Ikbal Biswas,65,56-65,MALE,42963000000035039,2026-07-15 14:36:44,2026-07-15 14:36:44,SYSTEM_SEED,SYSTEM_SEED
VIC-02522,Prakash Kulkarni,67,66-80,MALE,42963000000035033,2026-07-15 14:36:44,2026-07-15 14:36:44,SYSTEM_SEED,SYSTEM_SEED
VIC-02523,Radha Misra,23,18-25,FEMALE,42963000000035019,2026-07-15 14:36:44,2026-07-15 14:36:44,SYSTEM_SEED,SYSTEM_SEED
VIC-02524,Kai Narang,31,26-35,MALE,42963000000035031,2026-07-15 14:36:44,2026-07-15 14:36:44,SYSTEM_SEED,SYSTEM_SEED
VIC-02525,Rishi Kant,4,Under 18,MALE,42963000000035019,2026-07-15 14:36:44,2026-07-15 14:36:44,SYSTEM_SEED,SYSTEM_SEED
VIC-02526,Bina Kapoor,70,66-80,FEMALE,42963000000035012,2026-07-15 14:36:44,2026-07-15 14:36:44,SYSTEM_SEED,SYSTEM_SEED
VIC-02527,Yallappa Reddy,21,18-25,MALE,42963000000035036,2026-07-15 14:36:44,2026-07-15 14:36:44,SYSTEM_SEED,SYSTEM_SEED
VIC-02528,Arjun Jayaraman,14,Under 18,MALE,42963000000035033,2026-07-15 14:36:44,2026-07-15 14:36:44,SYSTEM_SEED,SYSTEM_SEED
VIC-02529,Basavaraj Achar,64,56-65,MALE,42963000000035040,2026-07-15 14:36:44,2026-07-15 14:36:44,SYSTEM_SEED,SYSTEM_SEED
VIC-02530,Hemani Halder,64,56-65,FEMALE,42963000000035041,2026-07-15 14:36:44,2026-07-15 14:36:44,SYSTEM_SEED,SYSTEM_SEED
VIC-02531,Basavaraj Poojary,68,66-80,MALE,42963000000035039,2026-07-15 14:36:44,2026-07-15 14:36:44,SYSTEM_SEED,SYSTEM_SEED
VIC-02532,Gaurangi Deshmukh,80,66-80,FEMALE,42963000000035026,2026-07-15 14:36:44,2026-07-15 14:36:44,SYSTEM_SEED,SYSTEM_SEED
VIC-02533,Savitramma Shetty,23,18-25,FEMALE,42963000000035026,2026-07-15 14:36:44,2026-07-15 14:36:44,SYSTEM_SEED,SYSTEM_SEED
VIC-02534,Jayamma Rai,41,36-45,FEMALE,42963000000035019,2026-07-15 14:36:44,2026-07-15 14:36:44,SYSTEM_SEED,SYSTEM_SEED
VIC-02535,Jeet Hayer,56,56-65,MALE,42963000000035018,2026-07-15 14:36:44,2026-07-15 14:36:44,SYSTEM_SEED,SYSTEM_SEED
VIC-02536,Veer Master,28,26-35,MALE,42963000000035023,2026-07-15 14:36:44,2026-07-15 14:36:44,SYSTEM_SEED,SYSTEM_SEED
VIC-02537,Kaveri Setty,75,66-80,FEMALE,42963000000035024,2026-07-15 14:36:44,2026-07-15 14:36:44,SYSTEM_SEED,SYSTEM_SEED
VIC-02538,Libni Ray,74,66-80,FEMALE,42963000000035022,2026-07-15 14:36:44,2026-07-15 14:36:44,SYSTEM_SEED,SYSTEM_SEED
VIC-02539,Bhagyalakshmi Bhat,74,66-80,FEMALE,42963000000035040,2026-07-15 14:36:44,2026-07-15 14:36:44,SYSTEM_SEED,SYSTEM_SEED
VIC-02540,Mahadevi Nayak,7,Under 18,FEMALE,42963000000035030,2026-07-15 14:36:44,2026-07-15 14:36:44,SYSTEM_SEED,SYSTEM_SEED
VIC-02541,Darika Bahl,28,26-35,FEMALE,42963000000035015,2026-07-15 14:36:44,2026-07-15 14:36:44,SYSTEM_SEED,SYSTEM_SEED
VIC-02542,Jack Seshadri,12,Under 18,MALE,42963000000035040,2026-07-15 14:36:44,2026-07-15 14:36:44,SYSTEM_SEED,SYSTEM_SEED
VIC-02543,Nagaraj Devadiga,22,18-25,MALE,42963000000035022,2026-07-15 14:36:44,2026-07-15 14:36:44,SYSTEM_SEED,SYSTEM_SEED
VIC-02544,Nagaveni Shetty,11,Under 18,FEMALE,42963000000035038,2026-07-15 14:36:44,2026-07-15 14:36:44,SYSTEM_SEED,SYSTEM_SEED
VIC-02545,Rathnamma Nayak,13,Under 18,FEMALE,42963000000035022,2026-07-15 14:36:44,2026-07-15 14:36:44,SYSTEM_SEED,SYSTEM_SEED
VIC-02546,Zayyan Randhawa,64,56-65,MALE,42963000000035033,2026-07-15 14:36:44,2026-07-15 14:36:44,SYSTEM_SEED,SYSTEM_SEED
VIC-02547,Anamika Murthy,53,46-55,FEMALE,42963000000035033,2026-07-15 14:36:44,2026-07-15 14:36:44,SYSTEM_SEED,SYSTEM_SEED
VIC-02548,Logan Raj,47,46-55,MALE,42963000000035018,2026-07-15 14:36:44,2026-07-15 14:36:44,SYSTEM_SEED,SYSTEM_SEED
VIC-02549,Ganga Chakraborty,59,56-65,FEMALE,42963000000035027,2026-07-15 14:36:44,2026-07-15 14:36:44,SYSTEM_SEED,SYSTEM_SEED
VIC-02550,Lokesh Setty,62,56-65,MALE,42963000000035036,2026-07-15 14:36:44,2026-07-15 14:36:44,SYSTEM_SEED,SYSTEM_SEED
VIC-02551,Savitramma Rai,70,66-80,FEMALE,42963000000035035,2026-07-15 14:36:44,2026-07-15 14:36:44,SYSTEM_SEED,SYSTEM_SEED
VIC-02552,Theodore Mangal,21,18-25,MALE,42963000000035021,2026-07-15 14:36:44,2026-07-15 14:36:44,SYSTEM_SEED,SYSTEM_SEED
VIC-02553,Gangamma Shetty,53,46-55,FEMALE,42963000000035012,2026-07-15 14:36:44,2026-07-15 14:36:44,SYSTEM_SEED,SYSTEM_SEED
VIC-02554,Kaveri Reddy,55,46-55,FEMALE,42963000000035019,2026-07-15 14:36:44,2026-07-15 14:36:44,SYSTEM_SEED,SYSTEM_SEED
VIC-02555,Puttaswamy Rai,15,Under 18,MALE,42963000000035017,2026-07-15 14:36:44,2026-07-15 14:36:44,SYSTEM_SEED,SYSTEM_SEED
VIC-02556,Shivakumar Urs,43,36-45,MALE,42963000000035022,2026-07-15 14:36:44,2026-07-15 14:36:44,SYSTEM_SEED,SYSTEM_SEED
VIC-02557,Viraj Lall,19,18-25,MALE,42963000000035036,2026-07-15 14:36:44,2026-07-15 14:36:44,SYSTEM_SEED,SYSTEM_SEED
VIC-02558,Akkamahadevi Achar,15,Under 18,FEMALE,42963000000035037,2026-07-15 14:36:44,2026-07-15 14:36:44,SYSTEM_SEED,SYSTEM_SEED
VIC-02559,Anirudh Mittal,45,36-45,MALE,42963000000035019,2026-07-15 14:36:44,2026-07-15 14:36:44,SYSTEM_SEED,SYSTEM_SEED
VIC-02560,Nathaniel Bhardwaj,80,66-80,MALE,42963000000035022,2026-07-15 14:36:44,2026-07-15 14:36:44,SYSTEM_SEED,SYSTEM_SEED
VIC-02561,Jhalak Yadav,43,36-45,FEMALE,42963000000035012,2026-07-15 14:36:44,2026-07-15 14:36:44,SYSTEM_SEED,SYSTEM_SEED
VIC-02562,Arunima Gade,64,56-65,FEMALE,42963000000035030,2026-07-15 14:36:44,2026-07-15 14:36:44,SYSTEM_SEED,SYSTEM_SEED
VIC-02563,Logan Sami,67,66-80,MALE,42963000000035039,2026-07-15 14:36:44,2026-07-15 14:36:44,SYSTEM_SEED,SYSTEM_SEED
VIC-02564,Parvatamma Gowda,60,56-65,FEMALE,42963000000035014,2026-07-15 14:36:44,2026-07-15 14:36:44,SYSTEM_SEED,SYSTEM_SEED
VIC-02565,Omkaar Golla,23,18-25,MALE,42963000000035031,2026-07-15 14:36:44,2026-07-15 14:36:44,SYSTEM_SEED,SYSTEM_SEED
VIC-02566,Sureshgowda Naik,13,Under 18,MALE,42963000000035033,2026-07-15 14:36:44,2026-07-15 14:36:44,SYSTEM_SEED,SYSTEM_SEED
VIC-02567,Om Dutta,57,56-65,MALE,42963000000035018,2026-07-15 14:36:44,2026-07-15 14:36:44,SYSTEM_SEED,SYSTEM_SEED
VIC-02568,Irya Deol,16,Under 18,FEMALE,42963000000035024,2026-07-15 14:36:44,2026-07-15 14:36:44,SYSTEM_SEED,SYSTEM_SEED
VIC-02569,Kamala Andra,55,46-55,FEMALE,42963000000035038,2026-07-15 14:36:44,2026-07-15 14:36:44,SYSTEM_SEED,SYSTEM_SEED
VIC-02570,Adweta Desai,65,56-65,FEMALE,42963000000035037,2026-07-15 14:36:44,2026-07-15 14:36:44,SYSTEM_SEED,SYSTEM_SEED
VIC-02571,Suhani Chokshi,68,66-80,FEMALE,42963000000035041,2026-07-15 14:36:44,2026-07-15 14:36:44,SYSTEM_SEED,SYSTEM_SEED
VIC-02572,Girijamma Poojary,74,66-80,FEMALE,42963000000035032,2026-07-15 14:36:44,2026-07-15 14:36:44,SYSTEM_SEED,SYSTEM_SEED
VIC-02573,Sunandamma Naik,9,Under 18,FEMALE,42963000000035017,2026-07-15 14:36:44,2026-07-15 14:36:44,SYSTEM_SEED,SYSTEM_SEED
VIC-02574,Ishani Anne,51,46-55,FEMALE,42963000000035023,2026-07-15 14:36:44,2026-07-15 14:36:44,SYSTEM_SEED,SYSTEM_SEED
VIC-02575,Advay Kanda,77,66-80,MALE,42963000000035041,2026-07-15 14:36:44,2026-07-15 14:36:44,SYSTEM_SEED,SYSTEM_SEED
VIC-02576,Lajita Rege,42,36-45,FEMALE,42963000000035018,2026-07-15 14:36:44,2026-07-15 14:36:44,SYSTEM_SEED,SYSTEM_SEED
VIC-02577,Gopalakrishna Reddy,64,56-65,MALE,42963000000035017,2026-07-15 14:36:44,2026-07-15 14:36:44,SYSTEM_SEED,SYSTEM_SEED
VIC-02578,Thomas Bir,15,Under 18,MALE,42963000000035039,2026-07-15 14:36:44,2026-07-15 14:36:44,SYSTEM_SEED,SYSTEM_SEED
VIC-02579,Prakash Gowda,61,56-65,MALE,42963000000035024,2026-07-15 14:36:44,2026-07-15 14:36:44,SYSTEM_SEED,SYSTEM_SEED
VIC-02580,Harish Nayak,26,26-35,MALE,42963000000035026,2026-07-15 14:36:44,2026-07-15 14:36:44,SYSTEM_SEED,SYSTEM_SEED
VIC-02581,Tanish Shan,40,36-45,MALE,42963000000035034,2026-07-15 14:36:44,2026-07-15 14:36:44,SYSTEM_SEED,SYSTEM_SEED
VIC-02582,Aashi Sarma,13,Under 18,FEMALE,42963000000035022,2026-07-15 14:36:44,2026-07-15 14:36:44,SYSTEM_SEED,SYSTEM_SEED
VIC-02583,Bhagyalakshmi Kulkarni,1,Under 18,FEMALE,42963000000035016,2026-07-15 14:36:44,2026-07-15 14:36:44,SYSTEM_SEED,SYSTEM_SEED
VIC-02584,Ekavir Sridhar,15,Under 18,MALE,42963000000035037,2026-07-15 14:36:44,2026-07-15 14:36:44,SYSTEM_SEED,SYSTEM_SEED
VIC-02585,Nisha Krish,78,66-80,FEMALE,42963000000035030,2026-07-15 14:36:44,2026-07-15 14:36:44,SYSTEM_SEED,SYSTEM_SEED
VIC-02586,Harini Mall,9,Under 18,FEMALE,42963000000035015,2026-07-15 14:36:44,2026-07-15 14:36:44,SYSTEM_SEED,SYSTEM_SEED
VIC-02587,Manjunath Shetty,30,26-35,MALE,42963000000035027,2026-07-15 14:36:44,2026-07-15 14:36:44,SYSTEM_SEED,SYSTEM_SEED
VIC-02588,Ravindranath Setty,11,Under 18,MALE,42963000000035037,2026-07-15 14:36:44,2026-07-15 14:36:44,SYSTEM_SEED,SYSTEM_SEED
VIC-02589,Jagrati Bhalla,54,46-55,FEMALE,42963000000035012,2026-07-15 14:36:44,2026-07-15 14:36:44,SYSTEM_SEED,SYSTEM_SEED
VIC-02590,Savitramma Gowda,30,26-35,FEMALE,42963000000035033,2026-07-15 14:36:44,2026-07-15 14:36:44,SYSTEM_SEED,SYSTEM_SEED
VIC-02591,Gabriel Kashyap,18,18-25,MALE,42963000000035023,2026-07-15 14:36:44,2026-07-15 14:36:44,SYSTEM_SEED,SYSTEM_SEED
VIC-02592,Widisha Garde,39,36-45,FEMALE,42963000000035037,2026-07-15 14:36:44,2026-07-15 14:36:44,SYSTEM_SEED,SYSTEM_SEED
VIC-02593,Vasanthamma Urs,77,66-80,FEMALE,42963000000035016,2026-07-15 14:36:44,2026-07-15 14:36:44,SYSTEM_SEED,SYSTEM_SEED
VIC-02594,Amrita Kalita,18,18-25,FEMALE,42963000000035037,2026-07-15 14:36:44,2026-07-15 14:36:44,SYSTEM_SEED,SYSTEM_SEED
VIC-02595,Shivakumar Naik,12,Under 18,MALE,42963000000035040,2026-07-15 14:36:44,2026-07-15 14:36:44,SYSTEM_SEED,SYSTEM_SEED
VIC-02596,Pushpalatha Kulkarni,8,Under 18,FEMALE,42963000000035014,2026-07-15 14:36:44,2026-07-15 14:36:44,SYSTEM_SEED,SYSTEM_SEED
VIC-02597,Ekaja Batra,61,56-65,FEMALE,42963000000035036,2026-07-15 14:36:44,2026-07-15 14:36:44,SYSTEM_SEED,SYSTEM_SEED
VIC-02598,Channabasappa Devadiga,2,Under 18,MALE,42963000000035022,2026-07-15 14:36:44,2026-07-15 14:36:44,SYSTEM_SEED,SYSTEM_SEED
VIC-02599,Neelima Shanker,45,36-45,FEMALE,42963000000035016,2026-07-15 14:36:44,2026-07-15 14:36:44,SYSTEM_SEED,SYSTEM_SEED
VIC-02600,Abhiram Chand,53,46-55,MALE,42963000000035040,2026-07-15 14:36:44,2026-07-15 14:36:44,SYSTEM_SEED,SYSTEM_SEED
VIC-02601,Finn Gade,27,26-35,MALE,42963000000035023,2026-07-15 14:36:44,2026-07-15 14:36:44,SYSTEM_SEED,SYSTEM_SEED
VIC-02602,Chandrashekar Devadiga,71,66-80,MALE,42963000000035040,2026-07-15 14:36:44,2026-07-15 14:36:44,SYSTEM_SEED,SYSTEM_SEED
VIC-02603,Siddalingaiah Hegde,28,26-35,MALE,42963000000035024,2026-07-15 14:36:44,2026-07-15 14:36:44,SYSTEM_SEED,SYSTEM_SEED
VIC-02604,Basavaraj Achar,35,26-35,MALE,42963000000035033,2026-07-15 14:36:44,2026-07-15 14:36:44,SYSTEM_SEED,SYSTEM_SEED
VIC-02605,Ravindranath Naik,19,18-25,MALE,42963000000035013,2026-07-15 14:36:44,2026-07-15 14:36:44,SYSTEM_SEED,SYSTEM_SEED
VIC-02606,Kaveri Nayak,50,46-55,FEMALE,42963000000035034,2026-07-15 14:36:44,2026-07-15 14:36:44,SYSTEM_SEED,SYSTEM_SEED
VIC-02607,Mugdha Ben,36,36-45,FEMALE,42963000000035024,2026-07-15 14:36:44,2026-07-15 14:36:44,SYSTEM_SEED,SYSTEM_SEED
VIC-02608,Kariyappa Devadiga,57,56-65,MALE,42963000000035029,2026-07-15 14:36:44,2026-07-15 14:36:44,SYSTEM_SEED,SYSTEM_SEED
VIC-02609,Barkha Sarna,29,26-35,FEMALE,42963000000035026,2026-07-15 14:36:44,2026-07-15 14:36:44,SYSTEM_SEED,SYSTEM_SEED
VIC-02610,Yallappa Devadiga,19,18-25,MALE,42963000000035028,2026-07-15 14:36:44,2026-07-15 14:36:44,SYSTEM_SEED,SYSTEM_SEED
VIC-02611,Gangamma Shetty,22,18-25,FEMALE,42963000000035041,2026-07-15 14:36:44,2026-07-15 14:36:44,SYSTEM_SEED,SYSTEM_SEED
VIC-02612,Kai Shere,75,66-80,MALE,42963000000035031,2026-07-15 14:36:44,2026-07-15 14:36:44,SYSTEM_SEED,SYSTEM_SEED
VIC-02613,Chandrakala Bhat,37,36-45,FEMALE,42963000000035024,2026-07-15 14:36:44,2026-07-15 14:36:44,SYSTEM_SEED,SYSTEM_SEED
VIC-02614,Nagaveni Devadiga,68,66-80,FEMALE,42963000000035022,2026-07-15 14:36:44,2026-07-15 14:36:44,SYSTEM_SEED,SYSTEM_SEED
VIC-02615,Vyanjana Tandon,69,66-80,FEMALE,42963000000035014,2026-07-15 14:36:44,2026-07-15 14:36:44,SYSTEM_SEED,SYSTEM_SEED
VIC-02616,Leena Sachdev,73,66-80,FEMALE,42963000000035016,2026-07-15 14:36:44,2026-07-15 14:36:44,SYSTEM_SEED,SYSTEM_SEED
VIC-02617,Gavin Lalla,27,26-35,MALE,42963000000035022,2026-07-15 14:36:44,2026-07-15 14:36:44,SYSTEM_SEED,SYSTEM_SEED
VIC-02618,Sanya Parsa,44,36-45,FEMALE,42963000000035022,2026-07-15 14:36:44,2026-07-15 14:36:44,SYSTEM_SEED,SYSTEM_SEED
VIC-02619,Urvi Dube,35,26-35,FEMALE,42963000000035036,2026-07-15 14:36:44,2026-07-15 14:36:44,SYSTEM_SEED,SYSTEM_SEED
VIC-02620,Sureshgowda Urs,69,66-80,MALE,42963000000035024,2026-07-15 14:36:44,2026-07-15 14:36:44,SYSTEM_SEED,SYSTEM_SEED
VIC-02621,Ethan Nori,59,56-65,MALE,42963000000035041,2026-07-15 14:36:44,2026-07-15 14:36:44,SYSTEM_SEED,SYSTEM_SEED
VIC-02622,Gopalakrishna Setty,14,Under 18,MALE,42963000000035024,2026-07-15 14:36:44,2026-07-15 14:36:44,SYSTEM_SEED,SYSTEM_SEED
VIC-02623,Lokesh Poojary,29,26-35,MALE,42963000000035033,2026-07-15 14:36:44,2026-07-15 14:36:44,SYSTEM_SEED,SYSTEM_SEED
VIC-02624,Hemangini Dugal,14,Under 18,FEMALE,42963000000035035,2026-07-15 14:36:44,2026-07-15 14:36:44,SYSTEM_SEED,SYSTEM_SEED
VIC-02625,Gopalakrishna Shetty,74,66-80,MALE,42963000000035023,2026-07-15 14:36:44,2026-07-15 14:36:44,SYSTEM_SEED,SYSTEM_SEED
VIC-02626,Anmol Oza,51,46-55,MALE,42963000000035013,2026-07-15 14:36:44,2026-07-15 14:36:44,SYSTEM_SEED,SYSTEM_SEED
VIC-02627,Ronith Walla,26,26-35,MALE,42963000000035021,2026-07-15 14:36:44,2026-07-15 14:36:44,SYSTEM_SEED,SYSTEM_SEED
VIC-02628,Joshua Tripathi,55,46-55,MALE,42963000000035016,2026-07-15 14:36:44,2026-07-15 14:36:44,SYSTEM_SEED,SYSTEM_SEED
VIC-02629,Ravindranath Urs,49,46-55,MALE,42963000000035014,2026-07-15 14:36:44,2026-07-15 14:36:44,SYSTEM_SEED,SYSTEM_SEED
VIC-02630,Mahadevi Poojary,35,26-35,FEMALE,42963000000035016,2026-07-15 14:36:44,2026-07-15 14:36:44,SYSTEM_SEED,SYSTEM_SEED
VIC-02631,Vasanthamma Naik,14,Under 18,FEMALE,42963000000035022,2026-07-15 14:36:44,2026-07-15 14:36:44,SYSTEM_SEED,SYSTEM_SEED
VIC-02632,Jatin Sunder,24,18-25,MALE,42963000000035015,2026-07-15 14:36:44,2026-07-15 14:36:44,SYSTEM_SEED,SYSTEM_SEED
VIC-02633,Nagaveni Gowda,57,56-65,FEMALE,42963000000035016,2026-07-15 14:36:44,2026-07-15 14:36:44,SYSTEM_SEED,SYSTEM_SEED
VIC-02634,Chandrakala Achar,42,36-45,FEMALE,42963000000035033,2026-07-15 14:36:44,2026-07-15 14:36:44,SYSTEM_SEED,SYSTEM_SEED
VIC-02635,Ijaya Seth,1,Under 18,FEMALE,42963000000035012,2026-07-15 14:36:44,2026-07-15 14:36:44,SYSTEM_SEED,SYSTEM_SEED
VIC-02636,Girik Chaudhry,56,56-65,MALE,42963000000035034,2026-07-15 14:36:44,2026-07-15 14:36:44,SYSTEM_SEED,SYSTEM_SEED
VIC-02637,Raghavendra Hegde,20,18-25,MALE,42963000000035035,2026-07-15 14:36:44,2026-07-15 14:36:44,SYSTEM_SEED,SYSTEM_SEED
VIC-02638,Nagaraj Hegde,60,56-65,MALE,42963000000035034,2026-07-15 14:36:44,2026-07-15 14:36:44,SYSTEM_SEED,SYSTEM_SEED
VIC-02639,Kariyappa Setty,30,26-35,MALE,42963000000035030,2026-07-15 14:36:44,2026-07-15 14:36:44,SYSTEM_SEED,SYSTEM_SEED
VIC-02640,Chaman Chadha,67,66-80,FEMALE,42963000000035034,2026-07-15 14:36:44,2026-07-15 14:36:44,SYSTEM_SEED,SYSTEM_SEED
VIC-02641,Shanthakumari Gowda,12,Under 18,FEMALE,42963000000035014,2026-07-15 14:36:44,2026-07-15 14:36:44,SYSTEM_SEED,SYSTEM_SEED
VIC-02642,Darpan Wali,21,18-25,MALE,42963000000035020,2026-07-15 14:36:44,2026-07-15 14:36:44,SYSTEM_SEED,SYSTEM_SEED
VIC-02643,Yashvi Barman,46,46-55,FEMALE,42963000000035038,2026-07-15 14:36:44,2026-07-15 14:36:44,SYSTEM_SEED,SYSTEM_SEED
VIC-02644,Gopalakrishna Devadiga,10,Under 18,MALE,42963000000035031,2026-07-15 14:36:44,2026-07-15 14:36:44,SYSTEM_SEED,SYSTEM_SEED
VIC-02645,Oscar Sagar,43,36-45,MALE,42963000000035017,2026-07-15 14:36:44,2026-07-15 14:36:44,SYSTEM_SEED,SYSTEM_SEED
VIC-02646,Bina Sha,79,66-80,FEMALE,42963000000035040,2026-07-15 14:36:44,2026-07-15 14:36:44,SYSTEM_SEED,SYSTEM_SEED
VIC-02647,Siddalingaiah Bhat,44,36-45,MALE,42963000000035016,2026-07-15 14:36:44,2026-07-15 14:36:44,SYSTEM_SEED,SYSTEM_SEED
VIC-02648,Xavier Manne,79,66-80,MALE,42963000000035032,2026-07-15 14:36:44,2026-07-15 14:36:44,SYSTEM_SEED,SYSTEM_SEED
VIC-02649,Isaiah Dora,70,66-80,MALE,42963000000035037,2026-07-15 14:36:44,2026-07-15 14:36:44,SYSTEM_SEED,SYSTEM_SEED
VIC-02650,Nagaraj Naik,13,Under 18,MALE,42963000000035021,2026-07-15 14:36:44,2026-07-15 14:36:44,SYSTEM_SEED,SYSTEM_SEED
VIC-02651,Damini Krishnamurthy,33,26-35,FEMALE,42963000000035016,2026-07-15 14:36:44,2026-07-15 14:36:44,SYSTEM_SEED,SYSTEM_SEED
VIC-02652,Hemal Nadkarni,64,56-65,FEMALE,42963000000035021,2026-07-15 14:36:44,2026-07-15 14:36:44,SYSTEM_SEED,SYSTEM_SEED
VIC-02653,Yatin Chaudry,53,46-55,MALE,42963000000035024,2026-07-15 14:36:44,2026-07-15 14:36:44,SYSTEM_SEED,SYSTEM_SEED
VIC-02654,Harita Dhar,26,26-35,FEMALE,42963000000035024,2026-07-15 14:36:44,2026-07-15 14:36:44,SYSTEM_SEED,SYSTEM_SEED
VIC-02655,Rishi Kumar,33,26-35,MALE,42963000000035015,2026-07-15 14:36:44,2026-07-15 14:36:44,SYSTEM_SEED,SYSTEM_SEED
VIC-02656,Januja Sha,51,46-55,FEMALE,42963000000035028,2026-07-15 14:36:44,2026-07-15 14:36:44,SYSTEM_SEED,SYSTEM_SEED
VIC-02657,Gautami Bail,40,36-45,FEMALE,42963000000035031,2026-07-15 14:36:44,2026-07-15 14:36:44,SYSTEM_SEED,SYSTEM_SEED
VIC-02658,Maanav Doctor,0,Under 18,MALE,42963000000035017,2026-07-15 14:36:44,2026-07-15 14:36:44,SYSTEM_SEED,SYSTEM_SEED
VIC-02659,Dayita Prashad,11,Under 18,FEMALE,42963000000035040,2026-07-15 14:36:44,2026-07-15 14:36:44,SYSTEM_SEED,SYSTEM_SEED
VIC-02660,Bhagyalakshmi Hegde,11,Under 18,FEMALE,42963000000035024,2026-07-15 14:36:44,2026-07-15 14:36:44,SYSTEM_SEED,SYSTEM_SEED
VIC-02661,Mahadevi Kulkarni,13,Under 18,FEMALE,42963000000035031,2026-07-15 14:36:44,2026-07-15 14:36:44,SYSTEM_SEED,SYSTEM_SEED
VIC-02662,Raghav Nagi,11,Under 18,MALE,42963000000035031,2026-07-15 14:36:44,2026-07-15 14:36:44,SYSTEM_SEED,SYSTEM_SEED
VIC-02663,Sai Handa,3,Under 18,FEMALE,42963000000035040,2026-07-15 14:36:44,2026-07-15 14:36:44,SYSTEM_SEED,SYSTEM_SEED
VIC-02664,Akkamahadevi Hegde,48,46-55,FEMALE,42963000000035022,2026-07-15 14:36:44,2026-07-15 14:36:44,SYSTEM_SEED,SYSTEM_SEED
VIC-02665,Jayamma Setty,72,66-80,FEMALE,42963000000035014,2026-07-15 14:36:44,2026-07-15 14:36:44,SYSTEM_SEED,SYSTEM_SEED
VIC-02666,Aachal Zacharia,51,46-55,FEMALE,42963000000035033,2026-07-15 14:36:44,2026-07-15 14:36:44,SYSTEM_SEED,SYSTEM_SEED
VIC-02667,Nagaraj Poojary,19,18-25,MALE,42963000000035036,2026-07-15 14:36:44,2026-07-15 14:36:44,SYSTEM_SEED,SYSTEM_SEED
VIC-02668,Gopalakrishna Kulkarni,34,26-35,MALE,42963000000035033,2026-07-15 14:36:44,2026-07-15 14:36:44,SYSTEM_SEED,SYSTEM_SEED
VIC-02669,Parvatamma Nayak,15,Under 18,FEMALE,42963000000035018,2026-07-15 14:36:44,2026-07-15 14:36:44,SYSTEM_SEED,SYSTEM_SEED
VIC-02670,Thimmaiah Naik,50,46-55,MALE,42963000000035040,2026-07-15 14:36:44,2026-07-15 14:36:44,SYSTEM_SEED,SYSTEM_SEED
VIC-02671,Harrison Mann,16,Under 18,MALE,42963000000035018,2026-07-15 14:36:44,2026-07-15 14:36:44,SYSTEM_SEED,SYSTEM_SEED
VIC-02672,Matthew Savant,37,36-45,MALE,42963000000035016,2026-07-15 14:36:44,2026-07-15 14:36:44,SYSTEM_SEED,SYSTEM_SEED
VIC-02673,Niharika Thakkar,54,46-55,FEMALE,42963000000035039,2026-07-15 14:36:44,2026-07-15 14:36:44,SYSTEM_SEED,SYSTEM_SEED
VIC-02674,Pushpalatha Achar,28,26-35,FEMALE,42963000000035025,2026-07-15 14:36:44,2026-07-15 14:36:44,SYSTEM_SEED,SYSTEM_SEED
VIC-02675,Jayamma Hegde,19,18-25,FEMALE,42963000000035018,2026-07-15 14:36:44,2026-07-15 14:36:44,SYSTEM_SEED,SYSTEM_SEED
VIC-02676,Mahadevi Hegde,63,56-65,FEMALE,42963000000035020,2026-07-15 14:36:44,2026-07-15 14:36:44,SYSTEM_SEED,SYSTEM_SEED
VIC-02677,Yashoda Narayanan,55,46-55,FEMALE,42963000000035033,2026-07-15 14:36:44,2026-07-15 14:36:44,SYSTEM_SEED,SYSTEM_SEED
VIC-02678,Krishna Shetty,40,36-45,MALE,42963000000035012,2026-07-15 14:36:44,2026-07-15 14:36:44,SYSTEM_SEED,SYSTEM_SEED
VIC-02679,Fiyaz Anne,36,36-45,MALE,42963000000035015,2026-07-15 14:36:44,2026-07-15 14:36:44,SYSTEM_SEED,SYSTEM_SEED
VIC-02680,Saanvi Tripathi,13,Under 18,FEMALE,42963000000035040,2026-07-15 14:36:44,2026-07-15 14:36:44,SYSTEM_SEED,SYSTEM_SEED
VIC-02681,Balendra Munshi,30,26-35,MALE,42963000000035030,2026-07-15 14:36:44,2026-07-15 14:36:44,SYSTEM_SEED,SYSTEM_SEED
VIC-02682,Udarsh Taneja,69,66-80,MALE,42963000000035028,2026-07-15 14:36:44,2026-07-15 14:36:44,SYSTEM_SEED,SYSTEM_SEED
VIC-02683,Hemani Ranganathan,68,66-80,FEMALE,42963000000035023,2026-07-15 14:36:44,2026-07-15 14:36:44,SYSTEM_SEED,SYSTEM_SEED
VIC-02684,Henry Dutta,48,46-55,MALE,42963000000035014,2026-07-15 14:36:44,2026-07-15 14:36:44,SYSTEM_SEED,SYSTEM_SEED
VIC-02685,Triya Kaul,35,26-35,FEMALE,42963000000035015,2026-07-15 14:36:44,2026-07-15 14:36:44,SYSTEM_SEED,SYSTEM_SEED
VIC-02686,Sunandamma Poojary,35,26-35,FEMALE,42963000000035030,2026-07-15 14:36:44,2026-07-15 14:36:44,SYSTEM_SEED,SYSTEM_SEED
VIC-02687,Channabasappa Devadiga,30,26-35,MALE,42963000000035019,2026-07-15 14:36:44,2026-07-15 14:36:44,SYSTEM_SEED,SYSTEM_SEED
VIC-02688,Shanthakumari Bhat,31,26-35,FEMALE,42963000000035023,2026-07-15 14:36:44,2026-07-15 14:36:44,SYSTEM_SEED,SYSTEM_SEED
VIC-02689,Hiral Sethi,46,46-55,FEMALE,42963000000035016,2026-07-15 14:36:44,2026-07-15 14:36:44,SYSTEM_SEED,SYSTEM_SEED
VIC-02690,Vritti Nagar,9,Under 18,FEMALE,42963000000035031,2026-07-15 14:36:44,2026-07-15 14:36:44,SYSTEM_SEED,SYSTEM_SEED
VIC-02691,Fariq Parmer,40,36-45,MALE,42963000000035013,2026-07-15 14:36:44,2026-07-15 14:36:44,SYSTEM_SEED,SYSTEM_SEED
VIC-02692,Abhiram Sahota,27,26-35,MALE,42963000000035024,2026-07-15 14:36:44,2026-07-15 14:36:44,SYSTEM_SEED,SYSTEM_SEED
VIC-02693,Sudiksha Palla,14,Under 18,FEMALE,42963000000035025,2026-07-15 14:36:44,2026-07-15 14:36:44,SYSTEM_SEED,SYSTEM_SEED
VIC-02694,Ekavir Desai,57,56-65,MALE,42963000000035019,2026-07-15 14:36:44,2026-07-15 14:36:44,SYSTEM_SEED,SYSTEM_SEED
VIC-02695,Raghavendra Gowda,45,36-45,MALE,42963000000035016,2026-07-15 14:36:44,2026-07-15 14:36:44,SYSTEM_SEED,SYSTEM_SEED
VIC-02696,Qarin Dugar,76,66-80,MALE,42963000000035022,2026-07-15 14:36:44,2026-07-15 14:36:44,SYSTEM_SEED,SYSTEM_SEED
VIC-02697,Thimmaiah Gowda,67,66-80,MALE,42963000000035019,2026-07-15 14:36:44,2026-07-15 14:36:44,SYSTEM_SEED,SYSTEM_SEED
VIC-02698,Shivakumar Nayak,50,46-55,MALE,42963000000035040,2026-07-15 14:36:44,2026-07-15 14:36:44,SYSTEM_SEED,SYSTEM_SEED
VIC-02699,Mekhala Dada,12,Under 18,FEMALE,42963000000035015,2026-07-15 14:36:44,2026-07-15 14:36:44,SYSTEM_SEED,SYSTEM_SEED
VIC-02700,Sunandamma Bhat,4,Under 18,FEMALE,42963000000035035,2026-07-15 14:36:44,2026-07-15 14:36:44,SYSTEM_SEED,SYSTEM_SEED
VIC-02701,Lokesh Hegde,78,66-80,MALE,42963000000035013,2026-07-15 14:36:44,2026-07-15 14:36:44,SYSTEM_SEED,SYSTEM_SEED
VIC-02702,Neel Roy,15,Under 18,MALE,42963000000035016,2026-07-15 14:36:44,2026-07-15 14:36:44,SYSTEM_SEED,SYSTEM_SEED
VIC-02703,Ansh Doshi,74,66-80,MALE,42963000000035021,2026-07-15 14:36:44,2026-07-15 14:36:44,SYSTEM_SEED,SYSTEM_SEED
VIC-02704,Gopalakrishna Naik,19,18-25,MALE,42963000000035034,2026-07-15 14:36:44,2026-07-15 14:36:44,SYSTEM_SEED,SYSTEM_SEED
VIC-02705,Akkamahadevi Kulkarni,42,36-45,FEMALE,42963000000035022,2026-07-15 14:36:44,2026-07-15 14:36:44,SYSTEM_SEED,SYSTEM_SEED
VIC-02706,Nisha Ratti,27,26-35,FEMALE,42963000000035025,2026-07-15 14:36:44,2026-07-15 14:36:44,SYSTEM_SEED,SYSTEM_SEED
VIC-02707,Tejas Konda,54,46-55,MALE,42963000000035016,2026-07-15 14:36:44,2026-07-15 14:36:44,SYSTEM_SEED,SYSTEM_SEED
VIC-02708,Nagaveni Setty,14,Under 18,FEMALE,42963000000035041,2026-07-15 14:36:44,2026-07-15 14:36:44,SYSTEM_SEED,SYSTEM_SEED
VIC-02709,Lakshmamma Rai,22,18-25,FEMALE,42963000000035024,2026-07-15 14:36:44,2026-07-15 14:36:44,SYSTEM_SEED,SYSTEM_SEED
VIC-02710,Ganga Rege,62,56-65,FEMALE,42963000000035018,2026-07-15 14:36:44,2026-07-15 14:36:44,SYSTEM_SEED,SYSTEM_SEED
VIC-02711,Manbir Gole,23,18-25,MALE,42963000000035039,2026-07-15 14:36:44,2026-07-15 14:36:44,SYSTEM_SEED,SYSTEM_SEED
VIC-02712,Tanveer Purohit,39,36-45,MALE,42963000000035033,2026-07-15 14:36:44,2026-07-15 14:36:44,SYSTEM_SEED,SYSTEM_SEED
VIC-02713,Oliver Lad,23,18-25,MALE,42963000000035013,2026-07-15 14:36:44,2026-07-15 14:36:44,SYSTEM_SEED,SYSTEM_SEED
VIC-02714,Girijamma Shetty,33,26-35,FEMALE,42963000000035016,2026-07-15 14:36:44,2026-07-15 14:36:44,SYSTEM_SEED,SYSTEM_SEED
VIC-02715,Pallavi Chatterjee,18,18-25,FEMALE,42963000000035022,2026-07-15 14:36:44,2026-07-15 14:36:44,SYSTEM_SEED,SYSTEM_SEED
VIC-02716,Akkamahadevi Kulkarni,17,Under 18,FEMALE,42963000000035031,2026-07-15 14:36:44,2026-07-15 14:36:44,SYSTEM_SEED,SYSTEM_SEED
VIC-02717,Ishani Chhabra,73,66-80,FEMALE,42963000000035022,2026-07-15 14:36:44,2026-07-15 14:36:44,SYSTEM_SEED,SYSTEM_SEED
VIC-02718,Anusha Bassi,77,66-80,FEMALE,42963000000035018,2026-07-15 14:36:44,2026-07-15 14:36:44,SYSTEM_SEED,SYSTEM_SEED
VIC-02719,Jasmit Dugar,23,18-25,FEMALE,42963000000035024,2026-07-15 14:36:44,2026-07-15 14:36:44,SYSTEM_SEED,SYSTEM_SEED
VIC-02720,Benjamin Goel,58,56-65,MALE,42963000000035016,2026-07-15 14:36:44,2026-07-15 14:36:44,SYSTEM_SEED,SYSTEM_SEED
VIC-02721,Puttaswamy Hegde,9,Under 18,MALE,42963000000035016,2026-07-15 14:36:44,2026-07-15 14:36:44,SYSTEM_SEED,SYSTEM_SEED
VIC-02722,Lokesh Gowda,13,Under 18,MALE,42963000000035031,2026-07-15 14:36:44,2026-07-15 14:36:44,SYSTEM_SEED,SYSTEM_SEED
VIC-02723,Bhagyalakshmi Naik,13,Under 18,FEMALE,42963000000035013,2026-07-15 14:36:44,2026-07-15 14:36:44,SYSTEM_SEED,SYSTEM_SEED
VIC-02724,Charvi Ghose,33,26-35,FEMALE,42963000000035022,2026-07-15 14:36:44,2026-07-15 14:36:44,SYSTEM_SEED,SYSTEM_SEED
VIC-02725,Jagadish Kulkarni,36,36-45,MALE,42963000000035033,2026-07-15 14:36:44,2026-07-15 14:36:44,SYSTEM_SEED,SYSTEM_SEED
VIC-02726,Quincy Minhas,16,Under 18,MALE,42963000000035016,2026-07-15 14:36:44,2026-07-15 14:36:44,SYSTEM_SEED,SYSTEM_SEED
VIC-02727,Quincy Yohannan,71,66-80,MALE,42963000000035024,2026-07-15 14:36:44,2026-07-15 14:36:44,SYSTEM_SEED,SYSTEM_SEED
VIC-02728,Yashodamma Shetty,41,36-45,FEMALE,42963000000035038,2026-07-15 14:36:44,2026-07-15 14:36:44,SYSTEM_SEED,SYSTEM_SEED
VIC-02729,Basavaraj Bhat,26,26-35,MALE,42963000000035028,2026-07-15 14:36:44,2026-07-15 14:36:44,SYSTEM_SEED,SYSTEM_SEED
VIC-02730,Urishilla Sahni,45,36-45,FEMALE,42963000000035027,2026-07-15 14:36:44,2026-07-15 14:36:44,SYSTEM_SEED,SYSTEM_SEED
VIC-02731,Harish Reddy,26,26-35,MALE,42963000000035024,2026-07-15 14:36:44,2026-07-15 14:36:44,SYSTEM_SEED,SYSTEM_SEED
VIC-02732,Suhani Misra,70,66-80,FEMALE,42963000000035017,2026-07-15 14:36:44,2026-07-15 14:36:44,SYSTEM_SEED,SYSTEM_SEED
VIC-02733,Charles Choudhary,66,66-80,MALE,42963000000035012,2026-07-15 14:36:44,2026-07-15 14:36:44,SYSTEM_SEED,SYSTEM_SEED
VIC-02734,Siddalingaiah Kulkarni,47,46-55,MALE,42963000000035015,2026-07-15 14:36:44,2026-07-15 14:36:44,SYSTEM_SEED,SYSTEM_SEED
VIC-02735,Karan Yogi,69,66-80,MALE,42963000000035020,2026-07-15 14:36:44,2026-07-15 14:36:44,SYSTEM_SEED,SYSTEM_SEED
VIC-02736,Saumya More,25,18-25,FEMALE,42963000000035024,2026-07-15 14:36:44,2026-07-15 14:36:44,SYSTEM_SEED,SYSTEM_SEED
VIC-02737,Ekalinga Acharya,56,56-65,MALE,42963000000035038,2026-07-15 14:36:44,2026-07-15 14:36:44,SYSTEM_SEED,SYSTEM_SEED
VIC-02738,Rishi Goel,12,Under 18,MALE,42963000000035018,2026-07-15 14:36:44,2026-07-15 14:36:44,SYSTEM_SEED,SYSTEM_SEED
VIC-02739,Rathnamma Rai,32,26-35,FEMALE,42963000000035027,2026-07-15 14:36:44,2026-07-15 14:36:44,SYSTEM_SEED,SYSTEM_SEED
VIC-02740,Vaishnavi Vohra,39,36-45,FEMALE,42963000000035013,2026-07-15 14:36:44,2026-07-15 14:36:44,SYSTEM_SEED,SYSTEM_SEED
VIC-02741,Jason Murthy,1,Under 18,MALE,42963000000035012,2026-07-15 14:36:44,2026-07-15 14:36:44,SYSTEM_SEED,SYSTEM_SEED
VIC-02742,Rishi Ratti,41,36-45,MALE,42963000000035030,2026-07-15 14:36:44,2026-07-15 14:36:44,SYSTEM_SEED,SYSTEM_SEED
VIC-02743,Ryan Mukhopadhyay,33,26-35,MALE,42963000000035026,2026-07-15 14:36:44,2026-07-15 14:36:44,SYSTEM_SEED,SYSTEM_SEED
VIC-02744,Teerth Dayal,65,56-65,MALE,42963000000035013,2026-07-15 14:36:44,2026-07-15 14:36:44,SYSTEM_SEED,SYSTEM_SEED
VIC-02745,Jayamma Urs,29,26-35,FEMALE,42963000000035025,2026-07-15 14:36:44,2026-07-15 14:36:44,SYSTEM_SEED,SYSTEM_SEED
VIC-02746,Neelima Gole,68,66-80,FEMALE,42963000000035019,2026-07-15 14:36:44,2026-07-15 14:36:44,SYSTEM_SEED,SYSTEM_SEED
VIC-02747,Ekta Sarin,70,66-80,FEMALE,42963000000035033,2026-07-15 14:36:44,2026-07-15 14:36:44,SYSTEM_SEED,SYSTEM_SEED
VIC-02748,Gaurav Borde,45,36-45,MALE,42963000000035017,2026-07-15 14:36:44,2026-07-15 14:36:44,SYSTEM_SEED,SYSTEM_SEED
VIC-02749,Manjunath Poojary,54,46-55,MALE,42963000000035033,2026-07-15 14:36:44,2026-07-15 14:36:44,SYSTEM_SEED,SYSTEM_SEED
VIC-02750,Shivakumar Nayak,4,Under 18,MALE,42963000000035024,2026-07-15 14:36:44,2026-07-15 14:36:44,SYSTEM_SEED,SYSTEM_SEED
VIC-02751,Mahadevi Hegde,63,56-65,FEMALE,42963000000035014,2026-07-15 14:36:44,2026-07-15 14:36:44,SYSTEM_SEED,SYSTEM_SEED
VIC-02752,Gavin Badal,12,Under 18,MALE,42963000000035027,2026-07-15 14:36:44,2026-07-15 14:36:44,SYSTEM_SEED,SYSTEM_SEED
VIC-02753,Mahadevi Gowda,11,Under 18,FEMALE,42963000000035042,2026-07-15 14:36:44,2026-07-15 14:36:44,SYSTEM_SEED,SYSTEM_SEED
VIC-02754,Azad Bath,76,66-80,MALE,42963000000035018,2026-07-15 14:36:44,2026-07-15 14:36:44,SYSTEM_SEED,SYSTEM_SEED
VIC-02755,Sureshgowda Achar,24,18-25,MALE,42963000000035018,2026-07-15 14:36:44,2026-07-15 14:36:44,SYSTEM_SEED,SYSTEM_SEED
VIC-02756,Finn Kulkarni,9,Under 18,MALE,42963000000035041,2026-07-15 14:36:44,2026-07-15 14:36:44,SYSTEM_SEED,SYSTEM_SEED
VIC-02757,Harish Setty,27,26-35,MALE,42963000000035024,2026-07-15 14:36:44,2026-07-15 14:36:44,SYSTEM_SEED,SYSTEM_SEED
VIC-02758,Daksh Manda,68,66-80,MALE,42963000000035028,2026-07-15 14:36:44,2026-07-15 14:36:44,SYSTEM_SEED,SYSTEM_SEED
VIC-02759,Yashodhara Choudhury,36,36-45,FEMALE,42963000000035042,2026-07-15 14:36:44,2026-07-15 14:36:44,SYSTEM_SEED,SYSTEM_SEED
VIC-02760,Nagaraj Devadiga,5,Under 18,MALE,42963000000035024,2026-07-15 14:36:44,2026-07-15 14:36:44,SYSTEM_SEED,SYSTEM_SEED
VIC-02761,Vrishti Sekhon,38,36-45,FEMALE,42963000000035016,2026-07-15 14:36:44,2026-07-15 14:36:44,SYSTEM_SEED,SYSTEM_SEED
VIC-02762,Tanvi Mall,61,56-65,FEMALE,42963000000035018,2026-07-15 14:36:44,2026-07-15 14:36:44,SYSTEM_SEED,SYSTEM_SEED
VIC-02763,Gaurika Varkey,41,36-45,FEMALE,42963000000035014,2026-07-15 14:36:44,2026-07-15 14:36:44,SYSTEM_SEED,SYSTEM_SEED
VIC-02764,Manjunath Reddy,17,Under 18,MALE,42963000000035027,2026-07-15 14:36:44,2026-07-15 14:36:44,SYSTEM_SEED,SYSTEM_SEED
VIC-02765,Siddalingaiah Naik,56,56-65,MALE,42963000000035029,2026-07-15 14:36:44,2026-07-15 14:36:44,SYSTEM_SEED,SYSTEM_SEED
VIC-02766,Dayamai Bahri,4,Under 18,FEMALE,42963000000035029,2026-07-15 14:36:44,2026-07-15 14:36:44,SYSTEM_SEED,SYSTEM_SEED
VIC-02767,Puttaswamy Gowda,77,66-80,MALE,42963000000035012,2026-07-15 14:36:44,2026-07-15 14:36:44,SYSTEM_SEED,SYSTEM_SEED
VIC-02768,Januja Sankaran,68,66-80,FEMALE,42963000000035015,2026-07-15 14:36:44,2026-07-15 14:36:44,SYSTEM_SEED,SYSTEM_SEED
VIC-02769,Sujathamma Urs,33,26-35,FEMALE,42963000000035019,2026-07-15 14:36:44,2026-07-15 14:36:44,SYSTEM_SEED,SYSTEM_SEED
VIC-02770,Kaveri Gowda,68,66-80,FEMALE,42963000000035034,2026-07-15 14:36:44,2026-07-15 14:36:44,SYSTEM_SEED,SYSTEM_SEED
VIC-02771,Tara Bail,40,36-45,FEMALE,42963000000035019,2026-07-15 14:36:44,2026-07-15 14:36:44,SYSTEM_SEED,SYSTEM_SEED
VIC-02772,Aadhya Bhatia,47,46-55,FEMALE,42963000000035039,2026-07-15 14:36:44,2026-07-15 14:36:44,SYSTEM_SEED,SYSTEM_SEED
VIC-02773,Ravindranath Nayak,35,26-35,MALE,42963000000035012,2026-07-15 14:36:44,2026-07-15 14:36:44,SYSTEM_SEED,SYSTEM_SEED
VIC-02774,Basavaraj Hegde,63,56-65,MALE,42963000000035034,2026-07-15 14:36:44,2026-07-15 14:36:44,SYSTEM_SEED,SYSTEM_SEED
VIC-02775,Chandrashekar Rai,28,26-35,MALE,42963000000035038,2026-07-15 14:36:44,2026-07-15 14:36:44,SYSTEM_SEED,SYSTEM_SEED
VIC-02776,Priya Hegde,80,66-80,FEMALE,42963000000035026,2026-07-15 14:36:44,2026-07-15 14:36:44,SYSTEM_SEED,SYSTEM_SEED
VIC-02777,Pahal Hari,2,Under 18,FEMALE,42963000000035027,2026-07-15 14:36:44,2026-07-15 14:36:44,SYSTEM_SEED,SYSTEM_SEED
VIC-02778,Nagaveni Gowda,34,26-35,FEMALE,42963000000035041,2026-07-15 14:36:44,2026-07-15 14:36:44,SYSTEM_SEED,SYSTEM_SEED
VIC-02779,Parvatamma Urs,6,Under 18,FEMALE,42963000000035012,2026-07-15 14:36:44,2026-07-15 14:36:44,SYSTEM_SEED,SYSTEM_SEED
VIC-02780,Sujathamma Reddy,52,46-55,FEMALE,42963000000035018,2026-07-15 14:36:44,2026-07-15 14:36:44,SYSTEM_SEED,SYSTEM_SEED
VIC-02781,Ijaya Char,67,66-80,FEMALE,42963000000035034,2026-07-15 14:36:44,2026-07-15 14:36:44,SYSTEM_SEED,SYSTEM_SEED
VIC-02782,Shanthakumari Gowda,68,66-80,FEMALE,42963000000035035,2026-07-15 14:36:44,2026-07-15 14:36:44,SYSTEM_SEED,SYSTEM_SEED
VIC-02783,Naveen Batra,36,36-45,MALE,42963000000035042,2026-07-15 14:36:44,2026-07-15 14:36:44,SYSTEM_SEED,SYSTEM_SEED
VIC-02784,Hemal Madan,50,46-55,FEMALE,42963000000035023,2026-07-15 14:36:44,2026-07-15 14:36:44,SYSTEM_SEED,SYSTEM_SEED
VIC-02785,Jacob Agarwal,7,Under 18,MALE,42963000000035014,2026-07-15 14:36:44,2026-07-15 14:36:44,SYSTEM_SEED,SYSTEM_SEED
VIC-02786,Thimmaiah Hegde,60,56-65,MALE,42963000000035028,2026-07-15 14:36:44,2026-07-15 14:36:44,SYSTEM_SEED,SYSTEM_SEED
VIC-02787,Faris Sahni,21,18-25,MALE,42963000000035031,2026-07-15 14:36:44,2026-07-15 14:36:44,SYSTEM_SEED,SYSTEM_SEED
VIC-02788,Gangamma Rai,49,46-55,FEMALE,42963000000035022,2026-07-15 14:36:44,2026-07-15 14:36:44,SYSTEM_SEED,SYSTEM_SEED
VIC-02789,Harish Rai,72,66-80,MALE,42963000000035021,2026-07-15 14:36:44,2026-07-15 14:36:44,SYSTEM_SEED,SYSTEM_SEED
VIC-02790,Azaan Bhasin,2,Under 18,MALE,42963000000035024,2026-07-15 14:36:44,2026-07-15 14:36:44,SYSTEM_SEED,SYSTEM_SEED
VIC-02791,Sneha Walla,32,26-35,FEMALE,42963000000035014,2026-07-15 14:36:44,2026-07-15 14:36:44,SYSTEM_SEED,SYSTEM_SEED
VIC-02792,Gautami Shankar,61,56-65,FEMALE,42963000000035040,2026-07-15 14:36:44,2026-07-15 14:36:44,SYSTEM_SEED,SYSTEM_SEED
VIC-02793,Jairaj Karan,49,46-55,MALE,42963000000035038,2026-07-15 14:36:44,2026-07-15 14:36:44,SYSTEM_SEED,SYSTEM_SEED
VIC-02794,Harshil Thaker,29,26-35,MALE,42963000000035033,2026-07-15 14:36:44,2026-07-15 14:36:44,SYSTEM_SEED,SYSTEM_SEED
VIC-02795,Ishani Kala,15,Under 18,FEMALE,42963000000035028,2026-07-15 14:36:44,2026-07-15 14:36:44,SYSTEM_SEED,SYSTEM_SEED
VIC-02796,Thimmakka Shetty,20,18-25,FEMALE,42963000000035022,2026-07-15 14:36:44,2026-07-15 14:36:44,SYSTEM_SEED,SYSTEM_SEED
VIC-02797,Thimmakka Achar,37,36-45,FEMALE,42963000000035019,2026-07-15 14:36:44,2026-07-15 14:36:44,SYSTEM_SEED,SYSTEM_SEED
VIC-02798,Vasanthamma Poojary,23,18-25,FEMALE,42963000000035018,2026-07-15 14:36:44,2026-07-15 14:36:44,SYSTEM_SEED,SYSTEM_SEED
VIC-02799,Samar Chacko,23,18-25,MALE,42963000000035025,2026-07-15 14:36:44,2026-07-15 14:36:44,SYSTEM_SEED,SYSTEM_SEED
VIC-02800,Nagaraj Setty,30,26-35,MALE,42963000000035037,2026-07-15 14:36:44,2026-07-15 14:36:44,SYSTEM_SEED,SYSTEM_SEED
VIC-02801,Dakshesh Rau,63,56-65,MALE,42963000000035040,2026-07-15 14:36:44,2026-07-15 14:36:44,SYSTEM_SEED,SYSTEM_SEED
VIC-02802,Sneha Sha,58,56-65,FEMALE,42963000000035033,2026-07-15 14:36:44,2026-07-15 14:36:44,SYSTEM_SEED,SYSTEM_SEED
VIC-02803,Krishna Saraf,11,Under 18,FEMALE,42963000000035033,2026-07-15 14:36:44,2026-07-15 14:36:44,SYSTEM_SEED,SYSTEM_SEED
VIC-02804,Akkamahadevi Achar,38,36-45,FEMALE,42963000000035041,2026-07-15 14:36:44,2026-07-15 14:36:44,SYSTEM_SEED,SYSTEM_SEED
VIC-02805,Darika Acharya,39,36-45,FEMALE,42963000000035022,2026-07-15 14:36:44,2026-07-15 14:36:44,SYSTEM_SEED,SYSTEM_SEED
VIC-02806,Girish Dubey,30,26-35,MALE,42963000000035038,2026-07-15 14:36:44,2026-07-15 14:36:44,SYSTEM_SEED,SYSTEM_SEED
VIC-02807,Irya Kara,37,36-45,FEMALE,42963000000035027,2026-07-15 14:36:44,2026-07-15 14:36:44,SYSTEM_SEED,SYSTEM_SEED
VIC-02808,Sunandamma Reddy,61,56-65,FEMALE,42963000000035033,2026-07-15 14:36:44,2026-07-15 14:36:44,SYSTEM_SEED,SYSTEM_SEED
VIC-02809,Chavvi Zachariah,32,26-35,FEMALE,42963000000035037,2026-07-15 14:36:44,2026-07-15 14:36:44,SYSTEM_SEED,SYSTEM_SEED
VIC-02810,Jayamma Rai,57,56-65,FEMALE,42963000000035026,2026-07-15 14:36:44,2026-07-15 14:36:44,SYSTEM_SEED,SYSTEM_SEED
VIC-02811,Jayamma Kulkarni,14,Under 18,FEMALE,42963000000035027,2026-07-15 14:36:44,2026-07-15 14:36:44,SYSTEM_SEED,SYSTEM_SEED
VIC-02812,Priya Grover,68,66-80,FEMALE,42963000000035027,2026-07-15 14:36:44,2026-07-15 14:36:44,SYSTEM_SEED,SYSTEM_SEED
VIC-02813,Bhavika Wadhwa,58,56-65,FEMALE,42963000000035024,2026-07-15 14:36:44,2026-07-15 14:36:44,SYSTEM_SEED,SYSTEM_SEED
VIC-02814,Nicholas Bahri,78,66-80,MALE,42963000000035014,2026-07-15 14:36:44,2026-07-15 14:36:44,SYSTEM_SEED,SYSTEM_SEED
VIC-02815,Yashodamma Nayak,46,46-55,FEMALE,42963000000035016,2026-07-15 14:36:44,2026-07-15 14:36:44,SYSTEM_SEED,SYSTEM_SEED
VIC-02816,Warda Tailor,78,66-80,FEMALE,42963000000035017,2026-07-15 14:36:44,2026-07-15 14:36:44,SYSTEM_SEED,SYSTEM_SEED
VIC-02817,Champak Bassi,74,66-80,MALE,42963000000035024,2026-07-15 14:36:44,2026-07-15 14:36:44,SYSTEM_SEED,SYSTEM_SEED
VIC-02818,Gangamma Gowda,45,36-45,FEMALE,42963000000035023,2026-07-15 14:36:44,2026-07-15 14:36:44,SYSTEM_SEED,SYSTEM_SEED
VIC-02819,Reva Ganesh,80,66-80,FEMALE,42963000000035022,2026-07-15 14:36:44,2026-07-15 14:36:44,SYSTEM_SEED,SYSTEM_SEED
VIC-02820,Yutika Chaudhry,27,26-35,FEMALE,42963000000035034,2026-07-15 14:36:44,2026-07-15 14:36:44,SYSTEM_SEED,SYSTEM_SEED
VIC-02821,Krishna Borde,38,36-45,FEMALE,42963000000035037,2026-07-15 14:36:44,2026-07-15 14:36:44,SYSTEM_SEED,SYSTEM_SEED
VIC-02822,Raghavendra Setty,61,56-65,MALE,42963000000035039,2026-07-15 14:36:44,2026-07-15 14:36:44,SYSTEM_SEED,SYSTEM_SEED
VIC-02823,Vinaya Saxena,57,56-65,FEMALE,42963000000035036,2026-07-15 14:36:44,2026-07-15 14:36:44,SYSTEM_SEED,SYSTEM_SEED
VIC-02824,Devika Sharma,7,Under 18,FEMALE,42963000000035016,2026-07-15 14:36:44,2026-07-15 14:36:44,SYSTEM_SEED,SYSTEM_SEED
VIC-02825,Parvatamma Shetty,2,Under 18,FEMALE,42963000000035032,2026-07-15 14:36:44,2026-07-15 14:36:44,SYSTEM_SEED,SYSTEM_SEED
VIC-02826,Qushi Saini,79,66-80,FEMALE,42963000000035019,2026-07-15 14:36:44,2026-07-15 14:36:44,SYSTEM_SEED,SYSTEM_SEED
VIC-02827,Netra Palla,41,36-45,FEMALE,42963000000035016,2026-07-15 14:36:44,2026-07-15 14:36:44,SYSTEM_SEED,SYSTEM_SEED
VIC-02828,Hemal Badal,27,26-35,FEMALE,42963000000035024,2026-07-15 14:36:44,2026-07-15 14:36:44,SYSTEM_SEED,SYSTEM_SEED
VIC-02829,Shivani Puri,70,66-80,FEMALE,42963000000035019,2026-07-15 14:36:44,2026-07-15 14:36:44,SYSTEM_SEED,SYSTEM_SEED
VIC-02830,Pushpalatha Urs,60,56-65,FEMALE,42963000000035022,2026-07-15 14:36:44,2026-07-15 14:36:44,SYSTEM_SEED,SYSTEM_SEED
VIC-02831,Ryan Walla,34,26-35,MALE,42963000000035041,2026-07-15 14:36:44,2026-07-15 14:36:44,SYSTEM_SEED,SYSTEM_SEED
VIC-02832,Harinakshi Pandya,42,36-45,FEMALE,42963000000035013,2026-07-15 14:36:44,2026-07-15 14:36:44,SYSTEM_SEED,SYSTEM_SEED
VIC-02833,Ekapad Naik,1,Under 18,MALE,42963000000035032,2026-07-15 14:36:44,2026-07-15 14:36:44,SYSTEM_SEED,SYSTEM_SEED
VIC-02834,Harsh Morar,60,56-65,MALE,42963000000035016,2026-07-15 14:36:44,2026-07-15 14:36:44,SYSTEM_SEED,SYSTEM_SEED
VIC-02835,Vasanthamma Achar,73,66-80,FEMALE,42963000000035021,2026-07-15 14:36:44,2026-07-15 14:36:44,SYSTEM_SEED,SYSTEM_SEED
VIC-02836,Onveer Nanda,34,26-35,MALE,42963000000035036,2026-07-15 14:36:44,2026-07-15 14:36:44,SYSTEM_SEED,SYSTEM_SEED
VIC-02837,Shivakumar Setty,54,46-55,MALE,42963000000035035,2026-07-15 14:36:44,2026-07-15 14:36:44,SYSTEM_SEED,SYSTEM_SEED
VIC-02838,Laban Saran,78,66-80,MALE,42963000000035026,2026-07-15 14:36:44,2026-07-15 14:36:44,SYSTEM_SEED,SYSTEM_SEED
VIC-02839,Kaveri Nayak,55,46-55,FEMALE,42963000000035032,2026-07-15 14:36:44,2026-07-15 14:36:44,SYSTEM_SEED,SYSTEM_SEED
VIC-02840,Rathnamma Gowda,76,66-80,FEMALE,42963000000035041,2026-07-15 14:36:44,2026-07-15 14:36:44,SYSTEM_SEED,SYSTEM_SEED
VIC-02841,Vamakshi Misra,7,Under 18,FEMALE,42963000000035041,2026-07-15 14:36:44,2026-07-15 14:36:44,SYSTEM_SEED,SYSTEM_SEED
VIC-02842,Alka Saxena,55,46-55,FEMALE,42963000000035022,2026-07-15 14:36:44,2026-07-15 14:36:44,SYSTEM_SEED,SYSTEM_SEED
VIC-02843,Sunandamma Hegde,59,56-65,FEMALE,42963000000035032,2026-07-15 14:36:44,2026-07-15 14:36:44,SYSTEM_SEED,SYSTEM_SEED
VIC-02844,Wazir Dhar,53,46-55,MALE,42963000000035042,2026-07-15 14:36:44,2026-07-15 14:36:44,SYSTEM_SEED,SYSTEM_SEED
VIC-02845,Udyati Modi,49,46-55,FEMALE,42963000000035017,2026-07-15 14:36:44,2026-07-15 14:36:44,SYSTEM_SEED,SYSTEM_SEED
VIC-02846,Urvashi Randhawa,2,Under 18,FEMALE,42963000000035037,2026-07-15 14:36:44,2026-07-15 14:36:44,SYSTEM_SEED,SYSTEM_SEED
VIC-02847,Savitramma Achar,43,36-45,FEMALE,42963000000035029,2026-07-15 14:36:44,2026-07-15 14:36:44,SYSTEM_SEED,SYSTEM_SEED
VIC-02848,Alka Aggarwal,9,Under 18,FEMALE,42963000000035022,2026-07-15 14:36:44,2026-07-15 14:36:44,SYSTEM_SEED,SYSTEM_SEED
VIC-02849,Sureshgowda Nayak,61,56-65,MALE,42963000000035029,2026-07-15 14:36:44,2026-07-15 14:36:44,SYSTEM_SEED,SYSTEM_SEED
VIC-02850,Prakash Kulkarni,5,Under 18,MALE,42963000000035012,2026-07-15 14:36:44,2026-07-15 14:36:44,SYSTEM_SEED,SYSTEM_SEED
VIC-02851,Mitesh Tank,74,66-80,MALE,42963000000035012,2026-07-15 14:36:44,2026-07-15 14:36:44,SYSTEM_SEED,SYSTEM_SEED
VIC-02852,Patrick Mane,61,56-65,MALE,42963000000035020,2026-07-15 14:36:44,2026-07-15 14:36:44,SYSTEM_SEED,SYSTEM_SEED
VIC-02853,Lakshit Borra,55,46-55,MALE,42963000000035027,2026-07-15 14:36:44,2026-07-15 14:36:44,SYSTEM_SEED,SYSTEM_SEED
VIC-02854,Zayyan Mittal,35,26-35,MALE,42963000000035029,2026-07-15 14:36:44,2026-07-15 14:36:44,SYSTEM_SEED,SYSTEM_SEED
VIC-02855,Tripti Shere,11,Under 18,FEMALE,42963000000035032,2026-07-15 14:36:44,2026-07-15 14:36:44,SYSTEM_SEED,SYSTEM_SEED
VIC-02856,Maanas Shanker,78,66-80,MALE,42963000000035016,2026-07-15 14:36:44,2026-07-15 14:36:44,SYSTEM_SEED,SYSTEM_SEED
VIC-02857,Chandrakala Hegde,38,36-45,FEMALE,42963000000035023,2026-07-15 14:36:44,2026-07-15 14:36:44,SYSTEM_SEED,SYSTEM_SEED
VIC-02858,Ishanvi Rastogi,69,66-80,FEMALE,42963000000035016,2026-07-15 14:36:44,2026-07-15 14:36:44,SYSTEM_SEED,SYSTEM_SEED
VIC-02859,Sachi Master,12,Under 18,FEMALE,42963000000035019,2026-07-15 14:36:44,2026-07-15 14:36:44,SYSTEM_SEED,SYSTEM_SEED
VIC-02860,Lokesh Kulkarni,12,Under 18,MALE,42963000000035042,2026-07-15 14:36:44,2026-07-15 14:36:44,SYSTEM_SEED,SYSTEM_SEED
VIC-02861,Kevin Mann,29,26-35,MALE,42963000000035027,2026-07-15 14:36:44,2026-07-15 14:36:44,SYSTEM_SEED,SYSTEM_SEED
VIC-02862,Aashi Ganesan,77,66-80,FEMALE,42963000000035041,2026-07-15 14:36:44,2026-07-15 14:36:44,SYSTEM_SEED,SYSTEM_SEED
VIC-02863,Abdul Narain,74,66-80,MALE,42963000000035018,2026-07-15 14:36:44,2026-07-15 14:36:44,SYSTEM_SEED,SYSTEM_SEED
VIC-02864,Daniel Balay,37,36-45,MALE,42963000000035035,2026-07-15 14:36:44,2026-07-15 14:36:44,SYSTEM_SEED,SYSTEM_SEED
VIC-02865,Sudiksha Dewan,45,36-45,FEMALE,42963000000035038,2026-07-15 14:36:44,2026-07-15 14:36:44,SYSTEM_SEED,SYSTEM_SEED
VIC-02866,Sunandamma Poojary,67,66-80,FEMALE,42963000000035024,2026-07-15 14:36:44,2026-07-15 14:36:44,SYSTEM_SEED,SYSTEM_SEED
VIC-02867,Mahadevi Gowda,39,36-45,FEMALE,42963000000035029,2026-07-15 14:36:44,2026-07-15 14:36:44,SYSTEM_SEED,SYSTEM_SEED
VIC-02868,Anusha Ranganathan,22,18-25,FEMALE,42963000000035037,2026-07-15 14:36:44,2026-07-15 14:36:44,SYSTEM_SEED,SYSTEM_SEED
VIC-02869,Maanav Bhat,10,Under 18,MALE,42963000000035042,2026-07-15 14:36:44,2026-07-15 14:36:44,SYSTEM_SEED,SYSTEM_SEED
VIC-02870,Gaurav Madan,51,46-55,MALE,42963000000035016,2026-07-15 14:36:44,2026-07-15 14:36:44,SYSTEM_SEED,SYSTEM_SEED
VIC-02871,Praneel Venkatesh,42,36-45,MALE,42963000000035022,2026-07-15 14:36:44,2026-07-15 14:36:44,SYSTEM_SEED,SYSTEM_SEED
VIC-02872,Janya Acharya,79,66-80,FEMALE,42963000000035029,2026-07-15 14:36:44,2026-07-15 14:36:44,SYSTEM_SEED,SYSTEM_SEED
VIC-02873,Ansh Narayan,39,36-45,MALE,42963000000035031,2026-07-15 14:36:44,2026-07-15 14:36:44,SYSTEM_SEED,SYSTEM_SEED
VIC-02874,Niharika Zachariah,18,18-25,FEMALE,42963000000035022,2026-07-15 14:36:44,2026-07-15 14:36:44,SYSTEM_SEED,SYSTEM_SEED
VIC-02875,Warjas Lala,62,56-65,MALE,42963000000035028,2026-07-15 14:36:44,2026-07-15 14:36:44,SYSTEM_SEED,SYSTEM_SEED
VIC-02876,Prisha Sagar,67,66-80,FEMALE,42963000000035027,2026-07-15 14:36:44,2026-07-15 14:36:44,SYSTEM_SEED,SYSTEM_SEED
VIC-02877,Advika Dixit,10,Under 18,FEMALE,42963000000035034,2026-07-15 14:36:44,2026-07-15 14:36:44,SYSTEM_SEED,SYSTEM_SEED
VIC-02878,Reva Arya,64,56-65,FEMALE,42963000000035024,2026-07-15 14:36:44,2026-07-15 14:36:44,SYSTEM_SEED,SYSTEM_SEED
VIC-02879,Basavaraj Devadiga,68,66-80,MALE,42963000000035022,2026-07-15 14:36:44,2026-07-15 14:36:44,SYSTEM_SEED,SYSTEM_SEED
VIC-02880,Aadi Kala,48,46-55,MALE,42963000000035033,2026-07-15 14:36:44,2026-07-15 14:36:44,SYSTEM_SEED,SYSTEM_SEED
VIC-02881,Parvatamma Hegde,79,66-80,FEMALE,42963000000035041,2026-07-15 14:36:44,2026-07-15 14:36:44,SYSTEM_SEED,SYSTEM_SEED
VIC-02882,Orinder Ramakrishnan,40,36-45,MALE,42963000000035024,2026-07-15 14:36:44,2026-07-15 14:36:44,SYSTEM_SEED,SYSTEM_SEED
VIC-02883,Chandrakala Urs,6,Under 18,FEMALE,42963000000035016,2026-07-15 14:36:44,2026-07-15 14:36:44,SYSTEM_SEED,SYSTEM_SEED
VIC-02884,Charan Parekh,1,Under 18,MALE,42963000000035024,2026-07-15 14:36:44,2026-07-15 14:36:44,SYSTEM_SEED,SYSTEM_SEED
VIC-02885,Mahadevi Devadiga,17,Under 18,FEMALE,42963000000035028,2026-07-15 14:36:44,2026-07-15 14:36:44,SYSTEM_SEED,SYSTEM_SEED
VIC-02886,Abhiram Parmar,7,Under 18,MALE,42963000000035042,2026-07-15 14:36:44,2026-07-15 14:36:44,SYSTEM_SEED,SYSTEM_SEED
VIC-02887,Ravindranath Poojary,56,56-65,MALE,42963000000035025,2026-07-15 14:36:44,2026-07-15 14:36:44,SYSTEM_SEED,SYSTEM_SEED
VIC-02888,Madhav Chatterjee,45,36-45,MALE,42963000000035021,2026-07-15 14:36:44,2026-07-15 14:36:44,SYSTEM_SEED,SYSTEM_SEED
VIC-02889,Gopal Sarma,47,46-55,MALE,42963000000035017,2026-07-15 14:36:44,2026-07-15 14:36:44,SYSTEM_SEED,SYSTEM_SEED
VIC-02890,Upma Sen,3,Under 18,FEMALE,42963000000035038,2026-07-15 14:36:44,2026-07-15 14:36:44,SYSTEM_SEED,SYSTEM_SEED
VIC-02891,Zayan Srinivasan,47,46-55,MALE,42963000000035022,2026-07-15 14:36:44,2026-07-15 14:36:44,SYSTEM_SEED,SYSTEM_SEED
VIC-02892,Bhagyalakshmi Urs,11,Under 18,FEMALE,42963000000035035,2026-07-15 14:36:44,2026-07-15 14:36:44,SYSTEM_SEED,SYSTEM_SEED
VIC-02893,Lakshmamma Hegde,8,Under 18,FEMALE,42963000000035042,2026-07-15 14:36:44,2026-07-15 14:36:44,SYSTEM_SEED,SYSTEM_SEED
VIC-02894,Daniel Wali,57,56-65,MALE,42963000000035022,2026-07-15 14:36:44,2026-07-15 14:36:44,SYSTEM_SEED,SYSTEM_SEED
VIC-02895,Faris Sachdeva,29,26-35,MALE,42963000000035012,2026-07-15 14:36:44,2026-07-15 14:36:44,SYSTEM_SEED,SYSTEM_SEED
VIC-02896,Channabasappa Devadiga,56,56-65,MALE,42963000000035017,2026-07-15 14:36:44,2026-07-15 14:36:44,SYSTEM_SEED,SYSTEM_SEED
VIC-02897,Prakash Achar,5,Under 18,MALE,42963000000035014,2026-07-15 14:36:44,2026-07-15 14:36:44,SYSTEM_SEED,SYSTEM_SEED
VIC-02898,Alexander Chowdhury,21,18-25,MALE,42963000000035023,2026-07-15 14:36:44,2026-07-15 14:36:44,SYSTEM_SEED,SYSTEM_SEED
VIC-02899,Tanay Pradhan,70,66-80,MALE,42963000000035029,2026-07-15 14:36:44,2026-07-15 14:36:44,SYSTEM_SEED,SYSTEM_SEED
VIC-02900,Akkamahadevi Reddy,20,18-25,FEMALE,42963000000035040,2026-07-15 14:36:44,2026-07-15 14:36:44,SYSTEM_SEED,SYSTEM_SEED
VIC-02901,Yashodamma Reddy,9,Under 18,FEMALE,42963000000035017,2026-07-15 14:36:44,2026-07-15 14:36:44,SYSTEM_SEED,SYSTEM_SEED
VIC-02902,Arunima Kashyap,51,46-55,FEMALE,42963000000035014,2026-07-15 14:36:44,2026-07-15 14:36:44,SYSTEM_SEED,SYSTEM_SEED
VIC-02903,Manbir Mitter,34,26-35,MALE,42963000000035018,2026-07-15 14:36:44,2026-07-15 14:36:44,SYSTEM_SEED,SYSTEM_SEED
VIC-02904,Dominic Bassi,60,56-65,MALE,42963000000035014,2026-07-15 14:36:44,2026-07-15 14:36:44,SYSTEM_SEED,SYSTEM_SEED
VIC-02905,Pushpalatha Urs,4,Under 18,FEMALE,42963000000035041,2026-07-15 14:36:44,2026-07-15 14:36:44,SYSTEM_SEED,SYSTEM_SEED
VIC-02906,Wyatt Mahal,31,26-35,MALE,42963000000035039,2026-07-15 14:36:44,2026-07-15 14:36:44,SYSTEM_SEED,SYSTEM_SEED
VIC-02907,Jayamma Devadiga,41,36-45,FEMALE,42963000000035029,2026-07-15 14:36:44,2026-07-15 14:36:44,SYSTEM_SEED,SYSTEM_SEED
VIC-02908,Siddharth Rattan,51,46-55,MALE,42963000000035028,2026-07-15 14:36:44,2026-07-15 14:36:44,SYSTEM_SEED,SYSTEM_SEED
VIC-02909,Gayathri Mitra,35,26-35,FEMALE,42963000000035034,2026-07-15 14:36:44,2026-07-15 14:36:44,SYSTEM_SEED,SYSTEM_SEED
VIC-02910,Ranbir Dhar,77,66-80,MALE,42963000000035024,2026-07-15 14:36:44,2026-07-15 14:36:44,SYSTEM_SEED,SYSTEM_SEED
VIC-02911,Pushpalatha Devadiga,32,26-35,FEMALE,42963000000035039,2026-07-15 14:36:44,2026-07-15 14:36:44,SYSTEM_SEED,SYSTEM_SEED
VIC-02912,Parvatamma Reddy,44,36-45,FEMALE,42963000000035012,2026-07-15 14:36:44,2026-07-15 14:36:44,SYSTEM_SEED,SYSTEM_SEED
VIC-02913,Devika Naik,33,26-35,FEMALE,42963000000035033,2026-07-15 14:36:44,2026-07-15 14:36:44,SYSTEM_SEED,SYSTEM_SEED
VIC-02914,Urmi Sridhar,33,26-35,FEMALE,42963000000035031,2026-07-15 14:36:44,2026-07-15 14:36:44,SYSTEM_SEED,SYSTEM_SEED
VIC-02915,Nisha Sandal,62,56-65,FEMALE,42963000000035022,2026-07-15 14:36:44,2026-07-15 14:36:44,SYSTEM_SEED,SYSTEM_SEED
VIC-02916,Gangamma Shetty,66,66-80,FEMALE,42963000000035016,2026-07-15 14:36:44,2026-07-15 14:36:44,SYSTEM_SEED,SYSTEM_SEED
VIC-02917,Raghavendra Bhat,71,66-80,MALE,42963000000035027,2026-07-15 14:36:44,2026-07-15 14:36:44,SYSTEM_SEED,SYSTEM_SEED
VIC-02918,Hiral Golla,2,Under 18,FEMALE,42963000000035040,2026-07-15 14:36:44,2026-07-15 14:36:44,SYSTEM_SEED,SYSTEM_SEED
VIC-02919,Kaveri Reddy,42,36-45,FEMALE,42963000000035022,2026-07-15 14:36:44,2026-07-15 14:36:44,SYSTEM_SEED,SYSTEM_SEED
VIC-02920,Aarna Narula,62,56-65,FEMALE,42963000000035033,2026-07-15 14:36:44,2026-07-15 14:36:44,SYSTEM_SEED,SYSTEM_SEED
VIC-02921,Parvatamma Hegde,41,36-45,FEMALE,42963000000035038,2026-07-15 14:36:44,2026-07-15 14:36:44,SYSTEM_SEED,SYSTEM_SEED
VIC-02922,Janaki Menon,38,36-45,FEMALE,42963000000035039,2026-07-15 14:36:44,2026-07-15 14:36:44,SYSTEM_SEED,SYSTEM_SEED
VIC-02923,Amruta Kuruvilla,79,66-80,FEMALE,42963000000035041,2026-07-15 14:36:44,2026-07-15 14:36:44,SYSTEM_SEED,SYSTEM_SEED
VIC-02924,Mitesh Srinivasan,51,46-55,MALE,42963000000035024,2026-07-15 14:36:44,2026-07-15 14:36:44,SYSTEM_SEED,SYSTEM_SEED
VIC-02925,Harish Poojary,7,Under 18,MALE,42963000000035032,2026-07-15 14:36:44,2026-07-15 14:36:44,SYSTEM_SEED,SYSTEM_SEED
VIC-02926,Nidra Mani,56,56-65,FEMALE,42963000000035031,2026-07-15 14:36:44,2026-07-15 14:36:44,SYSTEM_SEED,SYSTEM_SEED
VIC-02927,Ria Kapoor,22,18-25,FEMALE,42963000000035023,2026-07-15 14:36:44,2026-07-15 14:36:44,SYSTEM_SEED,SYSTEM_SEED
VIC-02928,Shivakumar Urs,56,56-65,MALE,42963000000035013,2026-07-15 14:36:44,2026-07-15 14:36:44,SYSTEM_SEED,SYSTEM_SEED
VIC-02929,Basavaraj Devadiga,72,66-80,MALE,42963000000035031,2026-07-15 14:36:44,2026-07-15 14:36:44,SYSTEM_SEED,SYSTEM_SEED
VIC-02930,Nihal Garde,48,46-55,MALE,42963000000035031,2026-07-15 14:36:44,2026-07-15 14:36:44,SYSTEM_SEED,SYSTEM_SEED
VIC-02931,Jack Warrior,1,Under 18,MALE,42963000000035013,2026-07-15 14:36:44,2026-07-15 14:36:44,SYSTEM_SEED,SYSTEM_SEED
VIC-02932,Mahadevi Achar,28,26-35,FEMALE,42963000000035023,2026-07-15 14:36:44,2026-07-15 14:36:44,SYSTEM_SEED,SYSTEM_SEED
VIC-02933,Naksh Ahuja,59,56-65,MALE,42963000000035022,2026-07-15 14:36:44,2026-07-15 14:36:44,SYSTEM_SEED,SYSTEM_SEED
VIC-02934,Chaitaly Devan,40,36-45,FEMALE,42963000000035018,2026-07-15 14:36:44,2026-07-15 14:36:44,SYSTEM_SEED,SYSTEM_SEED
VIC-02935,Osha Pall,41,36-45,FEMALE,42963000000035013,2026-07-15 14:36:44,2026-07-15 14:36:44,SYSTEM_SEED,SYSTEM_SEED
VIC-02936,Gangamma Urs,10,Under 18,FEMALE,42963000000035032,2026-07-15 14:36:44,2026-07-15 14:36:44,SYSTEM_SEED,SYSTEM_SEED
VIC-02937,Charan Ganesan,68,66-80,MALE,42963000000035038,2026-07-15 14:36:44,2026-07-15 14:36:44,SYSTEM_SEED,SYSTEM_SEED
VIC-02938,Aarav Krish,60,56-65,MALE,42963000000035026,2026-07-15 14:36:44,2026-07-15 14:36:44,SYSTEM_SEED,SYSTEM_SEED
VIC-02939,Shanthakumari Devadiga,47,46-55,FEMALE,42963000000035022,2026-07-15 14:36:44,2026-07-15 14:36:44,SYSTEM_SEED,SYSTEM_SEED
VIC-02940,Eesha Goyal,61,56-65,FEMALE,42963000000035034,2026-07-15 14:36:44,2026-07-15 14:36:44,SYSTEM_SEED,SYSTEM_SEED
VIC-02941,Bahadurjit Sodhi,16,Under 18,MALE,42963000000035032,2026-07-15 14:36:44,2026-07-15 14:36:44,SYSTEM_SEED,SYSTEM_SEED
VIC-02942,Harish Shetty,22,18-25,MALE,42963000000035026,2026-07-15 14:36:44,2026-07-15 14:36:44,SYSTEM_SEED,SYSTEM_SEED
VIC-02943,Kariyappa Devadiga,26,26-35,MALE,42963000000035012,2026-07-15 14:36:44,2026-07-15 14:36:44,SYSTEM_SEED,SYSTEM_SEED
VIC-02944,Eshana Sheth,22,18-25,FEMALE,42963000000035033,2026-07-15 14:36:44,2026-07-15 14:36:44,SYSTEM_SEED,SYSTEM_SEED
VIC-02945,Gaurangi Sandal,25,18-25,FEMALE,42963000000035023,2026-07-15 14:36:44,2026-07-15 14:36:44,SYSTEM_SEED,SYSTEM_SEED
VIC-02946,Jatin Pal,35,26-35,MALE,42963000000035034,2026-07-15 14:36:44,2026-07-15 14:36:44,SYSTEM_SEED,SYSTEM_SEED
VIC-02947,Yallappa Setty,73,66-80,MALE,42963000000035015,2026-07-15 14:36:44,2026-07-15 14:36:44,SYSTEM_SEED,SYSTEM_SEED
VIC-02948,Oeshi Nair,34,26-35,FEMALE,42963000000035035,2026-07-15 14:36:44,2026-07-15 14:36:44,SYSTEM_SEED,SYSTEM_SEED
VIC-02949,Kariyappa Rai,50,46-55,MALE,42963000000035028,2026-07-15 14:36:44,2026-07-15 14:36:44,SYSTEM_SEED,SYSTEM_SEED
VIC-02950,Gautam Mody,51,46-55,MALE,42963000000035034,2026-07-15 14:36:44,2026-07-15 14:36:44,SYSTEM_SEED,SYSTEM_SEED
VIC-02951,Oscar Dey,53,46-55,MALE,42963000000035015,2026-07-15 14:36:44,2026-07-15 14:36:44,SYSTEM_SEED,SYSTEM_SEED
VIC-02952,Daksha Ravi,69,66-80,FEMALE,42963000000035013,2026-07-15 14:36:44,2026-07-15 14:36:44,SYSTEM_SEED,SYSTEM_SEED
VIC-02953,Yashasvi Narang,4,Under 18,FEMALE,42963000000035034,2026-07-15 14:36:44,2026-07-15 14:36:44,SYSTEM_SEED,SYSTEM_SEED
VIC-02954,Raksha Chad,21,18-25,FEMALE,42963000000035033,2026-07-15 14:36:44,2026-07-15 14:36:44,SYSTEM_SEED,SYSTEM_SEED
VIC-02955,Bhavna Bhakta,58,56-65,FEMALE,42963000000035014,2026-07-15 14:36:44,2026-07-15 14:36:44,SYSTEM_SEED,SYSTEM_SEED
VIC-02956,Ravindranath Devadiga,79,66-80,MALE,42963000000035022,2026-07-15 14:36:44,2026-07-15 14:36:44,SYSTEM_SEED,SYSTEM_SEED
VIC-02957,Ati Wadhwa,48,46-55,FEMALE,42963000000035033,2026-07-15 14:36:44,2026-07-15 14:36:44,SYSTEM_SEED,SYSTEM_SEED
VIC-02958,Radhika Morar,19,18-25,FEMALE,42963000000035042,2026-07-15 14:36:44,2026-07-15 14:36:44,SYSTEM_SEED,SYSTEM_SEED
VIC-02959,Leela Sem,44,36-45,FEMALE,42963000000035026,2026-07-15 14:36:44,2026-07-15 14:36:44,SYSTEM_SEED,SYSTEM_SEED
VIC-02960,Raghavendra Poojary,24,18-25,MALE,42963000000035022,2026-07-15 14:36:44,2026-07-15 14:36:44,SYSTEM_SEED,SYSTEM_SEED
VIC-02961,Mitesh Luthra,48,46-55,MALE,42963000000035025,2026-07-15 14:36:44,2026-07-15 14:36:44,SYSTEM_SEED,SYSTEM_SEED
VIC-02962,Nagaraj Rai,7,Under 18,MALE,42963000000035029,2026-07-15 14:36:44,2026-07-15 14:36:44,SYSTEM_SEED,SYSTEM_SEED
VIC-02963,Nagaraj Gowda,5,Under 18,MALE,42963000000035035,2026-07-15 14:36:44,2026-07-15 14:36:44,SYSTEM_SEED,SYSTEM_SEED
VIC-02964,Jyoti Pau,78,66-80,FEMALE,42963000000035024,2026-07-15 14:36:44,2026-07-15 14:36:44,SYSTEM_SEED,SYSTEM_SEED
VIC-02965,Pranav Dhaliwal,71,66-80,MALE,42963000000035024,2026-07-15 14:36:44,2026-07-15 14:36:44,SYSTEM_SEED,SYSTEM_SEED
VIC-02966,Urvashi Wadhwa,68,66-80,FEMALE,42963000000035039,2026-07-15 14:36:44,2026-07-15 14:36:44,SYSTEM_SEED,SYSTEM_SEED
VIC-02967,Daksh Shenoy,7,Under 18,MALE,42963000000035042,2026-07-15 14:36:44,2026-07-15 14:36:44,SYSTEM_SEED,SYSTEM_SEED
VIC-02968,Rachana Mital,41,36-45,FEMALE,42963000000035026,2026-07-15 14:36:44,2026-07-15 14:36:44,SYSTEM_SEED,SYSTEM_SEED
VIC-02969,Harish Lad,30,26-35,MALE,42963000000035036,2026-07-15 14:36:44,2026-07-15 14:36:44,SYSTEM_SEED,SYSTEM_SEED
VIC-02970,Puttaswamy Kulkarni,0,Under 18,MALE,42963000000035019,2026-07-15 14:36:44,2026-07-15 14:36:44,SYSTEM_SEED,SYSTEM_SEED
VIC-02971,Ishani Bansal,53,46-55,FEMALE,42963000000035012,2026-07-15 14:36:44,2026-07-15 14:36:44,SYSTEM_SEED,SYSTEM_SEED
VIC-02972,Jack Suresh,49,46-55,MALE,42963000000035019,2026-07-15 14:36:44,2026-07-15 14:36:44,SYSTEM_SEED,SYSTEM_SEED
VIC-02973,Girijamma Gowda,79,66-80,FEMALE,42963000000035034,2026-07-15 14:36:44,2026-07-15 14:36:44,SYSTEM_SEED,SYSTEM_SEED
VIC-02974,Sureshgowda Gowda,40,36-45,MALE,42963000000035033,2026-07-15 14:36:44,2026-07-15 14:36:44,SYSTEM_SEED,SYSTEM_SEED
VIC-02975,Siddalingaiah Reddy,16,Under 18,MALE,42963000000035024,2026-07-15 14:36:44,2026-07-15 14:36:44,SYSTEM_SEED,SYSTEM_SEED
VIC-02976,Chandrashekar Rai,33,26-35,MALE,42963000000035022,2026-07-15 14:36:44,2026-07-15 14:36:44,SYSTEM_SEED,SYSTEM_SEED
VIC-02977,Indrajit Hayer,80,66-80,MALE,42963000000035034,2026-07-15 14:36:44,2026-07-15 14:36:44,SYSTEM_SEED,SYSTEM_SEED
VIC-02978,Zilmil Kalla,69,66-80,FEMALE,42963000000035040,2026-07-15 14:36:44,2026-07-15 14:36:44,SYSTEM_SEED,SYSTEM_SEED
VIC-02979,Benjamin Biswas,42,36-45,MALE,42963000000035020,2026-07-15 14:36:44,2026-07-15 14:36:44,SYSTEM_SEED,SYSTEM_SEED
VIC-02980,Parvatamma Gowda,65,56-65,FEMALE,42963000000035033,2026-07-15 14:36:44,2026-07-15 14:36:44,SYSTEM_SEED,SYSTEM_SEED
VIC-02981,Jagdish Verma,48,46-55,MALE,42963000000035016,2026-07-15 14:36:44,2026-07-15 14:36:44,SYSTEM_SEED,SYSTEM_SEED
VIC-02982,Kaveri Gowda,0,Under 18,FEMALE,42963000000035024,2026-07-15 14:36:44,2026-07-15 14:36:44,SYSTEM_SEED,SYSTEM_SEED
VIC-02983,Rathnamma Gowda,47,46-55,FEMALE,42963000000035032,2026-07-15 14:36:44,2026-07-15 14:36:44,SYSTEM_SEED,SYSTEM_SEED
VIC-02984,Gopalakrishna Hegde,14,Under 18,MALE,42963000000035017,2026-07-15 14:36:44,2026-07-15 14:36:44,SYSTEM_SEED,SYSTEM_SEED
VIC-02985,Unni Barad,56,56-65,FEMALE,42963000000035026,2026-07-15 14:36:44,2026-07-15 14:36:44,SYSTEM_SEED,SYSTEM_SEED
VIC-02986,Girijamma Urs,44,36-45,FEMALE,42963000000035012,2026-07-15 14:36:44,2026-07-15 14:36:44,SYSTEM_SEED,SYSTEM_SEED
VIC-02987,Akkamahadevi Rai,15,Under 18,FEMALE,42963000000035038,2026-07-15 14:36:44,2026-07-15 14:36:44,SYSTEM_SEED,SYSTEM_SEED
VIC-02988,Basavaraj Devadiga,11,Under 18,MALE,42963000000035035,2026-07-15 14:36:44,2026-07-15 14:36:44,SYSTEM_SEED,SYSTEM_SEED
VIC-02989,Zehaan Warrior,33,26-35,MALE,42963000000035030,2026-07-15 14:36:44,2026-07-15 14:36:44,SYSTEM_SEED,SYSTEM_SEED
VIC-02990,Bhavna Pandit,47,46-55,FEMALE,42963000000035014,2026-07-15 14:36:44,2026-07-15 14:36:44,SYSTEM_SEED,SYSTEM_SEED
VIC-02991,Wriddhish Soman,27,26-35,MALE,42963000000035017,2026-07-15 14:36:44,2026-07-15 14:36:44,SYSTEM_SEED,SYSTEM_SEED
VIC-02992,Aarna Mangal,79,66-80,FEMALE,42963000000035016,2026-07-15 14:36:44,2026-07-15 14:36:44,SYSTEM_SEED,SYSTEM_SEED
VIC-02993,George Mutti,74,66-80,MALE,42963000000035019,2026-07-15 14:36:44,2026-07-15 14:36:44,SYSTEM_SEED,SYSTEM_SEED
VIC-02994,Naksh Golla,78,66-80,MALE,42963000000035017,2026-07-15 14:36:44,2026-07-15 14:36:44,SYSTEM_SEED,SYSTEM_SEED
VIC-02995,Chandrashekar Rai,22,18-25,MALE,42963000000035036,2026-07-15 14:36:44,2026-07-15 14:36:44,SYSTEM_SEED,SYSTEM_SEED
VIC-02996,Tristan Mohan,52,46-55,MALE,42963000000035017,2026-07-15 14:36:44,2026-07-15 14:36:44,SYSTEM_SEED,SYSTEM_SEED
VIC-02997,Lokesh Achar,19,18-25,MALE,42963000000035020,2026-07-15 14:36:44,2026-07-15 14:36:44,SYSTEM_SEED,SYSTEM_SEED
VIC-02998,Nihal Kala,38,36-45,MALE,42963000000035029,2026-07-15 14:36:44,2026-07-15 14:36:44,SYSTEM_SEED,SYSTEM_SEED
VIC-02999,Isaiah Subramanian,68,66-80,MALE,42963000000035042,2026-07-15 14:36:44,2026-07-15 14:36:44,SYSTEM_SEED,SYSTEM_SEED
VIC-03000,Daksha Vala,55,46-55,FEMALE,42963000000035022,2026-07-15 14:36:44,2026-07-15 14:36:44,SYSTEM_SEED,SYSTEM_SEED
VIC-03001,Lakshmamma Hegde,55,46-55,FEMALE,42963000000035020,2026-07-15 14:36:44,2026-07-15 14:36:44,SYSTEM_SEED,SYSTEM_SEED
VIC-03002,Rachana Sandal,39,36-45,FEMALE,42963000000035038,2026-07-15 14:36:44,2026-07-15 14:36:44,SYSTEM_SEED,SYSTEM_SEED
VIC-03003,Shanthakumari Bhat,76,66-80,FEMALE,42963000000035041,2026-07-15 14:36:44,2026-07-15 14:36:44,SYSTEM_SEED,SYSTEM_SEED
VIC-03004,Ijaya Master,15,Under 18,FEMALE,42963000000035022,2026-07-15 14:36:44,2026-07-15 14:36:44,SYSTEM_SEED,SYSTEM_SEED
VIC-03005,Rayaan Taneja,37,36-45,MALE,42963000000035022,2026-07-15 14:36:44,2026-07-15 14:36:44,SYSTEM_SEED,SYSTEM_SEED
VIC-03006,Wakeeta Savant,13,Under 18,FEMALE,42963000000035026,2026-07-15 14:36:44,2026-07-15 14:36:44,SYSTEM_SEED,SYSTEM_SEED
VIC-03007,Basavaraj Shetty,29,26-35,MALE,42963000000035018,2026-07-15 14:36:44,2026-07-15 14:36:44,SYSTEM_SEED,SYSTEM_SEED
VIC-03008,Manjunath Urs,19,18-25,MALE,42963000000035035,2026-07-15 14:36:44,2026-07-15 14:36:44,SYSTEM_SEED,SYSTEM_SEED
VIC-03009,Yallappa Reddy,66,66-80,MALE,42963000000035025,2026-07-15 14:36:44,2026-07-15 14:36:44,SYSTEM_SEED,SYSTEM_SEED
VIC-03010,Jayamma Devadiga,0,Under 18,FEMALE,42963000000035033,2026-07-15 14:36:44,2026-07-15 14:36:44,SYSTEM_SEED,SYSTEM_SEED
VIC-03011,Finn Rao,2,Under 18,MALE,42963000000035018,2026-07-15 14:36:44,2026-07-15 14:36:44,SYSTEM_SEED,SYSTEM_SEED
VIC-03012,Nilima Kapur,31,26-35,FEMALE,42963000000035033,2026-07-15 14:36:44,2026-07-15 14:36:44,SYSTEM_SEED,SYSTEM_SEED
VIC-03013,Sunandamma Nayak,54,46-55,FEMALE,42963000000035025,2026-07-15 14:36:44,2026-07-15 14:36:44,SYSTEM_SEED,SYSTEM_SEED
VIC-03014,Rudra Deshpande,19,18-25,MALE,42963000000035022,2026-07-15 14:36:44,2026-07-15 14:36:44,SYSTEM_SEED,SYSTEM_SEED
VIC-03015,Riya Sani,61,56-65,FEMALE,42963000000035033,2026-07-15 14:36:44,2026-07-15 14:36:44,SYSTEM_SEED,SYSTEM_SEED
VIC-03016,Sureshgowda Poojary,25,18-25,MALE,42963000000035023,2026-07-15 14:36:44,2026-07-15 14:36:44,SYSTEM_SEED,SYSTEM_SEED
VIC-03017,Chandrashekar Achar,67,66-80,MALE,42963000000035014,2026-07-15 14:36:44,2026-07-15 14:36:44,SYSTEM_SEED,SYSTEM_SEED
VIC-03018,Sureshgowda Gowda,58,56-65,MALE,42963000000035013,2026-07-15 14:36:44,2026-07-15 14:36:44,SYSTEM_SEED,SYSTEM_SEED
VIC-03019,Savitramma Naik,80,66-80,FEMALE,42963000000035032,2026-07-15 14:36:44,2026-07-15 14:36:44,SYSTEM_SEED,SYSTEM_SEED
VIC-03020,Panini Ben,13,Under 18,FEMALE,42963000000035012,2026-07-15 14:36:44,2026-07-15 14:36:44,SYSTEM_SEED,SYSTEM_SEED
VIC-03021,Andrew Choudhury,51,46-55,MALE,42963000000035024,2026-07-15 14:36:44,2026-07-15 14:36:44,SYSTEM_SEED,SYSTEM_SEED
VIC-03022,Savitramma Setty,8,Under 18,FEMALE,42963000000035038,2026-07-15 14:36:44,2026-07-15 14:36:44,SYSTEM_SEED,SYSTEM_SEED
VIC-03023,Onkar Srinivasan,51,46-55,MALE,42963000000035037,2026-07-15 14:36:44,2026-07-15 14:36:44,SYSTEM_SEED,SYSTEM_SEED
VIC-03024,Kariyappa Rai,20,18-25,MALE,42963000000035024,2026-07-15 14:36:44,2026-07-15 14:36:44,SYSTEM_SEED,SYSTEM_SEED
VIC-03025,Thimmakka Gowda,21,18-25,FEMALE,42963000000035026,2026-07-15 14:36:44,2026-07-15 14:36:44,SYSTEM_SEED,SYSTEM_SEED
VIC-03026,Abhiram Wali,54,46-55,MALE,42963000000035026,2026-07-15 14:36:44,2026-07-15 14:36:44,SYSTEM_SEED,SYSTEM_SEED
VIC-03027,Girijamma Achar,76,66-80,FEMALE,42963000000035016,2026-07-15 14:36:44,2026-07-15 14:36:44,SYSTEM_SEED,SYSTEM_SEED
VIC-03028,Gangamma Gowda,58,56-65,FEMALE,42963000000035042,2026-07-15 14:36:44,2026-07-15 14:36:44,SYSTEM_SEED,SYSTEM_SEED
VIC-03029,Basavaraj Achar,71,66-80,MALE,42963000000035014,2026-07-15 14:36:44,2026-07-15 14:36:44,SYSTEM_SEED,SYSTEM_SEED
VIC-03030,Panini Gade,69,66-80,FEMALE,42963000000035039,2026-07-15 14:36:44,2026-07-15 14:36:44,SYSTEM_SEED,SYSTEM_SEED
VIC-03031,Chaman Zachariah,33,26-35,FEMALE,42963000000035018,2026-07-15 14:36:44,2026-07-15 14:36:44,SYSTEM_SEED,SYSTEM_SEED
VIC-03032,Yutika Mannan,5,Under 18,FEMALE,42963000000035040,2026-07-15 14:36:44,2026-07-15 14:36:44,SYSTEM_SEED,SYSTEM_SEED
VIC-03033,Harinakshi Menon,68,66-80,FEMALE,42963000000035018,2026-07-15 14:36:44,2026-07-15 14:36:44,SYSTEM_SEED,SYSTEM_SEED
VIC-03034,Manya Varkey,40,36-45,FEMALE,42963000000035026,2026-07-15 14:36:44,2026-07-15 14:36:44,SYSTEM_SEED,SYSTEM_SEED
VIC-03035,Gopalakrishna Nayak,17,Under 18,MALE,42963000000035022,2026-07-15 14:36:44,2026-07-15 14:36:44,SYSTEM_SEED,SYSTEM_SEED
VIC-03036,Vasudha Prabhakar,64,56-65,FEMALE,42963000000035032,2026-07-15 14:36:44,2026-07-15 14:36:44,SYSTEM_SEED,SYSTEM_SEED
VIC-03037,Harinakshi Prabhakar,53,46-55,FEMALE,42963000000035020,2026-07-15 14:36:44,2026-07-15 14:36:44,SYSTEM_SEED,SYSTEM_SEED
VIC-03038,Omya Pall,77,66-80,FEMALE,42963000000035038,2026-07-15 14:36:44,2026-07-15 14:36:44,SYSTEM_SEED,SYSTEM_SEED
VIC-03039,Christopher Behl,38,36-45,MALE,42963000000035018,2026-07-15 14:36:44,2026-07-15 14:36:44,SYSTEM_SEED,SYSTEM_SEED
VIC-03040,Ekbal Bora,71,66-80,MALE,42963000000035012,2026-07-15 14:36:44,2026-07-15 14:36:44,SYSTEM_SEED,SYSTEM_SEED
VIC-03041,Vedhika Yohannan,22,18-25,FEMALE,42963000000035039,2026-07-15 14:36:44,2026-07-15 14:36:44,SYSTEM_SEED,SYSTEM_SEED
VIC-03042,Ekapad Mistry,30,26-35,MALE,42963000000035024,2026-07-15 14:36:44,2026-07-15 14:36:44,SYSTEM_SEED,SYSTEM_SEED
VIC-03043,Gopalakrishna Rai,67,66-80,MALE,42963000000035025,2026-07-15 14:36:44,2026-07-15 14:36:44,SYSTEM_SEED,SYSTEM_SEED
VIC-03044,Siddalingaiah Poojary,40,36-45,MALE,42963000000035024,2026-07-15 14:36:44,2026-07-15 14:36:44,SYSTEM_SEED,SYSTEM_SEED
VIC-03045,Upkaar Bumb,9,Under 18,MALE,42963000000035019,2026-07-15 14:36:44,2026-07-15 14:36:44,SYSTEM_SEED,SYSTEM_SEED
VIC-03046,Jayamma Shetty,15,Under 18,FEMALE,42963000000035036,2026-07-15 14:36:44,2026-07-15 14:36:44,SYSTEM_SEED,SYSTEM_SEED
VIC-03047,Advika Narasimhan,61,56-65,FEMALE,42963000000035028,2026-07-15 14:36:44,2026-07-15 14:36:44,SYSTEM_SEED,SYSTEM_SEED
VIC-03048,Karan Narasimhan,32,26-35,MALE,42963000000035018,2026-07-15 14:36:44,2026-07-15 14:36:44,SYSTEM_SEED,SYSTEM_SEED
VIC-03049,Kiaan Jhaveri,69,66-80,MALE,42963000000035016,2026-07-15 14:36:44,2026-07-15 14:36:44,SYSTEM_SEED,SYSTEM_SEED
VIC-03050,Yadavi Dutta,4,Under 18,FEMALE,42963000000035022,2026-07-15 14:36:44,2026-07-15 14:36:44,SYSTEM_SEED,SYSTEM_SEED
VIC-03051,Yutika Cheema,17,Under 18,FEMALE,42963000000035013,2026-07-15 14:36:44,2026-07-15 14:36:44,SYSTEM_SEED,SYSTEM_SEED
VIC-03052,Akkamahadevi Setty,56,56-65,FEMALE,42963000000035025,2026-07-15 14:36:44,2026-07-15 14:36:44,SYSTEM_SEED,SYSTEM_SEED
VIC-03053,Savitramma Naik,14,Under 18,FEMALE,42963000000035021,2026-07-15 14:36:44,2026-07-15 14:36:44,SYSTEM_SEED,SYSTEM_SEED
VIC-03054,Hemani Kalla,14,Under 18,FEMALE,42963000000035028,2026-07-15 14:36:44,2026-07-15 14:36:44,SYSTEM_SEED,SYSTEM_SEED
VIC-03055,Jagrati Wable,40,36-45,FEMALE,42963000000035036,2026-07-15 14:36:44,2026-07-15 14:36:44,SYSTEM_SEED,SYSTEM_SEED
VIC-03056,Pushpalatha Bhat,40,36-45,FEMALE,42963000000035039,2026-07-15 14:36:44,2026-07-15 14:36:44,SYSTEM_SEED,SYSTEM_SEED
VIC-03057,Teerth Yadav,54,46-55,MALE,42963000000035022,2026-07-15 14:36:44,2026-07-15 14:36:44,SYSTEM_SEED,SYSTEM_SEED
VIC-03058,Shanthakumari Devadiga,73,66-80,FEMALE,42963000000035029,2026-07-15 14:36:44,2026-07-15 14:36:44,SYSTEM_SEED,SYSTEM_SEED
VIC-03059,Chaitaly Korpal,78,66-80,FEMALE,42963000000035019,2026-07-15 14:36:44,2026-07-15 14:36:44,SYSTEM_SEED,SYSTEM_SEED
VIC-03060,Thimmakka Naik,12,Under 18,FEMALE,42963000000035021,2026-07-15 14:36:44,2026-07-15 14:36:44,SYSTEM_SEED,SYSTEM_SEED
VIC-03061,Balveer Maharaj,56,56-65,MALE,42963000000035033,2026-07-15 14:36:44,2026-07-15 14:36:44,SYSTEM_SEED,SYSTEM_SEED
VIC-03062,Abdul Bajaj,68,66-80,MALE,42963000000035025,2026-07-15 14:36:44,2026-07-15 14:36:44,SYSTEM_SEED,SYSTEM_SEED
VIC-03063,Rathnamma Nayak,25,18-25,FEMALE,42963000000035036,2026-07-15 14:36:44,2026-07-15 14:36:44,SYSTEM_SEED,SYSTEM_SEED
VIC-03064,Shanthakumari Reddy,32,26-35,FEMALE,42963000000035023,2026-07-15 14:36:44,2026-07-15 14:36:44,SYSTEM_SEED,SYSTEM_SEED
VIC-03065,Damini Saxena,11,Under 18,FEMALE,42963000000035014,2026-07-15 14:36:44,2026-07-15 14:36:44,SYSTEM_SEED,SYSTEM_SEED
VIC-03066,Arjun Prabhakar,63,56-65,MALE,42963000000035019,2026-07-15 14:36:44,2026-07-15 14:36:44,SYSTEM_SEED,SYSTEM_SEED
VIC-03067,Ethan Sandal,39,36-45,MALE,42963000000035017,2026-07-15 14:36:44,2026-07-15 14:36:44,SYSTEM_SEED,SYSTEM_SEED
VIC-03068,Hemang Kant,74,66-80,MALE,42963000000035016,2026-07-15 14:36:44,2026-07-15 14:36:44,SYSTEM_SEED,SYSTEM_SEED
VIC-03069,Chandrakala Naik,80,66-80,FEMALE,42963000000035022,2026-07-15 14:36:44,2026-07-15 14:36:44,SYSTEM_SEED,SYSTEM_SEED
VIC-03070,Chanchal Munshi,54,46-55,FEMALE,42963000000035023,2026-07-15 14:36:44,2026-07-15 14:36:44,SYSTEM_SEED,SYSTEM_SEED
VIC-03071,Girijamma Setty,4,Under 18,FEMALE,42963000000035028,2026-07-15 14:36:44,2026-07-15 14:36:44,SYSTEM_SEED,SYSTEM_SEED
VIC-03072,Channabasappa Hegde,4,Under 18,MALE,42963000000035027,2026-07-15 14:36:44,2026-07-15 14:36:44,SYSTEM_SEED,SYSTEM_SEED
VIC-03073,Parvatamma Urs,55,46-55,FEMALE,42963000000035022,2026-07-15 14:36:44,2026-07-15 14:36:44,SYSTEM_SEED,SYSTEM_SEED
VIC-03074,Vincent Arora,31,26-35,MALE,42963000000035013,2026-07-15 14:36:44,2026-07-15 14:36:44,SYSTEM_SEED,SYSTEM_SEED
VIC-03075,Sunandamma Urs,66,66-80,FEMALE,42963000000035037,2026-07-15 14:36:44,2026-07-15 14:36:44,SYSTEM_SEED,SYSTEM_SEED
VIC-03076,Gunbir Date,38,36-45,MALE,42963000000035037,2026-07-15 14:36:44,2026-07-15 14:36:44,SYSTEM_SEED,SYSTEM_SEED
VIC-03077,Jayamma Rai,0,Under 18,FEMALE,42963000000035039,2026-07-15 14:36:44,2026-07-15 14:36:44,SYSTEM_SEED,SYSTEM_SEED
VIC-03078,Aishani Dara,70,66-80,FEMALE,42963000000035027,2026-07-15 14:36:44,2026-07-15 14:36:44,SYSTEM_SEED,SYSTEM_SEED
VIC-03079,Shivakumar Reddy,25,18-25,MALE,42963000000035014,2026-07-15 14:36:44,2026-07-15 14:36:44,SYSTEM_SEED,SYSTEM_SEED
VIC-03080,Kavya Buch,47,46-55,FEMALE,42963000000035035,2026-07-15 14:36:44,2026-07-15 14:36:44,SYSTEM_SEED,SYSTEM_SEED
VIC-03081,Vasanthamma Nayak,13,Under 18,FEMALE,42963000000035013,2026-07-15 14:36:44,2026-07-15 14:36:44,SYSTEM_SEED,SYSTEM_SEED
VIC-03082,Jeet Walia,51,46-55,MALE,42963000000035033,2026-07-15 14:36:44,2026-07-15 14:36:44,SYSTEM_SEED,SYSTEM_SEED
VIC-03083,Jayamma Rai,63,56-65,FEMALE,42963000000035015,2026-07-15 14:36:44,2026-07-15 14:36:44,SYSTEM_SEED,SYSTEM_SEED
VIC-03084,Jayamma Devadiga,4,Under 18,FEMALE,42963000000035040,2026-07-15 14:36:44,2026-07-15 14:36:44,SYSTEM_SEED,SYSTEM_SEED
VIC-03085,Yashodamma Nayak,53,46-55,FEMALE,42963000000035039,2026-07-15 14:36:44,2026-07-15 14:36:44,SYSTEM_SEED,SYSTEM_SEED
VIC-03086,Shanthakumari Nayak,39,36-45,FEMALE,42963000000035033,2026-07-15 14:36:44,2026-07-15 14:36:44,SYSTEM_SEED,SYSTEM_SEED
VIC-03087,Vritti Mohanty,45,36-45,FEMALE,42963000000035014,2026-07-15 14:36:44,2026-07-15 14:36:44,SYSTEM_SEED,SYSTEM_SEED
VIC-03088,Nisha Palla,36,36-45,FEMALE,42963000000035024,2026-07-15 14:36:44,2026-07-15 14:36:44,SYSTEM_SEED,SYSTEM_SEED
VIC-03089,Thimmakka Rai,33,26-35,FEMALE,42963000000035014,2026-07-15 14:36:44,2026-07-15 14:36:44,SYSTEM_SEED,SYSTEM_SEED
VIC-03090,Jairaj Sandhu,73,66-80,MALE,42963000000035038,2026-07-15 14:36:44,2026-07-15 14:36:44,SYSTEM_SEED,SYSTEM_SEED
VIC-03091,Girijamma Nayak,70,66-80,FEMALE,42963000000035026,2026-07-15 14:36:44,2026-07-15 14:36:44,SYSTEM_SEED,SYSTEM_SEED
VIC-03092,Bhanumati Wali,71,66-80,FEMALE,42963000000035024,2026-07-15 14:36:44,2026-07-15 14:36:44,SYSTEM_SEED,SYSTEM_SEED
VIC-03093,Chandresh Thakkar,23,18-25,MALE,42963000000035014,2026-07-15 14:36:44,2026-07-15 14:36:44,SYSTEM_SEED,SYSTEM_SEED
VIC-03094,Ansh Mander,41,36-45,MALE,42963000000035016,2026-07-15 14:36:44,2026-07-15 14:36:44,SYSTEM_SEED,SYSTEM_SEED
VIC-03095,Nagaraj Urs,6,Under 18,MALE,42963000000035035,2026-07-15 14:36:44,2026-07-15 14:36:44,SYSTEM_SEED,SYSTEM_SEED
VIC-03096,Azaan Deshmukh,29,26-35,MALE,42963000000035012,2026-07-15 14:36:44,2026-07-15 14:36:44,SYSTEM_SEED,SYSTEM_SEED
VIC-03097,Jagvi Shenoy,17,Under 18,FEMALE,42963000000035028,2026-07-15 14:36:44,2026-07-15 14:36:44,SYSTEM_SEED,SYSTEM_SEED
VIC-03098,Jayamma Achar,35,26-35,FEMALE,42963000000035020,2026-07-15 14:36:44,2026-07-15 14:36:44,SYSTEM_SEED,SYSTEM_SEED
VIC-03099,Suhani Boase,39,36-45,FEMALE,42963000000035022,2026-07-15 14:36:44,2026-07-15 14:36:44,SYSTEM_SEED,SYSTEM_SEED
VIC-03100,Zilmil Taneja,63,56-65,FEMALE,42963000000035032,2026-07-15 14:36:44,2026-07-15 14:36:44,SYSTEM_SEED,SYSTEM_SEED
VIC-03101,Sachi Ratti,6,Under 18,FEMALE,42963000000035020,2026-07-15 14:36:44,2026-07-15 14:36:44,SYSTEM_SEED,SYSTEM_SEED
VIC-03102,Urvi Brar,16,Under 18,FEMALE,42963000000035019,2026-07-15 14:36:44,2026-07-15 14:36:44,SYSTEM_SEED,SYSTEM_SEED
VIC-03103,Owen Upadhyay,79,66-80,MALE,42963000000035024,2026-07-15 14:36:44,2026-07-15 14:36:44,SYSTEM_SEED,SYSTEM_SEED
VIC-03104,Jason Kadakia,37,36-45,MALE,42963000000035015,2026-07-15 14:36:44,2026-07-15 14:36:44,SYSTEM_SEED,SYSTEM_SEED
VIC-03105,Channabasappa Achar,80,66-80,MALE,42963000000035038,2026-07-15 14:36:44,2026-07-15 14:36:44,SYSTEM_SEED,SYSTEM_SEED
VIC-03106,Kavya Bhasin,56,56-65,FEMALE,42963000000035027,2026-07-15 14:36:44,2026-07-15 14:36:44,SYSTEM_SEED,SYSTEM_SEED
VIC-03107,Nagaraj Naik,78,66-80,MALE,42963000000035025,2026-07-15 14:36:44,2026-07-15 14:36:44,SYSTEM_SEED,SYSTEM_SEED
VIC-03108,Ojas Nagy,15,Under 18,MALE,42963000000035016,2026-07-15 14:36:44,2026-07-15 14:36:44,SYSTEM_SEED,SYSTEM_SEED
VIC-03109,Chandani Peri,64,56-65,FEMALE,42963000000035022,2026-07-15 14:36:44,2026-07-15 14:36:44,SYSTEM_SEED,SYSTEM_SEED
VIC-03110,Yallappa Hegde,6,Under 18,MALE,42963000000035041,2026-07-15 14:36:44,2026-07-15 14:36:44,SYSTEM_SEED,SYSTEM_SEED
VIC-03111,Varenya Koshy,0,Under 18,FEMALE,42963000000035022,2026-07-15 14:36:44,2026-07-15 14:36:44,SYSTEM_SEED,SYSTEM_SEED
VIC-03112,Oviya Raju,73,66-80,FEMALE,42963000000035027,2026-07-15 14:36:44,2026-07-15 14:36:44,SYSTEM_SEED,SYSTEM_SEED
VIC-03113,Raghavendra Reddy,67,66-80,MALE,42963000000035033,2026-07-15 14:36:44,2026-07-15 14:36:44,SYSTEM_SEED,SYSTEM_SEED
VIC-03114,Jagdish Sura,44,36-45,MALE,42963000000035041,2026-07-15 14:36:44,2026-07-15 14:36:44,SYSTEM_SEED,SYSTEM_SEED
VIC-03115,Sujathamma Urs,28,26-35,FEMALE,42963000000035020,2026-07-15 14:36:44,2026-07-15 14:36:44,SYSTEM_SEED,SYSTEM_SEED
VIC-03116,Pranav Palan,3,Under 18,MALE,42963000000035025,2026-07-15 14:36:44,2026-07-15 14:36:44,SYSTEM_SEED,SYSTEM_SEED
VIC-03117,Chandresh Raghavan,27,26-35,MALE,42963000000035014,2026-07-15 14:36:44,2026-07-15 14:36:44,SYSTEM_SEED,SYSTEM_SEED
VIC-03118,Siddalingaiah Bhat,78,66-80,MALE,42963000000035030,2026-07-15 14:36:44,2026-07-15 14:36:44,SYSTEM_SEED,SYSTEM_SEED
VIC-03119,Jatin Ramaswamy,34,26-35,MALE,42963000000035037,2026-07-15 14:36:44,2026-07-15 14:36:44,SYSTEM_SEED,SYSTEM_SEED
VIC-03120,Kariyappa Hegde,26,26-35,MALE,42963000000035042,2026-07-15 14:36:44,2026-07-15 14:36:44,SYSTEM_SEED,SYSTEM_SEED
VIC-03121,Jagadish Hegde,12,Under 18,MALE,42963000000035034,2026-07-15 14:36:44,2026-07-15 14:36:44,SYSTEM_SEED,SYSTEM_SEED
VIC-03122,Sunandamma Bhat,65,56-65,FEMALE,42963000000035014,2026-07-15 14:36:44,2026-07-15 14:36:44,SYSTEM_SEED,SYSTEM_SEED
VIC-03123,Ekani Trivedi,64,56-65,FEMALE,42963000000035028,2026-07-15 14:36:44,2026-07-15 14:36:44,SYSTEM_SEED,SYSTEM_SEED
VIC-03124,Basavaraj Devadiga,58,56-65,MALE,42963000000035014,2026-07-15 14:36:44,2026-07-15 14:36:44,SYSTEM_SEED,SYSTEM_SEED
VIC-03125,Warinder Sunder,3,Under 18,MALE,42963000000035029,2026-07-15 14:36:44,2026-07-15 14:36:44,SYSTEM_SEED,SYSTEM_SEED
VIC-03126,Ravindranath Naik,16,Under 18,MALE,42963000000035022,2026-07-15 14:36:44,2026-07-15 14:36:44,SYSTEM_SEED,SYSTEM_SEED
VIC-03127,Puttaswamy Devadiga,32,26-35,MALE,42963000000035033,2026-07-15 14:36:44,2026-07-15 14:36:44,SYSTEM_SEED,SYSTEM_SEED
VIC-03128,Vasatika Bala,19,18-25,FEMALE,42963000000035012,2026-07-15 14:36:44,2026-07-15 14:36:44,SYSTEM_SEED,SYSTEM_SEED
VIC-03129,Thimmakka Achar,6,Under 18,FEMALE,42963000000035018,2026-07-15 14:36:44,2026-07-15 14:36:44,SYSTEM_SEED,SYSTEM_SEED
VIC-03130,Ucchal Radhakrishnan,30,26-35,FEMALE,42963000000035024,2026-07-15 14:36:44,2026-07-15 14:36:44,SYSTEM_SEED,SYSTEM_SEED
VIC-03131,Aarnav Oza,42,36-45,MALE,42963000000035016,2026-07-15 14:36:44,2026-07-15 14:36:44,SYSTEM_SEED,SYSTEM_SEED
VIC-03132,Harish Setty,79,66-80,MALE,42963000000035024,2026-07-15 14:36:44,2026-07-15 14:36:44,SYSTEM_SEED,SYSTEM_SEED
VIC-03133,Yashodamma Bhat,66,66-80,FEMALE,42963000000035020,2026-07-15 14:36:44,2026-07-15 14:36:44,SYSTEM_SEED,SYSTEM_SEED
VIC-03134,Neelima Goel,28,26-35,FEMALE,42963000000035042,2026-07-15 14:36:44,2026-07-15 14:36:44,SYSTEM_SEED,SYSTEM_SEED
VIC-03135,Jagadish Urs,72,66-80,MALE,42963000000035016,2026-07-15 14:36:44,2026-07-15 14:36:44,SYSTEM_SEED,SYSTEM_SEED
VIC-03136,Saanvi Kumer,77,66-80,FEMALE,42963000000035012,2026-07-15 14:36:44,2026-07-15 14:36:44,SYSTEM_SEED,SYSTEM_SEED
VIC-03137,Parvatamma Devadiga,45,36-45,FEMALE,42963000000035015,2026-07-15 14:36:44,2026-07-15 14:36:44,SYSTEM_SEED,SYSTEM_SEED
VIC-03138,Bhavya Sachar,69,66-80,FEMALE,42963000000035036,2026-07-15 14:36:44,2026-07-15 14:36:44,SYSTEM_SEED,SYSTEM_SEED
VIC-03139,Lokesh Hegde,46,46-55,MALE,42963000000035030,2026-07-15 14:36:44,2026-07-15 14:36:44,SYSTEM_SEED,SYSTEM_SEED
VIC-03140,Lokesh Nayak,57,56-65,MALE,42963000000035027,2026-07-15 14:36:44,2026-07-15 14:36:44,SYSTEM_SEED,SYSTEM_SEED
VIC-03141,Anika Cheema,38,36-45,FEMALE,42963000000035035,2026-07-15 14:36:44,2026-07-15 14:36:44,SYSTEM_SEED,SYSTEM_SEED
VIC-03142,Ojasvi Jayaraman,8,Under 18,FEMALE,42963000000035029,2026-07-15 14:36:44,2026-07-15 14:36:44,SYSTEM_SEED,SYSTEM_SEED
VIC-03143,Basavaraj Setty,59,56-65,MALE,42963000000035022,2026-07-15 14:36:44,2026-07-15 14:36:44,SYSTEM_SEED,SYSTEM_SEED
VIC-03144,Mason Rout,2,Under 18,MALE,42963000000035034,2026-07-15 14:36:44,2026-07-15 14:36:44,SYSTEM_SEED,SYSTEM_SEED
VIC-03145,Anvi Prakash,54,46-55,FEMALE,42963000000035020,2026-07-15 14:36:44,2026-07-15 14:36:44,SYSTEM_SEED,SYSTEM_SEED
VIC-03146,Akkamahadevi Rai,66,66-80,FEMALE,42963000000035031,2026-07-15 14:36:44,2026-07-15 14:36:44,SYSTEM_SEED,SYSTEM_SEED
VIC-03147,Bhagyalakshmi Kulkarni,15,Under 18,FEMALE,42963000000035030,2026-07-15 14:36:44,2026-07-15 14:36:44,SYSTEM_SEED,SYSTEM_SEED
VIC-03148,Lokesh Devadiga,53,46-55,MALE,42963000000035017,2026-07-15 14:36:44,2026-07-15 14:36:44,SYSTEM_SEED,SYSTEM_SEED
VIC-03149,Veeranna Devadiga,49,46-55,MALE,42963000000035042,2026-07-15 14:36:44,2026-07-15 14:36:44,SYSTEM_SEED,SYSTEM_SEED
VIC-03150,Anirudh Gulati,73,66-80,MALE,42963000000035039,2026-07-15 14:36:44,2026-07-15 14:36:44,SYSTEM_SEED,SYSTEM_SEED
VIC-03151,Ekanta Swaminathan,63,56-65,FEMALE,42963000000035020,2026-07-15 14:36:44,2026-07-15 14:36:44,SYSTEM_SEED,SYSTEM_SEED
VIC-03152,Chandrakala Hegde,22,18-25,FEMALE,42963000000035022,2026-07-15 14:36:44,2026-07-15 14:36:44,SYSTEM_SEED,SYSTEM_SEED
VIC-03153,Aarna Lalla,44,36-45,FEMALE,42963000000035016,2026-07-15 14:36:44,2026-07-15 14:36:44,SYSTEM_SEED,SYSTEM_SEED
VIC-03154,Yagnesh Saini,26,26-35,MALE,42963000000035026,2026-07-15 14:36:44,2026-07-15 14:36:44,SYSTEM_SEED,SYSTEM_SEED
VIC-03155,Udyati Desai,3,Under 18,FEMALE,42963000000035024,2026-07-15 14:36:44,2026-07-15 14:36:44,SYSTEM_SEED,SYSTEM_SEED
VIC-03156,Girijamma Shetty,12,Under 18,FEMALE,42963000000035021,2026-07-15 14:36:44,2026-07-15 14:36:44,SYSTEM_SEED,SYSTEM_SEED
VIC-03157,Lekha Lad,14,Under 18,FEMALE,42963000000035028,2026-07-15 14:36:44,2026-07-15 14:36:44,SYSTEM_SEED,SYSTEM_SEED
VIC-03158,Nagaveni Nayak,40,36-45,FEMALE,42963000000035041,2026-07-15 14:36:44,2026-07-15 14:36:44,SYSTEM_SEED,SYSTEM_SEED
VIC-03159,Utkarsh D’Alia,25,18-25,MALE,42963000000035026,2026-07-15 14:36:44,2026-07-15 14:36:44,SYSTEM_SEED,SYSTEM_SEED
VIC-03160,Nitara Kakar,18,18-25,FEMALE,42963000000035033,2026-07-15 14:36:44,2026-07-15 14:36:44,SYSTEM_SEED,SYSTEM_SEED
VIC-03161,Tripti Basu,9,Under 18,FEMALE,42963000000035036,2026-07-15 14:36:44,2026-07-15 14:36:44,SYSTEM_SEED,SYSTEM_SEED
VIC-03162,Yachana Ratti,29,26-35,FEMALE,42963000000035031,2026-07-15 14:36:44,2026-07-15 14:36:44,SYSTEM_SEED,SYSTEM_SEED
VIC-03163,Harish Bhat,0,Under 18,MALE,42963000000035030,2026-07-15 14:36:44,2026-07-15 14:36:44,SYSTEM_SEED,SYSTEM_SEED
VIC-03164,Aarav Ghose,19,18-25,MALE,42963000000035022,2026-07-15 14:36:44,2026-07-15 14:36:44,SYSTEM_SEED,SYSTEM_SEED
VIC-03165,Yashawini Yadav,24,18-25,FEMALE,42963000000035015,2026-07-15 14:36:44,2026-07-15 14:36:44,SYSTEM_SEED,SYSTEM_SEED
VIC-03166,Raghavendra Reddy,2,Under 18,MALE,42963000000035024,2026-07-15 14:36:44,2026-07-15 14:36:44,SYSTEM_SEED,SYSTEM_SEED
VIC-03167,Utkarsh Madan,54,46-55,MALE,42963000000035041,2026-07-15 14:36:44,2026-07-15 14:36:44,SYSTEM_SEED,SYSTEM_SEED
VIC-03168,Pushti Choudhury,51,46-55,FEMALE,42963000000035033,2026-07-15 14:36:44,2026-07-15 14:36:44,SYSTEM_SEED,SYSTEM_SEED
VIC-03169,Nitesh Yogi,11,Under 18,MALE,42963000000035033,2026-07-15 14:36:44,2026-07-15 14:36:44,SYSTEM_SEED,SYSTEM_SEED
VIC-03170,Ekansh Swaminathan,30,26-35,MALE,42963000000035019,2026-07-15 14:36:44,2026-07-15 14:36:44,SYSTEM_SEED,SYSTEM_SEED
VIC-03171,Vasana Lata,0,Under 18,FEMALE,42963000000035042,2026-07-15 14:36:44,2026-07-15 14:36:44,SYSTEM_SEED,SYSTEM_SEED
VIC-03172,Aishani Sandal,43,36-45,FEMALE,42963000000035024,2026-07-15 14:36:44,2026-07-15 14:36:44,SYSTEM_SEED,SYSTEM_SEED
VIC-03173,Sujathamma Poojary,53,46-55,FEMALE,42963000000035036,2026-07-15 14:36:44,2026-07-15 14:36:44,SYSTEM_SEED,SYSTEM_SEED
VIC-03174,Damyanti Rajagopal,17,Under 18,FEMALE,42963000000035028,2026-07-15 14:36:44,2026-07-15 14:36:44,SYSTEM_SEED,SYSTEM_SEED
VIC-03175,Shivakumar Bhat,38,36-45,MALE,42963000000035014,2026-07-15 14:36:44,2026-07-15 14:36:44,SYSTEM_SEED,SYSTEM_SEED
VIC-03176,Chandrashekar Achar,41,36-45,MALE,42963000000035029,2026-07-15 14:36:44,2026-07-15 14:36:44,SYSTEM_SEED,SYSTEM_SEED
VIC-03177,Anika Jain,38,36-45,FEMALE,42963000000035038,2026-07-15 14:36:44,2026-07-15 14:36:44,SYSTEM_SEED,SYSTEM_SEED
VIC-03178,Ishita Thakur,23,18-25,FEMALE,42963000000035016,2026-07-15 14:36:44,2026-07-15 14:36:44,SYSTEM_SEED,SYSTEM_SEED
VIC-03179,Yashica Tak,53,46-55,FEMALE,42963000000035036,2026-07-15 14:36:44,2026-07-15 14:36:44,SYSTEM_SEED,SYSTEM_SEED
VIC-03180,Akkamahadevi Rai,42,36-45,FEMALE,42963000000035017,2026-07-15 14:36:44,2026-07-15 14:36:44,SYSTEM_SEED,SYSTEM_SEED
VIC-03181,Girijamma Gowda,26,26-35,FEMALE,42963000000035033,2026-07-15 14:36:44,2026-07-15 14:36:44,SYSTEM_SEED,SYSTEM_SEED
VIC-03182,Wahab Savant,62,56-65,MALE,42963000000035033,2026-07-15 14:36:44,2026-07-15 14:36:44,SYSTEM_SEED,SYSTEM_SEED
VIC-03183,Yallappa Setty,53,46-55,MALE,42963000000035016,2026-07-15 14:36:44,2026-07-15 14:36:44,SYSTEM_SEED,SYSTEM_SEED
VIC-03184,Indrajit Kaur,48,46-55,MALE,42963000000035016,2026-07-15 14:36:44,2026-07-15 14:36:44,SYSTEM_SEED,SYSTEM_SEED
VIC-03185,Chandrashekar Poojary,6,Under 18,MALE,42963000000035023,2026-07-15 14:36:44,2026-07-15 14:36:44,SYSTEM_SEED,SYSTEM_SEED
VIC-03186,Yashodamma Gowda,55,46-55,FEMALE,42963000000035036,2026-07-15 14:36:44,2026-07-15 14:36:44,SYSTEM_SEED,SYSTEM_SEED
VIC-03187,Tanmayi Mander,34,26-35,FEMALE,42963000000035016,2026-07-15 14:36:44,2026-07-15 14:36:44,SYSTEM_SEED,SYSTEM_SEED
VIC-03188,Varenya Atwal,73,66-80,FEMALE,42963000000035030,2026-07-15 14:36:44,2026-07-15 14:36:44,SYSTEM_SEED,SYSTEM_SEED
VIC-03189,Champak Kaul,55,46-55,MALE,42963000000035031,2026-07-15 14:36:44,2026-07-15 14:36:44,SYSTEM_SEED,SYSTEM_SEED
VIC-03190,Abeer Chowdhury,36,36-45,MALE,42963000000035023,2026-07-15 14:36:44,2026-07-15 14:36:44,SYSTEM_SEED,SYSTEM_SEED
VIC-03191,Gopal Vala,79,66-80,MALE,42963000000035022,2026-07-15 14:36:44,2026-07-15 14:36:44,SYSTEM_SEED,SYSTEM_SEED
VIC-03192,Advay Grewal,34,26-35,MALE,42963000000035029,2026-07-15 14:36:44,2026-07-15 14:36:44,SYSTEM_SEED,SYSTEM_SEED
VIC-03193,Sureshgowda Bhat,19,18-25,MALE,42963000000035029,2026-07-15 14:36:44,2026-07-15 14:36:44,SYSTEM_SEED,SYSTEM_SEED
VIC-03194,Siya Deol,66,66-80,FEMALE,42963000000035021,2026-07-15 14:36:44,2026-07-15 14:36:44,SYSTEM_SEED,SYSTEM_SEED
VIC-03195,Lokesh Devadiga,72,66-80,MALE,42963000000035026,2026-07-15 14:36:44,2026-07-15 14:36:44,SYSTEM_SEED,SYSTEM_SEED
VIC-03196,Libni Ganesan,44,36-45,FEMALE,42963000000035029,2026-07-15 14:36:44,2026-07-15 14:36:44,SYSTEM_SEED,SYSTEM_SEED
VIC-03197,Lekha Bir,55,46-55,FEMALE,42963000000035042,2026-07-15 14:36:44,2026-07-15 14:36:44,SYSTEM_SEED,SYSTEM_SEED
VIC-03198,Chandrashekar Achar,64,56-65,MALE,42963000000035017,2026-07-15 14:36:44,2026-07-15 14:36:44,SYSTEM_SEED,SYSTEM_SEED
VIC-03199,Pushpalatha Achar,56,56-65,FEMALE,42963000000035014,2026-07-15 14:36:44,2026-07-15 14:36:44,SYSTEM_SEED,SYSTEM_SEED
VIC-03200,Jackson Chada,45,36-45,MALE,42963000000035012,2026-07-15 14:36:44,2026-07-15 14:36:44,SYSTEM_SEED,SYSTEM_SEED
VIC-03201,Pranav Seshadri,27,26-35,MALE,42963000000035022,2026-07-15 14:36:44,2026-07-15 14:36:44,SYSTEM_SEED,SYSTEM_SEED
VIC-03202,Thimmakka Hegde,11,Under 18,FEMALE,42963000000035014,2026-07-15 14:36:44,2026-07-15 14:36:44,SYSTEM_SEED,SYSTEM_SEED
VIC-03203,Ekalinga Amble,35,26-35,MALE,42963000000035012,2026-07-15 14:36:44,2026-07-15 14:36:44,SYSTEM_SEED,SYSTEM_SEED
VIC-03204,Girijamma Nayak,23,18-25,FEMALE,42963000000035040,2026-07-15 14:36:44,2026-07-15 14:36:44,SYSTEM_SEED,SYSTEM_SEED
VIC-03205,Pushpalatha Gowda,15,Under 18,FEMALE,42963000000035030,2026-07-15 14:36:44,2026-07-15 14:36:44,SYSTEM_SEED,SYSTEM_SEED
VIC-03206,Logan Bhatti,72,66-80,MALE,42963000000035019,2026-07-15 14:36:44,2026-07-15 14:36:44,SYSTEM_SEED,SYSTEM_SEED
VIC-03207,Baghyawati Talwar,27,26-35,FEMALE,42963000000035031,2026-07-15 14:36:44,2026-07-15 14:36:44,SYSTEM_SEED,SYSTEM_SEED
VIC-03208,Daksha Kale,52,46-55,FEMALE,42963000000035030,2026-07-15 14:36:44,2026-07-15 14:36:44,SYSTEM_SEED,SYSTEM_SEED
VIC-03209,Krishna Prabhu,10,Under 18,MALE,42963000000035034,2026-07-15 14:36:44,2026-07-15 14:36:44,SYSTEM_SEED,SYSTEM_SEED
VIC-03210,Baljiwan Bhargava,78,66-80,MALE,42963000000035014,2026-07-15 14:36:44,2026-07-15 14:36:44,SYSTEM_SEED,SYSTEM_SEED
VIC-03211,Nilima Chaudhary,9,Under 18,FEMALE,42963000000035033,2026-07-15 14:36:44,2026-07-15 14:36:44,SYSTEM_SEED,SYSTEM_SEED
VIC-03212,Eshana Malhotra,2,Under 18,FEMALE,42963000000035013,2026-07-15 14:36:44,2026-07-15 14:36:44,SYSTEM_SEED,SYSTEM_SEED
VIC-03213,Nagaveni Gowda,38,36-45,FEMALE,42963000000035024,2026-07-15 14:36:44,2026-07-15 14:36:44,SYSTEM_SEED,SYSTEM_SEED
VIC-03214,Channabasappa Setty,44,36-45,MALE,42963000000035032,2026-07-15 14:36:44,2026-07-15 14:36:44,SYSTEM_SEED,SYSTEM_SEED
VIC-03215,Akshay Soman,28,26-35,MALE,42963000000035029,2026-07-15 14:36:44,2026-07-15 14:36:44,SYSTEM_SEED,SYSTEM_SEED
VIC-03216,Robert Kumer,72,66-80,MALE,42963000000035038,2026-07-15 14:36:44,2026-07-15 14:36:44,SYSTEM_SEED,SYSTEM_SEED
VIC-03217,Thimmaiah Kulkarni,20,18-25,MALE,42963000000035024,2026-07-15 14:36:44,2026-07-15 14:36:44,SYSTEM_SEED,SYSTEM_SEED
VIC-03218,Harsh Goswami,54,46-55,MALE,42963000000035041,2026-07-15 14:36:44,2026-07-15 14:36:44,SYSTEM_SEED,SYSTEM_SEED
VIC-03219,Chandrakala Reddy,66,66-80,FEMALE,42963000000035014,2026-07-15 14:36:44,2026-07-15 14:36:44,SYSTEM_SEED,SYSTEM_SEED
VIC-03220,Sunandamma Setty,54,46-55,FEMALE,42963000000035037,2026-07-15 14:36:44,2026-07-15 14:36:44,SYSTEM_SEED,SYSTEM_SEED
VIC-03221,Akkamahadevi Reddy,59,56-65,FEMALE,42963000000035032,2026-07-15 14:36:44,2026-07-15 14:36:44,SYSTEM_SEED,SYSTEM_SEED
VIC-03222,Thimmaiah Urs,60,56-65,MALE,42963000000035014,2026-07-15 14:36:44,2026-07-15 14:36:44,SYSTEM_SEED,SYSTEM_SEED
VIC-03223,Ridhi Brar,44,36-45,FEMALE,42963000000035026,2026-07-15 14:36:44,2026-07-15 14:36:44,SYSTEM_SEED,SYSTEM_SEED
VIC-03224,Neha Dhawan,1,Under 18,FEMALE,42963000000035018,2026-07-15 14:36:44,2026-07-15 14:36:44,SYSTEM_SEED,SYSTEM_SEED
VIC-03225,Mohini Atwal,75,66-80,FEMALE,42963000000035041,2026-07-15 14:36:44,2026-07-15 14:36:44,SYSTEM_SEED,SYSTEM_SEED
VIC-03226,Chandrashekar Poojary,22,18-25,MALE,42963000000035020,2026-07-15 14:36:44,2026-07-15 14:36:44,SYSTEM_SEED,SYSTEM_SEED
VIC-03227,Rathnamma Achar,10,Under 18,FEMALE,42963000000035022,2026-07-15 14:36:44,2026-07-15 14:36:44,SYSTEM_SEED,SYSTEM_SEED
VIC-03228,Hredhaan Gera,71,66-80,MALE,42963000000035029,2026-07-15 14:36:44,2026-07-15 14:36:44,SYSTEM_SEED,SYSTEM_SEED
VIC-03229,Daksha Chokshi,39,36-45,FEMALE,42963000000035029,2026-07-15 14:36:44,2026-07-15 14:36:44,SYSTEM_SEED,SYSTEM_SEED
VIC-03230,Anita Hans,12,Under 18,FEMALE,42963000000035029,2026-07-15 14:36:44,2026-07-15 14:36:44,SYSTEM_SEED,SYSTEM_SEED
VIC-03231,Yashodamma Gowda,27,26-35,FEMALE,42963000000035016,2026-07-15 14:36:44,2026-07-15 14:36:44,SYSTEM_SEED,SYSTEM_SEED
VIC-03232,Nagaveni Achar,10,Under 18,FEMALE,42963000000035012,2026-07-15 14:36:44,2026-07-15 14:36:44,SYSTEM_SEED,SYSTEM_SEED
VIC-03233,Sai Vora,17,Under 18,FEMALE,42963000000035042,2026-07-15 14:36:44,2026-07-15 14:36:44,SYSTEM_SEED,SYSTEM_SEED
VIC-03234,Pushpalatha Achar,62,56-65,FEMALE,42963000000035032,2026-07-15 14:36:44,2026-07-15 14:36:44,SYSTEM_SEED,SYSTEM_SEED
VIC-03235,Chandran Raj,39,36-45,MALE,42963000000035036,2026-07-15 14:36:44,2026-07-15 14:36:44,SYSTEM_SEED,SYSTEM_SEED
VIC-03236,Arya Soman,22,18-25,FEMALE,42963000000035018,2026-07-15 14:36:44,2026-07-15 14:36:44,SYSTEM_SEED,SYSTEM_SEED
VIC-03237,Kaveri Hegde,33,26-35,FEMALE,42963000000035017,2026-07-15 14:36:44,2026-07-15 14:36:44,SYSTEM_SEED,SYSTEM_SEED
VIC-03238,Puttaswamy Nayak,30,26-35,MALE,42963000000035025,2026-07-15 14:36:44,2026-07-15 14:36:44,SYSTEM_SEED,SYSTEM_SEED
VIC-03239,Falguni Rastogi,43,36-45,FEMALE,42963000000035024,2026-07-15 14:36:44,2026-07-15 14:36:44,SYSTEM_SEED,SYSTEM_SEED
VIC-03240,Veeranna Setty,47,46-55,MALE,42963000000035037,2026-07-15 14:36:44,2026-07-15 14:36:44,SYSTEM_SEED,SYSTEM_SEED
VIC-03241,Lokesh Devadiga,46,46-55,MALE,42963000000035042,2026-07-15 14:36:44,2026-07-15 14:36:44,SYSTEM_SEED,SYSTEM_SEED
VIC-03242,Frado Bhalla,46,46-55,MALE,42963000000035012,2026-07-15 14:36:44,2026-07-15 14:36:44,SYSTEM_SEED,SYSTEM_SEED
VIC-03243,Anika Balay,31,26-35,FEMALE,42963000000035016,2026-07-15 14:36:44,2026-07-15 14:36:44,SYSTEM_SEED,SYSTEM_SEED
VIC-03244,Manjunath Shetty,40,36-45,MALE,42963000000035016,2026-07-15 14:36:44,2026-07-15 14:36:44,SYSTEM_SEED,SYSTEM_SEED
VIC-03245,Jagat Raman,18,18-25,MALE,42963000000035015,2026-07-15 14:36:44,2026-07-15 14:36:44,SYSTEM_SEED,SYSTEM_SEED
VIC-03246,Shanthakumari Naik,61,56-65,FEMALE,42963000000035034,2026-07-15 14:36:44,2026-07-15 14:36:44,SYSTEM_SEED,SYSTEM_SEED
VIC-03247,Ekansh Boase,70,66-80,MALE,42963000000035012,2026-07-15 14:36:44,2026-07-15 14:36:44,SYSTEM_SEED,SYSTEM_SEED
VIC-03248,Indira Rout,47,46-55,FEMALE,42963000000035012,2026-07-15 14:36:44,2026-07-15 14:36:44,SYSTEM_SEED,SYSTEM_SEED
VIC-03249,Abdul Nori,41,36-45,MALE,42963000000035033,2026-07-15 14:36:44,2026-07-15 14:36:44,SYSTEM_SEED,SYSTEM_SEED
VIC-03250,Wazir Munshi,39,36-45,MALE,42963000000035034,2026-07-15 14:36:44,2026-07-15 14:36:44,SYSTEM_SEED,SYSTEM_SEED
VIC-03251,Ayushman Char,37,36-45,MALE,42963000000035013,2026-07-15 14:36:44,2026-07-15 14:36:44,SYSTEM_SEED,SYSTEM_SEED
VIC-03252,Keya Deshpande,23,18-25,FEMALE,42963000000035022,2026-07-15 14:36:44,2026-07-15 14:36:44,SYSTEM_SEED,SYSTEM_SEED
VIC-03253,Shanthakumari Setty,23,18-25,FEMALE,42963000000035027,2026-07-15 14:36:44,2026-07-15 14:36:44,SYSTEM_SEED,SYSTEM_SEED
VIC-03254,Abha Bal,20,18-25,FEMALE,42963000000035030,2026-07-15 14:36:44,2026-07-15 14:36:44,SYSTEM_SEED,SYSTEM_SEED
VIC-03255,Bhagyalakshmi Rai,59,56-65,FEMALE,42963000000035033,2026-07-15 14:36:44,2026-07-15 14:36:44,SYSTEM_SEED,SYSTEM_SEED
VIC-03256,Hritik Shenoy,45,36-45,MALE,42963000000035026,2026-07-15 14:36:44,2026-07-15 14:36:44,SYSTEM_SEED,SYSTEM_SEED
VIC-03257,Girish Banerjee,25,18-25,MALE,42963000000035040,2026-07-15 14:36:44,2026-07-15 14:36:44,SYSTEM_SEED,SYSTEM_SEED
VIC-03258,Raghavendra Poojary,58,56-65,MALE,42963000000035022,2026-07-15 14:36:44,2026-07-15 14:36:44,SYSTEM_SEED,SYSTEM_SEED
VIC-03259,Harinakshi Dyal,17,Under 18,FEMALE,42963000000035030,2026-07-15 14:36:44,2026-07-15 14:36:44,SYSTEM_SEED,SYSTEM_SEED
VIC-03260,Chatura Jayaraman,27,26-35,MALE,42963000000035036,2026-07-15 14:36:44,2026-07-15 14:36:44,SYSTEM_SEED,SYSTEM_SEED
VIC-03261,Anvi Upadhyay,36,36-45,FEMALE,42963000000035040,2026-07-15 14:36:44,2026-07-15 14:36:44,SYSTEM_SEED,SYSTEM_SEED
VIC-03262,Sunandamma Hegde,43,36-45,FEMALE,42963000000035033,2026-07-15 14:36:44,2026-07-15 14:36:44,SYSTEM_SEED,SYSTEM_SEED
VIC-03263,Akkamahadevi Kulkarni,30,26-35,FEMALE,42963000000035042,2026-07-15 14:36:44,2026-07-15 14:36:44,SYSTEM_SEED,SYSTEM_SEED
VIC-03264,Baljiwan Ramakrishnan,42,36-45,MALE,42963000000035018,2026-07-15 14:36:44,2026-07-15 14:36:44,SYSTEM_SEED,SYSTEM_SEED
VIC-03265,Ekavir Grewal,74,66-80,MALE,42963000000035026,2026-07-15 14:36:44,2026-07-15 14:36:44,SYSTEM_SEED,SYSTEM_SEED
VIC-03266,Advik Kulkarni,19,18-25,MALE,42963000000035031,2026-07-15 14:36:44,2026-07-15 14:36:44,SYSTEM_SEED,SYSTEM_SEED
VIC-03267,Meera Reddy,78,66-80,FEMALE,42963000000035022,2026-07-15 14:36:44,2026-07-15 14:36:44,SYSTEM_SEED,SYSTEM_SEED
VIC-03268,Yachana Choudhry,46,46-55,FEMALE,42963000000035036,2026-07-15 14:36:44,2026-07-15 14:36:44,SYSTEM_SEED,SYSTEM_SEED
VIC-03269,Kaveri Nayak,49,46-55,FEMALE,42963000000035019,2026-07-15 14:36:44,2026-07-15 14:36:44,SYSTEM_SEED,SYSTEM_SEED
VIC-03270,Bakhshi Som,41,36-45,MALE,42963000000035040,2026-07-15 14:36:44,2026-07-15 14:36:44,SYSTEM_SEED,SYSTEM_SEED
VIC-03271,Utkarsh Kunda,19,18-25,MALE,42963000000035012,2026-07-15 14:36:44,2026-07-15 14:36:44,SYSTEM_SEED,SYSTEM_SEED
VIC-03272,Krisha Ray,52,46-55,FEMALE,42963000000035036,2026-07-15 14:36:44,2026-07-15 14:36:44,SYSTEM_SEED,SYSTEM_SEED
VIC-03273,Thimmakka Gowda,16,Under 18,FEMALE,42963000000035028,2026-07-15 14:36:44,2026-07-15 14:36:44,SYSTEM_SEED,SYSTEM_SEED
VIC-03274,Shanthakumari Achar,57,56-65,FEMALE,42963000000035014,2026-07-15 14:36:44,2026-07-15 14:36:44,SYSTEM_SEED,SYSTEM_SEED
VIC-03275,Elijah Kar,75,66-80,MALE,42963000000035034,2026-07-15 14:36:44,2026-07-15 14:36:44,SYSTEM_SEED,SYSTEM_SEED
VIC-03276,Manan Deep,33,26-35,MALE,42963000000035022,2026-07-15 14:36:44,2026-07-15 14:36:44,SYSTEM_SEED,SYSTEM_SEED
VIC-03277,Pranit Dhawan,67,66-80,MALE,42963000000035017,2026-07-15 14:36:44,2026-07-15 14:36:44,SYSTEM_SEED,SYSTEM_SEED
VIC-03278,Kaveri Devadiga,9,Under 18,FEMALE,42963000000035022,2026-07-15 14:36:44,2026-07-15 14:36:44,SYSTEM_SEED,SYSTEM_SEED
VIC-03279,Sneha Aurora,64,56-65,FEMALE,42963000000035022,2026-07-15 14:36:44,2026-07-15 14:36:44,SYSTEM_SEED,SYSTEM_SEED
VIC-03280,Onveer Golla,13,Under 18,MALE,42963000000035033,2026-07-15 14:36:44,2026-07-15 14:36:44,SYSTEM_SEED,SYSTEM_SEED
VIC-03281,Pushpalatha Nayak,24,18-25,FEMALE,42963000000035030,2026-07-15 14:36:44,2026-07-15 14:36:44,SYSTEM_SEED,SYSTEM_SEED
VIC-03282,Lopa Butala,53,46-55,FEMALE,42963000000035039,2026-07-15 14:36:44,2026-07-15 14:36:44,SYSTEM_SEED,SYSTEM_SEED
VIC-03283,Lakshmamma Rai,74,66-80,FEMALE,42963000000035022,2026-07-15 14:36:44,2026-07-15 14:36:44,SYSTEM_SEED,SYSTEM_SEED
VIC-03284,Abhiram Magar,21,18-25,MALE,42963000000035026,2026-07-15 14:36:44,2026-07-15 14:36:44,SYSTEM_SEED,SYSTEM_SEED
VIC-03285,Vansha Som,70,66-80,FEMALE,42963000000035038,2026-07-15 14:36:44,2026-07-15 14:36:44,SYSTEM_SEED,SYSTEM_SEED
VIC-03286,Raghav Bajaj,67,66-80,MALE,42963000000035014,2026-07-15 14:36:44,2026-07-15 14:36:44,SYSTEM_SEED,SYSTEM_SEED
VIC-03287,Gavin Salvi,36,36-45,MALE,42963000000035028,2026-07-15 14:36:44,2026-07-15 14:36:44,SYSTEM_SEED,SYSTEM_SEED
VIC-03288,Shivakumar Bhat,26,26-35,MALE,42963000000035033,2026-07-15 14:36:44,2026-07-15 14:36:44,SYSTEM_SEED,SYSTEM_SEED
VIC-03289,Nisha Chandra,3,Under 18,FEMALE,42963000000035025,2026-07-15 14:36:44,2026-07-15 14:36:44,SYSTEM_SEED,SYSTEM_SEED
VIC-03290,Sunandamma Naik,64,56-65,FEMALE,42963000000035020,2026-07-15 14:36:44,2026-07-15 14:36:44,SYSTEM_SEED,SYSTEM_SEED
VIC-03291,Dhruv Singhal,14,Under 18,MALE,42963000000035036,2026-07-15 14:36:44,2026-07-15 14:36:44,SYSTEM_SEED,SYSTEM_SEED
VIC-03292,Vasanthamma Setty,63,56-65,FEMALE,42963000000035042,2026-07-15 14:36:44,2026-07-15 14:36:44,SYSTEM_SEED,SYSTEM_SEED
VIC-03293,Balveer Shroff,28,26-35,MALE,42963000000035033,2026-07-15 14:36:44,2026-07-15 14:36:44,SYSTEM_SEED,SYSTEM_SEED
VIC-03294,Advik Desai,9,Under 18,MALE,42963000000035032,2026-07-15 14:36:44,2026-07-15 14:36:44,SYSTEM_SEED,SYSTEM_SEED
VIC-03295,Pooja Parmer,29,26-35,FEMALE,42963000000035025,2026-07-15 14:36:44,2026-07-15 14:36:44,SYSTEM_SEED,SYSTEM_SEED
VIC-03296,Dayita Raja,5,Under 18,FEMALE,42963000000035033,2026-07-15 14:36:44,2026-07-15 14:36:44,SYSTEM_SEED,SYSTEM_SEED
VIC-03297,Ekaja Cherian,62,56-65,FEMALE,42963000000035021,2026-07-15 14:36:44,2026-07-15 14:36:44,SYSTEM_SEED,SYSTEM_SEED
VIC-03298,Christopher Nagarajan,33,26-35,MALE,42963000000035016,2026-07-15 14:36:44,2026-07-15 14:36:44,SYSTEM_SEED,SYSTEM_SEED
VIC-03299,Kaveri Achar,4,Under 18,FEMALE,42963000000035014,2026-07-15 14:36:44,2026-07-15 14:36:44,SYSTEM_SEED,SYSTEM_SEED
VIC-03300,Kariyappa Reddy,11,Under 18,MALE,42963000000035033,2026-07-15 14:36:44,2026-07-15 14:36:44,SYSTEM_SEED,SYSTEM_SEED
VIC-03301,Akkamahadevi Poojary,45,36-45,FEMALE,42963000000035029,2026-07-15 14:36:44,2026-07-15 14:36:44,SYSTEM_SEED,SYSTEM_SEED
VIC-03302,Gopalakrishna Devadiga,7,Under 18,MALE,42963000000035016,2026-07-15 14:36:44,2026-07-15 14:36:44,SYSTEM_SEED,SYSTEM_SEED
VIC-03303,Manjunath Kulkarni,67,66-80,MALE,42963000000035016,2026-07-15 14:36:44,2026-07-15 14:36:44,SYSTEM_SEED,SYSTEM_SEED
VIC-03304,Harinakshi Sani,17,Under 18,FEMALE,42963000000035024,2026-07-15 14:36:44,2026-07-15 14:36:44,SYSTEM_SEED,SYSTEM_SEED
VIC-03305,Luke Wason,70,66-80,MALE,42963000000035015,2026-07-15 14:36:44,2026-07-15 14:36:44,SYSTEM_SEED,SYSTEM_SEED
VIC-03306,Joshua Srinivas,78,66-80,MALE,42963000000035035,2026-07-15 14:36:44,2026-07-15 14:36:44,SYSTEM_SEED,SYSTEM_SEED
VIC-03307,Jagadish Kulkarni,3,Under 18,MALE,42963000000035037,2026-07-15 14:36:44,2026-07-15 14:36:44,SYSTEM_SEED,SYSTEM_SEED
VIC-03308,Yashodamma Hegde,58,56-65,FEMALE,42963000000035016,2026-07-15 14:36:44,2026-07-15 14:36:44,SYSTEM_SEED,SYSTEM_SEED
VIC-03309,Chandrashekar Gowda,1,Under 18,MALE,42963000000035027,2026-07-15 14:36:44,2026-07-15 14:36:44,SYSTEM_SEED,SYSTEM_SEED
VIC-03310,Shivansh Date,8,Under 18,MALE,42963000000035024,2026-07-15 14:36:44,2026-07-15 14:36:44,SYSTEM_SEED,SYSTEM_SEED
VIC-03311,Veeranna Nayak,8,Under 18,MALE,42963000000035018,2026-07-15 14:36:44,2026-07-15 14:36:44,SYSTEM_SEED,SYSTEM_SEED
VIC-03312,Vedika Raghavan,2,Under 18,FEMALE,42963000000035014,2026-07-15 14:36:44,2026-07-15 14:36:44,SYSTEM_SEED,SYSTEM_SEED
VIC-03313,Aayush Tella,22,18-25,MALE,42963000000035013,2026-07-15 14:36:44,2026-07-15 14:36:44,SYSTEM_SEED,SYSTEM_SEED
VIC-03314,Savitramma Hegde,39,36-45,FEMALE,42963000000035012,2026-07-15 14:36:44,2026-07-15 14:36:44,SYSTEM_SEED,SYSTEM_SEED
VIC-03315,Nachiket Shan,30,26-35,MALE,42963000000035035,2026-07-15 14:36:44,2026-07-15 14:36:44,SYSTEM_SEED,SYSTEM_SEED
VIC-03316,Parvatamma Rai,63,56-65,FEMALE,42963000000035016,2026-07-15 14:36:44,2026-07-15 14:36:44,SYSTEM_SEED,SYSTEM_SEED
VIC-03317,Advik Vaidya,6,Under 18,MALE,42963000000035032,2026-07-15 14:36:44,2026-07-15 14:36:44,SYSTEM_SEED,SYSTEM_SEED
VIC-03318,Lakshmamma Rai,26,26-35,FEMALE,42963000000035032,2026-07-15 14:36:44,2026-07-15 14:36:44,SYSTEM_SEED,SYSTEM_SEED
VIC-03319,Urvashi Chakrabarti,3,Under 18,FEMALE,42963000000035016,2026-07-15 14:36:44,2026-07-15 14:36:44,SYSTEM_SEED,SYSTEM_SEED
VIC-03320,Yallappa Shetty,53,46-55,MALE,42963000000035016,2026-07-15 14:36:44,2026-07-15 14:36:44,SYSTEM_SEED,SYSTEM_SEED
VIC-03321,Rathnamma Nayak,48,46-55,FEMALE,42963000000035040,2026-07-15 14:36:44,2026-07-15 14:36:44,SYSTEM_SEED,SYSTEM_SEED
VIC-03322,Mahadevi Nayak,9,Under 18,FEMALE,42963000000035035,2026-07-15 14:36:44,2026-07-15 14:36:44,SYSTEM_SEED,SYSTEM_SEED
VIC-03323,Anamika Swaminathan,16,Under 18,FEMALE,42963000000035013,2026-07-15 14:36:44,2026-07-15 14:36:44,SYSTEM_SEED,SYSTEM_SEED
VIC-03324,Basavaraj Devadiga,7,Under 18,MALE,42963000000035037,2026-07-15 14:36:44,2026-07-15 14:36:44,SYSTEM_SEED,SYSTEM_SEED
VIC-03325,Shivakumar Reddy,39,36-45,MALE,42963000000035015,2026-07-15 14:36:44,2026-07-15 14:36:44,SYSTEM_SEED,SYSTEM_SEED
VIC-03326,Ravindranath Poojary,43,36-45,MALE,42963000000035018,2026-07-15 14:36:44,2026-07-15 14:36:44,SYSTEM_SEED,SYSTEM_SEED
VIC-03327,Eiravati Chada,66,66-80,FEMALE,42963000000035041,2026-07-15 14:36:44,2026-07-15 14:36:44,SYSTEM_SEED,SYSTEM_SEED
VIC-03328,Mason Bassi,25,18-25,MALE,42963000000035017,2026-07-15 14:36:44,2026-07-15 14:36:44,SYSTEM_SEED,SYSTEM_SEED
VIC-03329,Veeranna Shetty,64,56-65,MALE,42963000000035012,2026-07-15 14:36:44,2026-07-15 14:36:44,SYSTEM_SEED,SYSTEM_SEED
VIC-03330,Tamanna Wadhwa,13,Under 18,FEMALE,42963000000035022,2026-07-15 14:36:44,2026-07-15 14:36:44,SYSTEM_SEED,SYSTEM_SEED
VIC-03331,Shravya Datta,5,Under 18,FEMALE,42963000000035015,2026-07-15 14:36:44,2026-07-15 14:36:44,SYSTEM_SEED,SYSTEM_SEED
VIC-03332,Akkamahadevi Kulkarni,30,26-35,FEMALE,42963000000035030,2026-07-15 14:36:44,2026-07-15 14:36:44,SYSTEM_SEED,SYSTEM_SEED
VIC-03333,Omaja Karpe,2,Under 18,FEMALE,42963000000035018,2026-07-15 14:36:44,2026-07-15 14:36:44,SYSTEM_SEED,SYSTEM_SEED
VIC-03334,Lipika Uppal,47,46-55,FEMALE,42963000000035037,2026-07-15 14:36:44,2026-07-15 14:36:44,SYSTEM_SEED,SYSTEM_SEED
VIC-03335,Lopa Sen,37,36-45,FEMALE,42963000000035022,2026-07-15 14:36:44,2026-07-15 14:36:44,SYSTEM_SEED,SYSTEM_SEED
VIC-03336,Zayyan Dugar,7,Under 18,MALE,42963000000035015,2026-07-15 14:36:44,2026-07-15 14:36:44,SYSTEM_SEED,SYSTEM_SEED
VIC-03337,Harish Reddy,76,66-80,MALE,42963000000035012,2026-07-15 14:36:44,2026-07-15 14:36:44,SYSTEM_SEED,SYSTEM_SEED
VIC-03338,Isaac Wable,44,36-45,MALE,42963000000035015,2026-07-15 14:36:44,2026-07-15 14:36:44,SYSTEM_SEED,SYSTEM_SEED
VIC-03339,Nathaniel Mahal,2,Under 18,MALE,42963000000035036,2026-07-15 14:36:44,2026-07-15 14:36:44,SYSTEM_SEED,SYSTEM_SEED
VIC-03340,Yashodamma Naik,44,36-45,FEMALE,42963000000035013,2026-07-15 14:36:44,2026-07-15 14:36:44,SYSTEM_SEED,SYSTEM_SEED
VIC-03341,Idika Divan,49,46-55,FEMALE,42963000000035035,2026-07-15 14:36:44,2026-07-15 14:36:44,SYSTEM_SEED,SYSTEM_SEED
VIC-03342,Hamsini Bhatti,45,36-45,FEMALE,42963000000035034,2026-07-15 14:36:44,2026-07-15 14:36:44,SYSTEM_SEED,SYSTEM_SEED
VIC-03343,Harish Swamy,50,46-55,MALE,42963000000035030,2026-07-15 14:36:44,2026-07-15 14:36:44,SYSTEM_SEED,SYSTEM_SEED
VIC-03344,Advika Parmer,65,56-65,FEMALE,42963000000035029,2026-07-15 14:36:44,2026-07-15 14:36:44,SYSTEM_SEED,SYSTEM_SEED
VIC-03345,Aachal Joshi,77,66-80,FEMALE,42963000000035031,2026-07-15 14:36:44,2026-07-15 14:36:44,SYSTEM_SEED,SYSTEM_SEED
VIC-03346,Aadhya Bhat,71,66-80,FEMALE,42963000000035036,2026-07-15 14:36:44,2026-07-15 14:36:44,SYSTEM_SEED,SYSTEM_SEED
VIC-03347,Veeranna Devadiga,21,18-25,MALE,42963000000035012,2026-07-15 14:36:44,2026-07-15 14:36:44,SYSTEM_SEED,SYSTEM_SEED
VIC-03348,Puttaswamy Poojary,10,Under 18,MALE,42963000000035038,2026-07-15 14:36:44,2026-07-15 14:36:44,SYSTEM_SEED,SYSTEM_SEED
VIC-03349,Parvatamma Setty,36,36-45,FEMALE,42963000000035024,2026-07-15 14:36:44,2026-07-15 14:36:44,SYSTEM_SEED,SYSTEM_SEED
VIC-03350,Yashodamma Devadiga,18,18-25,FEMALE,42963000000035033,2026-07-15 14:36:44,2026-07-15 14:36:44,SYSTEM_SEED,SYSTEM_SEED
VIC-03351,Aditya Venkataraman,37,36-45,MALE,42963000000035022,2026-07-15 14:36:44,2026-07-15 14:36:44,SYSTEM_SEED,SYSTEM_SEED
VIC-03352,Vasanthamma Gowda,46,46-55,FEMALE,42963000000035028,2026-07-15 14:36:44,2026-07-15 14:36:44,SYSTEM_SEED,SYSTEM_SEED
VIC-03353,Jeet Manne,6,Under 18,MALE,42963000000035016,2026-07-15 14:36:44,2026-07-15 14:36:44,SYSTEM_SEED,SYSTEM_SEED
VIC-03354,Pushpalatha Reddy,74,66-80,FEMALE,42963000000035022,2026-07-15 14:36:44,2026-07-15 14:36:44,SYSTEM_SEED,SYSTEM_SEED
VIC-03355,Vasana Khatri,32,26-35,FEMALE,42963000000035016,2026-07-15 14:36:44,2026-07-15 14:36:44,SYSTEM_SEED,SYSTEM_SEED
VIC-03356,Aahana Aggarwal,75,66-80,FEMALE,42963000000035018,2026-07-15 14:36:44,2026-07-15 14:36:44,SYSTEM_SEED,SYSTEM_SEED
VIC-03357,Darsh Krishnan,4,Under 18,MALE,42963000000035041,2026-07-15 14:36:44,2026-07-15 14:36:44,SYSTEM_SEED,SYSTEM_SEED
VIC-03358,Samaksh Agate,20,18-25,MALE,42963000000035019,2026-07-15 14:36:44,2026-07-15 14:36:44,SYSTEM_SEED,SYSTEM_SEED
VIC-03359,Charita Rajagopalan,14,Under 18,FEMALE,42963000000035019,2026-07-15 14:36:44,2026-07-15 14:36:44,SYSTEM_SEED,SYSTEM_SEED
VIC-03360,Jacob Dewan,56,56-65,MALE,42963000000035013,2026-07-15 14:36:44,2026-07-15 14:36:44,SYSTEM_SEED,SYSTEM_SEED
VIC-03361,Shanthakumari Gowda,56,56-65,FEMALE,42963000000035020,2026-07-15 14:36:44,2026-07-15 14:36:44,SYSTEM_SEED,SYSTEM_SEED
VIC-03362,Lokesh Nayak,21,18-25,MALE,42963000000035016,2026-07-15 14:36:44,2026-07-15 14:36:44,SYSTEM_SEED,SYSTEM_SEED
VIC-03363,Harrison Shan,10,Under 18,MALE,42963000000035017,2026-07-15 14:36:44,2026-07-15 14:36:44,SYSTEM_SEED,SYSTEM_SEED
VIC-03364,Anthony Rama,23,18-25,MALE,42963000000035042,2026-07-15 14:36:44,2026-07-15 14:36:44,SYSTEM_SEED,SYSTEM_SEED
VIC-03365,Om Mital,44,36-45,MALE,42963000000035020,2026-07-15 14:36:44,2026-07-15 14:36:44,SYSTEM_SEED,SYSTEM_SEED
VIC-03366,Siddalingaiah Achar,34,26-35,MALE,42963000000035031,2026-07-15 14:36:44,2026-07-15 14:36:44,SYSTEM_SEED,SYSTEM_SEED
VIC-03367,Unnati Srinivasan,4,Under 18,FEMALE,42963000000035022,2026-07-15 14:36:44,2026-07-15 14:36:44,SYSTEM_SEED,SYSTEM_SEED
VIC-03368,Rishi Konda,70,66-80,MALE,42963000000035016,2026-07-15 14:36:44,2026-07-15 14:36:44,SYSTEM_SEED,SYSTEM_SEED
VIC-03369,Arya Bajaj,27,26-35,FEMALE,42963000000035033,2026-07-15 14:36:44,2026-07-15 14:36:44,SYSTEM_SEED,SYSTEM_SEED
VIC-03370,Imaran Krish,13,Under 18,MALE,42963000000035013,2026-07-15 14:36:44,2026-07-15 14:36:44,SYSTEM_SEED,SYSTEM_SEED
VIC-03371,Dhriti Chatterjee,54,46-55,FEMALE,42963000000035030,2026-07-15 14:36:44,2026-07-15 14:36:44,SYSTEM_SEED,SYSTEM_SEED
VIC-03372,Udant Butala,13,Under 18,MALE,42963000000035016,2026-07-15 14:36:44,2026-07-15 14:36:44,SYSTEM_SEED,SYSTEM_SEED
VIC-03373,Yutika Chada,48,46-55,FEMALE,42963000000035020,2026-07-15 14:36:44,2026-07-15 14:36:44,SYSTEM_SEED,SYSTEM_SEED
VIC-03374,Charita Pingle,61,56-65,FEMALE,42963000000035022,2026-07-15 14:36:44,2026-07-15 14:36:44,SYSTEM_SEED,SYSTEM_SEED
VIC-03375,Omya Thaker,45,36-45,FEMALE,42963000000035022,2026-07-15 14:36:44,2026-07-15 14:36:44,SYSTEM_SEED,SYSTEM_SEED
VIC-03376,Chandrakala Nayak,71,66-80,FEMALE,42963000000035019,2026-07-15 14:36:44,2026-07-15 14:36:44,SYSTEM_SEED,SYSTEM_SEED
VIC-03377,Basavaraj Achar,39,36-45,MALE,42963000000035018,2026-07-15 14:36:44,2026-07-15 14:36:44,SYSTEM_SEED,SYSTEM_SEED
VIC-03378,Jayamma Bhat,74,66-80,FEMALE,42963000000035038,2026-07-15 14:36:44,2026-07-15 14:36:44,SYSTEM_SEED,SYSTEM_SEED
VIC-03379,Thimmaiah Nayak,44,36-45,MALE,42963000000035029,2026-07-15 14:36:44,2026-07-15 14:36:44,SYSTEM_SEED,SYSTEM_SEED
VIC-03380,Mahadevi Naik,19,18-25,FEMALE,42963000000035021,2026-07-15 14:36:44,2026-07-15 14:36:44,SYSTEM_SEED,SYSTEM_SEED
VIC-03381,Nilima Doctor,69,66-80,FEMALE,42963000000035033,2026-07-15 14:36:44,2026-07-15 14:36:44,SYSTEM_SEED,SYSTEM_SEED
VIC-03382,Girindra Lad,15,Under 18,MALE,42963000000035026,2026-07-15 14:36:44,2026-07-15 14:36:44,SYSTEM_SEED,SYSTEM_SEED
VIC-03383,Bakhshi Patil,72,66-80,MALE,42963000000035034,2026-07-15 14:36:44,2026-07-15 14:36:44,SYSTEM_SEED,SYSTEM_SEED
VIC-03384,Neel Khare,23,18-25,MALE,42963000000035025,2026-07-15 14:36:44,2026-07-15 14:36:44,SYSTEM_SEED,SYSTEM_SEED
VIC-03385,Shanthakumari Devadiga,5,Under 18,FEMALE,42963000000035036,2026-07-15 14:36:44,2026-07-15 14:36:44,SYSTEM_SEED,SYSTEM_SEED
VIC-03386,Samuel Roy,28,26-35,MALE,42963000000035038,2026-07-15 14:36:44,2026-07-15 14:36:44,SYSTEM_SEED,SYSTEM_SEED
VIC-03387,Shanthakumari Nayak,29,26-35,FEMALE,42963000000035027,2026-07-15 14:36:44,2026-07-15 14:36:44,SYSTEM_SEED,SYSTEM_SEED
VIC-03388,Vansha Nagy,60,56-65,FEMALE,42963000000035024,2026-07-15 14:36:44,2026-07-15 14:36:44,SYSTEM_SEED,SYSTEM_SEED
VIC-03389,Jeremiah Mander,8,Under 18,MALE,42963000000035028,2026-07-15 14:36:44,2026-07-15 14:36:44,SYSTEM_SEED,SYSTEM_SEED
VIC-03390,Tanmayi Sankaran,42,36-45,FEMALE,42963000000035012,2026-07-15 14:36:44,2026-07-15 14:36:44,SYSTEM_SEED,SYSTEM_SEED
VIC-03391,Falak Bera,74,66-80,FEMALE,42963000000035024,2026-07-15 14:36:44,2026-07-15 14:36:44,SYSTEM_SEED,SYSTEM_SEED
VIC-03392,Nagaveni Gowda,37,36-45,FEMALE,42963000000035041,2026-07-15 14:36:44,2026-07-15 14:36:44,SYSTEM_SEED,SYSTEM_SEED
VIC-03393,Ayush Devi,55,46-55,MALE,42963000000035028,2026-07-15 14:36:44,2026-07-15 14:36:44,SYSTEM_SEED,SYSTEM_SEED
VIC-03394,Adweta Dewan,31,26-35,FEMALE,42963000000035025,2026-07-15 14:36:44,2026-07-15 14:36:44,SYSTEM_SEED,SYSTEM_SEED
VIC-03395,Puttaswamy Urs,70,66-80,MALE,42963000000035030,2026-07-15 14:36:44,2026-07-15 14:36:44,SYSTEM_SEED,SYSTEM_SEED
VIC-03396,Yashica Doshi,47,46-55,FEMALE,42963000000035023,2026-07-15 14:36:44,2026-07-15 14:36:44,SYSTEM_SEED,SYSTEM_SEED
VIC-03397,Indrajit Varghese,76,66-80,MALE,42963000000035039,2026-07-15 14:36:44,2026-07-15 14:36:44,SYSTEM_SEED,SYSTEM_SEED
VIC-03398,Sureshgowda Poojary,23,18-25,MALE,42963000000035033,2026-07-15 14:36:44,2026-07-15 14:36:44,SYSTEM_SEED,SYSTEM_SEED
VIC-03399,Maanas Agarwal,21,18-25,MALE,42963000000035041,2026-07-15 14:36:44,2026-07-15 14:36:44,SYSTEM_SEED,SYSTEM_SEED
VIC-03400,Rohan Dhaliwal,5,Under 18,MALE,42963000000035017,2026-07-15 14:36:44,2026-07-15 14:36:44,SYSTEM_SEED,SYSTEM_SEED
VIC-03401,Zilmil Pal,5,Under 18,FEMALE,42963000000035021,2026-07-15 14:36:44,2026-07-15 14:36:44,SYSTEM_SEED,SYSTEM_SEED
VIC-03402,Mahadevi Shetty,13,Under 18,FEMALE,42963000000035039,2026-07-15 14:36:44,2026-07-15 14:36:44,SYSTEM_SEED,SYSTEM_SEED
VIC-03403,Mahadevi Naik,24,18-25,FEMALE,42963000000035012,2026-07-15 14:36:44,2026-07-15 14:36:44,SYSTEM_SEED,SYSTEM_SEED
VIC-03404,Vasanthamma Hegde,73,66-80,FEMALE,42963000000035034,2026-07-15 14:36:44,2026-07-15 14:36:44,SYSTEM_SEED,SYSTEM_SEED
VIC-03405,Yadavi Lala,55,46-55,FEMALE,42963000000035013,2026-07-15 14:36:44,2026-07-15 14:36:44,SYSTEM_SEED,SYSTEM_SEED
VIC-03406,Ekansh Sibal,80,66-80,MALE,42963000000035015,2026-07-15 14:36:44,2026-07-15 14:36:44,SYSTEM_SEED,SYSTEM_SEED
VIC-03407,Mahadevi Reddy,0,Under 18,FEMALE,42963000000035016,2026-07-15 14:36:44,2026-07-15 14:36:44,SYSTEM_SEED,SYSTEM_SEED
VIC-03408,Praneel Hans,30,26-35,MALE,42963000000035024,2026-07-15 14:36:44,2026-07-15 14:36:44,SYSTEM_SEED,SYSTEM_SEED
VIC-03409,Nachiket Dutta,68,66-80,MALE,42963000000035013,2026-07-15 14:36:44,2026-07-15 14:36:44,SYSTEM_SEED,SYSTEM_SEED
VIC-03410,Lokesh Rai,67,66-80,MALE,42963000000035042,2026-07-15 14:36:44,2026-07-15 14:36:44,SYSTEM_SEED,SYSTEM_SEED
VIC-03411,Pooja Sha,61,56-65,FEMALE,42963000000035033,2026-07-15 14:36:44,2026-07-15 14:36:44,SYSTEM_SEED,SYSTEM_SEED
VIC-03412,Prakash Devadiga,18,18-25,MALE,42963000000035023,2026-07-15 14:36:44,2026-07-15 14:36:44,SYSTEM_SEED,SYSTEM_SEED
VIC-03413,Lokesh Shetty,48,46-55,MALE,42963000000035039,2026-07-15 14:36:44,2026-07-15 14:36:44,SYSTEM_SEED,SYSTEM_SEED
VIC-03414,Aayush Menon,59,56-65,MALE,42963000000035026,2026-07-15 14:36:44,2026-07-15 14:36:44,SYSTEM_SEED,SYSTEM_SEED
VIC-03415,Gauri Chandra,39,36-45,FEMALE,42963000000035016,2026-07-15 14:36:44,2026-07-15 14:36:44,SYSTEM_SEED,SYSTEM_SEED
VIC-03416,Oni Chhabra,53,46-55,FEMALE,42963000000035037,2026-07-15 14:36:44,2026-07-15 14:36:44,SYSTEM_SEED,SYSTEM_SEED
VIC-03417,Shaurya Boase,24,18-25,MALE,42963000000035014,2026-07-15 14:36:44,2026-07-15 14:36:44,SYSTEM_SEED,SYSTEM_SEED
VIC-03418,Nihal Pal,65,56-65,MALE,42963000000035026,2026-07-15 14:36:44,2026-07-15 14:36:44,SYSTEM_SEED,SYSTEM_SEED
VIC-03419,Thimmaiah Achar,29,26-35,MALE,42963000000035024,2026-07-15 14:36:44,2026-07-15 14:36:44,SYSTEM_SEED,SYSTEM_SEED
VIC-03420,Prakash Bhat,34,26-35,MALE,42963000000035018,2026-07-15 14:36:44,2026-07-15 14:36:44,SYSTEM_SEED,SYSTEM_SEED
VIC-03421,Luke Rao,46,46-55,MALE,42963000000035024,2026-07-15 14:36:44,2026-07-15 14:36:44,SYSTEM_SEED,SYSTEM_SEED
VIC-03422,Amol Bhat,55,46-55,MALE,42963000000035012,2026-07-15 14:36:44,2026-07-15 14:36:44,SYSTEM_SEED,SYSTEM_SEED
VIC-03423,Gabriel Kanda,33,26-35,MALE,42963000000035038,2026-07-15 14:36:44,2026-07-15 14:36:44,SYSTEM_SEED,SYSTEM_SEED
VIC-03424,Libni Sandhu,16,Under 18,FEMALE,42963000000035019,2026-07-15 14:36:44,2026-07-15 14:36:44,SYSTEM_SEED,SYSTEM_SEED
VIC-03425,Advik Bhagat,23,18-25,MALE,42963000000035027,2026-07-15 14:36:44,2026-07-15 14:36:44,SYSTEM_SEED,SYSTEM_SEED
VIC-03426,Vasanthamma Devadiga,59,56-65,FEMALE,42963000000035017,2026-07-15 14:36:44,2026-07-15 14:36:44,SYSTEM_SEED,SYSTEM_SEED
VIC-03427,Eesha Kibe,27,26-35,FEMALE,42963000000035033,2026-07-15 14:36:44,2026-07-15 14:36:44,SYSTEM_SEED,SYSTEM_SEED
VIC-03428,Veer Chadha,10,Under 18,MALE,42963000000035019,2026-07-15 14:36:44,2026-07-15 14:36:44,SYSTEM_SEED,SYSTEM_SEED
VIC-03429,Chanchal Gill,66,66-80,FEMALE,42963000000035014,2026-07-15 14:36:44,2026-07-15 14:36:44,SYSTEM_SEED,SYSTEM_SEED
VIC-03430,Devansh Sane,19,18-25,MALE,42963000000035028,2026-07-15 14:36:44,2026-07-15 14:36:44,SYSTEM_SEED,SYSTEM_SEED
VIC-03431,Parth Chakraborty,0,Under 18,MALE,42963000000035020,2026-07-15 14:36:44,2026-07-15 14:36:44,SYSTEM_SEED,SYSTEM_SEED
VIC-03432,Harish Nayak,0,Under 18,MALE,42963000000035033,2026-07-15 14:36:44,2026-07-15 14:36:44,SYSTEM_SEED,SYSTEM_SEED
VIC-03433,Amruta Lalla,10,Under 18,FEMALE,42963000000035022,2026-07-15 14:36:44,2026-07-15 14:36:44,SYSTEM_SEED,SYSTEM_SEED
VIC-03434,Shanthakumari Bhat,74,66-80,FEMALE,42963000000035016,2026-07-15 14:36:44,2026-07-15 14:36:44,SYSTEM_SEED,SYSTEM_SEED
VIC-03435,Abdul Tank,12,Under 18,MALE,42963000000035017,2026-07-15 14:36:44,2026-07-15 14:36:44,SYSTEM_SEED,SYSTEM_SEED
VIC-03436,Teerth Nair,60,56-65,MALE,42963000000035030,2026-07-15 14:36:44,2026-07-15 14:36:44,SYSTEM_SEED,SYSTEM_SEED
VIC-03437,Lokesh Nayak,71,66-80,MALE,42963000000035015,2026-07-15 14:36:44,2026-07-15 14:36:44,SYSTEM_SEED,SYSTEM_SEED
VIC-03438,Kariyappa Hegde,74,66-80,MALE,42963000000035017,2026-07-15 14:36:44,2026-07-15 14:36:44,SYSTEM_SEED,SYSTEM_SEED
VIC-03439,Kai Muni,25,18-25,MALE,42963000000035022,2026-07-15 14:36:44,2026-07-15 14:36:44,SYSTEM_SEED,SYSTEM_SEED
VIC-03440,Sunandamma Setty,30,26-35,FEMALE,42963000000035018,2026-07-15 14:36:44,2026-07-15 14:36:44,SYSTEM_SEED,SYSTEM_SEED
VIC-03441,Sureshgowda Shetty,66,66-80,MALE,42963000000035024,2026-07-15 14:36:44,2026-07-15 14:36:44,SYSTEM_SEED,SYSTEM_SEED
VIC-03442,Nagaveni Bhat,76,66-80,FEMALE,42963000000035042,2026-07-15 14:36:44,2026-07-15 14:36:44,SYSTEM_SEED,SYSTEM_SEED
VIC-03443,Aradhana Mody,65,56-65,FEMALE,42963000000035014,2026-07-15 14:36:44,2026-07-15 14:36:44,SYSTEM_SEED,SYSTEM_SEED
VIC-03444,Eshana Sarraf,31,26-35,FEMALE,42963000000035028,2026-07-15 14:36:44,2026-07-15 14:36:44,SYSTEM_SEED,SYSTEM_SEED
VIC-03445,Imaran Mital,9,Under 18,MALE,42963000000035016,2026-07-15 14:36:44,2026-07-15 14:36:44,SYSTEM_SEED,SYSTEM_SEED
VIC-03446,Amaira Chhabra,28,26-35,FEMALE,42963000000035028,2026-07-15 14:36:44,2026-07-15 14:36:44,SYSTEM_SEED,SYSTEM_SEED
VIC-03447,Ojas Khalsa,72,66-80,MALE,42963000000035018,2026-07-15 14:36:44,2026-07-15 14:36:44,SYSTEM_SEED,SYSTEM_SEED
VIC-03448,Qadim Tata,19,18-25,MALE,42963000000035041,2026-07-15 14:36:44,2026-07-15 14:36:44,SYSTEM_SEED,SYSTEM_SEED
VIC-03449,Nilima Swamy,66,66-80,FEMALE,42963000000035015,2026-07-15 14:36:44,2026-07-15 14:36:44,SYSTEM_SEED,SYSTEM_SEED
VIC-03450,Kai Keer,31,26-35,MALE,42963000000035028,2026-07-15 14:36:44,2026-07-15 14:36:44,SYSTEM_SEED,SYSTEM_SEED
VIC-03451,Kariyappa Gowda,53,46-55,MALE,42963000000035028,2026-07-15 14:36:44,2026-07-15 14:36:44,SYSTEM_SEED,SYSTEM_SEED
VIC-03452,Ucchal Chacko,56,56-65,FEMALE,42963000000035016,2026-07-15 14:36:44,2026-07-15 14:36:44,SYSTEM_SEED,SYSTEM_SEED
VIC-03453,Kariyappa Poojary,53,46-55,MALE,42963000000035015,2026-07-15 14:36:44,2026-07-15 14:36:44,SYSTEM_SEED,SYSTEM_SEED
VIC-03454,Tara Warrior,6,Under 18,FEMALE,42963000000035035,2026-07-15 14:36:44,2026-07-15 14:36:44,SYSTEM_SEED,SYSTEM_SEED
VIC-03455,Bhagyalakshmi Hegde,3,Under 18,FEMALE,42963000000035014,2026-07-15 14:36:44,2026-07-15 14:36:44,SYSTEM_SEED,SYSTEM_SEED
VIC-03456,Finn Nadkarni,35,26-35,MALE,42963000000035033,2026-07-15 14:36:44,2026-07-15 14:36:44,SYSTEM_SEED,SYSTEM_SEED
VIC-03457,Siddalingaiah Hegde,71,66-80,MALE,42963000000035038,2026-07-15 14:36:44,2026-07-15 14:36:44,SYSTEM_SEED,SYSTEM_SEED
VIC-03458,Dev Shanker,20,18-25,MALE,42963000000035013,2026-07-15 14:36:44,2026-07-15 14:36:44,SYSTEM_SEED,SYSTEM_SEED
VIC-03459,Pushpalatha Reddy,16,Under 18,FEMALE,42963000000035020,2026-07-15 14:36:44,2026-07-15 14:36:44,SYSTEM_SEED,SYSTEM_SEED
VIC-03460,Shravya Sethi,23,18-25,FEMALE,42963000000035017,2026-07-15 14:36:44,2026-07-15 14:36:44,SYSTEM_SEED,SYSTEM_SEED
VIC-03461,Rohan Sahota,71,66-80,MALE,42963000000035023,2026-07-15 14:36:44,2026-07-15 14:36:44,SYSTEM_SEED,SYSTEM_SEED
VIC-03462,Parth Ratta,28,26-35,MALE,42963000000035035,2026-07-15 14:36:44,2026-07-15 14:36:44,SYSTEM_SEED,SYSTEM_SEED
VIC-03463,Dhruv Majumdar,58,56-65,MALE,42963000000035041,2026-07-15 14:36:44,2026-07-15 14:36:44,SYSTEM_SEED,SYSTEM_SEED
VIC-03464,Vaishnavi Rege,24,18-25,FEMALE,42963000000035029,2026-07-15 14:36:44,2026-07-15 14:36:44,SYSTEM_SEED,SYSTEM_SEED
VIC-03465,Krishna Memon,30,26-35,MALE,42963000000035023,2026-07-15 14:36:44,2026-07-15 14:36:44,SYSTEM_SEED,SYSTEM_SEED
VIC-03466,Vinaya Buch,60,56-65,FEMALE,42963000000035020,2026-07-15 14:36:44,2026-07-15 14:36:44,SYSTEM_SEED,SYSTEM_SEED
VIC-03467,Bhanumati Johal,32,26-35,FEMALE,42963000000035030,2026-07-15 14:36:44,2026-07-15 14:36:44,SYSTEM_SEED,SYSTEM_SEED
VIC-03468,Advika Bansal,31,26-35,FEMALE,42963000000035031,2026-07-15 14:36:44,2026-07-15 14:36:44,SYSTEM_SEED,SYSTEM_SEED
VIC-03469,Chatura Uppal,47,46-55,MALE,42963000000035023,2026-07-15 14:36:44,2026-07-15 14:36:44,SYSTEM_SEED,SYSTEM_SEED
VIC-03470,Siddalingaiah Devadiga,64,56-65,MALE,42963000000035019,2026-07-15 14:36:44,2026-07-15 14:36:44,SYSTEM_SEED,SYSTEM_SEED
VIC-03471,Yamini Subramanian,63,56-65,FEMALE,42963000000035038,2026-07-15 14:36:44,2026-07-15 14:36:44,SYSTEM_SEED,SYSTEM_SEED
VIC-03472,Eta Dass,78,66-80,FEMALE,42963000000035019,2026-07-15 14:36:44,2026-07-15 14:36:44,SYSTEM_SEED,SYSTEM_SEED
VIC-03473,Naksh Magar,52,46-55,MALE,42963000000035014,2026-07-15 14:36:44,2026-07-15 14:36:44,SYSTEM_SEED,SYSTEM_SEED
VIC-03474,Channabasappa Reddy,39,36-45,MALE,42963000000035026,2026-07-15 14:36:44,2026-07-15 14:36:44,SYSTEM_SEED,SYSTEM_SEED
VIC-03475,Akkamahadevi Naik,4,Under 18,FEMALE,42963000000035019,2026-07-15 14:36:44,2026-07-15 14:36:44,SYSTEM_SEED,SYSTEM_SEED
VIC-03476,Nikita Bera,44,36-45,FEMALE,42963000000035036,2026-07-15 14:36:44,2026-07-15 14:36:44,SYSTEM_SEED,SYSTEM_SEED
VIC-03477,Ubika Radhakrishnan,7,Under 18,FEMALE,42963000000035016,2026-07-15 14:36:44,2026-07-15 14:36:44,SYSTEM_SEED,SYSTEM_SEED
VIC-03478,Christopher Dora,22,18-25,MALE,42963000000035029,2026-07-15 14:36:44,2026-07-15 14:36:44,SYSTEM_SEED,SYSTEM_SEED
VIC-03479,Om Sant,13,Under 18,MALE,42963000000035033,2026-07-15 14:36:44,2026-07-15 14:36:44,SYSTEM_SEED,SYSTEM_SEED
VIC-03480,Pranav Gade,52,46-55,MALE,42963000000035017,2026-07-15 14:36:44,2026-07-15 14:36:44,SYSTEM_SEED,SYSTEM_SEED
VIC-03481,Sureshgowda Shetty,0,Under 18,MALE,42963000000035018,2026-07-15 14:36:44,2026-07-15 14:36:44,SYSTEM_SEED,SYSTEM_SEED
VIC-03482,Lavanya Gera,11,Under 18,FEMALE,42963000000035029,2026-07-15 14:36:44,2026-07-15 14:36:44,SYSTEM_SEED,SYSTEM_SEED
VIC-03483,Gangamma Gowda,70,66-80,FEMALE,42963000000035040,2026-07-15 14:36:44,2026-07-15 14:36:44,SYSTEM_SEED,SYSTEM_SEED
VIC-03484,Ryan Malhotra,67,66-80,MALE,42963000000035023,2026-07-15 14:36:44,2026-07-15 14:36:44,SYSTEM_SEED,SYSTEM_SEED
VIC-03485,Chaitanya Dasgupta,75,66-80,MALE,42963000000035024,2026-07-15 14:36:44,2026-07-15 14:36:44,SYSTEM_SEED,SYSTEM_SEED
VIC-03486,Yatin Hayre,64,56-65,MALE,42963000000035017,2026-07-15 14:36:44,2026-07-15 14:36:44,SYSTEM_SEED,SYSTEM_SEED
VIC-03487,Sunandamma Setty,30,26-35,FEMALE,42963000000035016,2026-07-15 14:36:44,2026-07-15 14:36:44,SYSTEM_SEED,SYSTEM_SEED
VIC-03488,Chandrashekar Hegde,46,46-55,MALE,42963000000035028,2026-07-15 14:36:44,2026-07-15 14:36:44,SYSTEM_SEED,SYSTEM_SEED
VIC-03489,Sunandamma Shetty,51,46-55,FEMALE,42963000000035022,2026-07-15 14:36:44,2026-07-15 14:36:44,SYSTEM_SEED,SYSTEM_SEED
VIC-03490,Ethan Sheth,66,66-80,MALE,42963000000035022,2026-07-15 14:36:44,2026-07-15 14:36:44,SYSTEM_SEED,SYSTEM_SEED
VIC-03491,Aadhya Sanghvi,1,Under 18,FEMALE,42963000000035032,2026-07-15 14:36:44,2026-07-15 14:36:44,SYSTEM_SEED,SYSTEM_SEED
VIC-03492,Pushpalatha Rai,0,Under 18,FEMALE,42963000000035034,2026-07-15 14:36:44,2026-07-15 14:36:44,SYSTEM_SEED,SYSTEM_SEED
VIC-03493,Yashodamma Reddy,61,56-65,FEMALE,42963000000035017,2026-07-15 14:36:44,2026-07-15 14:36:44,SYSTEM_SEED,SYSTEM_SEED
VIC-03494,Nikita Kar,0,Under 18,FEMALE,42963000000035034,2026-07-15 14:36:44,2026-07-15 14:36:44,SYSTEM_SEED,SYSTEM_SEED
VIC-03495,Maanas Tella,14,Under 18,MALE,42963000000035023,2026-07-15 14:36:44,2026-07-15 14:36:44,SYSTEM_SEED,SYSTEM_SEED
VIC-03496,Akkamahadevi Setty,24,18-25,FEMALE,42963000000035042,2026-07-15 14:36:44,2026-07-15 14:36:44,SYSTEM_SEED,SYSTEM_SEED
VIC-03497,Sujathamma Urs,21,18-25,FEMALE,42963000000035020,2026-07-15 14:36:44,2026-07-15 14:36:44,SYSTEM_SEED,SYSTEM_SEED
VIC-03498,Manjunath Setty,75,66-80,MALE,42963000000035015,2026-07-15 14:36:44,2026-07-15 14:36:44,SYSTEM_SEED,SYSTEM_SEED
VIC-03499,Pushpalatha Kulkarni,49,46-55,FEMALE,42963000000035037,2026-07-15 14:36:44,2026-07-15 14:36:44,SYSTEM_SEED,SYSTEM_SEED
VIC-03500,Lokesh Shetty,46,46-55,MALE,42963000000035019,2026-07-15 14:36:44,2026-07-15 14:36:44,SYSTEM_SEED,SYSTEM_SEED
VIC-03501,Thimmakka Bhat,23,18-25,FEMALE,42963000000035023,2026-07-15 14:36:44,2026-07-15 14:36:44,SYSTEM_SEED,SYSTEM_SEED
VIC-03502,Bhavini Wable,20,18-25,FEMALE,42963000000035035,2026-07-15 14:36:44,2026-07-15 14:36:44,SYSTEM_SEED,SYSTEM_SEED
VIC-03503,Bhagyalakshmi Bhat,75,66-80,FEMALE,42963000000035041,2026-07-15 14:36:44,2026-07-15 14:36:44,SYSTEM_SEED,SYSTEM_SEED
VIC-03504,Ubika Yadav,14,Under 18,FEMALE,42963000000035025,2026-07-15 14:36:44,2026-07-15 14:36:44,SYSTEM_SEED,SYSTEM_SEED
VIC-03505,Tanmayi Ravel,4,Under 18,FEMALE,42963000000035020,2026-07-15 14:36:44,2026-07-15 14:36:44,SYSTEM_SEED,SYSTEM_SEED
VIC-03506,Aditya Palan,24,18-25,MALE,42963000000035023,2026-07-15 14:36:44,2026-07-15 14:36:44,SYSTEM_SEED,SYSTEM_SEED
VIC-03507,Savitramma Hegde,67,66-80,FEMALE,42963000000035024,2026-07-15 14:36:44,2026-07-15 14:36:44,SYSTEM_SEED,SYSTEM_SEED
VIC-03508,Daksha Bassi,72,66-80,FEMALE,42963000000035038,2026-07-15 14:36:44,2026-07-15 14:36:44,SYSTEM_SEED,SYSTEM_SEED
VIC-03509,Chakradev Dyal,21,18-25,MALE,42963000000035016,2026-07-15 14:36:44,2026-07-15 14:36:44,SYSTEM_SEED,SYSTEM_SEED
VIC-03510,Chandrakala Nayak,76,66-80,FEMALE,42963000000035030,2026-07-15 14:36:44,2026-07-15 14:36:44,SYSTEM_SEED,SYSTEM_SEED
VIC-03511,Puttaswamy Rai,20,18-25,MALE,42963000000035014,2026-07-15 14:36:44,2026-07-15 14:36:44,SYSTEM_SEED,SYSTEM_SEED
VIC-03512,Nachiket Hayre,56,56-65,MALE,42963000000035029,2026-07-15 14:36:44,2026-07-15 14:36:44,SYSTEM_SEED,SYSTEM_SEED
VIC-03513,Vasanthamma Devadiga,60,56-65,FEMALE,42963000000035017,2026-07-15 14:36:44,2026-07-15 14:36:44,SYSTEM_SEED,SYSTEM_SEED
VIC-03514,Lokesh Reddy,16,Under 18,MALE,42963000000035040,2026-07-15 14:36:44,2026-07-15 14:36:44,SYSTEM_SEED,SYSTEM_SEED
VIC-03515,Benjamin Grewal,44,36-45,MALE,42963000000035024,2026-07-15 14:36:44,2026-07-15 14:36:44,SYSTEM_SEED,SYSTEM_SEED
VIC-03516,Bhagyalakshmi Shetty,9,Under 18,FEMALE,42963000000035030,2026-07-15 14:36:44,2026-07-15 14:36:44,SYSTEM_SEED,SYSTEM_SEED
VIC-03517,Amruta Dani,12,Under 18,FEMALE,42963000000035018,2026-07-15 14:36:44,2026-07-15 14:36:44,SYSTEM_SEED,SYSTEM_SEED
VIC-03518,Ati Mukhopadhyay,48,46-55,FEMALE,42963000000035042,2026-07-15 14:36:44,2026-07-15 14:36:44,SYSTEM_SEED,SYSTEM_SEED
VIC-03519,Channabasappa Reddy,25,18-25,MALE,42963000000035033,2026-07-15 14:36:44,2026-07-15 14:36:44,SYSTEM_SEED,SYSTEM_SEED
VIC-03520,Aarnav Khatri,61,56-65,MALE,42963000000035017,2026-07-15 14:36:44,2026-07-15 14:36:44,SYSTEM_SEED,SYSTEM_SEED
VIC-03521,Ekta Chaudhry,60,56-65,FEMALE,42963000000035021,2026-07-15 14:36:44,2026-07-15 14:36:44,SYSTEM_SEED,SYSTEM_SEED
VIC-03522,Avi Bhardwaj,15,Under 18,MALE,42963000000035035,2026-07-15 14:36:44,2026-07-15 14:36:44,SYSTEM_SEED,SYSTEM_SEED
VIC-03523,Finn Bhatia,39,36-45,MALE,42963000000035022,2026-07-15 14:36:44,2026-07-15 14:36:44,SYSTEM_SEED,SYSTEM_SEED
VIC-03524,Damini Sekhon,68,66-80,FEMALE,42963000000035033,2026-07-15 14:36:44,2026-07-15 14:36:44,SYSTEM_SEED,SYSTEM_SEED
VIC-03525,Yallappa Devadiga,26,26-35,MALE,42963000000035027,2026-07-15 14:36:44,2026-07-15 14:36:44,SYSTEM_SEED,SYSTEM_SEED
VIC-03526,Ravindranath Reddy,51,46-55,MALE,42963000000035027,2026-07-15 14:36:44,2026-07-15 14:36:44,SYSTEM_SEED,SYSTEM_SEED
VIC-03527,Chaitaly Chakraborty,62,56-65,FEMALE,42963000000035019,2026-07-15 14:36:44,2026-07-15 14:36:44,SYSTEM_SEED,SYSTEM_SEED
VIC-03528,Anamika Arya,77,66-80,FEMALE,42963000000035042,2026-07-15 14:36:44,2026-07-15 14:36:44,SYSTEM_SEED,SYSTEM_SEED
VIC-03529,Neha Soman,1,Under 18,FEMALE,42963000000035025,2026-07-15 14:36:44,2026-07-15 14:36:44,SYSTEM_SEED,SYSTEM_SEED
VIC-03530,Jai Chhabra,29,26-35,MALE,42963000000035027,2026-07-15 14:36:44,2026-07-15 14:36:44,SYSTEM_SEED,SYSTEM_SEED
VIC-03531,Chandrashekar Urs,38,36-45,MALE,42963000000035016,2026-07-15 14:36:44,2026-07-15 14:36:44,SYSTEM_SEED,SYSTEM_SEED
VIC-03532,Chandran Shukla,79,66-80,MALE,42963000000035020,2026-07-15 14:36:44,2026-07-15 14:36:44,SYSTEM_SEED,SYSTEM_SEED
VIC-03533,Bhagyalakshmi Devadiga,37,36-45,FEMALE,42963000000035019,2026-07-15 14:36:44,2026-07-15 14:36:44,SYSTEM_SEED,SYSTEM_SEED
VIC-03534,Jayamma Devadiga,17,Under 18,FEMALE,42963000000035022,2026-07-15 14:36:44,2026-07-15 14:36:44,SYSTEM_SEED,SYSTEM_SEED
VIC-03535,Arin Cheema,71,66-80,MALE,42963000000035023,2026-07-15 14:36:44,2026-07-15 14:36:44,SYSTEM_SEED,SYSTEM_SEED
VIC-03536,Faras Pant,32,26-35,MALE,42963000000035024,2026-07-15 14:36:44,2026-07-15 14:36:44,SYSTEM_SEED,SYSTEM_SEED
VIC-03537,Chandrakala Kulkarni,35,26-35,FEMALE,42963000000035039,2026-07-15 14:36:44,2026-07-15 14:36:44,SYSTEM_SEED,SYSTEM_SEED
VIC-03538,Zehaan Kuruvilla,78,66-80,MALE,42963000000035018,2026-07-15 14:36:44,2026-07-15 14:36:44,SYSTEM_SEED,SYSTEM_SEED
VIC-03539,Lucky Shukla,48,46-55,MALE,42963000000035034,2026-07-15 14:36:44,2026-07-15 14:36:44,SYSTEM_SEED,SYSTEM_SEED
VIC-03540,Shivakumar Bhat,21,18-25,MALE,42963000000035042,2026-07-15 14:36:44,2026-07-15 14:36:44,SYSTEM_SEED,SYSTEM_SEED
VIC-03541,Qabil Andra,76,66-80,MALE,42963000000035029,2026-07-15 14:36:44,2026-07-15 14:36:44,SYSTEM_SEED,SYSTEM_SEED
VIC-03542,Brinda Jha,2,Under 18,FEMALE,42963000000035027,2026-07-15 14:36:44,2026-07-15 14:36:44,SYSTEM_SEED,SYSTEM_SEED
VIC-03543,Gangamma Poojary,61,56-65,FEMALE,42963000000035024,2026-07-15 14:36:44,2026-07-15 14:36:44,SYSTEM_SEED,SYSTEM_SEED
VIC-03544,Onkar Kapoor,73,66-80,MALE,42963000000035030,2026-07-15 14:36:44,2026-07-15 14:36:44,SYSTEM_SEED,SYSTEM_SEED
VIC-03545,Sujathamma Kulkarni,76,66-80,FEMALE,42963000000035029,2026-07-15 14:36:44,2026-07-15 14:36:44,SYSTEM_SEED,SYSTEM_SEED
VIC-03546,Zilmil Gandhi,78,66-80,FEMALE,42963000000035040,2026-07-15 14:36:44,2026-07-15 14:36:44,SYSTEM_SEED,SYSTEM_SEED
VIC-03547,Alka Sodhi,38,36-45,FEMALE,42963000000035033,2026-07-15 14:36:44,2026-07-15 14:36:44,SYSTEM_SEED,SYSTEM_SEED
VIC-03548,Zarna Sawhney,11,Under 18,FEMALE,42963000000035033,2026-07-15 14:36:44,2026-07-15 14:36:44,SYSTEM_SEED,SYSTEM_SEED
VIC-03549,Warinder Devan,8,Under 18,MALE,42963000000035025,2026-07-15 14:36:44,2026-07-15 14:36:44,SYSTEM_SEED,SYSTEM_SEED
VIC-03550,Mahadevi Setty,56,56-65,FEMALE,42963000000035033,2026-07-15 14:36:44,2026-07-15 14:36:44,SYSTEM_SEED,SYSTEM_SEED
VIC-03551,Vasanthamma Hegde,28,26-35,FEMALE,42963000000035033,2026-07-15 14:36:44,2026-07-15 14:36:44,SYSTEM_SEED,SYSTEM_SEED
VIC-03552,Shivakumar Naik,30,26-35,MALE,42963000000035012,2026-07-15 14:36:44,2026-07-15 14:36:44,SYSTEM_SEED,SYSTEM_SEED
VIC-03553,Girijamma Shetty,38,36-45,FEMALE,42963000000035032,2026-07-15 14:36:44,2026-07-15 14:36:44,SYSTEM_SEED,SYSTEM_SEED
VIC-03554,Baghyawati Karan,51,46-55,FEMALE,42963000000035022,2026-07-15 14:36:44,2026-07-15 14:36:44,SYSTEM_SEED,SYSTEM_SEED
VIC-03555,Parvatamma Shetty,57,56-65,FEMALE,42963000000035013,2026-07-15 14:36:44,2026-07-15 14:36:44,SYSTEM_SEED,SYSTEM_SEED
VIC-03556,Jayamma Hegde,31,26-35,FEMALE,42963000000035035,2026-07-15 14:36:44,2026-07-15 14:36:44,SYSTEM_SEED,SYSTEM_SEED
VIC-03557,Daksh Sagar,59,56-65,MALE,42963000000035022,2026-07-15 14:36:44,2026-07-15 14:36:44,SYSTEM_SEED,SYSTEM_SEED
VIC-03558,Tanay Bala,4,Under 18,MALE,42963000000035036,2026-07-15 14:36:44,2026-07-15 14:36:44,SYSTEM_SEED,SYSTEM_SEED
VIC-03559,Vrinda Dubey,78,66-80,FEMALE,42963000000035018,2026-07-15 14:36:44,2026-07-15 14:36:44,SYSTEM_SEED,SYSTEM_SEED
VIC-03560,Harrison Rajagopalan,20,18-25,MALE,42963000000035026,2026-07-15 14:36:44,2026-07-15 14:36:44,SYSTEM_SEED,SYSTEM_SEED
VIC-03561,Ravindranath Rai,75,66-80,MALE,42963000000035016,2026-07-15 14:36:44,2026-07-15 14:36:44,SYSTEM_SEED,SYSTEM_SEED
VIC-03562,Shanthakumari Achar,3,Under 18,FEMALE,42963000000035020,2026-07-15 14:36:44,2026-07-15 14:36:44,SYSTEM_SEED,SYSTEM_SEED
VIC-03563,Wridesh Swaminathan,53,46-55,MALE,42963000000035028,2026-07-15 14:36:44,2026-07-15 14:36:44,SYSTEM_SEED,SYSTEM_SEED
VIC-03564,Puttaswamy Naik,76,66-80,MALE,42963000000035016,2026-07-15 14:36:44,2026-07-15 14:36:44,SYSTEM_SEED,SYSTEM_SEED
VIC-03565,Ira Sundaram,38,36-45,FEMALE,42963000000035012,2026-07-15 14:36:44,2026-07-15 14:36:44,SYSTEM_SEED,SYSTEM_SEED
VIC-03566,Nagaveni Urs,15,Under 18,FEMALE,42963000000035040,2026-07-15 14:36:44,2026-07-15 14:36:44,SYSTEM_SEED,SYSTEM_SEED
VIC-03567,Jhalak Baria,18,18-25,FEMALE,42963000000035024,2026-07-15 14:36:44,2026-07-15 14:36:44,SYSTEM_SEED,SYSTEM_SEED
VIC-03568,Shaurya Cherian,11,Under 18,MALE,42963000000035030,2026-07-15 14:36:44,2026-07-15 14:36:44,SYSTEM_SEED,SYSTEM_SEED
VIC-03569,Gavin Mangat,73,66-80,MALE,42963000000035033,2026-07-15 14:36:44,2026-07-15 14:36:44,SYSTEM_SEED,SYSTEM_SEED
VIC-03570,Rajeshri Pandey,28,26-35,FEMALE,42963000000035018,2026-07-15 14:36:44,2026-07-15 14:36:44,SYSTEM_SEED,SYSTEM_SEED
VIC-03571,Veeranna Shetty,78,66-80,MALE,42963000000035021,2026-07-15 14:36:44,2026-07-15 14:36:44,SYSTEM_SEED,SYSTEM_SEED
VIC-03572,Savitramma Hegde,32,26-35,FEMALE,42963000000035034,2026-07-15 14:36:44,2026-07-15 14:36:44,SYSTEM_SEED,SYSTEM_SEED
VIC-03573,Zashil Balay,53,46-55,MALE,42963000000035037,2026-07-15 14:36:44,2026-07-15 14:36:44,SYSTEM_SEED,SYSTEM_SEED
VIC-03574,Akkamahadevi Poojary,46,46-55,FEMALE,42963000000035014,2026-07-15 14:36:44,2026-07-15 14:36:44,SYSTEM_SEED,SYSTEM_SEED
VIC-03575,Frado Kurian,9,Under 18,MALE,42963000000035026,2026-07-15 14:36:44,2026-07-15 14:36:44,SYSTEM_SEED,SYSTEM_SEED
VIC-03576,Gunbir Deshmukh,62,56-65,MALE,42963000000035038,2026-07-15 14:36:44,2026-07-15 14:36:44,SYSTEM_SEED,SYSTEM_SEED
VIC-03577,Shivakumar Rai,47,46-55,MALE,42963000000035035,2026-07-15 14:36:44,2026-07-15 14:36:44,SYSTEM_SEED,SYSTEM_SEED
VIC-03578,Chandrashekar Poojary,46,46-55,MALE,42963000000035019,2026-07-15 14:36:44,2026-07-15 14:36:44,SYSTEM_SEED,SYSTEM_SEED
VIC-03579,Siya Grewal,69,66-80,FEMALE,42963000000035019,2026-07-15 14:36:44,2026-07-15 14:36:44,SYSTEM_SEED,SYSTEM_SEED
VIC-03580,Divya Raman,22,18-25,FEMALE,42963000000035024,2026-07-15 14:36:44,2026-07-15 14:36:44,SYSTEM_SEED,SYSTEM_SEED
VIC-03581,Rehaan Raja,9,Under 18,MALE,42963000000035037,2026-07-15 14:36:44,2026-07-15 14:36:44,SYSTEM_SEED,SYSTEM_SEED
VIC-03582,Vedant Lad,65,56-65,MALE,42963000000035038,2026-07-15 14:36:44,2026-07-15 14:36:44,SYSTEM_SEED,SYSTEM_SEED
VIC-03583,Nagaraj Kulkarni,26,26-35,MALE,42963000000035036,2026-07-15 14:36:44,2026-07-15 14:36:44,SYSTEM_SEED,SYSTEM_SEED
VIC-03584,Vasanthamma Nayak,23,18-25,FEMALE,42963000000035022,2026-07-15 14:36:44,2026-07-15 14:36:44,SYSTEM_SEED,SYSTEM_SEED
VIC-03585,Warinder Bahri,54,46-55,MALE,42963000000035035,2026-07-15 14:36:44,2026-07-15 14:36:44,SYSTEM_SEED,SYSTEM_SEED
VIC-03586,Timothy Parikh,65,56-65,MALE,42963000000035014,2026-07-15 14:36:44,2026-07-15 14:36:44,SYSTEM_SEED,SYSTEM_SEED
VIC-03587,Urmi Dani,64,56-65,FEMALE,42963000000035019,2026-07-15 14:36:44,2026-07-15 14:36:44,SYSTEM_SEED,SYSTEM_SEED
VIC-03588,Rajata Dhar,9,Under 18,FEMALE,42963000000035018,2026-07-15 14:36:44,2026-07-15 14:36:44,SYSTEM_SEED,SYSTEM_SEED
VIC-03589,Naveen Bhakta,59,56-65,MALE,42963000000035031,2026-07-15 14:36:44,2026-07-15 14:36:44,SYSTEM_SEED,SYSTEM_SEED
VIC-03590,Samar Misra,40,36-45,MALE,42963000000035012,2026-07-15 14:36:44,2026-07-15 14:36:44,SYSTEM_SEED,SYSTEM_SEED
VIC-03591,Sara Bora,6,Under 18,FEMALE,42963000000035033,2026-07-15 14:36:44,2026-07-15 14:36:44,SYSTEM_SEED,SYSTEM_SEED
VIC-03592,Ravindranath Achar,53,46-55,MALE,42963000000035033,2026-07-15 14:36:44,2026-07-15 14:36:44,SYSTEM_SEED,SYSTEM_SEED
VIC-03593,Girijamma Setty,2,Under 18,FEMALE,42963000000035031,2026-07-15 14:36:44,2026-07-15 14:36:44,SYSTEM_SEED,SYSTEM_SEED
VIC-03594,Sujathamma Naik,44,36-45,FEMALE,42963000000035033,2026-07-15 14:36:44,2026-07-15 14:36:44,SYSTEM_SEED,SYSTEM_SEED
VIC-03595,Puttaswamy Bhat,42,36-45,MALE,42963000000035018,2026-07-15 14:36:44,2026-07-15 14:36:44,SYSTEM_SEED,SYSTEM_SEED
VIC-03596,Wriddhish Andra,34,26-35,MALE,42963000000035022,2026-07-15 14:36:44,2026-07-15 14:36:44,SYSTEM_SEED,SYSTEM_SEED
VIC-03597,Ira Patla,76,66-80,FEMALE,42963000000035034,2026-07-15 14:36:44,2026-07-15 14:36:44,SYSTEM_SEED,SYSTEM_SEED
VIC-03598,Akkamahadevi Gowda,16,Under 18,FEMALE,42963000000035026,2026-07-15 14:36:44,2026-07-15 14:36:44,SYSTEM_SEED,SYSTEM_SEED
VIC-03599,Raghavendra Gowda,74,66-80,MALE,42963000000035042,2026-07-15 14:36:44,2026-07-15 14:36:44,SYSTEM_SEED,SYSTEM_SEED
VIC-03600,Puttaswamy Nayak,60,56-65,MALE,42963000000035027,2026-07-15 14:36:44,2026-07-15 14:36:44,SYSTEM_SEED,SYSTEM_SEED
VIC-03601,Nagaraj Nayak,24,18-25,MALE,42963000000035028,2026-07-15 14:36:44,2026-07-15 14:36:44,SYSTEM_SEED,SYSTEM_SEED
VIC-03602,Kai Dugar,80,66-80,MALE,42963000000035017,2026-07-15 14:36:44,2026-07-15 14:36:44,SYSTEM_SEED,SYSTEM_SEED
VIC-03603,Puttaswamy Nayak,20,18-25,MALE,42963000000035038,2026-07-15 14:36:44,2026-07-15 14:36:44,SYSTEM_SEED,SYSTEM_SEED
VIC-03604,Jagvi Chowdhury,46,46-55,FEMALE,42963000000035033,2026-07-15 14:36:44,2026-07-15 14:36:44,SYSTEM_SEED,SYSTEM_SEED
VIC-03605,Ekantika Mani,48,46-55,FEMALE,42963000000035035,2026-07-15 14:36:44,2026-07-15 14:36:44,SYSTEM_SEED,SYSTEM_SEED
VIC-03606,Yashasvi Bhatti,47,46-55,FEMALE,42963000000035022,2026-07-15 14:36:44,2026-07-15 14:36:44,SYSTEM_SEED,SYSTEM_SEED
VIC-03607,Advik Anne,56,56-65,MALE,42963000000035026,2026-07-15 14:36:44,2026-07-15 14:36:44,SYSTEM_SEED,SYSTEM_SEED
VIC-03608,Akkamahadevi Achar,29,26-35,FEMALE,42963000000035028,2026-07-15 14:36:44,2026-07-15 14:36:44,SYSTEM_SEED,SYSTEM_SEED
VIC-03609,Damyanti Sandal,44,36-45,FEMALE,42963000000035014,2026-07-15 14:36:44,2026-07-15 14:36:44,SYSTEM_SEED,SYSTEM_SEED
VIC-03610,Abhimanyu Mutti,70,66-80,MALE,42963000000035024,2026-07-15 14:36:44,2026-07-15 14:36:44,SYSTEM_SEED,SYSTEM_SEED
VIC-03611,Arin Din,67,66-80,MALE,42963000000035040,2026-07-15 14:36:44,2026-07-15 14:36:44,SYSTEM_SEED,SYSTEM_SEED
VIC-03612,Qarin Bobal,72,66-80,MALE,42963000000035022,2026-07-15 14:36:44,2026-07-15 14:36:44,SYSTEM_SEED,SYSTEM_SEED
VIC-03613,Vyanjana Patla,65,56-65,FEMALE,42963000000035018,2026-07-15 14:36:44,2026-07-15 14:36:44,SYSTEM_SEED,SYSTEM_SEED
VIC-03614,Maanav Raval,1,Under 18,MALE,42963000000035032,2026-07-15 14:36:44,2026-07-15 14:36:44,SYSTEM_SEED,SYSTEM_SEED
VIC-03615,Kala Narayan,71,66-80,FEMALE,42963000000035024,2026-07-15 14:36:44,2026-07-15 14:36:44,SYSTEM_SEED,SYSTEM_SEED
VIC-03616,Nilima Chana,75,66-80,FEMALE,42963000000035037,2026-07-15 14:36:44,2026-07-15 14:36:44,SYSTEM_SEED,SYSTEM_SEED
VIC-03617,Shanthakumari Naik,2,Under 18,FEMALE,42963000000035036,2026-07-15 14:36:44,2026-07-15 14:36:44,SYSTEM_SEED,SYSTEM_SEED
VIC-03618,Aadhya Nanda,40,36-45,FEMALE,42963000000035031,2026-07-15 14:36:44,2026-07-15 14:36:44,SYSTEM_SEED,SYSTEM_SEED
VIC-03619,Daniel Majumdar,0,Under 18,MALE,42963000000035038,2026-07-15 14:36:44,2026-07-15 14:36:44,SYSTEM_SEED,SYSTEM_SEED
VIC-03620,Sujathamma Kulkarni,68,66-80,FEMALE,42963000000035035,2026-07-15 14:36:44,2026-07-15 14:36:44,SYSTEM_SEED,SYSTEM_SEED
VIC-03621,Shivansh Lad,42,36-45,MALE,42963000000035014,2026-07-15 14:36:44,2026-07-15 14:36:44,SYSTEM_SEED,SYSTEM_SEED
VIC-03622,Ravindranath Setty,4,Under 18,MALE,42963000000035024,2026-07-15 14:36:44,2026-07-15 14:36:44,SYSTEM_SEED,SYSTEM_SEED
VIC-03623,Xalak Tiwari,74,66-80,FEMALE,42963000000035039,2026-07-15 14:36:44,2026-07-15 14:36:44,SYSTEM_SEED,SYSTEM_SEED
VIC-03624,Divya Nagarajan,26,26-35,FEMALE,42963000000035028,2026-07-15 14:36:44,2026-07-15 14:36:44,SYSTEM_SEED,SYSTEM_SEED
VIC-03625,Kaveri Gowda,68,66-80,FEMALE,42963000000035018,2026-07-15 14:36:44,2026-07-15 14:36:44,SYSTEM_SEED,SYSTEM_SEED
VIC-03626,Krishna Nazareth,19,18-25,FEMALE,42963000000035020,2026-07-15 14:36:44,2026-07-15 14:36:44,SYSTEM_SEED,SYSTEM_SEED
VIC-03627,Gangamma Achar,34,26-35,FEMALE,42963000000035012,2026-07-15 14:36:44,2026-07-15 14:36:44,SYSTEM_SEED,SYSTEM_SEED
VIC-03628,Kariyappa Gowda,61,56-65,MALE,42963000000035014,2026-07-15 14:36:44,2026-07-15 14:36:44,SYSTEM_SEED,SYSTEM_SEED
VIC-03629,Dayamai Devan,25,18-25,FEMALE,42963000000035033,2026-07-15 14:36:44,2026-07-15 14:36:44,SYSTEM_SEED,SYSTEM_SEED
VIC-03630,Udarsh Tailor,78,66-80,MALE,42963000000035032,2026-07-15 14:36:44,2026-07-15 14:36:44,SYSTEM_SEED,SYSTEM_SEED
VIC-03631,Chavvi Desai,79,66-80,FEMALE,42963000000035035,2026-07-15 14:36:44,2026-07-15 14:36:44,SYSTEM_SEED,SYSTEM_SEED
VIC-03632,Ria Tank,55,46-55,FEMALE,42963000000035014,2026-07-15 14:36:44,2026-07-15 14:36:44,SYSTEM_SEED,SYSTEM_SEED
VIC-03633,Onkar Pathak,53,46-55,MALE,42963000000035019,2026-07-15 14:36:44,2026-07-15 14:36:44,SYSTEM_SEED,SYSTEM_SEED
VIC-03634,Siddalingaiah Rai,62,56-65,MALE,42963000000035032,2026-07-15 14:36:44,2026-07-15 14:36:44,SYSTEM_SEED,SYSTEM_SEED
VIC-03635,Faras Puri,53,46-55,MALE,42963000000035022,2026-07-15 14:36:44,2026-07-15 14:36:44,SYSTEM_SEED,SYSTEM_SEED
VIC-03636,Basavaraj Hegde,13,Under 18,MALE,42963000000035041,2026-07-15 14:36:44,2026-07-15 14:36:44,SYSTEM_SEED,SYSTEM_SEED
VIC-03637,Puttaswamy Naik,49,46-55,MALE,42963000000035014,2026-07-15 14:36:44,2026-07-15 14:36:44,SYSTEM_SEED,SYSTEM_SEED
VIC-03638,Vihaan Dyal,72,66-80,MALE,42963000000035040,2026-07-15 14:36:44,2026-07-15 14:36:44,SYSTEM_SEED,SYSTEM_SEED
VIC-03639,Sanaya Bahl,63,56-65,FEMALE,42963000000035020,2026-07-15 14:36:44,2026-07-15 14:36:44,SYSTEM_SEED,SYSTEM_SEED
VIC-03640,Manbir Master,34,26-35,MALE,42963000000035017,2026-07-15 14:36:44,2026-07-15 14:36:44,SYSTEM_SEED,SYSTEM_SEED
VIC-03641,Qasim Mammen,3,Under 18,MALE,42963000000035035,2026-07-15 14:36:44,2026-07-15 14:36:44,SYSTEM_SEED,SYSTEM_SEED
VIC-03642,Jayamma Kulkarni,30,26-35,FEMALE,42963000000035015,2026-07-15 14:36:44,2026-07-15 14:36:44,SYSTEM_SEED,SYSTEM_SEED
VIC-03643,Vedhika Sidhu,38,36-45,FEMALE,42963000000035022,2026-07-15 14:36:44,2026-07-15 14:36:44,SYSTEM_SEED,SYSTEM_SEED
VIC-03644,Savitramma Gowda,60,56-65,FEMALE,42963000000035016,2026-07-15 14:36:44,2026-07-15 14:36:44,SYSTEM_SEED,SYSTEM_SEED
VIC-03645,Andrew Parmar,55,46-55,MALE,42963000000035024,2026-07-15 14:36:44,2026-07-15 14:36:44,SYSTEM_SEED,SYSTEM_SEED
VIC-03646,Harish Bhat,58,56-65,MALE,42963000000035025,2026-07-15 14:36:44,2026-07-15 14:36:44,SYSTEM_SEED,SYSTEM_SEED
VIC-03647,Girijamma Gowda,15,Under 18,FEMALE,42963000000035013,2026-07-15 14:36:44,2026-07-15 14:36:44,SYSTEM_SEED,SYSTEM_SEED
VIC-03648,Vaishnavi Chaudry,64,56-65,FEMALE,42963000000035031,2026-07-15 14:36:44,2026-07-15 14:36:44,SYSTEM_SEED,SYSTEM_SEED
VIC-03649,Victor Jani,68,66-80,MALE,42963000000035033,2026-07-15 14:36:44,2026-07-15 14:36:44,SYSTEM_SEED,SYSTEM_SEED
VIC-03650,Yamini Sheth,58,56-65,FEMALE,42963000000035014,2026-07-15 14:36:44,2026-07-15 14:36:44,SYSTEM_SEED,SYSTEM_SEED
VIC-03651,Radhika Rajagopalan,34,26-35,FEMALE,42963000000035024,2026-07-15 14:36:44,2026-07-15 14:36:44,SYSTEM_SEED,SYSTEM_SEED
VIC-03652,Warda Wali,69,66-80,FEMALE,42963000000035030,2026-07-15 14:36:44,2026-07-15 14:36:44,SYSTEM_SEED,SYSTEM_SEED
VIC-03653,Wridesh Bhat,57,56-65,MALE,42963000000035028,2026-07-15 14:36:44,2026-07-15 14:36:44,SYSTEM_SEED,SYSTEM_SEED
VIC-03654,Chavvi Sur,28,26-35,FEMALE,42963000000035022,2026-07-15 14:36:44,2026-07-15 14:36:44,SYSTEM_SEED,SYSTEM_SEED
VIC-03655,Nikita Kari,40,36-45,FEMALE,42963000000035030,2026-07-15 14:36:44,2026-07-15 14:36:44,SYSTEM_SEED,SYSTEM_SEED
VIC-03656,Girik Sathe,77,66-80,MALE,42963000000035042,2026-07-15 14:36:44,2026-07-15 14:36:44,SYSTEM_SEED,SYSTEM_SEED
VIC-03657,Balhaar Mitra,79,66-80,MALE,42963000000035033,2026-07-15 14:36:44,2026-07-15 14:36:44,SYSTEM_SEED,SYSTEM_SEED
VIC-03658,Lakshmamma Setty,61,56-65,FEMALE,42963000000035025,2026-07-15 14:36:44,2026-07-15 14:36:44,SYSTEM_SEED,SYSTEM_SEED
VIC-03659,Lakshmamma Poojary,5,Under 18,FEMALE,42963000000035026,2026-07-15 14:36:44,2026-07-15 14:36:44,SYSTEM_SEED,SYSTEM_SEED
VIC-03660,Veeranna Naik,33,26-35,MALE,42963000000035038,2026-07-15 14:36:44,2026-07-15 14:36:44,SYSTEM_SEED,SYSTEM_SEED
VIC-03661,Jagadish Reddy,3,Under 18,MALE,42963000000035034,2026-07-15 14:36:44,2026-07-15 14:36:44,SYSTEM_SEED,SYSTEM_SEED
VIC-03662,Veda Golla,59,56-65,FEMALE,42963000000035022,2026-07-15 14:36:44,2026-07-15 14:36:44,SYSTEM_SEED,SYSTEM_SEED
VIC-03663,Arya Edwin,25,18-25,FEMALE,42963000000035035,2026-07-15 14:36:44,2026-07-15 14:36:44,SYSTEM_SEED,SYSTEM_SEED
VIC-03664,Ojas Lad,11,Under 18,MALE,42963000000035040,2026-07-15 14:36:44,2026-07-15 14:36:44,SYSTEM_SEED,SYSTEM_SEED
VIC-03665,Zarna Rau,43,36-45,FEMALE,42963000000035014,2026-07-15 14:36:44,2026-07-15 14:36:44,SYSTEM_SEED,SYSTEM_SEED
VIC-03666,Raghavendra Bhat,18,18-25,MALE,42963000000035035,2026-07-15 14:36:44,2026-07-15 14:36:44,SYSTEM_SEED,SYSTEM_SEED
VIC-03667,Umang Grewal,20,18-25,MALE,42963000000035015,2026-07-15 14:36:44,2026-07-15 14:36:44,SYSTEM_SEED,SYSTEM_SEED
VIC-03668,Arin Sen,28,26-35,MALE,42963000000035032,2026-07-15 14:36:44,2026-07-15 14:36:44,SYSTEM_SEED,SYSTEM_SEED
VIC-03669,Upadhriti Krishna,6,Under 18,FEMALE,42963000000035034,2026-07-15 14:36:44,2026-07-15 14:36:44,SYSTEM_SEED,SYSTEM_SEED
VIC-03670,Aashi Sehgal,1,Under 18,FEMALE,42963000000035026,2026-07-15 14:36:44,2026-07-15 14:36:44,SYSTEM_SEED,SYSTEM_SEED
VIC-03671,Ishanvi Dhawan,10,Under 18,FEMALE,42963000000035015,2026-07-15 14:36:44,2026-07-15 14:36:44,SYSTEM_SEED,SYSTEM_SEED
VIC-03672,Puttaswamy Nayak,38,36-45,MALE,42963000000035020,2026-07-15 14:36:44,2026-07-15 14:36:44,SYSTEM_SEED,SYSTEM_SEED
VIC-03673,Jagadish Devadiga,59,56-65,MALE,42963000000035039,2026-07-15 14:36:44,2026-07-15 14:36:44,SYSTEM_SEED,SYSTEM_SEED
VIC-03674,Thimmaiah Hegde,13,Under 18,MALE,42963000000035032,2026-07-15 14:36:44,2026-07-15 14:36:44,SYSTEM_SEED,SYSTEM_SEED
VIC-03675,Bhavna Jhaveri,58,56-65,FEMALE,42963000000035042,2026-07-15 14:36:44,2026-07-15 14:36:44,SYSTEM_SEED,SYSTEM_SEED
VIC-03676,Shanthakumari Devadiga,47,46-55,FEMALE,42963000000035016,2026-07-15 14:36:44,2026-07-15 14:36:44,SYSTEM_SEED,SYSTEM_SEED
VIC-03677,Akkamahadevi Devadiga,25,18-25,FEMALE,42963000000035036,2026-07-15 14:36:44,2026-07-15 14:36:44,SYSTEM_SEED,SYSTEM_SEED
VIC-03678,Ishita Rattan,0,Under 18,FEMALE,42963000000035040,2026-07-15 14:36:44,2026-07-15 14:36:44,SYSTEM_SEED,SYSTEM_SEED
VIC-03679,Sunandamma Poojary,55,46-55,FEMALE,42963000000035019,2026-07-15 14:36:44,2026-07-15 14:36:44,SYSTEM_SEED,SYSTEM_SEED
VIC-03680,Turvi Devi,44,36-45,FEMALE,42963000000035037,2026-07-15 14:36:44,2026-07-15 14:36:44,SYSTEM_SEED,SYSTEM_SEED
VIC-03681,Kaveri Rai,72,66-80,FEMALE,42963000000035022,2026-07-15 14:36:44,2026-07-15 14:36:44,SYSTEM_SEED,SYSTEM_SEED
VIC-03682,Edhitha Kamdar,22,18-25,FEMALE,42963000000035021,2026-07-15 14:36:44,2026-07-15 14:36:44,SYSTEM_SEED,SYSTEM_SEED
VIC-03683,Yashawini Soman,68,66-80,FEMALE,42963000000035028,2026-07-15 14:36:44,2026-07-15 14:36:44,SYSTEM_SEED,SYSTEM_SEED
VIC-03684,Savitramma Gowda,28,26-35,FEMALE,42963000000035032,2026-07-15 14:36:44,2026-07-15 14:36:44,SYSTEM_SEED,SYSTEM_SEED
VIC-03685,Samar Balan,28,26-35,MALE,42963000000035033,2026-07-15 14:36:44,2026-07-15 14:36:44,SYSTEM_SEED,SYSTEM_SEED
VIC-03686,Ronith Kaur,3,Under 18,MALE,42963000000035015,2026-07-15 14:36:44,2026-07-15 14:36:44,SYSTEM_SEED,SYSTEM_SEED
VIC-03687,Ayush Natt,45,36-45,MALE,42963000000035033,2026-07-15 14:36:44,2026-07-15 14:36:44,SYSTEM_SEED,SYSTEM_SEED
VIC-03688,Jacob Lad,9,Under 18,MALE,42963000000035022,2026-07-15 14:36:44,2026-07-15 14:36:44,SYSTEM_SEED,SYSTEM_SEED
VIC-03689,Chandrashekar Nayak,48,46-55,MALE,42963000000035033,2026-07-15 14:36:44,2026-07-15 14:36:44,SYSTEM_SEED,SYSTEM_SEED
VIC-03690,Yashodamma Reddy,39,36-45,FEMALE,42963000000035024,2026-07-15 14:36:44,2026-07-15 14:36:44,SYSTEM_SEED,SYSTEM_SEED
VIC-03691,Prisha Bal,9,Under 18,FEMALE,42963000000035032,2026-07-15 14:36:44,2026-07-15 14:36:44,SYSTEM_SEED,SYSTEM_SEED
VIC-03692,Vritti Iyengar,77,66-80,FEMALE,42963000000035042,2026-07-15 14:36:44,2026-07-15 14:36:44,SYSTEM_SEED,SYSTEM_SEED
VIC-03693,Benjamin Narang,80,66-80,MALE,42963000000035037,2026-07-15 14:36:44,2026-07-15 14:36:44,SYSTEM_SEED,SYSTEM_SEED
VIC-03694,Yallappa Nayak,64,56-65,MALE,42963000000035033,2026-07-15 14:36:44,2026-07-15 14:36:44,SYSTEM_SEED,SYSTEM_SEED
VIC-03695,Shivakumar Reddy,2,Under 18,MALE,42963000000035024,2026-07-15 14:36:44,2026-07-15 14:36:44,SYSTEM_SEED,SYSTEM_SEED
VIC-03696,Yallappa Bhat,6,Under 18,MALE,42963000000035031,2026-07-15 14:36:44,2026-07-15 14:36:44,SYSTEM_SEED,SYSTEM_SEED
VIC-03697,Tanish Kurian,7,Under 18,MALE,42963000000035022,2026-07-15 14:36:44,2026-07-15 14:36:44,SYSTEM_SEED,SYSTEM_SEED
VIC-03698,Yallappa Poojary,27,26-35,MALE,42963000000035019,2026-07-15 14:36:44,2026-07-15 14:36:44,SYSTEM_SEED,SYSTEM_SEED
VIC-03699,Nirja Handa,52,46-55,FEMALE,42963000000035018,2026-07-15 14:36:44,2026-07-15 14:36:44,SYSTEM_SEED,SYSTEM_SEED
VIC-03700,Jagadish Shetty,66,66-80,MALE,42963000000035024,2026-07-15 14:36:44,2026-07-15 14:36:44,SYSTEM_SEED,SYSTEM_SEED
VIC-03701,Tripti Seshadri,33,26-35,FEMALE,42963000000035015,2026-07-15 14:36:44,2026-07-15 14:36:44,SYSTEM_SEED,SYSTEM_SEED
VIC-03702,Vritti Tella,18,18-25,FEMALE,42963000000035015,2026-07-15 14:36:44,2026-07-15 14:36:44,SYSTEM_SEED,SYSTEM_SEED
VIC-03703,Parvatamma Naik,30,26-35,FEMALE,42963000000035012,2026-07-15 14:36:44,2026-07-15 14:36:44,SYSTEM_SEED,SYSTEM_SEED
VIC-03704,Manjunath Urs,77,66-80,MALE,42963000000035030,2026-07-15 14:36:44,2026-07-15 14:36:44,SYSTEM_SEED,SYSTEM_SEED
VIC-03705,Zaid Nori,38,36-45,MALE,42963000000035025,2026-07-15 14:36:44,2026-07-15 14:36:44,SYSTEM_SEED,SYSTEM_SEED
VIC-03706,Kaveri Bhat,22,18-25,FEMALE,42963000000035028,2026-07-15 14:36:44,2026-07-15 14:36:44,SYSTEM_SEED,SYSTEM_SEED
VIC-03707,Thimmakka Setty,75,66-80,FEMALE,42963000000035013,2026-07-15 14:36:44,2026-07-15 14:36:44,SYSTEM_SEED,SYSTEM_SEED
VIC-03708,Lakshmi Dutt,19,18-25,FEMALE,42963000000035022,2026-07-15 14:36:44,2026-07-15 14:36:44,SYSTEM_SEED,SYSTEM_SEED
VIC-03709,Harish Naik,26,26-35,MALE,42963000000035018,2026-07-15 14:36:44,2026-07-15 14:36:44,SYSTEM_SEED,SYSTEM_SEED
VIC-03710,Brinda Bala,71,66-80,FEMALE,42963000000035039,2026-07-15 14:36:44,2026-07-15 14:36:44,SYSTEM_SEED,SYSTEM_SEED
VIC-03711,Zansi Lad,28,26-35,FEMALE,42963000000035019,2026-07-15 14:36:44,2026-07-15 14:36:44,SYSTEM_SEED,SYSTEM_SEED
VIC-03712,Sujathamma Reddy,79,66-80,FEMALE,42963000000035024,2026-07-15 14:36:44,2026-07-15 14:36:44,SYSTEM_SEED,SYSTEM_SEED
VIC-03713,Channabasappa Reddy,43,36-45,MALE,42963000000035033,2026-07-15 14:36:44,2026-07-15 14:36:44,SYSTEM_SEED,SYSTEM_SEED
VIC-03714,Gautam Sood,66,66-80,MALE,42963000000035034,2026-07-15 14:36:44,2026-07-15 14:36:44,SYSTEM_SEED,SYSTEM_SEED
VIC-03715,Gangamma Poojary,22,18-25,FEMALE,42963000000035014,2026-07-15 14:36:44,2026-07-15 14:36:44,SYSTEM_SEED,SYSTEM_SEED
VIC-03716,Saksham De,47,46-55,MALE,42963000000035032,2026-07-15 14:36:44,2026-07-15 14:36:44,SYSTEM_SEED,SYSTEM_SEED
VIC-03717,Pushpalatha Gowda,38,36-45,FEMALE,42963000000035021,2026-07-15 14:36:44,2026-07-15 14:36:44,SYSTEM_SEED,SYSTEM_SEED
VIC-03718,Pushpalatha Urs,80,66-80,FEMALE,42963000000035012,2026-07-15 14:36:44,2026-07-15 14:36:44,SYSTEM_SEED,SYSTEM_SEED
VIC-03719,Ishanvi Gole,67,66-80,FEMALE,42963000000035041,2026-07-15 14:36:44,2026-07-15 14:36:44,SYSTEM_SEED,SYSTEM_SEED
VIC-03720,Vasanthamma Nayak,39,36-45,FEMALE,42963000000035026,2026-07-15 14:36:44,2026-07-15 14:36:44,SYSTEM_SEED,SYSTEM_SEED
VIC-03721,Hema Gill,31,26-35,FEMALE,42963000000035016,2026-07-15 14:36:44,2026-07-15 14:36:44,SYSTEM_SEED,SYSTEM_SEED
VIC-03722,Channabasappa Shetty,63,56-65,MALE,42963000000035026,2026-07-15 14:36:44,2026-07-15 14:36:44,SYSTEM_SEED,SYSTEM_SEED
VIC-03723,Wridesh Chauhan,69,66-80,MALE,42963000000035016,2026-07-15 14:36:44,2026-07-15 14:36:44,SYSTEM_SEED,SYSTEM_SEED
VIC-03724,Basavaraj Nayak,46,46-55,MALE,42963000000035016,2026-07-15 14:36:44,2026-07-15 14:36:44,SYSTEM_SEED,SYSTEM_SEED
VIC-03725,Sureshgowda Reddy,24,18-25,MALE,42963000000035038,2026-07-15 14:36:44,2026-07-15 14:36:44,SYSTEM_SEED,SYSTEM_SEED
VIC-03726,Baljiwan Shetty,45,36-45,MALE,42963000000035021,2026-07-15 14:36:44,2026-07-15 14:36:44,SYSTEM_SEED,SYSTEM_SEED
VIC-03727,Harish Shetty,12,Under 18,MALE,42963000000035015,2026-07-15 14:36:44,2026-07-15 14:36:44,SYSTEM_SEED,SYSTEM_SEED
VIC-03728,Yash Sandhu,59,56-65,MALE,42963000000035037,2026-07-15 14:36:44,2026-07-15 14:36:44,SYSTEM_SEED,SYSTEM_SEED
VIC-03729,Yatan Chhabra,73,66-80,MALE,42963000000035025,2026-07-15 14:36:44,2026-07-15 14:36:44,SYSTEM_SEED,SYSTEM_SEED
VIC-03730,Gayathri Bhandari,40,36-45,FEMALE,42963000000035025,2026-07-15 14:36:44,2026-07-15 14:36:44,SYSTEM_SEED,SYSTEM_SEED
VIC-03731,Farhan Prabhu,1,Under 18,MALE,42963000000035031,2026-07-15 14:36:44,2026-07-15 14:36:44,SYSTEM_SEED,SYSTEM_SEED
VIC-03732,Mitali Loyal,9,Under 18,FEMALE,42963000000035016,2026-07-15 14:36:44,2026-07-15 14:36:44,SYSTEM_SEED,SYSTEM_SEED
VIC-03733,Kamala Bali,13,Under 18,FEMALE,42963000000035039,2026-07-15 14:36:44,2026-07-15 14:36:44,SYSTEM_SEED,SYSTEM_SEED
VIC-03734,Gagan Chawla,43,36-45,MALE,42963000000035017,2026-07-15 14:36:44,2026-07-15 14:36:44,SYSTEM_SEED,SYSTEM_SEED
VIC-03735,Yashodamma Shetty,12,Under 18,FEMALE,42963000000035032,2026-07-15 14:36:44,2026-07-15 14:36:44,SYSTEM_SEED,SYSTEM_SEED
VIC-03736,Aayush Johal,1,Under 18,MALE,42963000000035039,2026-07-15 14:36:44,2026-07-15 14:36:44,SYSTEM_SEED,SYSTEM_SEED
VIC-03737,Chandrashekar Kulkarni,3,Under 18,MALE,42963000000035034,2026-07-15 14:36:44,2026-07-15 14:36:44,SYSTEM_SEED,SYSTEM_SEED
VIC-03738,Girik Balan,51,46-55,MALE,42963000000035019,2026-07-15 14:36:44,2026-07-15 14:36:44,SYSTEM_SEED,SYSTEM_SEED
VIC-03739,Yashodamma Poojary,49,46-55,FEMALE,42963000000035021,2026-07-15 14:36:44,2026-07-15 14:36:44,SYSTEM_SEED,SYSTEM_SEED
VIC-03740,Shanthakumari Nayak,59,56-65,FEMALE,42963000000035023,2026-07-15 14:36:44,2026-07-15 14:36:44,SYSTEM_SEED,SYSTEM_SEED
VIC-03741,Samuel Atwal,40,36-45,MALE,42963000000035026,2026-07-15 14:36:44,2026-07-15 14:36:44,SYSTEM_SEED,SYSTEM_SEED
VIC-03742,Kaveri Reddy,21,18-25,FEMALE,42963000000035018,2026-07-15 14:36:44,2026-07-15 14:36:44,SYSTEM_SEED,SYSTEM_SEED
VIC-03743,Veeranna Gowda,5,Under 18,MALE,42963000000035042,2026-07-15 14:36:44,2026-07-15 14:36:44,SYSTEM_SEED,SYSTEM_SEED
VIC-03744,Manjunath Gowda,15,Under 18,MALE,42963000000035037,2026-07-15 14:36:44,2026-07-15 14:36:44,SYSTEM_SEED,SYSTEM_SEED
VIC-03745,Kiaan Gour,0,Under 18,MALE,42963000000035021,2026-07-15 14:36:44,2026-07-15 14:36:44,SYSTEM_SEED,SYSTEM_SEED
VIC-03746,Lipika Tandon,19,18-25,FEMALE,42963000000035026,2026-07-15 14:36:44,2026-07-15 14:36:44,SYSTEM_SEED,SYSTEM_SEED
VIC-03747,Lokesh Gowda,61,56-65,MALE,42963000000035029,2026-07-15 14:36:44,2026-07-15 14:36:44,SYSTEM_SEED,SYSTEM_SEED
VIC-03748,Azaan Sami,58,56-65,MALE,42963000000035014,2026-07-15 14:36:44,2026-07-15 14:36:44,SYSTEM_SEED,SYSTEM_SEED
VIC-03749,Balendra Seshadri,54,46-55,MALE,42963000000035027,2026-07-15 14:36:44,2026-07-15 14:36:44,SYSTEM_SEED,SYSTEM_SEED
VIC-03750,Savitramma Naik,26,26-35,FEMALE,42963000000035037,2026-07-15 14:36:44,2026-07-15 14:36:44,SYSTEM_SEED,SYSTEM_SEED
VIC-03751,Gopalakrishna Achar,14,Under 18,MALE,42963000000035022,2026-07-15 14:36:44,2026-07-15 14:36:44,SYSTEM_SEED,SYSTEM_SEED
VIC-03752,Aditya Kalita,71,66-80,MALE,42963000000035014,2026-07-15 14:36:44,2026-07-15 14:36:44,SYSTEM_SEED,SYSTEM_SEED
VIC-03753,Ryan Hari,16,Under 18,MALE,42963000000035024,2026-07-15 14:36:44,2026-07-15 14:36:44,SYSTEM_SEED,SYSTEM_SEED
VIC-03754,Anusha Oommen,21,18-25,FEMALE,42963000000035036,2026-07-15 14:36:44,2026-07-15 14:36:44,SYSTEM_SEED,SYSTEM_SEED
VIC-03755,Vasanthamma Setty,19,18-25,FEMALE,42963000000035031,2026-07-15 14:36:44,2026-07-15 14:36:44,SYSTEM_SEED,SYSTEM_SEED
VIC-03756,Amol Manne,30,26-35,MALE,42963000000035020,2026-07-15 14:36:44,2026-07-15 14:36:44,SYSTEM_SEED,SYSTEM_SEED
VIC-03757,Ishita Goyal,49,46-55,FEMALE,42963000000035017,2026-07-15 14:36:44,2026-07-15 14:36:44,SYSTEM_SEED,SYSTEM_SEED
VIC-03758,Vasudha Goswami,34,26-35,FEMALE,42963000000035029,2026-07-15 14:36:44,2026-07-15 14:36:44,SYSTEM_SEED,SYSTEM_SEED
VIC-03759,Logan Puri,6,Under 18,MALE,42963000000035029,2026-07-15 14:36:44,2026-07-15 14:36:44,SYSTEM_SEED,SYSTEM_SEED
VIC-03760,Dayita Sastry,46,46-55,FEMALE,42963000000035022,2026-07-15 14:36:44,2026-07-15 14:36:44,SYSTEM_SEED,SYSTEM_SEED
VIC-03761,Lokesh Nayak,19,18-25,MALE,42963000000035038,2026-07-15 14:36:44,2026-07-15 14:36:44,SYSTEM_SEED,SYSTEM_SEED
VIC-03762,Liam Sawhney,66,66-80,MALE,42963000000035035,2026-07-15 14:36:44,2026-07-15 14:36:44,SYSTEM_SEED,SYSTEM_SEED
VIC-03763,Veeranna Devadiga,10,Under 18,MALE,42963000000035031,2026-07-15 14:36:44,2026-07-15 14:36:44,SYSTEM_SEED,SYSTEM_SEED
VIC-03764,Jai Ahluwalia,46,46-55,MALE,42963000000035017,2026-07-15 14:36:44,2026-07-15 14:36:44,SYSTEM_SEED,SYSTEM_SEED
VIC-03765,Amol Rao,11,Under 18,MALE,42963000000035019,2026-07-15 14:36:44,2026-07-15 14:36:44,SYSTEM_SEED,SYSTEM_SEED
VIC-03766,Leena Bhat,78,66-80,FEMALE,42963000000035020,2026-07-15 14:36:44,2026-07-15 14:36:44,SYSTEM_SEED,SYSTEM_SEED
VIC-03767,Parth Nair,41,36-45,MALE,42963000000035029,2026-07-15 14:36:44,2026-07-15 14:36:44,SYSTEM_SEED,SYSTEM_SEED
VIC-03768,Nagaraj Bhat,23,18-25,MALE,42963000000035024,2026-07-15 14:36:44,2026-07-15 14:36:44,SYSTEM_SEED,SYSTEM_SEED
VIC-03769,Imaran Kar,10,Under 18,MALE,42963000000035035,2026-07-15 14:36:44,2026-07-15 14:36:44,SYSTEM_SEED,SYSTEM_SEED
VIC-03770,Vedhika Dugar,20,18-25,FEMALE,42963000000035025,2026-07-15 14:36:44,2026-07-15 14:36:44,SYSTEM_SEED,SYSTEM_SEED
VIC-03771,Nagaveni Gowda,38,36-45,FEMALE,42963000000035026,2026-07-15 14:36:44,2026-07-15 14:36:44,SYSTEM_SEED,SYSTEM_SEED
VIC-03772,Gautam Zachariah,5,Under 18,MALE,42963000000035027,2026-07-15 14:36:44,2026-07-15 14:36:44,SYSTEM_SEED,SYSTEM_SEED
VIC-03773,Vasanthamma Kulkarni,70,66-80,FEMALE,42963000000035039,2026-07-15 14:36:44,2026-07-15 14:36:44,SYSTEM_SEED,SYSTEM_SEED
VIC-03774,Gauri Dalal,2,Under 18,FEMALE,42963000000035042,2026-07-15 14:36:44,2026-07-15 14:36:44,SYSTEM_SEED,SYSTEM_SEED
VIC-03775,Basavaraj Hegde,2,Under 18,MALE,42963000000035036,2026-07-15 14:36:44,2026-07-15 14:36:44,SYSTEM_SEED,SYSTEM_SEED
VIC-03776,Janya Pall,72,66-80,FEMALE,42963000000035039,2026-07-15 14:36:44,2026-07-15 14:36:44,SYSTEM_SEED,SYSTEM_SEED
VIC-03777,Manthan Sanghvi,41,36-45,MALE,42963000000035024,2026-07-15 14:36:44,2026-07-15 14:36:44,SYSTEM_SEED,SYSTEM_SEED
VIC-03778,Edhitha Sani,78,66-80,FEMALE,42963000000035016,2026-07-15 14:36:44,2026-07-15 14:36:44,SYSTEM_SEED,SYSTEM_SEED
VIC-03779,Varsha Rana,47,46-55,FEMALE,42963000000035037,2026-07-15 14:36:44,2026-07-15 14:36:44,SYSTEM_SEED,SYSTEM_SEED
VIC-03780,Puttaswamy Urs,70,66-80,MALE,42963000000035019,2026-07-15 14:36:44,2026-07-15 14:36:44,SYSTEM_SEED,SYSTEM_SEED
VIC-03781,Jagadish Shetty,71,66-80,MALE,42963000000035016,2026-07-15 14:36:44,2026-07-15 14:36:44,SYSTEM_SEED,SYSTEM_SEED
VIC-03782,Harinakshi Setty,23,18-25,FEMALE,42963000000035020,2026-07-15 14:36:44,2026-07-15 14:36:44,SYSTEM_SEED,SYSTEM_SEED
VIC-03783,Bhagyalakshmi Reddy,4,Under 18,FEMALE,42963000000035012,2026-07-15 14:36:44,2026-07-15 14:36:44,SYSTEM_SEED,SYSTEM_SEED
VIC-03784,Nidra Parekh,57,56-65,FEMALE,42963000000035039,2026-07-15 14:36:44,2026-07-15 14:36:44,SYSTEM_SEED,SYSTEM_SEED
VIC-03785,Wishi Lanka,54,46-55,FEMALE,42963000000035014,2026-07-15 14:36:44,2026-07-15 14:36:44,SYSTEM_SEED,SYSTEM_SEED
VIC-03786,Advay Sethi,60,56-65,MALE,42963000000035032,2026-07-15 14:36:44,2026-07-15 14:36:44,SYSTEM_SEED,SYSTEM_SEED
VIC-03787,Yashawini Saran,68,66-80,FEMALE,42963000000035024,2026-07-15 14:36:44,2026-07-15 14:36:44,SYSTEM_SEED,SYSTEM_SEED
VIC-03788,Aarav Sahota,31,26-35,MALE,42963000000035041,2026-07-15 14:36:44,2026-07-15 14:36:44,SYSTEM_SEED,SYSTEM_SEED
VIC-03789,Vasanthamma Achar,68,66-80,FEMALE,42963000000035017,2026-07-15 14:36:44,2026-07-15 14:36:44,SYSTEM_SEED,SYSTEM_SEED
VIC-03790,Qabil Sachar,3,Under 18,MALE,42963000000035040,2026-07-15 14:36:44,2026-07-15 14:36:44,SYSTEM_SEED,SYSTEM_SEED
VIC-03791,Sujathamma Shetty,7,Under 18,FEMALE,42963000000035013,2026-07-15 14:36:44,2026-07-15 14:36:44,SYSTEM_SEED,SYSTEM_SEED
VIC-03792,Frado Basu,80,66-80,MALE,42963000000035033,2026-07-15 14:36:44,2026-07-15 14:36:44,SYSTEM_SEED,SYSTEM_SEED
VIC-03793,Jagadish Naik,33,26-35,MALE,42963000000035038,2026-07-15 14:36:44,2026-07-15 14:36:44,SYSTEM_SEED,SYSTEM_SEED
VIC-03794,Dalaja Garg,24,18-25,FEMALE,42963000000035012,2026-07-15 14:36:44,2026-07-15 14:36:44,SYSTEM_SEED,SYSTEM_SEED
VIC-03795,Gayathri Grewal,58,56-65,FEMALE,42963000000035018,2026-07-15 14:36:44,2026-07-15 14:36:44,SYSTEM_SEED,SYSTEM_SEED
VIC-03796,Sujathamma Rai,23,18-25,FEMALE,42963000000035040,2026-07-15 14:36:44,2026-07-15 14:36:44,SYSTEM_SEED,SYSTEM_SEED
VIC-03797,Ria Mistry,45,36-45,FEMALE,42963000000035022,2026-07-15 14:36:44,2026-07-15 14:36:44,SYSTEM_SEED,SYSTEM_SEED
VIC-03798,Anamika Mammen,71,66-80,FEMALE,42963000000035021,2026-07-15 14:36:44,2026-07-15 14:36:44,SYSTEM_SEED,SYSTEM_SEED
VIC-03799,Anika Kar,46,46-55,FEMALE,42963000000035012,2026-07-15 14:36:44,2026-07-15 14:36:44,SYSTEM_SEED,SYSTEM_SEED
VIC-03800,Gaurangi Pall,34,26-35,FEMALE,42963000000035042,2026-07-15 14:36:44,2026-07-15 14:36:44,SYSTEM_SEED,SYSTEM_SEED
VIC-03801,Bhagyalakshmi Gowda,51,46-55,FEMALE,42963000000035021,2026-07-15 14:36:44,2026-07-15 14:36:44,SYSTEM_SEED,SYSTEM_SEED
VIC-03802,Nagaveni Rai,6,Under 18,FEMALE,42963000000035016,2026-07-15 14:36:44,2026-07-15 14:36:44,SYSTEM_SEED,SYSTEM_SEED
VIC-03803,Krishna Jhaveri,31,26-35,FEMALE,42963000000035018,2026-07-15 14:36:44,2026-07-15 14:36:44,SYSTEM_SEED,SYSTEM_SEED
VIC-03804,Aarini Ganesh,44,36-45,FEMALE,42963000000035016,2026-07-15 14:36:44,2026-07-15 14:36:44,SYSTEM_SEED,SYSTEM_SEED
VIC-03805,Gangamma Urs,65,56-65,FEMALE,42963000000035020,2026-07-15 14:36:44,2026-07-15 14:36:44,SYSTEM_SEED,SYSTEM_SEED
VIC-03806,Rachita Bhavsar,39,36-45,FEMALE,42963000000035022,2026-07-15 14:36:44,2026-07-15 14:36:44,SYSTEM_SEED,SYSTEM_SEED
VIC-03807,Faraj Prasad,49,46-55,MALE,42963000000035017,2026-07-15 14:36:44,2026-07-15 14:36:44,SYSTEM_SEED,SYSTEM_SEED
VIC-03808,Pooja Bhargava,54,46-55,FEMALE,42963000000035028,2026-07-15 14:36:44,2026-07-15 14:36:44,SYSTEM_SEED,SYSTEM_SEED
VIC-03809,Jeevika Nazareth,8,Under 18,FEMALE,42963000000035025,2026-07-15 14:36:44,2026-07-15 14:36:44,SYSTEM_SEED,SYSTEM_SEED
VIC-03810,Omya Bandi,25,18-25,FEMALE,42963000000035026,2026-07-15 14:36:44,2026-07-15 14:36:44,SYSTEM_SEED,SYSTEM_SEED
VIC-03811,Nagaveni Naik,46,46-55,FEMALE,42963000000035031,2026-07-15 14:36:44,2026-07-15 14:36:44,SYSTEM_SEED,SYSTEM_SEED
VIC-03812,Samaksh Thaman,22,18-25,MALE,42963000000035027,2026-07-15 14:36:44,2026-07-15 14:36:44,SYSTEM_SEED,SYSTEM_SEED
VIC-03813,Channabasappa Nayak,31,26-35,MALE,42963000000035038,2026-07-15 14:36:44,2026-07-15 14:36:44,SYSTEM_SEED,SYSTEM_SEED
VIC-03814,Ishita Hari,78,66-80,FEMALE,42963000000035024,2026-07-15 14:36:44,2026-07-15 14:36:44,SYSTEM_SEED,SYSTEM_SEED
VIC-03815,Gopal Gaba,10,Under 18,MALE,42963000000035025,2026-07-15 14:36:44,2026-07-15 14:36:44,SYSTEM_SEED,SYSTEM_SEED
VIC-03816,Lakshmamma Reddy,48,46-55,FEMALE,42963000000035024,2026-07-15 14:36:44,2026-07-15 14:36:44,SYSTEM_SEED,SYSTEM_SEED
VIC-03817,Jatin Ramesh,6,Under 18,MALE,42963000000035036,2026-07-15 14:36:44,2026-07-15 14:36:44,SYSTEM_SEED,SYSTEM_SEED
VIC-03818,Tanay Deo,66,66-80,MALE,42963000000035021,2026-07-15 14:36:44,2026-07-15 14:36:44,SYSTEM_SEED,SYSTEM_SEED
VIC-03819,Amara Palan,33,26-35,FEMALE,42963000000035018,2026-07-15 14:36:44,2026-07-15 14:36:44,SYSTEM_SEED,SYSTEM_SEED
VIC-03820,Darsh Date,34,26-35,MALE,42963000000035024,2026-07-15 14:36:44,2026-07-15 14:36:44,SYSTEM_SEED,SYSTEM_SEED
VIC-03821,Lopa Chana,39,36-45,FEMALE,42963000000035033,2026-07-15 14:36:44,2026-07-15 14:36:44,SYSTEM_SEED,SYSTEM_SEED
VIC-03822,Ayush Sawhney,66,66-80,MALE,42963000000035026,2026-07-15 14:36:44,2026-07-15 14:36:44,SYSTEM_SEED,SYSTEM_SEED
VIC-03823,Ronith Munshi,53,46-55,MALE,42963000000035014,2026-07-15 14:36:44,2026-07-15 14:36:44,SYSTEM_SEED,SYSTEM_SEED
VIC-03824,Pushpalatha Bhat,67,66-80,FEMALE,42963000000035031,2026-07-15 14:36:44,2026-07-15 14:36:44,SYSTEM_SEED,SYSTEM_SEED
VIC-03825,Channabasappa Reddy,7,Under 18,MALE,42963000000035026,2026-07-15 14:36:44,2026-07-15 14:36:44,SYSTEM_SEED,SYSTEM_SEED
VIC-03826,Ayaan Dalal,40,36-45,MALE,42963000000035016,2026-07-15 14:36:44,2026-07-15 14:36:44,SYSTEM_SEED,SYSTEM_SEED
VIC-03827,Jairaj Taneja,57,56-65,MALE,42963000000035036,2026-07-15 14:36:44,2026-07-15 14:36:44,SYSTEM_SEED,SYSTEM_SEED
VIC-03828,Hardik Borra,3,Under 18,MALE,42963000000035037,2026-07-15 14:36:44,2026-07-15 14:36:44,SYSTEM_SEED,SYSTEM_SEED
VIC-03829,Sureshgowda Shetty,17,Under 18,MALE,42963000000035042,2026-07-15 14:36:44,2026-07-15 14:36:44,SYSTEM_SEED,SYSTEM_SEED
VIC-03830,Veda More,7,Under 18,FEMALE,42963000000035016,2026-07-15 14:36:44,2026-07-15 14:36:44,SYSTEM_SEED,SYSTEM_SEED
VIC-03831,Maya Dutta,79,66-80,FEMALE,42963000000035022,2026-07-15 14:36:44,2026-07-15 14:36:44,SYSTEM_SEED,SYSTEM_SEED
VIC-03832,Abhimanyu Rajagopalan,41,36-45,MALE,42963000000035022,2026-07-15 14:36:44,2026-07-15 14:36:44,SYSTEM_SEED,SYSTEM_SEED
VIC-03833,Thimmaiah Poojary,53,46-55,MALE,42963000000035025,2026-07-15 14:36:44,2026-07-15 14:36:44,SYSTEM_SEED,SYSTEM_SEED
VIC-03834,Krish Chander,57,56-65,MALE,42963000000035037,2026-07-15 14:36:44,2026-07-15 14:36:44,SYSTEM_SEED,SYSTEM_SEED
VIC-03835,Mahadevi Setty,30,26-35,FEMALE,42963000000035022,2026-07-15 14:36:44,2026-07-15 14:36:44,SYSTEM_SEED,SYSTEM_SEED
VIC-03836,Raghavendra Urs,33,26-35,MALE,42963000000035021,2026-07-15 14:36:44,2026-07-15 14:36:44,SYSTEM_SEED,SYSTEM_SEED
VIC-03837,Puttaswamy Kulkarni,66,66-80,MALE,42963000000035014,2026-07-15 14:36:44,2026-07-15 14:36:44,SYSTEM_SEED,SYSTEM_SEED
VIC-03838,Udarsh Oommen,63,56-65,MALE,42963000000035014,2026-07-15 14:36:44,2026-07-15 14:36:44,SYSTEM_SEED,SYSTEM_SEED
VIC-03839,Lakshmamma Rai,22,18-25,FEMALE,42963000000035035,2026-07-15 14:36:44,2026-07-15 14:36:44,SYSTEM_SEED,SYSTEM_SEED
VIC-03840,Ekaja Golla,13,Under 18,FEMALE,42963000000035039,2026-07-15 14:36:44,2026-07-15 14:36:44,SYSTEM_SEED,SYSTEM_SEED
VIC-03841,Chandrashekar Naik,65,56-65,MALE,42963000000035035,2026-07-15 14:36:44,2026-07-15 14:36:44,SYSTEM_SEED,SYSTEM_SEED
VIC-03842,Vansha Borra,26,26-35,FEMALE,42963000000035015,2026-07-15 14:36:44,2026-07-15 14:36:44,SYSTEM_SEED,SYSTEM_SEED
VIC-03843,Ravindranath Gowda,4,Under 18,MALE,42963000000035016,2026-07-15 14:36:44,2026-07-15 14:36:44,SYSTEM_SEED,SYSTEM_SEED
VIC-03844,Parvatamma Shetty,80,66-80,FEMALE,42963000000035037,2026-07-15 14:36:44,2026-07-15 14:36:44,SYSTEM_SEED,SYSTEM_SEED
VIC-03845,Savitramma Poojary,26,26-35,FEMALE,42963000000035017,2026-07-15 14:36:44,2026-07-15 14:36:44,SYSTEM_SEED,SYSTEM_SEED
VIC-03846,Savitramma Nayak,31,26-35,FEMALE,42963000000035033,2026-07-15 14:36:44,2026-07-15 14:36:44,SYSTEM_SEED,SYSTEM_SEED
VIC-03847,Kaveri Rai,22,18-25,FEMALE,42963000000035028,2026-07-15 14:36:44,2026-07-15 14:36:44,SYSTEM_SEED,SYSTEM_SEED
VIC-03848,Manjunath Rai,19,18-25,MALE,42963000000035015,2026-07-15 14:36:44,2026-07-15 14:36:44,SYSTEM_SEED,SYSTEM_SEED
VIC-03849,Chandresh Subramaniam,12,Under 18,MALE,42963000000035024,2026-07-15 14:36:44,2026-07-15 14:36:44,SYSTEM_SEED,SYSTEM_SEED
VIC-03850,Kala Rattan,64,56-65,FEMALE,42963000000035022,2026-07-15 14:36:44,2026-07-15 14:36:44,SYSTEM_SEED,SYSTEM_SEED
VIC-03851,Jagadish Kulkarni,39,36-45,MALE,42963000000035026,2026-07-15 14:36:44,2026-07-15 14:36:44,SYSTEM_SEED,SYSTEM_SEED
VIC-03852,Kaveri Shetty,31,26-35,FEMALE,42963000000035022,2026-07-15 14:36:44,2026-07-15 14:36:44,SYSTEM_SEED,SYSTEM_SEED
VIC-03853,Udyati Mahal,4,Under 18,FEMALE,42963000000035038,2026-07-15 14:36:44,2026-07-15 14:36:44,SYSTEM_SEED,SYSTEM_SEED
VIC-03854,Odika Dora,30,26-35,FEMALE,42963000000035013,2026-07-15 14:36:44,2026-07-15 14:36:44,SYSTEM_SEED,SYSTEM_SEED
VIC-03855,Raghavendra Nayak,14,Under 18,MALE,42963000000035042,2026-07-15 14:36:44,2026-07-15 14:36:44,SYSTEM_SEED,SYSTEM_SEED
VIC-03856,Jeremiah Rajagopal,67,66-80,MALE,42963000000035039,2026-07-15 14:36:44,2026-07-15 14:36:44,SYSTEM_SEED,SYSTEM_SEED
VIC-03857,Ekavir Bal,21,18-25,MALE,42963000000035017,2026-07-15 14:36:44,2026-07-15 14:36:44,SYSTEM_SEED,SYSTEM_SEED
VIC-03858,Dipta Sen,4,Under 18,FEMALE,42963000000035033,2026-07-15 14:36:44,2026-07-15 14:36:44,SYSTEM_SEED,SYSTEM_SEED
VIC-03859,Amara Agrawal,28,26-35,FEMALE,42963000000035017,2026-07-15 14:36:44,2026-07-15 14:36:44,SYSTEM_SEED,SYSTEM_SEED
VIC-03860,Zinal Luthra,51,46-55,FEMALE,42963000000035018,2026-07-15 14:36:44,2026-07-15 14:36:44,SYSTEM_SEED,SYSTEM_SEED
VIC-03861,Ekapad Madan,8,Under 18,MALE,42963000000035025,2026-07-15 14:36:44,2026-07-15 14:36:44,SYSTEM_SEED,SYSTEM_SEED
VIC-03862,Savitramma Achar,26,26-35,FEMALE,42963000000035029,2026-07-15 14:36:44,2026-07-15 14:36:44,SYSTEM_SEED,SYSTEM_SEED
VIC-03863,Ikshita Ganesan,71,66-80,FEMALE,42963000000035013,2026-07-15 14:36:44,2026-07-15 14:36:44,SYSTEM_SEED,SYSTEM_SEED
VIC-03864,Azad Pandya,62,56-65,MALE,42963000000035033,2026-07-15 14:36:44,2026-07-15 14:36:44,SYSTEM_SEED,SYSTEM_SEED
VIC-03865,Noah Pant,25,18-25,MALE,42963000000035039,2026-07-15 14:36:44,2026-07-15 14:36:44,SYSTEM_SEED,SYSTEM_SEED
VIC-03866,Parvatamma Gowda,16,Under 18,FEMALE,42963000000035022,2026-07-15 14:36:44,2026-07-15 14:36:44,SYSTEM_SEED,SYSTEM_SEED
VIC-03867,Sujathamma Setty,38,36-45,FEMALE,42963000000035018,2026-07-15 14:36:44,2026-07-15 14:36:44,SYSTEM_SEED,SYSTEM_SEED
VIC-03868,Nitara Chandra,40,36-45,FEMALE,42963000000035012,2026-07-15 14:36:44,2026-07-15 14:36:44,SYSTEM_SEED,SYSTEM_SEED
VIC-03869,Jagrati Dewan,50,46-55,FEMALE,42963000000035022,2026-07-15 14:36:44,2026-07-15 14:36:44,SYSTEM_SEED,SYSTEM_SEED
VIC-03870,Charles Mistry,78,66-80,MALE,42963000000035030,2026-07-15 14:36:44,2026-07-15 14:36:44,SYSTEM_SEED,SYSTEM_SEED
VIC-03871,Arya Varughese,41,36-45,FEMALE,42963000000035026,2026-07-15 14:36:44,2026-07-15 14:36:44,SYSTEM_SEED,SYSTEM_SEED
VIC-03872,Kariyappa Shetty,63,56-65,MALE,42963000000035037,2026-07-15 14:36:44,2026-07-15 14:36:44,SYSTEM_SEED,SYSTEM_SEED
VIC-03873,Ravindranath Poojary,23,18-25,MALE,42963000000035013,2026-07-15 14:36:44,2026-07-15 14:36:44,SYSTEM_SEED,SYSTEM_SEED
VIC-03874,Xavier Shenoy,8,Under 18,MALE,42963000000035027,2026-07-15 14:36:44,2026-07-15 14:36:44,SYSTEM_SEED,SYSTEM_SEED
VIC-03875,Kalpit Shukla,72,66-80,MALE,42963000000035024,2026-07-15 14:36:44,2026-07-15 14:36:44,SYSTEM_SEED,SYSTEM_SEED
VIC-03876,Gopalakrishna Setty,31,26-35,MALE,42963000000035022,2026-07-15 14:36:44,2026-07-15 14:36:44,SYSTEM_SEED,SYSTEM_SEED
VIC-03877,Rachit Krishnamurthy,11,Under 18,MALE,42963000000035036,2026-07-15 14:36:44,2026-07-15 14:36:44,SYSTEM_SEED,SYSTEM_SEED
VIC-03878,Jagadish Poojary,19,18-25,MALE,42963000000035026,2026-07-15 14:36:44,2026-07-15 14:36:44,SYSTEM_SEED,SYSTEM_SEED
VIC-03879,Jagadish Nayak,20,18-25,MALE,42963000000035026,2026-07-15 14:36:44,2026-07-15 14:36:44,SYSTEM_SEED,SYSTEM_SEED
VIC-03880,Nagaveni Urs,36,36-45,FEMALE,42963000000035040,2026-07-15 14:36:44,2026-07-15 14:36:44,SYSTEM_SEED,SYSTEM_SEED
VIC-03881,Jayamma Poojary,76,66-80,FEMALE,42963000000035016,2026-07-15 14:36:44,2026-07-15 14:36:44,SYSTEM_SEED,SYSTEM_SEED
VIC-03882,Harish Poojary,16,Under 18,MALE,42963000000035033,2026-07-15 14:36:44,2026-07-15 14:36:44,SYSTEM_SEED,SYSTEM_SEED
VIC-03883,Faraj Chander,16,Under 18,MALE,42963000000035024,2026-07-15 14:36:44,2026-07-15 14:36:44,SYSTEM_SEED,SYSTEM_SEED
VIC-03884,Yallappa Kulkarni,20,18-25,MALE,42963000000035019,2026-07-15 14:36:44,2026-07-15 14:36:44,SYSTEM_SEED,SYSTEM_SEED
VIC-03885,Kariyappa Achar,62,56-65,MALE,42963000000035027,2026-07-15 14:36:44,2026-07-15 14:36:44,SYSTEM_SEED,SYSTEM_SEED
VIC-03886,Joshua Nagy,41,36-45,MALE,42963000000035041,2026-07-15 14:36:44,2026-07-15 14:36:44,SYSTEM_SEED,SYSTEM_SEED
VIC-03887,Gautam Amble,62,56-65,MALE,42963000000035042,2026-07-15 14:36:44,2026-07-15 14:36:44,SYSTEM_SEED,SYSTEM_SEED
VIC-03888,Warhi Tailor,66,66-80,FEMALE,42963000000035019,2026-07-15 14:36:44,2026-07-15 14:36:44,SYSTEM_SEED,SYSTEM_SEED
VIC-03889,Upasna Tailor,36,36-45,FEMALE,42963000000035014,2026-07-15 14:36:44,2026-07-15 14:36:44,SYSTEM_SEED,SYSTEM_SEED
VIC-03890,Hardik Joshi,46,46-55,MALE,42963000000035017,2026-07-15 14:36:44,2026-07-15 14:36:44,SYSTEM_SEED,SYSTEM_SEED
VIC-03891,Frederick Sani,0,Under 18,MALE,42963000000035026,2026-07-15 14:36:44,2026-07-15 14:36:44,SYSTEM_SEED,SYSTEM_SEED
VIC-03892,Mahadevi Reddy,5,Under 18,FEMALE,42963000000035028,2026-07-15 14:36:44,2026-07-15 14:36:44,SYSTEM_SEED,SYSTEM_SEED
VIC-03893,Champak Parmar,7,Under 18,MALE,42963000000035016,2026-07-15 14:36:44,2026-07-15 14:36:44,SYSTEM_SEED,SYSTEM_SEED
VIC-03894,Fitan Oak,42,36-45,MALE,42963000000035023,2026-07-15 14:36:44,2026-07-15 14:36:44,SYSTEM_SEED,SYSTEM_SEED
VIC-03895,Maanav Sant,62,56-65,MALE,42963000000035033,2026-07-15 14:36:44,2026-07-15 14:36:44,SYSTEM_SEED,SYSTEM_SEED
VIC-03896,Barkha Venkatesh,75,66-80,FEMALE,42963000000035016,2026-07-15 14:36:44,2026-07-15 14:36:44,SYSTEM_SEED,SYSTEM_SEED
VIC-03897,Yashasvi Parmer,69,66-80,FEMALE,42963000000035027,2026-07-15 14:36:44,2026-07-15 14:36:44,SYSTEM_SEED,SYSTEM_SEED
VIC-03898,Frederick Nagi,25,18-25,MALE,42963000000035026,2026-07-15 14:36:44,2026-07-15 14:36:44,SYSTEM_SEED,SYSTEM_SEED
VIC-03899,Shivakumar Naik,24,18-25,MALE,42963000000035040,2026-07-15 14:36:44,2026-07-15 14:36:44,SYSTEM_SEED,SYSTEM_SEED
VIC-03900,William Deshmukh,76,66-80,MALE,42963000000035016,2026-07-15 14:36:44,2026-07-15 14:36:44,SYSTEM_SEED,SYSTEM_SEED
