accused_id,fir_id,role_in_case,date_added,warrant_status
ACC-02000,FIR-000001,primary,2021-01-25,ISSUED
ACC-00958,FIR-000002,primary,2021-01-16,NONE
ACC-03732,FIR-000003,primary,2021-02-05,NONE
ACC-02627,FIR-000004,primary,2021-02-13,ISSUED
ACC-03703,FIR-000004,secondary,2021-02-13,ISSUED
ACC-01179,FIR-000005,primary,2021-03-11,NONE
ACC-01526,FIR-000006,primary,2021-03-25,NONE
ACC-02657,FIR-000006,secondary,2021-03-25,PENDING
ACC-00700,FIR-000007,primary,2021-04-06,NONE
ACC-00713,FIR-000007,secondary,2021-04-06,EXECUTED
ACC-02216,FIR-000008,primary,2021-04-22,PENDING
ACC-01892,FIR-000009,primary,2021-05-23,ISSUED
ACC-00358,FIR-000010,primary,2021-05-05,NONE
ACC-04172,FIR-000011,primary,2021-06-01,PENDING
ACC-00628,FIR-000011,secondary,2021-06-01,NONE
ACC-03252,FIR-000012,primary,2021-06-23,ISSUED
ACC-00337,FIR-000013,primary,2021-07-25,ISSUED
ACC-01832,FIR-000014,primary,2021-07-18,NONE
ACC-00598,FIR-000015,primary,2021-08-16,NONE
ACC-01517,FIR-000016,primary,2021-08-18,NONE
ACC-01058,FIR-000016,secondary,2021-08-18,EXECUTED
ACC-02722,FIR-000017,primary,2021-09-11,NONE
ACC-01282,FIR-000017,secondary,2021-09-11,EXECUTED
ACC-04223,FIR-000018,primary,2021-09-20,NONE
ACC-04391,FIR-000019,primary,2021-10-26,ISSUED
ACC-00417,FIR-000020,primary,2021-10-04,NONE
ACC-01007,FIR-000020,secondary,2021-10-04,NONE
ACC-04033,FIR-000021,primary,2021-11-05,PENDING
ACC-01053,FIR-000022,primary,2021-11-07,NONE
ACC-00790,FIR-000022,secondary,2021-11-07,NONE
ACC-00090,FIR-000023,primary,2021-12-17,NONE
ACC-01442,FIR-000024,primary,2021-12-04,ISSUED
ACC-01447,FIR-000024,suspect,2021-12-04,NONE
ACC-01159,FIR-000025,primary,2022-01-05,NONE
ACC-02024,FIR-000026,primary,2022-01-27,NONE
ACC-00196,FIR-000027,primary,2022-02-03,NONE
ACC-02367,FIR-000027,suspect,2022-02-03,PENDING
ACC-03246,FIR-000028,primary,2022-02-27,NONE
ACC-01713,FIR-000029,primary,2022-03-24,NONE
ACC-02697,FIR-000030,primary,2022-03-21,NONE
ACC-03589,FIR-000031,primary,2022-04-07,PENDING
ACC-03464,FIR-000032,primary,2022-04-21,NONE
ACC-03978,FIR-000032,suspect,2022-04-21,NONE
ACC-03157,FIR-000032,secondary,2022-04-21,NONE
ACC-02193,FIR-000033,primary,2022-05-09,NONE
ACC-00006,FIR-000033,secondary,2022-05-09,NONE
ACC-03565,FIR-000033,secondary,2022-05-09,NONE
ACC-01746,FIR-000034,primary,2022-05-29,EXECUTED
ACC-01007,FIR-000034,secondary,2022-05-29,NONE
ACC-04069,FIR-000034,suspect,2022-05-29,NONE
ACC-01324,FIR-000035,primary,2022-06-24,ISSUED
ACC-03539,FIR-000036,primary,2022-06-05,NONE
ACC-04159,FIR-000037,primary,2022-07-27,NONE
ACC-01345,FIR-000037,secondary,2022-07-27,NONE
ACC-01994,FIR-000038,primary,2022-07-15,NONE
ACC-01231,FIR-000039,primary,2022-08-30,NONE
ACC-00797,FIR-000040,primary,2022-08-09,ISSUED
ACC-00408,FIR-000041,primary,2022-09-22,NONE
ACC-01437,FIR-000042,primary,2022-09-04,NONE
ACC-03257,FIR-000042,secondary,2022-09-04,NONE
ACC-04369,FIR-000043,primary,2022-10-15,ISSUED
ACC-01977,FIR-000044,primary,2022-10-03,NONE
ACC-00235,FIR-000045,primary,2022-11-20,NONE
ACC-01799,FIR-000046,primary,2022-11-15,NONE
ACC-02855,FIR-000046,suspect,2022-11-15,NONE
ACC-02041,FIR-000047,primary,2022-12-25,NONE
ACC-02894,FIR-000048,primary,2022-12-09,NONE
ACC-03889,FIR-000049,primary,2023-01-07,NONE
ACC-00836,FIR-000050,primary,2023-01-25,PENDING
ACC-01945,FIR-000051,primary,2023-02-03,NONE
ACC-00814,FIR-000052,primary,2023-02-14,NONE
ACC-00515,FIR-000052,secondary,2023-02-14,NONE
ACC-00253,FIR-000052,secondary,2023-02-14,NONE
ACC-03692,FIR-000053,primary,2023-03-22,NONE
ACC-00858,FIR-000053,secondary,2023-03-22,ISSUED
ACC-00783,FIR-000054,primary,2023-03-09,NONE
ACC-00198,FIR-000055,primary,2023-04-19,ISSUED
ACC-02590,FIR-000055,secondary,2023-04-19,NONE
ACC-03225,FIR-000056,primary,2023-04-09,EXECUTED
ACC-04228,FIR-000057,primary,2023-05-15,ISSUED
ACC-04245,FIR-000058,primary,2023-05-16,NONE
ACC-02997,FIR-000059,primary,2023-06-14,NONE
ACC-03837,FIR-000059,suspect,2023-06-14,NONE
ACC-00239,FIR-000060,primary,2023-06-11,ISSUED
ACC-00699,FIR-000061,primary,2023-07-09,EXECUTED
ACC-03310,FIR-000061,suspect,2023-07-09,NONE
ACC-02004,FIR-000062,primary,2023-07-12,NONE
ACC-01662,FIR-000062,secondary,2023-07-12,PENDING
ACC-02603,FIR-000063,primary,2023-08-07,NONE
ACC-04088,FIR-000064,primary,2023-08-10,NONE
ACC-00313,FIR-000065,primary,2023-09-23,ISSUED
ACC-01936,FIR-000066,primary,2023-09-19,NONE
ACC-02344,FIR-000066,suspect,2023-09-19,ISSUED
ACC-03176,FIR-000067,primary,2023-10-12,NONE
ACC-00697,FIR-000068,primary,2023-10-20,ISSUED
ACC-03716,FIR-000069,primary,2023-11-19,NONE
ACC-00628,FIR-000069,secondary,2023-11-19,ISSUED
ACC-03257,FIR-000069,secondary,2023-11-19,NONE
ACC-01193,FIR-000070,primary,2023-11-28,NONE
ACC-01211,FIR-000071,primary,2023-12-04,NONE
ACC-04064,FIR-000072,primary,2023-12-30,NONE
ACC-03062,FIR-000073,primary,2024-01-15,NONE
ACC-00204,FIR-000074,primary,2024-01-05,NONE
ACC-04368,FIR-000075,primary,2024-02-26,NONE
ACC-00535,FIR-000076,primary,2024-02-17,NONE
ACC-02861,FIR-000077,primary,2024-03-29,EXECUTED
ACC-00276,FIR-000078,primary,2024-03-31,NONE
ACC-00445,FIR-000079,primary,2024-04-15,NONE
ACC-01167,FIR-000080,primary,2024-04-13,NONE
ACC-00515,FIR-000080,suspect,2024-04-13,EXECUTED
ACC-03019,FIR-000081,primary,2024-05-19,ISSUED
ACC-01769,FIR-000082,primary,2024-05-23,NONE
ACC-00858,FIR-000082,suspect,2024-05-23,NONE
ACC-03717,FIR-000083,primary,2024-06-11,NONE
ACC-04360,FIR-000083,suspect,2024-06-11,NONE
ACC-01478,FIR-000084,primary,2024-06-28,NONE
ACC-03557,FIR-000085,primary,2024-07-05,NONE
ACC-00372,FIR-000085,secondary,2024-07-05,NONE
ACC-02264,FIR-000086,primary,2024-07-08,NONE
ACC-00234,FIR-000087,primary,2024-08-18,NONE
ACC-04262,FIR-000088,primary,2024-08-26,NONE
ACC-03689,FIR-000089,primary,2024-09-30,NONE
ACC-01788,FIR-000090,primary,2024-09-04,NONE
ACC-03310,FIR-000090,suspect,2024-09-04,ISSUED
ACC-02680,FIR-000091,primary,2024-10-31,NONE
ACC-04444,FIR-000092,primary,2024-10-06,ISSUED
ACC-03376,FIR-000092,secondary,2024-10-06,NONE
ACC-03314,FIR-000093,primary,2024-11-14,PENDING
ACC-02639,FIR-000094,primary,2024-11-14,ISSUED
ACC-02547,FIR-000095,primary,2024-12-10,NONE
ACC-00846,FIR-000096,primary,2024-12-24,NONE
ACC-03361,FIR-000097,primary,2025-01-17,EXECUTED
ACC-03032,FIR-000098,primary,2025-01-12,NONE
ACC-01058,FIR-000098,suspect,2025-01-12,NONE
ACC-00226,FIR-000098,secondary,2025-01-12,NONE
ACC-01477,FIR-000099,primary,2025-02-07,NONE
ACC-03560,FIR-000100,primary,2025-02-01,NONE
ACC-01662,FIR-000100,secondary,2025-02-01,NONE
ACC-01734,FIR-000101,primary,2025-03-09,NONE
ACC-02015,FIR-000102,primary,2025-03-11,NONE
ACC-04069,FIR-000102,suspect,2025-03-11,NONE
ACC-02074,FIR-000103,primary,2025-04-27,ISSUED
ACC-00072,FIR-000103,suspect,2025-04-27,ISSUED
ACC-03978,FIR-000103,secondary,2025-04-27,NONE
ACC-01981,FIR-000104,primary,2025-04-12,NONE
ACC-01570,FIR-000105,primary,2025-05-06,NONE
ACC-00678,FIR-000106,primary,2025-05-23,NONE
ACC-01843,FIR-000107,primary,2025-06-05,PENDING
ACC-01392,FIR-000108,primary,2025-06-08,ISSUED
ACC-00210,FIR-000109,primary,2025-07-27,NONE
ACC-03097,FIR-000110,primary,2025-07-11,NONE
ACC-01616,FIR-000110,suspect,2025-07-11,NONE
ACC-00970,FIR-000111,primary,2025-08-18,NONE
ACC-00578,FIR-000112,primary,2025-08-21,NONE
ACC-00072,FIR-000112,secondary,2025-08-21,NONE
ACC-00899,FIR-000113,primary,2025-09-29,NONE
ACC-01771,FIR-000114,primary,2025-09-27,NONE
ACC-01432,FIR-000115,primary,2025-10-17,NONE
ACC-04305,FIR-000115,secondary,2025-10-17,NONE
ACC-03941,FIR-000116,primary,2025-10-30,NONE
ACC-04360,FIR-000116,secondary,2025-10-30,NONE
ACC-00873,FIR-000117,primary,2025-11-08,PENDING
ACC-01720,FIR-000118,primary,2025-11-18,PENDING
ACC-02510,FIR-000119,primary,2025-12-05,PENDING
ACC-01404,FIR-000119,suspect,2025-12-05,NONE
ACC-02338,FIR-000120,primary,2025-12-13,NONE
ACC-03827,FIR-000121,primary,2021-01-08,EXECUTED
ACC-01405,FIR-000122,primary,2021-01-14,NONE
ACC-03354,FIR-000122,suspect,2021-01-14,NONE
ACC-02469,FIR-000123,primary,2021-02-06,PENDING
ACC-03052,FIR-000124,primary,2021-02-27,NONE
ACC-02111,FIR-000125,primary,2021-03-30,NONE
ACC-02194,FIR-000126,primary,2021-03-19,NONE
ACC-00611,FIR-000127,primary,2021-04-04,NONE
ACC-03820,FIR-000128,primary,2021-04-28,PENDING
ACC-00170,FIR-000129,primary,2021-05-10,NONE
ACC-01718,FIR-000129,suspect,2021-05-10,NONE
ACC-03540,FIR-000130,primary,2021-05-07,NONE
ACC-03013,FIR-000131,primary,2021-06-26,NONE
ACC-02909,FIR-000131,suspect,2021-06-26,NONE
ACC-01244,FIR-000132,primary,2021-06-27,NONE
ACC-04181,FIR-000133,primary,2021-07-19,ISSUED
ACC-01837,FIR-000134,primary,2021-07-11,NONE
ACC-02191,FIR-000135,primary,2021-08-23,PENDING
ACC-02575,FIR-000136,primary,2021-08-25,NONE
ACC-03610,FIR-000137,primary,2021-09-12,NONE
ACC-03402,FIR-000138,primary,2021-09-13,NONE
ACC-00592,FIR-000139,primary,2021-10-18,NONE
ACC-00203,FIR-000139,secondary,2021-10-18,EXECUTED
ACC-04040,FIR-000140,primary,2021-10-31,NONE
ACC-02448,FIR-000141,primary,2021-11-10,NONE
ACC-04109,FIR-000142,primary,2021-11-04,EXECUTED
ACC-00845,FIR-000143,primary,2021-12-01,PENDING
ACC-02885,FIR-000144,primary,2021-12-10,NONE
ACC-00618,FIR-000145,primary,2022-01-09,NONE
ACC-04225,FIR-000146,primary,2022-01-04,NONE
ACC-03850,FIR-000146,secondary,2022-01-04,NONE
ACC-02471,FIR-000147,primary,2022-02-14,NONE
ACC-01522,FIR-000148,primary,2022-02-04,NONE
ACC-03048,FIR-000149,primary,2022-03-30,ISSUED
ACC-01515,FIR-000150,primary,2022-03-25,PENDING
ACC-00649,FIR-000151,primary,2022-04-17,ISSUED
ACC-03302,FIR-000152,primary,2022-04-05,NONE
ACC-02536,FIR-000152,suspect,2022-04-05,NONE
ACC-03818,FIR-000153,primary,2022-05-12,NONE
ACC-01044,FIR-000154,primary,2022-05-03,NONE
ACC-02932,FIR-000155,primary,2022-06-03,NONE
ACC-00852,FIR-000156,primary,2022-06-04,ISSUED
ACC-01995,FIR-000157,primary,2022-07-25,PENDING
ACC-02098,FIR-000158,primary,2022-07-26,ISSUED
ACC-04421,FIR-000159,primary,2022-08-31,NONE
ACC-00951,FIR-000159,secondary,2022-08-31,NONE
ACC-01718,FIR-000159,secondary,2022-08-31,NONE
ACC-00952,FIR-000160,primary,2022-08-15,NONE
ACC-02944,FIR-000161,primary,2022-09-18,NONE
ACC-00295,FIR-000161,suspect,2022-09-18,PENDING
ACC-01320,FIR-000162,primary,2022-09-28,NONE
ACC-03980,FIR-000163,primary,2022-10-18,ISSUED
ACC-01030,FIR-000164,primary,2022-10-02,NONE
ACC-02790,FIR-000165,primary,2022-11-18,ISSUED
ACC-03357,FIR-000166,primary,2022-11-19,NONE
ACC-00203,FIR-000166,suspect,2022-11-19,NONE
ACC-01874,FIR-000166,secondary,2022-11-19,NONE
ACC-01512,FIR-000167,primary,2022-12-03,NONE
ACC-00028,FIR-000168,primary,2022-12-01,NONE
ACC-01162,FIR-000168,secondary,2022-12-01,NONE
ACC-00405,FIR-000169,primary,2023-01-15,NONE
ACC-00822,FIR-000169,secondary,2023-01-15,NONE
ACC-00509,FIR-000170,primary,2023-01-19,NONE
ACC-02615,FIR-000171,primary,2023-02-12,NONE
ACC-03440,FIR-000171,secondary,2023-02-12,NONE
ACC-02867,FIR-000172,primary,2023-02-01,PENDING
ACC-03500,FIR-000172,secondary,2023-02-01,NONE
ACC-03372,FIR-000173,primary,2023-03-02,NONE
ACC-02708,FIR-000174,primary,2023-03-03,NONE
ACC-01418,FIR-000175,primary,2023-04-18,NONE
ACC-03992,FIR-000175,secondary,2023-04-18,NONE
ACC-04437,FIR-000176,primary,2023-04-03,ISSUED
ACC-00329,FIR-000177,primary,2023-05-24,PENDING
ACC-04002,FIR-000178,primary,2023-05-14,NONE
ACC-02516,FIR-000179,primary,2023-06-09,NONE
ACC-03260,FIR-000179,suspect,2023-06-09,NONE
ACC-00612,FIR-000180,primary,2023-06-11,ISSUED
ACC-04214,FIR-000181,primary,2023-07-31,NONE
ACC-00930,FIR-000181,secondary,2023-07-31,NONE
ACC-04286,FIR-000182,primary,2023-07-11,NONE
ACC-00833,FIR-000183,primary,2023-08-09,NONE
ACC-02449,FIR-000184,primary,2023-08-09,NONE
ACC-03362,FIR-000185,primary,2023-09-01,NONE
ACC-03853,FIR-000186,primary,2023-09-17,NONE
ACC-00957,FIR-000187,primary,2023-10-14,NONE
ACC-03850,FIR-000187,secondary,2023-10-14,NONE
ACC-01583,FIR-000188,primary,2023-10-30,NONE
ACC-04107,FIR-000189,primary,2023-11-24,NONE
ACC-02377,FIR-000190,primary,2023-11-18,NONE
ACC-03090,FIR-000191,primary,2023-12-12,NONE
ACC-03880,FIR-000192,primary,2023-12-29,NONE
ACC-03606,FIR-000193,primary,2024-01-12,NONE
ACC-02855,FIR-000193,secondary,2024-01-12,NONE
ACC-03455,FIR-000194,primary,2024-01-07,ISSUED
ACC-03500,FIR-000194,secondary,2024-01-07,NONE
ACC-01533,FIR-000195,primary,2024-02-20,NONE
ACC-01634,FIR-000196,primary,2024-02-06,NONE
ACC-03807,FIR-000196,secondary,2024-02-06,ISSUED
ACC-02814,FIR-000197,primary,2024-03-22,NONE
ACC-02747,FIR-000198,primary,2024-03-21,NONE
ACC-00555,FIR-000198,suspect,2024-03-21,NONE
ACC-04162,FIR-000199,primary,2024-04-08,NONE
ACC-03304,FIR-000200,primary,2024-04-07,NONE
ACC-01555,FIR-000200,suspect,2024-04-07,NONE
ACC-01263,FIR-000201,primary,2024-05-07,NONE
ACC-04020,FIR-000202,primary,2024-05-02,NONE
ACC-02630,FIR-000203,primary,2024-06-22,NONE
ACC-00555,FIR-000203,secondary,2024-06-22,NONE
ACC-01311,FIR-000204,primary,2024-06-09,PENDING
ACC-01460,FIR-000205,primary,2024-07-29,NONE
ACC-03260,FIR-000205,secondary,2024-07-29,NONE
ACC-03469,FIR-000205,secondary,2024-07-29,NONE
ACC-00816,FIR-000206,primary,2024-07-04,ISSUED
ACC-00295,FIR-000206,suspect,2024-07-04,ISSUED
ACC-03707,FIR-000207,primary,2024-08-20,NONE
ACC-03382,FIR-000208,primary,2024-08-09,NONE
ACC-00789,FIR-000209,primary,2024-09-21,ISSUED
ACC-02483,FIR-000209,secondary,2024-09-21,NONE
ACC-03922,FIR-000210,primary,2024-09-15,NONE
ACC-00990,FIR-000211,primary,2024-10-20,NONE
ACC-01106,FIR-000212,primary,2024-10-05,NONE
ACC-01655,FIR-000213,primary,2024-11-03,NONE
ACC-02056,FIR-000214,primary,2024-11-03,NONE
ACC-00233,FIR-000214,suspect,2024-11-03,NONE
ACC-00762,FIR-000214,secondary,2024-11-03,NONE
ACC-04047,FIR-000215,primary,2024-12-12,NONE
ACC-04122,FIR-000216,primary,2024-12-08,NONE
ACC-04242,FIR-000216,suspect,2024-12-08,ISSUED
ACC-03170,FIR-000217,primary,2025-01-26,NONE
ACC-03383,FIR-000218,primary,2025-01-22,NONE
ACC-01092,FIR-000218,secondary,2025-01-22,NONE
ACC-01175,FIR-000219,primary,2025-02-15,NONE
ACC-02958,FIR-000219,suspect,2025-02-15,PENDING
ACC-02458,FIR-000220,primary,2025-02-08,NONE
ACC-02117,FIR-000221,primary,2025-03-06,NONE
ACC-03028,FIR-000222,primary,2025-03-05,NONE
ACC-03443,FIR-000223,primary,2025-04-16,ISSUED
ACC-00626,FIR-000224,primary,2025-04-22,NONE
ACC-02322,FIR-000225,primary,2025-05-01,PENDING
ACC-03541,FIR-000226,primary,2025-05-11,NONE
ACC-00951,FIR-000226,secondary,2025-05-11,NONE
ACC-01624,FIR-000227,primary,2025-06-27,NONE
ACC-01342,FIR-000228,primary,2025-06-25,NONE
ACC-01602,FIR-000228,suspect,2025-06-25,PENDING
ACC-01057,FIR-000229,primary,2025-07-27,NONE
ACC-02217,FIR-000230,primary,2025-07-07,NONE
ACC-01004,FIR-000231,primary,2025-08-22,PENDING
ACC-02427,FIR-000232,primary,2025-08-23,ISSUED
ACC-03532,FIR-000233,primary,2025-09-29,NONE
ACC-03266,FIR-000234,primary,2025-09-17,NONE
ACC-03086,FIR-000235,primary,2025-10-31,NONE
ACC-03085,FIR-000236,primary,2025-10-17,NONE
ACC-01198,FIR-000237,primary,2025-11-07,EXECUTED
ACC-02058,FIR-000238,primary,2025-11-28,NONE
ACC-00048,FIR-000239,primary,2025-12-30,NONE
ACC-00372,FIR-000239,secondary,2025-12-30,PENDING
ACC-02996,FIR-000239,suspect,2025-12-30,ISSUED
ACC-02375,FIR-000240,primary,2025-12-16,NONE
ACC-04336,FIR-000240,secondary,2025-12-16,NONE
ACC-03475,FIR-000241,primary,2021-01-18,NONE
ACC-00168,FIR-000242,primary,2021-01-23,NONE
ACC-00727,FIR-000242,suspect,2021-01-23,NONE
ACC-02755,FIR-000243,primary,2021-02-11,NONE
ACC-00863,FIR-000244,primary,2021-02-23,NONE
ACC-00202,FIR-000245,primary,2021-03-26,NONE
ACC-03641,FIR-000245,secondary,2021-03-26,NONE
ACC-01749,FIR-000246,primary,2021-03-22,NONE
ACC-02221,FIR-000247,primary,2021-04-05,PENDING
ACC-00410,FIR-000248,primary,2021-04-08,ISSUED
ACC-02475,FIR-000249,primary,2021-05-04,NONE
ACC-01901,FIR-000250,primary,2021-05-28,NONE
ACC-02918,FIR-000251,primary,2021-06-06,NONE
ACC-00729,FIR-000252,primary,2021-06-13,ISSUED
ACC-01216,FIR-000253,primary,2021-07-10,NONE
ACC-00019,FIR-000254,primary,2021-07-19,NONE
ACC-03612,FIR-000255,primary,2021-08-04,EXECUTED
ACC-01487,FIR-000255,suspect,2021-08-04,NONE
ACC-00937,FIR-000256,primary,2021-08-22,NONE
ACC-00086,FIR-000257,primary,2021-09-04,PENDING
ACC-03456,FIR-000258,primary,2021-09-26,NONE
ACC-03279,FIR-000259,primary,2021-10-04,NONE
ACC-03675,FIR-000260,primary,2021-10-14,NONE
ACC-01169,FIR-000261,primary,2021-11-17,NONE
ACC-00553,FIR-000262,primary,2021-11-29,PENDING
ACC-01919,FIR-000263,primary,2021-12-20,NONE
ACC-02798,FIR-000264,primary,2021-12-11,NONE
ACC-00550,FIR-000265,primary,2022-01-16,PENDING
ACC-00920,FIR-000266,primary,2022-01-16,NONE
ACC-02414,FIR-000266,suspect,2022-01-16,NONE
ACC-02129,FIR-000267,primary,2022-02-18,NONE
ACC-01827,FIR-000268,primary,2022-02-09,ISSUED
ACC-02534,FIR-000269,primary,2022-03-07,NONE
ACC-01403,FIR-000270,primary,2022-03-05,NONE
ACC-02509,FIR-000271,primary,2022-04-09,NONE
ACC-02293,FIR-000272,primary,2022-04-27,NONE
ACC-04345,FIR-000273,primary,2022-05-25,NONE
ACC-03592,FIR-000274,primary,2022-05-01,NONE
ACC-03093,FIR-000275,primary,2022-06-14,NONE
ACC-03185,FIR-000275,suspect,2022-06-14,NONE
ACC-02126,FIR-000276,primary,2022-06-23,ISSUED
ACC-01486,FIR-000277,primary,2022-07-10,NONE
ACC-04373,FIR-000277,suspect,2022-07-10,NONE
ACC-02698,FIR-000278,primary,2022-07-01,NONE
ACC-04460,FIR-000279,primary,2022-08-04,NONE
ACC-02396,FIR-000279,secondary,2022-08-04,NONE
ACC-02149,FIR-000280,primary,2022-08-04,NONE
ACC-03232,FIR-000280,secondary,2022-08-04,ISSUED
ACC-02182,FIR-000281,primary,2022-09-20,PENDING
ACC-01001,FIR-000282,primary,2022-09-02,NONE
ACC-00505,FIR-000283,primary,2022-10-26,NONE
ACC-03258,FIR-000284,primary,2022-10-07,NONE
ACC-00191,FIR-000285,primary,2022-11-07,NONE
ACC-01366,FIR-000286,primary,2022-11-23,NONE
ACC-00669,FIR-000287,primary,2022-12-16,NONE
ACC-02414,FIR-000287,suspect,2022-12-16,ISSUED
ACC-02533,FIR-000288,primary,2022-12-12,ISSUED
ACC-04210,FIR-000289,primary,2023-01-20,ISSUED
ACC-02786,FIR-000290,primary,2023-01-26,NONE
ACC-03334,FIR-000291,primary,2023-02-27,NONE
ACC-03755,FIR-000292,primary,2023-02-03,NONE
ACC-00425,FIR-000293,primary,2023-03-08,PENDING
ACC-01834,FIR-000294,primary,2023-03-29,ISSUED
ACC-00353,FIR-000294,suspect,2023-03-29,NONE
ACC-00880,FIR-000295,primary,2023-04-17,NONE
ACC-02544,FIR-000296,primary,2023-04-09,ISSUED
ACC-04055,FIR-000297,primary,2023-05-15,ISSUED
ACC-03710,FIR-000298,primary,2023-05-06,NONE
ACC-00887,FIR-000299,primary,2023-06-08,NONE
ACC-00718,FIR-000300,primary,2023-06-24,NONE
ACC-00389,FIR-000300,secondary,2023-06-24,NONE
ACC-00754,FIR-000300,secondary,2023-06-24,PENDING
ACC-00865,FIR-000301,primary,2023-07-12,NONE
ACC-01381,FIR-000302,primary,2023-07-08,ISSUED
ACC-01189,FIR-000303,primary,2023-08-02,NONE
ACC-01773,FIR-000304,primary,2023-08-29,NONE
ACC-00584,FIR-000305,primary,2023-09-04,NONE
ACC-03814,FIR-000306,primary,2023-09-16,NONE
ACC-03673,FIR-000306,suspect,2023-09-16,ISSUED
ACC-01909,FIR-000307,primary,2023-10-30,NONE
ACC-02537,FIR-000308,primary,2023-10-18,ISSUED
ACC-01795,FIR-000309,primary,2023-11-08,NONE
ACC-04407,FIR-000310,primary,2023-11-27,NONE
ACC-00130,FIR-000311,primary,2023-12-20,ISSUED
ACC-02629,FIR-000312,primary,2023-12-10,NONE
ACC-00850,FIR-000313,primary,2024-01-26,NONE
ACC-01180,FIR-000314,primary,2024-01-05,NONE
ACC-02016,FIR-000314,secondary,2024-01-05,NONE
ACC-04188,FIR-000315,primary,2024-02-28,NONE
ACC-04217,FIR-000316,primary,2024-02-04,NONE
ACC-00842,FIR-000316,secondary,2024-02-04,NONE
ACC-00143,FIR-000317,primary,2024-03-06,NONE
ACC-01587,FIR-000318,primary,2024-03-20,NONE
ACC-03870,FIR-000319,primary,2024-04-18,NONE
ACC-04072,FIR-000320,primary,2024-04-18,NONE
ACC-00056,FIR-000321,primary,2024-05-18,ISSUED
ACC-04260,FIR-000322,primary,2024-05-20,ISSUED
ACC-02359,FIR-000323,primary,2024-06-24,NONE
ACC-01038,FIR-000324,primary,2024-06-28,NONE
ACC-02368,FIR-000325,primary,2024-07-05,NONE
ACC-00941,FIR-000326,primary,2024-07-08,NONE
ACC-00138,FIR-000327,primary,2024-08-12,NONE
ACC-02771,FIR-000328,primary,2024-08-21,NONE
ACC-01820,FIR-000329,primary,2024-09-22,EXECUTED
ACC-03221,FIR-000329,suspect,2024-09-22,NONE
ACC-00976,FIR-000330,primary,2024-09-14,ISSUED
ACC-01174,FIR-000331,primary,2024-10-26,PENDING
ACC-02309,FIR-000332,primary,2024-10-26,NONE
ACC-00395,FIR-000333,primary,2024-11-24,NONE
ACC-00780,FIR-000334,primary,2024-11-23,NONE
ACC-00874,FIR-000335,primary,2024-12-28,PENDING
ACC-01811,FIR-000336,primary,2024-12-14,NONE
ACC-03991,FIR-000337,primary,2025-01-26,NONE
ACC-01853,FIR-000337,suspect,2025-01-26,NONE
ACC-00486,FIR-000338,primary,2025-01-02,NONE
ACC-01732,FIR-000339,primary,2025-02-06,NONE
ACC-02595,FIR-000340,primary,2025-02-25,PENDING
ACC-00026,FIR-000341,primary,2025-03-23,NONE
ACC-02505,FIR-000342,primary,2025-03-20,NONE
ACC-02140,FIR-000342,secondary,2025-03-20,NONE
ACC-00424,FIR-000343,primary,2025-04-23,NONE
ACC-01563,FIR-000344,primary,2025-04-01,NONE
ACC-00512,FIR-000345,primary,2025-05-16,NONE
ACC-01487,FIR-000345,secondary,2025-05-16,PENDING
ACC-02693,FIR-000346,primary,2025-05-04,NONE
ACC-04158,FIR-000347,primary,2025-06-27,NONE
ACC-02265,FIR-000348,primary,2025-06-21,NONE
ACC-03428,FIR-000348,secondary,2025-06-21,NONE
ACC-00330,FIR-000349,primary,2025-07-25,NONE
ACC-03594,FIR-000350,primary,2025-07-26,NONE
ACC-03536,FIR-000351,primary,2025-08-04,NONE
ACC-00371,FIR-000352,primary,2025-08-12,PENDING
ACC-03232,FIR-000352,suspect,2025-08-12,NONE
ACC-00035,FIR-000353,primary,2025-09-26,NONE
ACC-02964,FIR-000354,primary,2025-09-13,NONE
ACC-00811,FIR-000355,primary,2025-10-09,NONE
ACC-00103,FIR-000356,primary,2025-10-21,NONE
ACC-03325,FIR-000357,primary,2025-11-18,EXECUTED
ACC-03221,FIR-000357,secondary,2025-11-18,NONE
ACC-01879,FIR-000358,primary,2025-11-23,NONE
ACC-02563,FIR-000359,primary,2025-12-07,NONE
ACC-02366,FIR-000360,primary,2025-12-26,ISSUED
ACC-00842,FIR-000360,suspect,2025-12-26,NONE
ACC-00617,FIR-000361,primary,2021-01-09,NONE
ACC-00472,FIR-000362,primary,2021-01-03,NONE
ACC-00508,FIR-000362,secondary,2021-01-03,NONE
ACC-02244,FIR-000362,suspect,2021-01-03,NONE
ACC-00491,FIR-000363,primary,2021-02-27,NONE
ACC-03083,FIR-000364,primary,2021-02-07,NONE
ACC-03261,FIR-000365,primary,2021-03-10,NONE
ACC-00485,FIR-000365,suspect,2021-03-10,NONE
ACC-00562,FIR-000366,primary,2021-03-20,NONE
ACC-01616,FIR-000366,suspect,2021-03-20,PENDING
ACC-00335,FIR-000367,primary,2021-04-25,PENDING
ACC-02659,FIR-000367,suspect,2021-04-25,NONE
ACC-02299,FIR-000368,primary,2021-04-06,NONE
ACC-00894,FIR-000368,secondary,2021-04-06,NONE
ACC-02112,FIR-000369,primary,2021-05-06,PENDING
ACC-02872,FIR-000370,primary,2021-05-02,NONE
ACC-00745,FIR-000371,primary,2021-06-08,ISSUED
ACC-01049,FIR-000372,primary,2021-06-22,ISSUED
ACC-04362,FIR-000373,primary,2021-07-06,NONE
ACC-04322,FIR-000374,primary,2021-07-26,NONE
ACC-01953,FIR-000375,primary,2021-08-03,ISSUED
ACC-03561,FIR-000376,primary,2021-08-17,NONE
ACC-00932,FIR-000377,primary,2021-09-30,NONE
ACC-02032,FIR-000378,primary,2021-09-28,PENDING
ACC-03992,FIR-000378,suspect,2021-09-28,NONE
ACC-03879,FIR-000379,primary,2021-10-04,PENDING
ACC-02399,FIR-000379,secondary,2021-10-04,NONE
ACC-02161,FIR-000380,primary,2021-10-23,NONE
ACC-01605,FIR-000380,secondary,2021-10-23,NONE
ACC-03657,FIR-000381,primary,2021-11-27,PENDING
ACC-01883,FIR-000382,primary,2021-11-09,NONE
ACC-03251,FIR-000382,suspect,2021-11-09,NONE
ACC-03044,FIR-000382,secondary,2021-11-09,NONE
ACC-04278,FIR-000383,primary,2021-12-11,ISSUED
ACC-01185,FIR-000384,primary,2021-12-27,NONE
ACC-02910,FIR-000385,primary,2022-01-03,NONE
ACC-01284,FIR-000386,primary,2022-01-27,EXECUTED
ACC-01768,FIR-000387,primary,2022-02-12,NONE
ACC-03754,FIR-000388,primary,2022-02-03,EXECUTED
ACC-01380,FIR-000389,primary,2022-03-15,NONE
ACC-03630,FIR-000390,primary,2022-03-07,NONE
ACC-02428,FIR-000390,suspect,2022-03-07,NONE
ACC-02923,FIR-000391,primary,2022-04-05,NONE
ACC-03735,FIR-000392,primary,2022-04-06,NONE
ACC-04086,FIR-000393,primary,2022-05-16,NONE
ACC-01712,FIR-000393,secondary,2022-05-16,NONE
ACC-02645,FIR-000393,suspect,2022-05-16,NONE
ACC-02286,FIR-000394,primary,2022-05-07,ISSUED
ACC-00987,FIR-000395,primary,2022-06-22,PENDING
ACC-00075,FIR-000396,primary,2022-06-01,NONE
ACC-03050,FIR-000397,primary,2022-07-04,NONE
ACC-02347,FIR-000398,primary,2022-07-04,NONE
ACC-02234,FIR-000399,primary,2022-08-26,PENDING
ACC-03033,FIR-000399,suspect,2022-08-26,NONE
ACC-01784,FIR-000400,primary,2022-08-19,NONE
ACC-01238,FIR-000401,primary,2022-09-06,NONE
ACC-00916,FIR-000401,secondary,2022-09-06,NONE
ACC-04320,FIR-000402,primary,2022-09-03,NONE
ACC-04001,FIR-000403,primary,2022-10-22,EXECUTED
ACC-01455,FIR-000404,primary,2022-10-18,NONE
ACC-03251,FIR-000404,suspect,2022-10-18,ISSUED
ACC-03530,FIR-000404,secondary,2022-10-18,ISSUED
ACC-04317,FIR-000405,primary,2022-11-14,NONE
ACC-00390,FIR-000406,primary,2022-11-06,NONE
ACC-02378,FIR-000407,primary,2022-12-07,NONE
ACC-01295,FIR-000408,primary,2022-12-14,ISSUED
ACC-00604,FIR-000409,primary,2023-01-08,NONE
ACC-01926,FIR-000410,primary,2023-01-23,NONE
ACC-02942,FIR-000410,secondary,2023-01-23,NONE
ACC-00720,FIR-000411,primary,2023-02-28,NONE
ACC-02399,FIR-000411,suspect,2023-02-28,NONE
ACC-01652,FIR-000412,primary,2023-02-02,ISSUED
ACC-02636,FIR-000413,primary,2023-03-30,PENDING
ACC-01673,FIR-000414,primary,2023-03-12,NONE
ACC-03353,FIR-000415,primary,2023-04-06,NONE
ACC-03030,FIR-000416,primary,2023-04-13,NONE
ACC-01588,FIR-000417,primary,2023-05-21,NONE
ACC-04097,FIR-000418,primary,2023-05-28,NONE
ACC-02942,FIR-000418,secondary,2023-05-28,NONE
ACC-02181,FIR-000419,primary,2023-06-03,NONE
ACC-01404,FIR-000419,secondary,2023-06-03,NONE
ACC-03060,FIR-000420,primary,2023-06-07,NONE
ACC-01823,FIR-000421,primary,2023-07-07,NONE
ACC-02486,FIR-000421,secondary,2023-07-07,PENDING
ACC-01096,FIR-000422,primary,2023-07-22,NONE
ACC-03570,FIR-000423,primary,2023-08-21,NONE
ACC-02645,FIR-000423,secondary,2023-08-21,NONE
ACC-01452,FIR-000424,primary,2023-08-31,NONE
ACC-01870,FIR-000425,primary,2023-09-07,NONE
ACC-01218,FIR-000426,primary,2023-09-13,ISSUED
ACC-02026,FIR-000426,secondary,2023-09-13,NONE
ACC-01241,FIR-000427,primary,2023-10-12,PENDING
ACC-00977,FIR-000428,primary,2023-10-14,ISSUED
ACC-01913,FIR-000429,primary,2023-11-10,ISSUED
ACC-02724,FIR-000430,primary,2023-11-01,NONE
ACC-01916,FIR-000431,primary,2023-12-19,NONE
ACC-03516,FIR-000432,primary,2023-12-17,NONE
ACC-02926,FIR-000432,secondary,2023-12-17,ISSUED
ACC-03939,FIR-000432,suspect,2023-12-17,NONE
ACC-02218,FIR-000433,primary,2024-01-07,NONE
ACC-03008,FIR-000434,primary,2024-01-10,NONE
ACC-04155,FIR-000434,suspect,2024-01-10,PENDING
ACC-03011,FIR-000434,secondary,2024-01-10,NONE
ACC-02561,FIR-000435,primary,2024-02-21,NONE
ACC-01894,FIR-000435,suspect,2024-02-21,NONE
ACC-02332,FIR-000436,primary,2024-02-29,NONE
ACC-03530,FIR-000436,suspect,2024-02-29,NONE
ACC-03173,FIR-000437,primary,2024-03-21,NONE
ACC-00819,FIR-000438,primary,2024-03-21,NONE
ACC-03420,FIR-000439,primary,2024-04-13,NONE
ACC-01782,FIR-000440,primary,2024-04-21,NONE
ACC-02920,FIR-000440,suspect,2024-04-21,NONE
ACC-02614,FIR-000441,primary,2024-05-24,PENDING
ACC-02670,FIR-000442,primary,2024-05-15,NONE
ACC-00483,FIR-000443,primary,2024-06-29,ISSUED
ACC-02408,FIR-000444,primary,2024-06-05,NONE
ACC-00738,FIR-000445,primary,2024-07-12,EXECUTED
ACC-02551,FIR-000446,primary,2024-07-25,ISSUED
ACC-01317,FIR-000447,primary,2024-08-16,ISSUED
ACC-03416,FIR-000447,secondary,2024-08-16,NONE
ACC-03229,FIR-000448,primary,2024-08-30,NONE
ACC-04099,FIR-000449,primary,2024-09-08,NONE
ACC-03416,FIR-000449,suspect,2024-09-08,NONE
ACC-04428,FIR-000450,primary,2024-09-09,EXECUTED
ACC-00614,FIR-000451,primary,2024-10-31,NONE
ACC-01217,FIR-000452,primary,2024-10-21,NONE
ACC-04263,FIR-000452,suspect,2024-10-21,EXECUTED
ACC-03015,FIR-000453,primary,2024-11-30,NONE
ACC-03777,FIR-000453,secondary,2024-11-30,NONE
ACC-01352,FIR-000454,primary,2024-11-08,NONE
ACC-00267,FIR-000454,suspect,2024-11-08,NONE
ACC-01445,FIR-000455,primary,2024-12-11,NONE
ACC-02659,FIR-000455,secondary,2024-12-11,NONE
ACC-04155,FIR-000455,secondary,2024-12-11,NONE
ACC-03548,FIR-000456,primary,2024-12-10,NONE
ACC-01427,FIR-000457,primary,2025-01-26,PENDING
ACC-02577,FIR-000458,primary,2025-01-19,NONE
ACC-01091,FIR-000459,primary,2025-02-24,ISSUED
ACC-03191,FIR-000460,primary,2025-02-19,ISSUED
ACC-04302,FIR-000461,primary,2025-03-02,NONE
ACC-00993,FIR-000462,primary,2025-03-15,NONE
ACC-03403,FIR-000463,primary,2025-04-17,NONE
ACC-00206,FIR-000464,primary,2025-04-29,NONE
ACC-01957,FIR-000465,primary,2025-05-28,NONE
ACC-01894,FIR-000465,secondary,2025-05-28,NONE
ACC-02331,FIR-000465,secondary,2025-05-28,PENDING
ACC-03683,FIR-000466,primary,2025-05-29,NONE
ACC-04453,FIR-000467,primary,2025-06-28,PENDING
ACC-02105,FIR-000467,suspect,2025-06-28,NONE
ACC-00344,FIR-000468,primary,2025-06-26,NONE
ACC-02428,FIR-000468,secondary,2025-06-26,NONE
ACC-03572,FIR-000469,primary,2025-07-07,EXECUTED
ACC-03084,FIR-000470,primary,2025-07-07,NONE
ACC-00662,FIR-000471,primary,2025-08-29,NONE
ACC-00661,FIR-000472,primary,2025-08-03,NONE
ACC-03054,FIR-000472,suspect,2025-08-03,NONE
ACC-02604,FIR-000473,primary,2025-09-17,NONE
ACC-01585,FIR-000474,primary,2025-09-15,NONE
ACC-01313,FIR-000474,secondary,2025-09-15,ISSUED
ACC-01492,FIR-000475,primary,2025-10-28,NONE
ACC-00300,FIR-000476,primary,2025-10-27,NONE
ACC-01151,FIR-000476,suspect,2025-10-27,NONE
ACC-01822,FIR-000477,primary,2025-11-09,NONE
ACC-01712,FIR-000477,secondary,2025-11-09,NONE
ACC-01524,FIR-000478,primary,2025-11-16,NONE
ACC-02409,FIR-000478,secondary,2025-11-16,NONE
ACC-00435,FIR-000479,primary,2025-12-17,EXECUTED
ACC-02675,FIR-000479,secondary,2025-12-17,NONE
ACC-02406,FIR-000480,primary,2025-12-16,NONE
ACC-02915,FIR-000481,primary,2021-01-20,NONE
ACC-01041,FIR-000482,primary,2021-01-13,ISSUED
ACC-03243,FIR-000483,primary,2021-01-18,NONE
ACC-00427,FIR-000483,secondary,2021-01-18,NONE
ACC-01949,FIR-000484,primary,2021-01-27,NONE
ACC-01181,FIR-000485,primary,2021-02-24,NONE
ACC-00686,FIR-000486,primary,2021-02-17,NONE
ACC-00576,FIR-000486,suspect,2021-02-17,NONE
ACC-03653,FIR-000487,primary,2021-02-10,NONE
ACC-04259,FIR-000487,suspect,2021-02-10,NONE
ACC-01209,FIR-000488,primary,2021-02-20,EXECUTED
ACC-03986,FIR-000489,primary,2021-03-28,NONE
ACC-01490,FIR-000489,suspect,2021-03-28,NONE
ACC-01969,FIR-000490,primary,2021-03-14,EXECUTED
ACC-04145,FIR-000491,primary,2021-03-14,NONE
ACC-00533,FIR-000492,primary,2021-03-31,NONE
ACC-02731,FIR-000493,primary,2021-04-29,NONE
ACC-02064,FIR-000494,primary,2021-04-30,NONE
ACC-01666,FIR-000494,suspect,2021-04-30,ISSUED
ACC-02210,FIR-000495,primary,2021-04-19,ISSUED
ACC-00673,FIR-000495,suspect,2021-04-19,NONE
ACC-00238,FIR-000496,primary,2021-04-22,NONE
ACC-01527,FIR-000497,primary,2021-05-03,PENDING
ACC-03419,FIR-000498,primary,2021-05-04,ISSUED
ACC-03788,FIR-000499,primary,2021-05-10,PENDING
ACC-02341,FIR-000500,primary,2021-05-08,NONE
ACC-02280,FIR-000501,primary,2021-06-30,NONE
ACC-02917,FIR-000502,primary,2021-06-08,ISSUED
ACC-04372,FIR-000502,suspect,2021-06-08,NONE
ACC-03733,FIR-000503,primary,2021-06-11,NONE
ACC-03637,FIR-000504,primary,2021-06-21,NONE
ACC-03146,FIR-000504,suspect,2021-06-21,NONE
ACC-00474,FIR-000505,primary,2021-07-27,NONE
ACC-00463,FIR-000506,primary,2021-07-29,NONE
ACC-02721,FIR-000507,primary,2021-07-27,NONE
ACC-01199,FIR-000507,secondary,2021-07-27,NONE
ACC-02585,FIR-000508,primary,2021-07-30,PENDING
ACC-02090,FIR-000509,primary,2021-08-23,ISSUED
ACC-01839,FIR-000510,primary,2021-08-10,NONE
ACC-03484,FIR-000510,suspect,2021-08-10,PENDING
ACC-02948,FIR-000511,primary,2021-08-19,PENDING
ACC-00754,FIR-000511,suspect,2021-08-19,NONE
ACC-03414,FIR-000512,primary,2021-08-31,NONE
ACC-02514,FIR-000513,primary,2021-08-01,EXECUTED
ACC-02314,FIR-000513,secondary,2021-08-01,NONE
ACC-00787,FIR-000514,primary,2021-09-22,NONE
ACC-01008,FIR-000515,primary,2021-09-06,PENDING
ACC-04254,FIR-000516,primary,2021-09-13,NONE
ACC-00139,FIR-000517,primary,2021-09-07,NONE
ACC-04187,FIR-000518,primary,2021-09-23,NONE
ACC-02434,FIR-000519,primary,2021-10-12,NONE
ACC-03404,FIR-000520,primary,2021-10-10,NONE
ACC-00740,FIR-000521,primary,2021-10-18,PENDING
ACC-01651,FIR-000521,suspect,2021-10-18,NONE
ACC-04199,FIR-000521,suspect,2021-10-18,NONE
ACC-01122,FIR-000522,primary,2021-10-10,NONE
ACC-00036,FIR-000523,primary,2021-10-14,NONE
ACC-01346,FIR-000524,primary,2021-11-18,NONE
ACC-00500,FIR-000525,primary,2021-11-04,NONE
ACC-00810,FIR-000525,secondary,2021-11-04,NONE
ACC-03890,FIR-000526,primary,2021-11-24,NONE
ACC-03824,FIR-000527,primary,2021-11-30,ISSUED
ACC-02836,FIR-000528,primary,2021-11-25,NONE
ACC-03856,FIR-000529,primary,2021-12-09,NONE
ACC-01611,FIR-000530,primary,2021-12-06,NONE
ACC-01547,FIR-000530,secondary,2021-12-06,NONE
ACC-04204,FIR-000530,suspect,2021-12-06,PENDING
ACC-01222,FIR-000531,primary,2021-12-02,NONE
ACC-03643,FIR-000532,primary,2021-12-11,NONE
ACC-01743,FIR-000533,primary,2022-01-06,NONE
ACC-04036,FIR-000534,primary,2022-01-09,NONE
ACC-01987,FIR-000535,primary,2022-01-18,NONE
ACC-04288,FIR-000535,secondary,2022-01-18,ISSUED
ACC-03654,FIR-000536,primary,2022-01-25,NONE
ACC-03129,FIR-000537,primary,2022-02-02,PENDING
ACC-01906,FIR-000537,suspect,2022-02-02,ISSUED
ACC-02985,FIR-000538,primary,2022-02-19,EXECUTED
ACC-02150,FIR-000539,primary,2022-02-05,NONE
ACC-01268,FIR-000540,primary,2022-02-12,PENDING
ACC-00551,FIR-000541,primary,2022-03-23,PENDING
ACC-04295,FIR-000541,secondary,2022-03-23,ISSUED
ACC-02445,FIR-000542,primary,2022-03-24,NONE
ACC-00800,FIR-000542,suspect,2022-03-24,NONE
ACC-02284,FIR-000543,primary,2022-03-14,NONE
ACC-02653,FIR-000544,primary,2022-03-02,PENDING
ACC-04456,FIR-000544,suspect,2022-03-02,ISSUED
ACC-03624,FIR-000545,primary,2022-04-20,ISSUED
ACC-01439,FIR-000546,primary,2022-04-01,PENDING
ACC-01989,FIR-000546,secondary,2022-04-01,NONE
ACC-03907,FIR-000547,primary,2022-04-20,NONE
ACC-03364,FIR-000548,primary,2022-04-28,ISSUED
ACC-03593,FIR-000549,primary,2022-05-23,ISSUED
ACC-00003,FIR-000550,primary,2022-05-18,NONE
ACC-04331,FIR-000551,primary,2022-05-14,NONE
ACC-04128,FIR-000552,primary,2022-05-25,ISSUED
ACC-04213,FIR-000553,primary,2022-06-19,NONE
ACC-01623,FIR-000553,secondary,2022-06-19,EXECUTED
ACC-02443,FIR-000554,primary,2022-06-20,ISSUED
ACC-00810,FIR-000554,secondary,2022-06-20,NONE
ACC-04163,FIR-000555,primary,2022-06-03,ISSUED
ACC-02692,FIR-000556,primary,2022-06-02,NONE
ACC-02822,FIR-000557,primary,2022-07-26,NONE
ACC-03498,FIR-000558,primary,2022-07-03,NONE
ACC-00253,FIR-000558,suspect,2022-07-03,NONE
ACC-04450,FIR-000559,primary,2022-07-29,NONE
ACC-03422,FIR-000560,primary,2022-07-09,ISSUED
ACC-03396,FIR-000561,primary,2022-08-31,NONE
ACC-00786,FIR-000562,primary,2022-08-15,NONE
ACC-03590,FIR-000563,primary,2022-08-21,PENDING
ACC-00679,FIR-000564,primary,2022-08-22,NONE
ACC-01944,FIR-000565,primary,2022-08-23,ISSUED
ACC-04224,FIR-000566,primary,2022-09-05,NONE
ACC-03263,FIR-000566,secondary,2022-09-05,ISSUED
ACC-02943,FIR-000567,primary,2022-09-04,ISSUED
ACC-02302,FIR-000568,primary,2022-09-25,NONE
ACC-01333,FIR-000568,suspect,2022-09-25,NONE
ACC-01315,FIR-000569,primary,2022-09-10,PENDING
ACC-00624,FIR-000570,primary,2022-09-11,NONE
ACC-04288,FIR-000570,secondary,2022-09-11,NONE
ACC-01232,FIR-000571,primary,2022-10-29,NONE
ACC-03919,FIR-000572,primary,2022-10-22,NONE
ACC-01144,FIR-000572,secondary,2022-10-22,NONE
ACC-04441,FIR-000573,primary,2022-10-17,NONE
ACC-00896,FIR-000574,primary,2022-10-28,NONE
ACC-00593,FIR-000575,primary,2022-10-08,NONE
ACC-01140,FIR-000576,primary,2022-11-30,NONE
ACC-03962,FIR-000577,primary,2022-11-02,NONE
ACC-03066,FIR-000578,primary,2022-11-24,ISSUED
ACC-00050,FIR-000579,primary,2022-11-05,NONE
ACC-02821,FIR-000580,primary,2022-11-09,NONE
ACC-02203,FIR-000581,primary,2022-12-24,EXECUTED
ACC-04094,FIR-000582,primary,2022-12-04,NONE
ACC-03586,FIR-000583,primary,2022-12-15,NONE
ACC-04306,FIR-000583,secondary,2022-12-15,NONE
ACC-03729,FIR-000584,primary,2022-12-15,NONE
ACC-01227,FIR-000585,primary,2023-01-26,EXECUTED
ACC-02624,FIR-000586,primary,2023-01-04,NONE
ACC-04425,FIR-000587,primary,2023-01-17,NONE
ACC-04411,FIR-000588,primary,2023-01-03,ISSUED
ACC-03967,FIR-000589,primary,2023-02-03,NONE
ACC-01574,FIR-000590,primary,2023-02-18,NONE
ACC-03068,FIR-000591,primary,2023-02-14,NONE
ACC-00527,FIR-000592,primary,2023-02-07,NONE
ACC-00384,FIR-000593,primary,2023-03-25,NONE
ACC-03531,FIR-000594,primary,2023-03-02,NONE
ACC-03250,FIR-000595,primary,2023-03-17,NONE
ACC-01785,FIR-000596,primary,2023-03-31,NONE
ACC-03103,FIR-000597,primary,2023-04-30,NONE
ACC-01623,FIR-000597,suspect,2023-04-30,PENDING
ACC-01763,FIR-000598,primary,2023-04-22,ISSUED
ACC-00560,FIR-000599,primary,2023-04-01,NONE
ACC-01143,FIR-000600,primary,2023-04-08,PENDING
ACC-03497,FIR-000601,primary,2023-05-29,NONE
ACC-03981,FIR-000601,secondary,2023-05-29,NONE
ACC-01999,FIR-000602,primary,2023-05-12,NONE
ACC-03567,FIR-000602,suspect,2023-05-12,EXECUTED
ACC-03016,FIR-000603,primary,2023-05-08,ISSUED
ACC-03284,FIR-000604,primary,2023-05-04,NONE
ACC-01019,FIR-000605,primary,2023-06-14,NONE
ACC-03552,FIR-000606,primary,2023-06-28,NONE
ACC-01318,FIR-000607,primary,2023-06-18,PENDING
ACC-02324,FIR-000608,primary,2023-06-20,NONE
ACC-00948,FIR-000609,primary,2023-07-06,NONE
ACC-00918,FIR-000610,primary,2023-07-18,NONE
ACC-01163,FIR-000611,primary,2023-07-30,NONE
ACC-01896,FIR-000612,primary,2023-07-31,PENDING
ACC-02539,FIR-000613,primary,2023-08-29,NONE
ACC-03201,FIR-000614,primary,2023-08-18,NONE
ACC-03335,FIR-000615,primary,2023-08-27,PENDING
ACC-01804,FIR-000616,primary,2023-08-13,EXECUTED
ACC-03091,FIR-000617,primary,2023-08-21,ISSUED
ACC-02941,FIR-000617,suspect,2023-08-21,NONE
ACC-01293,FIR-000618,primary,2023-09-09,NONE
ACC-01440,FIR-000619,primary,2023-09-01,ISSUED
ACC-04061,FIR-000620,primary,2023-09-12,ISSUED
ACC-02993,FIR-000620,suspect,2023-09-12,NONE
ACC-02502,FIR-000621,primary,2023-09-18,PENDING
ACC-03217,FIR-000621,suspect,2023-09-18,EXECUTED
ACC-01914,FIR-000622,primary,2023-09-24,PENDING
ACC-02638,FIR-000623,primary,2023-10-19,PENDING
ACC-01831,FIR-000623,suspect,2023-10-19,NONE
ACC-03461,FIR-000624,primary,2023-10-19,NONE
ACC-02714,FIR-000625,primary,2023-10-19,NONE
ACC-01350,FIR-000625,secondary,2023-10-19,NONE
ACC-02451,FIR-000625,secondary,2023-10-19,NONE
ACC-00623,FIR-000626,primary,2023-10-08,NONE
ACC-03690,FIR-000627,primary,2023-10-14,NONE
ACC-02718,FIR-000628,primary,2023-11-20,PENDING
ACC-03537,FIR-000629,primary,2023-11-18,NONE
ACC-00945,FIR-000630,primary,2023-11-16,NONE
ACC-02496,FIR-000631,primary,2023-11-09,NONE
ACC-02773,FIR-000631,secondary,2023-11-09,NONE
ACC-00093,FIR-000632,primary,2023-11-21,NONE
ACC-03096,FIR-000632,secondary,2023-11-21,NONE
ACC-00572,FIR-000633,primary,2023-12-29,EXECUTED
ACC-00943,FIR-000634,primary,2023-12-04,NONE
ACC-01256,FIR-000635,primary,2023-12-07,PENDING
ACC-01105,FIR-000636,primary,2023-12-05,NONE
ACC-02320,FIR-000637,primary,2024-01-08,NONE
ACC-03110,FIR-000638,primary,2024-01-20,NONE
ACC-03917,FIR-000639,primary,2024-01-06,ISSUED
ACC-03616,FIR-000640,primary,2024-01-30,NONE
ACC-03386,FIR-000641,primary,2024-02-09,EXECUTED
ACC-01689,FIR-000642,primary,2024-02-10,NONE
ACC-00264,FIR-000643,primary,2024-02-09,NONE
ACC-04252,FIR-000643,suspect,2024-02-09,NONE
ACC-03124,FIR-000644,primary,2024-02-14,NONE
ACC-01184,FIR-000644,secondary,2024-02-14,PENDING
ACC-03071,FIR-000644,secondary,2024-02-14,NONE
ACC-02155,FIR-000645,primary,2024-03-13,NONE
ACC-03564,FIR-000646,primary,2024-03-01,ISSUED
ACC-00730,FIR-000646,suspect,2024-03-01,NONE
ACC-02049,FIR-000647,primary,2024-03-19,ISSUED
ACC-00749,FIR-000648,primary,2024-03-16,EXECUTED
ACC-04332,FIR-000649,primary,2024-04-07,NONE
ACC-02826,FIR-000650,primary,2024-04-19,NONE
ACC-01580,FIR-000651,primary,2024-04-29,NONE
ACC-04074,FIR-000652,primary,2024-04-07,NONE
ACC-00498,FIR-000653,primary,2024-05-27,NONE
ACC-03599,FIR-000654,primary,2024-05-15,NONE
ACC-00066,FIR-000655,primary,2024-05-21,NONE
ACC-01566,FIR-000656,primary,2024-05-06,NONE
ACC-03703,FIR-000656,secondary,2024-05-06,NONE
ACC-02682,FIR-000657,primary,2024-06-17,NONE
ACC-03331,FIR-000658,primary,2024-06-22,NONE
ACC-01117,FIR-000659,primary,2024-06-14,NONE
ACC-01831,FIR-000659,secondary,2024-06-14,NONE
ACC-03489,FIR-000660,primary,2024-06-13,NONE
ACC-04046,FIR-000661,primary,2024-07-29,NONE
ACC-02705,FIR-000661,suspect,2024-07-29,EXECUTED
ACC-03976,FIR-000662,primary,2024-07-18,NONE
ACC-03974,FIR-000663,primary,2024-07-29,NONE
ACC-02079,FIR-000664,primary,2024-07-07,NONE
ACC-00254,FIR-000665,primary,2024-08-06,ISSUED
ACC-02171,FIR-000665,secondary,2024-08-06,NONE
ACC-01854,FIR-000666,primary,2024-08-08,NONE
ACC-03947,FIR-000667,primary,2024-08-17,PENDING
ACC-03459,FIR-000668,primary,2024-08-23,NONE
ACC-04164,FIR-000668,suspect,2024-08-23,ISSUED
ACC-01235,FIR-000669,primary,2024-08-06,NONE
ACC-03510,FIR-000670,primary,2024-09-07,NONE
ACC-00716,FIR-000670,suspect,2024-09-07,NONE
ACC-04263,FIR-000670,secondary,2024-09-07,NONE
ACC-00273,FIR-000671,primary,2024-09-02,NONE
ACC-01350,FIR-000671,secondary,2024-09-02,NONE
ACC-02560,FIR-000672,primary,2024-09-24,ISSUED
ACC-03604,FIR-000673,primary,2024-09-04,NONE
ACC-03568,FIR-000674,primary,2024-09-11,NONE
ACC-03902,FIR-000674,secondary,2024-09-11,NONE
ACC-04045,FIR-000675,primary,2024-10-25,ISSUED
ACC-04029,FIR-000676,primary,2024-10-08,NONE
ACC-02091,FIR-000677,primary,2024-10-07,EXECUTED
ACC-02223,FIR-000678,primary,2024-10-16,NONE
ACC-00152,FIR-000679,primary,2024-10-14,ISSUED
ACC-01871,FIR-000680,primary,2024-11-20,NONE
ACC-04083,FIR-000681,primary,2024-11-24,ISSUED
ACC-01023,FIR-000681,secondary,2024-11-24,ISSUED
ACC-00148,FIR-000682,primary,2024-11-26,NONE
ACC-01750,FIR-000683,primary,2024-11-29,PENDING
ACC-01903,FIR-000684,primary,2024-11-27,NONE
ACC-01865,FIR-000685,primary,2024-12-08,NONE
ACC-03132,FIR-000686,primary,2024-12-14,NONE
ACC-01202,FIR-000687,primary,2024-12-03,EXECUTED
ACC-02092,FIR-000688,primary,2024-12-15,NONE
ACC-04096,FIR-000689,primary,2025-01-11,ISSUED
ACC-00342,FIR-000690,primary,2025-01-04,EXECUTED
ACC-02733,FIR-000691,primary,2025-01-06,NONE
ACC-00298,FIR-000691,suspect,2025-01-06,NONE
ACC-02225,FIR-000692,primary,2025-01-27,NONE
ACC-02095,FIR-000693,primary,2025-02-24,NONE
ACC-03848,FIR-000694,primary,2025-02-13,NONE
ACC-02616,FIR-000695,primary,2025-02-23,NONE
ACC-01682,FIR-000696,primary,2025-02-16,ISSUED
ACC-02337,FIR-000697,primary,2025-03-04,NONE
ACC-02588,FIR-000698,primary,2025-03-20,PENDING
ACC-01651,FIR-000698,suspect,2025-03-20,NONE
ACC-02025,FIR-000699,primary,2025-03-01,NONE
ACC-00716,FIR-000699,secondary,2025-03-01,ISSUED
ACC-02945,FIR-000700,primary,2025-03-23,ISSUED
ACC-02413,FIR-000701,primary,2025-04-17,NONE
ACC-00630,FIR-000701,secondary,2025-04-17,NONE
ACC-01488,FIR-000702,primary,2025-04-21,NONE
ACC-03185,FIR-000702,suspect,2025-04-21,NONE
ACC-02454,FIR-000703,primary,2025-04-10,NONE
ACC-03512,FIR-000704,primary,2025-04-15,NONE
ACC-02252,FIR-000704,secondary,2025-04-15,ISSUED
ACC-00799,FIR-000705,primary,2025-05-05,NONE
ACC-01703,FIR-000706,primary,2025-05-08,ISSUED
ACC-01075,FIR-000707,primary,2025-05-23,NONE
ACC-01457,FIR-000708,primary,2025-05-31,NONE
ACC-02767,FIR-000709,primary,2025-06-06,EXECUTED
ACC-01630,FIR-000710,primary,2025-06-03,NONE
ACC-02815,FIR-000710,suspect,2025-06-03,NONE
ACC-01946,FIR-000711,primary,2025-06-03,NONE
ACC-00338,FIR-000711,secondary,2025-06-03,NONE
ACC-03957,FIR-000712,primary,2025-06-02,EXECUTED
ACC-01319,FIR-000713,primary,2025-07-13,NONE
ACC-02847,FIR-000714,primary,2025-07-20,NONE
ACC-00246,FIR-000715,primary,2025-07-12,EXECUTED
ACC-00101,FIR-000716,primary,2025-07-10,NONE
ACC-02202,FIR-000717,primary,2025-08-15,NONE
ACC-01184,FIR-000717,secondary,2025-08-15,NONE
ACC-01617,FIR-000718,primary,2025-08-09,NONE
ACC-00105,FIR-000719,primary,2025-08-15,NONE
ACC-03099,FIR-000720,primary,2025-08-27,NONE
ACC-01509,FIR-000721,primary,2025-08-30,NONE
ACC-03144,FIR-000722,primary,2025-09-20,NONE
ACC-03421,FIR-000723,primary,2025-09-30,EXECUTED
ACC-03228,FIR-000724,primary,2025-09-01,NONE
ACC-03993,FIR-000724,suspect,2025-09-01,ISSUED
ACC-02163,FIR-000725,primary,2025-09-04,EXECUTED
ACC-02482,FIR-000726,primary,2025-09-30,NONE
ACC-01490,FIR-000726,secondary,2025-09-30,ISSUED
ACC-01206,FIR-000727,primary,2025-10-23,PENDING
ACC-03242,FIR-000728,primary,2025-10-25,NONE
ACC-03480,FIR-000729,primary,2025-10-06,NONE
ACC-02706,FIR-000730,primary,2025-10-03,NONE
ACC-03123,FIR-000731,primary,2025-10-17,NONE
ACC-02446,FIR-000732,primary,2025-11-20,NONE
ACC-02571,FIR-000733,primary,2025-11-17,NONE
ACC-02456,FIR-000734,primary,2025-11-21,NONE
ACC-02171,FIR-000734,secondary,2025-11-21,NONE
ACC-03390,FIR-000735,primary,2025-11-24,NONE
ACC-03017,FIR-000736,primary,2025-11-24,NONE
ACC-02247,FIR-000737,primary,2025-12-04,NONE
ACC-00281,FIR-000738,primary,2025-12-24,ISSUED
ACC-04434,FIR-000739,primary,2025-12-10,ISSUED
ACC-02356,FIR-000740,primary,2025-12-21,NONE
ACC-00427,FIR-000740,suspect,2025-12-21,EXECUTED
ACC-01257,FIR-000740,suspect,2025-12-21,NONE
ACC-02249,FIR-000741,primary,2021-01-21,NONE
ACC-03463,FIR-000741,suspect,2021-01-21,NONE
ACC-01556,FIR-000742,primary,2021-01-16,PENDING
ACC-02340,FIR-000742,secondary,2021-01-16,NONE
ACC-02314,FIR-000742,secondary,2021-01-16,NONE
ACC-02439,FIR-000743,primary,2021-02-24,ISSUED
ACC-03519,FIR-000744,primary,2021-02-22,ISSUED
ACC-00189,FIR-000745,primary,2021-03-11,NONE
ACC-01112,FIR-000745,secondary,2021-03-11,NONE
ACC-04281,FIR-000746,primary,2021-03-05,NONE
ACC-03175,FIR-000747,primary,2021-04-02,ISSUED
ACC-01201,FIR-000747,secondary,2021-04-02,ISSUED
ACC-00458,FIR-000747,secondary,2021-04-02,EXECUTED
ACC-03209,FIR-000748,primary,2021-04-02,PENDING
ACC-01182,FIR-000748,secondary,2021-04-02,PENDING
ACC-02313,FIR-000749,primary,2021-05-19,NONE
ACC-00466,FIR-000750,primary,2021-05-10,NONE
ACC-00456,FIR-000751,primary,2021-06-19,NONE
ACC-02177,FIR-000751,suspect,2021-06-19,NONE
ACC-02677,FIR-000752,primary,2021-06-26,NONE
ACC-03417,FIR-000753,primary,2021-07-13,NONE
ACC-01248,FIR-000753,secondary,2021-07-13,NONE
ACC-02415,FIR-000754,primary,2021-07-24,NONE
ACC-00954,FIR-000755,primary,2021-08-20,ISSUED
ACC-04065,FIR-000756,primary,2021-08-21,NONE
ACC-02474,FIR-000757,primary,2021-09-15,NONE
ACC-00646,FIR-000757,suspect,2021-09-15,NONE
ACC-00504,FIR-000758,primary,2021-09-12,NONE
ACC-04052,FIR-000758,suspect,2021-09-12,EXECUTED
ACC-01502,FIR-000759,primary,2021-10-24,NONE
ACC-02238,FIR-000760,primary,2021-10-23,NONE
ACC-01391,FIR-000761,primary,2021-11-29,NONE
ACC-03429,FIR-000762,primary,2021-11-22,PENDING
ACC-02883,FIR-000763,primary,2021-12-17,PENDING
ACC-02886,FIR-000763,suspect,2021-12-17,NONE
ACC-03883,FIR-000764,primary,2021-12-30,NONE
ACC-03107,FIR-000765,primary,2022-01-22,NONE
ACC-00840,FIR-000765,suspect,2022-01-22,NONE
ACC-02834,FIR-000766,primary,2022-01-18,EXECUTED
ACC-01646,FIR-000767,primary,2022-02-19,NONE
ACC-00430,FIR-000768,primary,2022-02-25,NONE
ACC-03069,FIR-000769,primary,2022-03-14,NONE
ACC-04193,FIR-000770,primary,2022-03-26,NONE
ACC-01558,FIR-000771,primary,2022-04-18,ISSUED
ACC-03875,FIR-000772,primary,2022-04-29,NONE
ACC-01619,FIR-000773,primary,2022-05-09,NONE
ACC-03709,FIR-000774,primary,2022-05-14,NONE
ACC-00183,FIR-000774,secondary,2022-05-14,EXECUTED
ACC-01210,FIR-000775,primary,2022-06-12,NONE
ACC-01201,FIR-000775,secondary,2022-06-12,NONE
ACC-04052,FIR-000775,suspect,2022-06-12,NONE
ACC-03045,FIR-000776,primary,2022-06-29,NONE
ACC-01565,FIR-000777,primary,2022-07-29,NONE
ACC-00765,FIR-000778,primary,2022-07-01,NONE
ACC-00841,FIR-000779,primary,2022-08-10,NONE
ACC-03846,FIR-000780,primary,2022-08-29,PENDING
ACC-03378,FIR-000781,primary,2022-09-17,NONE
ACC-01020,FIR-000781,secondary,2022-09-17,PENDING
ACC-00726,FIR-000782,primary,2022-09-04,NONE
ACC-02331,FIR-000782,secondary,2022-09-04,NONE
ACC-02396,FIR-000782,secondary,2022-09-04,NONE
ACC-01716,FIR-000783,primary,2022-10-17,NONE
ACC-02462,FIR-000784,primary,2022-10-21,NONE
ACC-00944,FIR-000785,primary,2022-11-06,NONE
ACC-01137,FIR-000786,primary,2022-11-26,ISSUED
ACC-00931,FIR-000787,primary,2022-12-26,NONE
ACC-01607,FIR-000788,primary,2022-12-08,NONE
ACC-04012,FIR-000789,primary,2023-01-22,NONE
ACC-01039,FIR-000790,primary,2023-01-28,NONE
ACC-01676,FIR-000791,primary,2023-02-28,ISSUED
ACC-02167,FIR-000791,suspect,2023-02-28,EXECUTED
ACC-00357,FIR-000791,suspect,2023-02-28,NONE
ACC-01498,FIR-000792,primary,2023-02-02,EXECUTED
ACC-03248,FIR-000793,primary,2023-03-23,NONE
ACC-00670,FIR-000793,suspect,2023-03-23,NONE
ACC-03798,FIR-000794,primary,2023-03-29,NONE
ACC-03172,FIR-000795,primary,2023-04-30,NONE
ACC-00085,FIR-000796,primary,2023-04-17,NONE
ACC-01857,FIR-000796,secondary,2023-04-17,NONE
ACC-00601,FIR-000797,primary,2023-05-23,NONE
ACC-02010,FIR-000797,suspect,2023-05-23,NONE
ACC-04284,FIR-000798,primary,2023-05-02,ISSUED
ACC-02233,FIR-000799,primary,2023-06-18,NONE
ACC-00272,FIR-000800,primary,2023-06-07,NONE
ACC-00895,FIR-000800,secondary,2023-06-07,NONE
ACC-03667,FIR-000801,primary,2023-07-09,NONE
ACC-01751,FIR-000802,primary,2023-07-04,PENDING
ACC-01339,FIR-000802,secondary,2023-07-04,NONE
ACC-04148,FIR-000803,primary,2023-08-14,PENDING
ACC-01048,FIR-000803,suspect,2023-08-14,NONE
ACC-02480,FIR-000804,primary,2023-08-08,NONE
ACC-00930,FIR-000804,suspect,2023-08-08,NONE
ACC-01836,FIR-000805,primary,2023-09-14,NONE
ACC-00829,FIR-000805,secondary,2023-09-14,NONE
ACC-04164,FIR-000805,suspect,2023-09-14,NONE
ACC-02088,FIR-000806,primary,2023-09-29,ISSUED
ACC-01475,FIR-000807,primary,2023-10-21,NONE
ACC-02651,FIR-000808,primary,2023-10-25,ISSUED
ACC-03780,FIR-000809,primary,2023-11-19,NONE
ACC-02059,FIR-000810,primary,2023-11-09,PENDING
ACC-00161,FIR-000811,primary,2023-12-04,NONE
ACC-00905,FIR-000812,primary,2023-12-10,NONE
ACC-00895,FIR-000812,suspect,2023-12-10,NONE
ACC-01054,FIR-000813,primary,2024-01-15,NONE
ACC-00442,FIR-000813,secondary,2024-01-15,NONE
ACC-01664,FIR-000814,primary,2024-01-28,NONE
ACC-00353,FIR-000814,suspect,2024-01-28,NONE
ACC-04440,FIR-000815,primary,2024-02-01,ISSUED
ACC-01182,FIR-000815,suspect,2024-02-01,ISSUED
ACC-00122,FIR-000816,primary,2024-02-03,NONE
ACC-02045,FIR-000817,primary,2024-03-27,NONE
ACC-04030,FIR-000818,primary,2024-03-03,ISSUED
ACC-03415,FIR-000819,primary,2024-04-11,NONE
ACC-01798,FIR-000819,suspect,2024-04-11,ISSUED
ACC-01597,FIR-000820,primary,2024-04-13,NONE
ACC-00260,FIR-000820,suspect,2024-04-13,EXECUTED
ACC-02479,FIR-000821,primary,2024-05-12,NONE
ACC-02304,FIR-000822,primary,2024-05-18,ISSUED
ACC-00169,FIR-000823,primary,2024-06-28,PENDING
ACC-02132,FIR-000824,primary,2024-06-26,NONE
ACC-01158,FIR-000825,primary,2024-07-20,NONE
ACC-03358,FIR-000826,primary,2024-07-06,NONE
ACC-00861,FIR-000827,primary,2024-08-14,NONE
ACC-02010,FIR-000827,suspect,2024-08-14,ISSUED
ACC-02340,FIR-000827,secondary,2024-08-14,NONE
ACC-04197,FIR-000828,primary,2024-08-31,NONE
ACC-00913,FIR-000828,secondary,2024-08-31,NONE
ACC-03682,FIR-000829,primary,2024-09-28,NONE
ACC-00477,FIR-000830,primary,2024-09-14,ISSUED
ACC-00167,FIR-000830,suspect,2024-09-14,ISSUED
ACC-03951,FIR-000831,primary,2024-10-22,NONE
ACC-00989,FIR-000832,primary,2024-10-03,PENDING
ACC-00854,FIR-000833,primary,2024-11-05,NONE
ACC-00579,FIR-000833,secondary,2024-11-05,NONE
ACC-00454,FIR-000834,primary,2024-11-02,NONE
ACC-02701,FIR-000835,primary,2024-12-23,EXECUTED
ACC-01254,FIR-000835,secondary,2024-12-23,NONE
ACC-03074,FIR-000836,primary,2024-12-22,NONE
ACC-01152,FIR-000837,primary,2025-01-07,PENDING
ACC-00771,FIR-000838,primary,2025-01-03,ISSUED
ACC-01248,FIR-000838,suspect,2025-01-03,ISSUED
ACC-02666,FIR-000839,primary,2025-02-28,ISSUED
ACC-01867,FIR-000839,secondary,2025-02-28,EXECUTED
ACC-00110,FIR-000840,primary,2025-02-17,NONE
ACC-03839,FIR-000841,primary,2025-03-20,PENDING
ACC-02107,FIR-000841,secondary,2025-03-20,NONE
ACC-03474,FIR-000842,primary,2025-03-06,EXECUTED
ACC-00183,FIR-000842,secondary,2025-03-06,NONE
ACC-03070,FIR-000842,suspect,2025-03-06,ISSUED
ACC-02411,FIR-000843,primary,2025-04-25,NONE
ACC-00017,FIR-000844,primary,2025-04-23,EXECUTED
ACC-01508,FIR-000845,primary,2025-05-11,NONE
ACC-02961,FIR-000846,primary,2025-05-03,NONE
ACC-02787,FIR-000847,primary,2025-06-13,NONE
ACC-02740,FIR-000848,primary,2025-06-10,NONE
ACC-00440,FIR-000849,primary,2025-07-15,PENDING
ACC-02807,FIR-000849,secondary,2025-07-15,ISSUED
ACC-02246,FIR-000850,primary,2025-07-15,PENDING
ACC-01812,FIR-000851,primary,2025-08-30,PENDING
ACC-01194,FIR-000852,primary,2025-08-04,NONE
ACC-03432,FIR-000853,primary,2025-09-18,NONE
ACC-01638,FIR-000853,suspect,2025-09-18,NONE
ACC-02253,FIR-000854,primary,2025-09-27,ISSUED
ACC-03037,FIR-000855,primary,2025-10-25,NONE
ACC-04246,FIR-000856,primary,2025-10-09,NONE
ACC-03296,FIR-000857,primary,2025-11-12,NONE
ACC-01048,FIR-000857,secondary,2025-11-12,PENDING
ACC-02267,FIR-000858,primary,2025-11-11,PENDING
ACC-00043,FIR-000858,suspect,2025-11-11,NONE
ACC-01423,FIR-000859,primary,2025-12-22,NONE
ACC-04244,FIR-000860,primary,2025-12-02,NONE
ACC-00164,FIR-000861,primary,2021-01-24,NONE
ACC-01640,FIR-000862,primary,2021-01-27,NONE
ACC-00654,FIR-000862,suspect,2021-01-27,PENDING
ACC-00608,FIR-000863,primary,2021-02-03,NONE
ACC-00925,FIR-000864,primary,2021-02-12,NONE
ACC-04112,FIR-000865,primary,2021-03-06,NONE
ACC-01690,FIR-000865,suspect,2021-03-06,NONE
ACC-02177,FIR-000865,secondary,2021-03-06,NONE
ACC-03222,FIR-000866,primary,2021-03-06,PENDING
ACC-04346,FIR-000867,primary,2021-04-30,NONE
ACC-03009,FIR-000868,primary,2021-04-11,ISSUED
ACC-02394,FIR-000869,primary,2021-05-29,NONE
ACC-02295,FIR-000869,suspect,2021-05-29,NONE
ACC-01080,FIR-000870,primary,2021-05-21,NONE
ACC-01430,FIR-000871,primary,2021-06-18,NONE
ACC-02908,FIR-000872,primary,2021-06-08,NONE
ACC-00575,FIR-000873,primary,2021-07-01,ISSUED
ACC-01239,FIR-000874,primary,2021-07-10,NONE
ACC-01690,FIR-000874,suspect,2021-07-10,NONE
ACC-00826,FIR-000875,primary,2021-08-23,NONE
ACC-01307,FIR-000876,primary,2021-08-20,NONE
ACC-03673,FIR-000876,suspect,2021-08-20,NONE
ACC-02736,FIR-000877,primary,2021-09-27,PENDING
ACC-03835,FIR-000878,primary,2021-09-04,ISSUED
ACC-00823,FIR-000879,primary,2021-10-10,NONE
ACC-03036,FIR-000880,primary,2021-10-23,NONE
ACC-01436,FIR-000880,secondary,2021-10-23,NONE
ACC-04075,FIR-000880,suspect,2021-10-23,PENDING
ACC-00125,FIR-000881,primary,2021-11-12,NONE
ACC-03916,FIR-000882,primary,2021-11-26,NONE
ACC-03397,FIR-000883,primary,2021-12-23,NONE
ACC-00640,FIR-000883,suspect,2021-12-23,NONE
ACC-01434,FIR-000884,primary,2021-12-19,NONE
ACC-00926,FIR-000884,suspect,2021-12-19,ISSUED
ACC-01775,FIR-000884,secondary,2021-12-19,NONE
ACC-00526,FIR-000885,primary,2022-01-16,ISSUED
ACC-01900,FIR-000885,suspect,2022-01-16,NONE
ACC-01661,FIR-000886,primary,2022-01-05,PENDING
ACC-00316,FIR-000887,primary,2022-02-01,ISSUED
ACC-01778,FIR-000888,primary,2022-02-25,NONE
ACC-00156,FIR-000889,primary,2022-03-17,NONE
ACC-03872,FIR-000890,primary,2022-03-02,NONE
ACC-03206,FIR-000891,primary,2022-04-10,NONE
ACC-03577,FIR-000892,primary,2022-04-02,NONE
ACC-00267,FIR-000892,secondary,2022-04-02,ISSUED
ACC-03166,FIR-000893,primary,2022-05-09,NONE
ACC-01052,FIR-000894,primary,2022-05-31,NONE
ACC-03494,FIR-000894,suspect,2022-05-31,NONE
ACC-00187,FIR-000895,primary,2022-06-30,NONE
ACC-00998,FIR-000896,primary,2022-06-05,NONE
ACC-04292,FIR-000896,suspect,2022-06-05,NONE
ACC-03236,FIR-000897,primary,2022-07-31,NONE
ACC-03494,FIR-000897,suspect,2022-07-31,NONE
ACC-00704,FIR-000898,primary,2022-07-28,NONE
ACC-01818,FIR-000899,primary,2022-08-16,NONE
ACC-00812,FIR-000899,secondary,2022-08-16,NONE
ACC-04267,FIR-000900,primary,2022-08-26,NONE
ACC-02968,FIR-000901,primary,2022-09-15,NONE
ACC-00596,FIR-000902,primary,2022-09-26,ISSUED
ACC-04166,FIR-000903,primary,2022-10-07,NONE
ACC-01047,FIR-000904,primary,2022-10-03,NONE
ACC-03425,FIR-000904,suspect,2022-10-03,ISSUED
ACC-02762,FIR-000905,primary,2022-11-22,ISSUED
ACC-01415,FIR-000906,primary,2022-11-13,ISSUED
ACC-02060,FIR-000907,primary,2022-12-24,NONE
ACC-01325,FIR-000908,primary,2022-12-07,NONE
ACC-03551,FIR-000909,primary,2023-01-28,EXECUTED
ACC-00215,FIR-000910,primary,2023-01-02,NONE
ACC-01638,FIR-000910,secondary,2023-01-02,NONE
ACC-03979,FIR-000911,primary,2023-02-24,NONE
ACC-01779,FIR-000912,primary,2023-02-28,NONE
ACC-02393,FIR-000913,primary,2023-03-02,EXECUTED
ACC-03918,FIR-000913,secondary,2023-03-02,NONE
ACC-01915,FIR-000914,primary,2023-03-12,NONE
ACC-03308,FIR-000915,primary,2023-04-28,NONE
ACC-03926,FIR-000916,primary,2023-04-02,NONE
ACC-00005,FIR-000917,primary,2023-05-29,NONE
ACC-04292,FIR-000917,suspect,2023-05-29,ISSUED
ACC-03186,FIR-000918,primary,2023-05-01,EXECUTED
ACC-02937,FIR-000918,secondary,2023-05-01,NONE
ACC-01780,FIR-000919,primary,2023-06-10,NONE
ACC-04209,FIR-000919,suspect,2023-06-10,NONE
ACC-00710,FIR-000920,primary,2023-06-11,NONE
ACC-00959,FIR-000921,primary,2023-07-24,NONE
ACC-00812,FIR-000921,suspect,2023-07-24,PENDING
ACC-03003,FIR-000922,primary,2023-07-16,ISSUED
ACC-00939,FIR-000923,primary,2023-08-11,NONE
ACC-04183,FIR-000924,primary,2023-08-03,PENDING
ACC-03425,FIR-000924,secondary,2023-08-03,NONE
ACC-02622,FIR-000925,primary,2023-09-26,NONE
ACC-01436,FIR-000925,suspect,2023-09-26,NONE
ACC-02717,FIR-000926,primary,2023-09-29,NONE
ACC-01305,FIR-000927,primary,2023-10-30,PENDING
ACC-02631,FIR-000928,primary,2023-10-25,NONE
ACC-00574,FIR-000928,secondary,2023-10-25,NONE
ACC-02825,FIR-000929,primary,2023-11-24,NONE
ACC-02926,FIR-000929,suspect,2023-11-24,NONE
ACC-01507,FIR-000930,primary,2023-11-06,NONE
ACC-02761,FIR-000931,primary,2023-12-20,NONE
ACC-04044,FIR-000932,primary,2023-12-28,NONE
ACC-00262,FIR-000932,secondary,2023-12-28,NONE
ACC-02261,FIR-000933,primary,2024-01-05,ISSUED
ACC-01550,FIR-000934,primary,2024-01-12,NONE
ACC-00634,FIR-000935,primary,2024-02-08,ISSUED
ACC-00574,FIR-000935,suspect,2024-02-08,NONE
ACC-01276,FIR-000935,suspect,2024-02-08,NONE
ACC-02444,FIR-000936,primary,2024-02-24,NONE
ACC-01753,FIR-000936,secondary,2024-02-24,NONE
ACC-03578,FIR-000937,primary,2024-03-02,ISSUED
ACC-00636,FIR-000937,secondary,2024-03-02,NONE
ACC-03444,FIR-000938,primary,2024-03-15,EXECUTED
ACC-03216,FIR-000939,primary,2024-04-15,PENDING
ACC-01226,FIR-000940,primary,2024-04-02,ISSUED
ACC-03352,FIR-000941,primary,2024-05-24,NONE
ACC-01243,FIR-000941,suspect,2024-05-24,PENDING
ACC-03921,FIR-000942,primary,2024-05-10,NONE
ACC-01112,FIR-000942,suspect,2024-05-10,NONE
ACC-03544,FIR-000943,primary,2024-06-07,NONE
ACC-00591,FIR-000944,primary,2024-06-29,ISSUED
ACC-00184,FIR-000945,primary,2024-07-15,NONE
ACC-00857,FIR-000946,primary,2024-07-26,NONE
ACC-01775,FIR-000946,secondary,2024-07-26,NONE
ACC-00963,FIR-000947,primary,2024-08-01,NONE
ACC-01264,FIR-000948,primary,2024-08-16,NONE
ACC-01561,FIR-000949,primary,2024-09-13,PENDING
ACC-01393,FIR-000950,primary,2024-09-04,PENDING
ACC-02584,FIR-000950,suspect,2024-09-04,PENDING
ACC-01078,FIR-000951,primary,2024-10-15,NONE
ACC-00262,FIR-000951,secondary,2024-10-15,PENDING
ACC-02742,FIR-000951,secondary,2024-10-15,NONE
ACC-02424,FIR-000952,primary,2024-10-10,NONE
ACC-01900,FIR-000952,secondary,2024-10-10,NONE
ACC-00972,FIR-000953,primary,2024-11-28,NONE
ACC-01385,FIR-000954,primary,2024-11-26,EXECUTED
ACC-00758,FIR-000954,suspect,2024-11-26,NONE
ACC-00008,FIR-000955,primary,2024-12-03,NONE
ACC-01141,FIR-000956,primary,2024-12-05,ISSUED
ACC-02567,FIR-000957,primary,2025-01-04,NONE
ACC-00719,FIR-000958,primary,2025-01-09,ISSUED
ACC-03893,FIR-000958,suspect,2025-01-09,NONE
ACC-04365,FIR-000959,primary,2025-02-17,NONE
ACC-01243,FIR-000959,secondary,2025-02-17,NONE
ACC-00741,FIR-000960,primary,2025-02-15,ISSUED
ACC-01939,FIR-000961,primary,2025-03-28,NONE
ACC-04366,FIR-000962,primary,2025-03-31,ISSUED
ACC-00764,FIR-000962,suspect,2025-03-31,NONE
ACC-02841,FIR-000962,secondary,2025-03-31,NONE
ACC-03136,FIR-000963,primary,2025-04-05,NONE
ACC-03644,FIR-000964,primary,2025-04-06,NONE
ACC-00653,FIR-000965,primary,2025-05-22,NONE
ACC-04351,FIR-000965,suspect,2025-05-22,NONE
ACC-01208,FIR-000966,primary,2025-05-23,ISSUED
ACC-03948,FIR-000966,suspect,2025-05-23,NONE
ACC-01608,FIR-000967,primary,2025-06-03,NONE
ACC-00926,FIR-000967,suspect,2025-06-03,NONE
ACC-02022,FIR-000968,primary,2025-06-30,NONE
ACC-01126,FIR-000969,primary,2025-07-30,NONE
ACC-03918,FIR-000969,secondary,2025-07-30,NONE
ACC-02878,FIR-000970,primary,2025-07-05,NONE
ACC-02295,FIR-000970,suspect,2025-07-05,PENDING
ACC-00439,FIR-000971,primary,2025-08-28,NONE
ACC-00040,FIR-000971,secondary,2025-08-28,NONE
ACC-02811,FIR-000972,primary,2025-08-10,NONE
ACC-03801,FIR-000973,primary,2025-09-26,ISSUED
ACC-03635,FIR-000973,secondary,2025-09-26,NONE
ACC-00869,FIR-000974,primary,2025-09-14,NONE
ACC-00758,FIR-000974,suspect,2025-09-14,NONE
ACC-02123,FIR-000975,primary,2025-10-06,PENDING
ACC-03150,FIR-000976,primary,2025-10-03,PENDING
ACC-01753,FIR-000976,suspect,2025-10-03,ISSUED
ACC-02409,FIR-000976,suspect,2025-10-03,PENDING
ACC-02372,FIR-000977,primary,2025-11-04,NONE
ACC-03601,FIR-000978,primary,2025-11-20,EXECUTED
ACC-00054,FIR-000978,secondary,2025-11-20,ISSUED
ACC-01935,FIR-000979,primary,2025-12-18,NONE
ACC-02765,FIR-000980,primary,2025-12-03,EXECUTED
ACC-03520,FIR-000981,primary,2021-01-27,NONE
ACC-02741,FIR-000982,primary,2021-01-12,EXECUTED
ACC-04026,FIR-000983,primary,2021-02-02,NONE
ACC-03119,FIR-000984,primary,2021-02-10,EXECUTED
ACC-00984,FIR-000984,secondary,2021-02-10,ISSUED
ACC-01612,FIR-000984,suspect,2021-02-10,PENDING
ACC-00795,FIR-000985,primary,2021-03-21,NONE
ACC-02077,FIR-000986,primary,2021-03-03,NONE
ACC-00237,FIR-000986,secondary,2021-03-03,ISSUED
ACC-03412,FIR-000987,primary,2021-04-24,NONE
ACC-01092,FIR-000987,suspect,2021-04-24,NONE
ACC-03478,FIR-000988,primary,2021-04-17,NONE
ACC-04133,FIR-000989,primary,2021-05-25,PENDING
ACC-04420,FIR-000990,primary,2021-05-10,NONE
ACC-00543,FIR-000991,primary,2021-06-03,NONE
ACC-04418,FIR-000992,primary,2021-06-03,ISSUED
ACC-03398,FIR-000993,primary,2021-07-07,NONE
ACC-00635,FIR-000994,primary,2021-07-31,NONE
ACC-02548,FIR-000995,primary,2021-08-10,NONE
ACC-00237,FIR-000995,suspect,2021-08-10,NONE
ACC-02101,FIR-000995,secondary,2021-08-10,ISSUED
ACC-03595,FIR-000996,primary,2021-08-23,NONE
ACC-03634,FIR-000997,primary,2021-09-24,NONE
ACC-00900,FIR-000998,primary,2021-09-13,PENDING
ACC-04296,FIR-000999,primary,2021-10-29,NONE
ACC-04206,FIR-001000,primary,2021-10-07,NONE
ACC-03876,FIR-001000,suspect,2021-10-07,NONE
ACC-03953,FIR-001000,secondary,2021-10-07,ISSUED
ACC-01417,FIR-001001,primary,2021-11-03,NONE
ACC-02815,FIR-001001,secondary,2021-11-03,NONE
ACC-00306,FIR-001002,primary,2021-11-29,NONE
ACC-01102,FIR-001003,primary,2021-12-04,NONE
ACC-03783,FIR-001004,primary,2021-12-16,PENDING
ACC-04274,FIR-001005,primary,2022-01-14,EXECUTED
ACC-01443,FIR-001005,secondary,2022-01-14,ISSUED
ACC-03953,FIR-001005,secondary,2022-01-14,ISSUED
ACC-00232,FIR-001006,primary,2022-01-07,ISSUED
ACC-02461,FIR-001006,secondary,2022-01-07,NONE
ACC-01873,FIR-001007,primary,2022-02-08,NONE
ACC-00403,FIR-001008,primary,2022-02-02,ISSUED
ACC-03776,FIR-001009,primary,2022-03-16,ISSUED
ACC-01312,FIR-001009,secondary,2022-03-16,NONE
ACC-03587,FIR-001010,primary,2022-03-09,ISSUED
ACC-04393,FIR-001010,suspect,2022-03-09,NONE
ACC-03603,FIR-001011,primary,2022-04-13,NONE
ACC-03212,FIR-001011,secondary,2022-04-13,ISSUED
ACC-00903,FIR-001012,primary,2022-04-04,NONE
ACC-03212,FIR-001012,secondary,2022-04-04,NONE
ACC-01005,FIR-001013,primary,2022-05-05,ISSUED
ACC-02893,FIR-001014,primary,2022-05-25,PENDING
ACC-03332,FIR-001015,primary,2022-06-11,NONE
ACC-02348,FIR-001016,primary,2022-06-18,NONE
ACC-01625,FIR-001017,primary,2022-07-15,ISSUED
ACC-00124,FIR-001018,primary,2022-07-18,PENDING
ACC-01376,FIR-001019,primary,2022-08-18,ISSUED
ACC-04350,FIR-001020,primary,2022-08-16,NONE
ACC-01271,FIR-001021,primary,2022-09-09,NONE
ACC-01551,FIR-001022,primary,2022-09-26,NONE
ACC-03506,FIR-001023,primary,2022-10-19,NONE
ACC-04431,FIR-001024,primary,2022-10-08,NONE
ACC-02683,FIR-001025,primary,2022-11-16,NONE
ACC-03138,FIR-001026,primary,2022-11-22,NONE
ACC-00355,FIR-001027,primary,2022-12-19,NONE
ACC-01858,FIR-001028,primary,2022-12-12,NONE
ACC-00197,FIR-001028,secondary,2022-12-12,NONE
ACC-03224,FIR-001029,primary,2023-01-25,ISSUED
ACC-00351,FIR-001030,primary,2023-01-06,NONE
ACC-03177,FIR-001031,primary,2023-02-22,PENDING
ACC-00333,FIR-001032,primary,2023-02-05,NONE
ACC-01031,FIR-001033,primary,2023-03-08,NONE
ACC-02101,FIR-001033,secondary,2023-03-08,NONE
ACC-02291,FIR-001033,suspect,2023-03-08,NONE
ACC-02656,FIR-001034,primary,2023-03-25,PENDING
ACC-03619,FIR-001035,primary,2023-04-02,NONE
ACC-01997,FIR-001035,secondary,2023-04-02,NONE
ACC-04314,FIR-001036,primary,2023-04-22,EXECUTED
ACC-02386,FIR-001036,secondary,2023-04-22,NONE
ACC-01155,FIR-001037,primary,2023-05-04,EXECUTED
ACC-03662,FIR-001038,primary,2023-05-21,NONE
ACC-00898,FIR-001039,primary,2023-06-23,NONE
ACC-00137,FIR-001040,primary,2023-06-17,NONE
ACC-01068,FIR-001041,primary,2023-07-05,PENDING
ACC-00336,FIR-001042,primary,2023-07-02,PENDING
ACC-00197,FIR-001042,secondary,2023-07-02,NONE
ACC-01980,FIR-001043,primary,2023-08-07,NONE
ACC-01525,FIR-001044,primary,2023-08-02,NONE
ACC-02100,FIR-001044,secondary,2023-08-02,NONE
ACC-01355,FIR-001045,primary,2023-09-28,NONE
ACC-01918,FIR-001046,primary,2023-09-04,NONE
ACC-00888,FIR-001047,primary,2023-10-31,NONE
ACC-00079,FIR-001047,suspect,2023-10-31,NONE
ACC-00021,FIR-001047,secondary,2023-10-31,NONE
ACC-01787,FIR-001048,primary,2023-10-29,NONE
ACC-03900,FIR-001049,primary,2023-11-03,NONE
ACC-02051,FIR-001050,primary,2023-11-07,NONE
ACC-04271,FIR-001051,primary,2023-12-25,PENDING
ACC-02291,FIR-001051,secondary,2023-12-25,ISSUED
ACC-02152,FIR-001052,primary,2023-12-03,PENDING
ACC-02841,FIR-001052,secondary,2023-12-03,ISSUED
ACC-03041,FIR-001053,primary,2024-01-14,NONE
ACC-03609,FIR-001054,primary,2024-01-09,NONE
ACC-00428,FIR-001055,primary,2024-02-16,NONE
ACC-04110,FIR-001056,primary,2024-02-10,ISSUED
ACC-00968,FIR-001057,primary,2024-03-02,EXECUTED
ACC-02530,FIR-001058,primary,2024-03-26,ISSUED
ACC-02598,FIR-001059,primary,2024-04-19,NONE
ACC-01797,FIR-001060,primary,2024-04-22,NONE
ACC-00683,FIR-001061,primary,2024-05-28,ISSUED
ACC-00853,FIR-001062,primary,2024-05-07,NONE
ACC-04452,FIR-001063,primary,2024-06-21,NONE
ACC-01881,FIR-001063,secondary,2024-06-21,NONE
ACC-04324,FIR-001064,primary,2024-06-19,NONE
ACC-01943,FIR-001065,primary,2024-07-25,NONE
ACC-02128,FIR-001066,primary,2024-07-06,NONE
ACC-03055,FIR-001067,primary,2024-08-08,NONE
ACC-00829,FIR-001067,suspect,2024-08-08,NONE
ACC-00916,FIR-001067,suspect,2024-08-08,NONE
ACC-02137,FIR-001068,primary,2024-08-24,PENDING
ACC-02600,FIR-001069,primary,2024-09-09,PENDING
ACC-00181,FIR-001069,suspect,2024-09-09,NONE
ACC-03977,FIR-001070,primary,2024-09-11,NONE
ACC-02608,FIR-001071,primary,2024-10-30,NONE
ACC-00652,FIR-001072,primary,2024-10-26,NONE
ACC-03656,FIR-001073,primary,2024-11-18,ISSUED
ACC-03823,FIR-001074,primary,2024-11-06,NONE
ACC-00753,FIR-001075,primary,2024-12-01,NONE
ACC-03161,FIR-001076,primary,2024-12-23,NONE
ACC-03876,FIR-001076,secondary,2024-12-23,ISSUED
ACC-04189,FIR-001077,primary,2025-01-26,NONE
ACC-01245,FIR-001078,primary,2025-01-09,NONE
ACC-02250,FIR-001079,primary,2025-02-15,EXECUTED
ACC-01864,FIR-001080,primary,2025-02-10,NONE
ACC-00131,FIR-001081,primary,2025-03-13,NONE
ACC-00586,FIR-001081,secondary,2025-03-13,PENDING
ACC-00921,FIR-001082,primary,2025-03-12,NONE
ACC-00984,FIR-001082,suspect,2025-03-12,NONE
ACC-01409,FIR-001083,primary,2025-04-18,ISSUED
ACC-00230,FIR-001084,primary,2025-04-27,ISSUED
ACC-03843,FIR-001084,secondary,2025-04-27,NONE
ACC-01610,FIR-001085,primary,2025-05-03,NONE
ACC-01542,FIR-001086,primary,2025-05-01,PENDING
ACC-02607,FIR-001087,primary,2025-06-20,EXECUTED
ACC-00079,FIR-001087,suspect,2025-06-20,NONE
ACC-01443,FIR-001087,secondary,2025-06-20,NONE
ACC-00885,FIR-001088,primary,2025-06-06,NONE
ACC-01530,FIR-001089,primary,2025-07-05,EXECUTED
ACC-00009,FIR-001090,primary,2025-07-29,ISSUED
ACC-02351,FIR-001091,primary,2025-08-01,NONE
ACC-00579,FIR-001091,secondary,2025-08-01,NONE
ACC-01547,FIR-001091,suspect,2025-08-01,NONE
ACC-02846,FIR-001092,primary,2025-08-14,ISSUED
ACC-02440,FIR-001093,primary,2025-09-26,NONE
ACC-01321,FIR-001094,primary,2025-09-03,NONE
ACC-03385,FIR-001095,primary,2025-10-29,ISSUED
ACC-04057,FIR-001096,primary,2025-10-22,PENDING
ACC-02609,FIR-001097,primary,2025-11-11,NONE
ACC-01249,FIR-001098,primary,2025-11-22,NONE
ACC-02621,FIR-001098,secondary,2025-11-22,NONE
ACC-02817,FIR-001099,primary,2025-12-24,NONE
ACC-04354,FIR-001100,primary,2025-12-24,ISSUED
ACC-00586,FIR-001100,suspect,2025-12-24,NONE
ACC-01808,FIR-001100,secondary,2025-12-24,NONE
ACC-03061,FIR-001101,primary,2021-01-06,NONE
ACC-03896,FIR-001102,primary,2021-01-09,NONE
ACC-00914,FIR-001103,primary,2021-02-05,PENDING
ACC-03731,FIR-001104,primary,2021-02-02,NONE
ACC-01428,FIR-001104,suspect,2021-02-02,NONE
ACC-00643,FIR-001105,primary,2021-03-19,NONE
ACC-02856,FIR-001106,primary,2021-03-08,NONE
ACC-02459,FIR-001107,primary,2021-04-24,NONE
ACC-02952,FIR-001108,primary,2021-04-23,NONE
ACC-03787,FIR-001108,secondary,2021-04-23,NONE
ACC-00394,FIR-001109,primary,2021-05-05,NONE
ACC-01061,FIR-001109,secondary,2021-05-05,NONE
ACC-03559,FIR-001109,suspect,2021-05-05,NONE
ACC-01922,FIR-001110,primary,2021-05-26,PENDING
ACC-03156,FIR-001111,primary,2021-06-04,NONE
ACC-02848,FIR-001112,primary,2021-06-17,ISSUED
ACC-00422,FIR-001113,primary,2021-07-28,PENDING
ACC-00897,FIR-001114,primary,2021-07-23,NONE
ACC-00174,FIR-001115,primary,2021-08-20,ISSUED
ACC-03184,FIR-001116,primary,2021-08-04,NONE
ACC-00402,FIR-001117,primary,2021-09-09,NONE
ACC-02127,FIR-001118,primary,2021-09-23,EXECUTED
ACC-03295,FIR-001119,primary,2021-10-12,NONE
ACC-04352,FIR-001120,primary,2021-10-30,EXECUTED
ACC-00479,FIR-001120,secondary,2021-10-30,ISSUED
ACC-04272,FIR-001121,primary,2021-11-23,NONE
ACC-01129,FIR-001121,secondary,2021-11-23,NONE
ACC-00431,FIR-001122,primary,2021-11-11,NONE
ACC-01829,FIR-001122,secondary,2021-11-11,ISSUED
ACC-02506,FIR-001123,primary,2021-12-13,NONE
ACC-00099,FIR-001123,suspect,2021-12-13,NONE
ACC-03192,FIR-001124,primary,2021-12-03,NONE
ACC-00252,FIR-001124,suspect,2021-12-03,NONE
ACC-01948,FIR-001125,primary,2022-01-24,ISSUED
ACC-00975,FIR-001126,primary,2022-01-26,NONE
ACC-02572,FIR-001127,primary,2022-02-16,NONE
ACC-00475,FIR-001128,primary,2022-02-09,NONE
ACC-03095,FIR-001129,primary,2022-03-09,NONE
ACC-04448,FIR-001130,primary,2022-03-19,NONE
ACC-02538,FIR-001131,primary,2022-04-01,ISSUED
ACC-03743,FIR-001131,secondary,2022-04-01,NONE
ACC-00602,FIR-001132,primary,2022-04-26,NONE
ACC-01792,FIR-001132,secondary,2022-04-26,NONE
ACC-02707,FIR-001133,primary,2022-05-27,NONE
ACC-01656,FIR-001134,primary,2022-05-08,ISSUED
ACC-02282,FIR-001135,primary,2022-06-22,NONE
ACC-00973,FIR-001136,primary,2022-06-22,NONE
ACC-02727,FIR-001137,primary,2022-07-22,NONE
ACC-03929,FIR-001137,secondary,2022-07-22,NONE
ACC-03723,FIR-001138,primary,2022-07-17,NONE
ACC-01686,FIR-001139,primary,2022-08-22,NONE
ACC-01596,FIR-001140,primary,2022-08-04,NONE
ACC-00450,FIR-001141,primary,2022-09-08,EXECUTED
ACC-02892,FIR-001142,primary,2022-09-10,NONE
ACC-00991,FIR-001143,primary,2022-10-01,NONE
ACC-02268,FIR-001144,primary,2022-10-01,NONE
ACC-04250,FIR-001145,primary,2022-11-03,NONE
ACC-02594,FIR-001146,primary,2022-11-23,EXECUTED
ACC-02096,FIR-001146,suspect,2022-11-23,EXECUTED
ACC-02862,FIR-001146,secondary,2022-11-23,NONE
ACC-00709,FIR-001147,primary,2022-12-30,NONE
ACC-00714,FIR-001148,primary,2022-12-21,NONE
ACC-00252,FIR-001148,secondary,2022-12-21,ISSUED
ACC-03021,FIR-001149,primary,2023-01-30,NONE
ACC-04429,FIR-001150,primary,2023-01-21,NONE
ACC-04387,FIR-001150,secondary,2023-01-21,NONE
ACC-01360,FIR-001151,primary,2023-02-09,ISSUED
ACC-03220,FIR-001152,primary,2023-02-05,NONE
ACC-03210,FIR-001153,primary,2023-03-05,ISSUED
ACC-03940,FIR-001154,primary,2023-03-10,NONE
ACC-01868,FIR-001155,primary,2023-04-02,PENDING
ACC-01036,FIR-001156,primary,2023-04-03,NONE
ACC-02260,FIR-001157,primary,2023-05-13,NONE
ACC-01805,FIR-001158,primary,2023-05-05,NONE
ACC-01642,FIR-001159,primary,2023-06-17,NONE
ACC-01571,FIR-001159,secondary,2023-06-17,EXECUTED
ACC-01476,FIR-001160,primary,2023-06-14,NONE
ACC-03259,FIR-001161,primary,2023-07-29,NONE
ACC-03059,FIR-001162,primary,2023-07-09,NONE
ACC-04351,FIR-001162,secondary,2023-07-09,ISSUED
ACC-00367,FIR-001163,primary,2023-08-24,NONE
ACC-00126,FIR-001164,primary,2023-08-17,EXECUTED
ACC-01061,FIR-001164,suspect,2023-08-17,NONE
ACC-03082,FIR-001164,secondary,2023-08-17,NONE
ACC-01589,FIR-001165,primary,2023-09-23,NONE
ACC-02660,FIR-001166,primary,2023-09-20,PENDING
ACC-03897,FIR-001166,suspect,2023-09-20,NONE
ACC-04433,FIR-001167,primary,2023-10-04,ISSUED
ACC-00386,FIR-001168,primary,2023-10-07,NONE
ACC-04399,FIR-001169,primary,2023-11-11,NONE
ACC-04341,FIR-001170,primary,2023-11-06,EXECUTED
ACC-03367,FIR-001171,primary,2023-12-08,NONE
ACC-04387,FIR-001171,secondary,2023-12-08,NONE
ACC-01107,FIR-001172,primary,2023-12-17,EXECUTED
ACC-00314,FIR-001173,primary,2024-01-30,NONE
ACC-03559,FIR-001173,secondary,2024-01-30,NONE
ACC-01006,FIR-001174,primary,2024-01-06,PENDING
ACC-00467,FIR-001175,primary,2024-02-28,NONE
ACC-04098,FIR-001175,secondary,2024-02-28,NONE
ACC-04280,FIR-001176,primary,2024-02-10,NONE
ACC-03082,FIR-001176,secondary,2024-02-10,PENDING
ACC-03049,FIR-001177,primary,2024-03-22,NONE
ACC-00393,FIR-001178,primary,2024-03-13,NONE
ACC-01059,FIR-001179,primary,2024-04-22,NONE
ACC-00971,FIR-001179,secondary,2024-04-22,NONE
ACC-04143,FIR-001180,primary,2024-04-16,ISSUED
ACC-00620,FIR-001180,suspect,2024-04-16,NONE
ACC-00747,FIR-001181,primary,2024-05-13,NONE
ACC-03779,FIR-001181,suspect,2024-05-13,ISSUED
ACC-00368,FIR-001182,primary,2024-05-11,NONE
ACC-00676,FIR-001183,primary,2024-06-05,PENDING
ACC-00096,FIR-001184,primary,2024-06-27,PENDING
ACC-03695,FIR-001185,primary,2024-07-06,EXECUTED
ACC-02956,FIR-001186,primary,2024-07-18,NONE
ACC-02289,FIR-001187,primary,2024-08-24,NONE
ACC-02416,FIR-001188,primary,2024-08-01,NONE
ACC-01330,FIR-001188,suspect,2024-08-01,PENDING
ACC-02864,FIR-001189,primary,2024-09-18,PENDING
ACC-00684,FIR-001189,secondary,2024-09-18,NONE
ACC-04303,FIR-001190,primary,2024-09-10,NONE
ACC-01330,FIR-001190,suspect,2024-09-10,NONE
ACC-01003,FIR-001191,primary,2024-10-28,NONE
ACC-01967,FIR-001191,suspect,2024-10-28,NONE
ACC-02690,FIR-001192,primary,2024-10-30,PENDING
ACC-02470,FIR-001192,secondary,2024-10-30,NONE
ACC-00576,FIR-001192,secondary,2024-10-30,ISSUED
ACC-02619,FIR-001193,primary,2024-11-26,NONE
ACC-03809,FIR-001194,primary,2024-11-05,ISSUED
ACC-01548,FIR-001195,primary,2024-12-26,NONE
ACC-02277,FIR-001195,secondary,2024-12-26,NONE
ACC-04024,FIR-001196,primary,2024-12-20,NONE
ACC-00419,FIR-001197,primary,2025-01-26,NONE
ACC-02493,FIR-001197,secondary,2025-01-26,NONE
ACC-02067,FIR-001198,primary,2025-01-07,PENDING
ACC-02470,FIR-001198,secondary,2025-01-07,NONE
ACC-03909,FIR-001199,primary,2025-02-07,NONE
ACC-04154,FIR-001200,primary,2025-02-18,NONE
ACC-01643,FIR-001201,primary,2025-03-19,ISSUED
ACC-00297,FIR-001202,primary,2025-03-11,NONE
ACC-02493,FIR-001202,secondary,2025-03-11,ISSUED
ACC-01124,FIR-001203,primary,2025-04-28,PENDING
ACC-02431,FIR-001204,primary,2025-04-14,PENDING
ACC-02574,FIR-001205,primary,2025-05-17,ISSUED
ACC-04279,FIR-001206,primary,2025-05-21,NONE
ACC-03929,FIR-001206,suspect,2025-05-21,NONE
ACC-04424,FIR-001207,primary,2025-06-24,NONE
ACC-01800,FIR-001207,suspect,2025-06-24,NONE
ACC-03766,FIR-001208,primary,2025-06-07,ISSUED
ACC-02476,FIR-001208,secondary,2025-06-07,NONE
ACC-00999,FIR-001209,primary,2025-07-19,NONE
ACC-02485,FIR-001210,primary,2025-07-27,NONE
ACC-01149,FIR-001211,primary,2025-08-25,NONE
ACC-02001,FIR-001211,secondary,2025-08-25,NONE
ACC-00752,FIR-001212,primary,2025-08-01,NONE
ACC-01272,FIR-001213,primary,2025-09-28,NONE
ACC-01685,FIR-001214,primary,2025-09-15,NONE
ACC-03323,FIR-001215,primary,2025-10-07,PENDING
ACC-02983,FIR-001215,suspect,2025-10-07,ISSUED
ACC-04017,FIR-001216,primary,2025-10-19,EXECUTED
ACC-03271,FIR-001217,primary,2025-11-15,NONE
ACC-03621,FIR-001218,primary,2025-11-17,NONE
ACC-02583,FIR-001219,primary,2025-12-31,NONE
ACC-00040,FIR-001219,suspect,2025-12-31,NONE
ACC-00879,FIR-001220,primary,2025-12-21,NONE
ACC-03377,FIR-001221,primary,2021-01-03,NONE
ACC-03265,FIR-001222,primary,2021-01-16,NONE
ACC-00059,FIR-001223,primary,2021-02-10,NONE
ACC-01991,FIR-001224,primary,2021-02-03,NONE
ACC-01236,FIR-001225,primary,2021-03-23,ISSUED
ACC-02839,FIR-001226,primary,2021-03-17,PENDING
ACC-04265,FIR-001226,secondary,2021-03-17,NONE
ACC-02840,FIR-001227,primary,2021-04-22,NONE
ACC-02430,FIR-001228,primary,2021-04-02,ISSUED
ACC-01389,FIR-001229,primary,2021-05-11,NONE
ACC-00053,FIR-001229,suspect,2021-05-11,NONE
ACC-02173,FIR-001230,primary,2021-05-01,ISSUED
ACC-01519,FIR-001231,primary,2021-06-25,NONE
ACC-01989,FIR-001231,suspect,2021-06-25,PENDING
ACC-00705,FIR-001232,primary,2021-06-03,NONE
ACC-02371,FIR-001232,secondary,2021-06-03,EXECUTED
ACC-02307,FIR-001232,suspect,2021-06-03,NONE
ACC-01292,FIR-001233,primary,2021-07-13,NONE
ACC-02783,FIR-001233,suspect,2021-07-13,ISSUED
ACC-02078,FIR-001234,primary,2021-07-25,NONE
ACC-02709,FIR-001235,primary,2021-08-16,PENDING
ACC-04190,FIR-001236,primary,2021-08-17,NONE
ACC-02963,FIR-001236,secondary,2021-08-17,NONE
ACC-03641,FIR-001236,suspect,2021-08-17,NONE
ACC-04249,FIR-001237,primary,2021-09-22,PENDING
ACC-01626,FIR-001237,secondary,2021-09-22,NONE
ACC-01353,FIR-001238,primary,2021-09-14,NONE
ACC-03351,FIR-001239,primary,2021-10-31,ISSUED
ACC-02535,FIR-001240,primary,2021-10-23,NONE
ACC-00974,FIR-001241,primary,2021-11-14,NONE
ACC-00801,FIR-001241,secondary,2021-11-14,EXECUTED
ACC-02297,FIR-001241,secondary,2021-11-14,NONE
ACC-01494,FIR-001242,primary,2021-11-03,NONE
ACC-00213,FIR-001242,secondary,2021-11-03,NONE
ACC-00788,FIR-001243,primary,2021-12-27,ISSUED
ACC-00228,FIR-001243,secondary,2021-12-27,NONE
ACC-04300,FIR-001243,secondary,2021-12-27,NONE
ACC-03341,FIR-001244,primary,2021-12-11,NONE
ACC-00228,FIR-001244,secondary,2021-12-11,EXECUTED
ACC-02640,FIR-001245,primary,2022-01-19,EXECUTED
ACC-00053,FIR-001245,secondary,2022-01-19,NONE
ACC-03791,FIR-001246,primary,2022-01-31,NONE
ACC-04220,FIR-001247,primary,2022-02-03,NONE
ACC-01626,FIR-001247,suspect,2022-02-03,NONE
ACC-00119,FIR-001248,primary,2022-02-03,PENDING
ACC-02450,FIR-001249,primary,2022-03-13,NONE
ACC-01291,FIR-001250,primary,2022-03-12,NONE
ACC-04051,FIR-001251,primary,2022-04-14,NONE
ACC-00684,FIR-001251,suspect,2022-04-14,NONE
ACC-00917,FIR-001252,primary,2022-04-19,ISSUED
ACC-02030,FIR-001253,primary,2022-05-22,NONE
ACC-02501,FIR-001254,primary,2022-05-11,EXECUTED
ACC-02189,FIR-001255,primary,2022-06-01,NONE
ACC-00910,FIR-001256,primary,2022-06-17,PENDING
ACC-02374,FIR-001257,primary,2022-07-17,NONE
ACC-02017,FIR-001258,primary,2022-07-06,NONE
ACC-01215,FIR-001258,secondary,2022-07-06,NONE
ACC-00136,FIR-001259,primary,2022-08-14,NONE
ACC-04304,FIR-001260,primary,2022-08-11,ISSUED
ACC-00734,FIR-001260,suspect,2022-08-11,NONE
ACC-00290,FIR-001261,primary,2022-09-03,ISSUED
ACC-01815,FIR-001262,primary,2022-09-13,PENDING
ACC-04438,FIR-001263,primary,2022-10-11,PENDING
ACC-04449,FIR-001264,primary,2022-10-08,NONE
ACC-01535,FIR-001265,primary,2022-11-04,NONE
ACC-00734,FIR-001265,secondary,2022-11-04,NONE
ACC-03020,FIR-001266,primary,2022-11-07,NONE
ACC-00388,FIR-001267,primary,2022-12-24,PENDING
ACC-03291,FIR-001268,primary,2022-12-25,NONE
ACC-04299,FIR-001268,secondary,2022-12-25,NONE
ACC-02781,FIR-001269,primary,2023-01-12,NONE
ACC-04379,FIR-001269,secondary,2023-01-12,NONE
ACC-00818,FIR-001270,primary,2023-01-11,PENDING
ACC-03769,FIR-001271,primary,2023-02-04,NONE
ACC-04307,FIR-001272,primary,2023-02-28,ISSUED
ACC-02556,FIR-001273,primary,2023-03-17,NONE
ACC-00288,FIR-001274,primary,2023-03-28,NONE
ACC-00037,FIR-001274,suspect,2023-03-28,EXECUTED
ACC-02564,FIR-001275,primary,2023-04-17,NONE
ACC-02294,FIR-001275,suspect,2023-04-17,NONE
ACC-03164,FIR-001276,primary,2023-04-19,ISSUED
ACC-02868,FIR-001277,primary,2023-05-24,ISSUED
ACC-00884,FIR-001278,primary,2023-05-12,ISSUED
ACC-00318,FIR-001279,primary,2023-06-03,NONE
ACC-00213,FIR-001279,suspect,2023-06-03,ISSUED
ACC-03677,FIR-001280,primary,2023-06-22,NONE
ACC-03148,FIR-001281,primary,2023-07-19,NONE
ACC-00933,FIR-001282,primary,2023-07-19,NONE
ACC-01289,FIR-001283,primary,2023-08-17,NONE
ACC-04141,FIR-001284,primary,2023-08-26,PENDING
ACC-02854,FIR-001284,suspect,2023-08-26,NONE
ACC-04103,FIR-001285,primary,2023-09-13,NONE
ACC-00790,FIR-001285,suspect,2023-09-13,NONE
ACC-03160,FIR-001285,secondary,2023-09-13,NONE
ACC-02460,FIR-001286,primary,2023-09-24,NONE
ACC-00265,FIR-001286,suspect,2023-09-24,NONE
ACC-02148,FIR-001286,suspect,2023-09-24,NONE
ACC-02610,FIR-001287,primary,2023-10-02,EXECUTED
ACC-03693,FIR-001287,secondary,2023-10-02,NONE
ACC-03529,FIR-001288,primary,2023-10-21,NONE
ACC-01215,FIR-001288,secondary,2023-10-21,ISSUED
ACC-02921,FIR-001289,primary,2023-11-06,NONE
ACC-03671,FIR-001290,primary,2023-11-29,NONE
ACC-00188,FIR-001291,primary,2023-12-28,NONE
ACC-00061,FIR-001292,primary,2023-12-08,EXECUTED
ACC-00178,FIR-001293,primary,2024-01-22,NONE
ACC-03507,FIR-001294,primary,2024-01-04,PENDING
ACC-03816,FIR-001294,secondary,2024-01-04,NONE
ACC-03496,FIR-001295,primary,2024-02-25,NONE
ACC-00946,FIR-001296,primary,2024-02-14,ISSUED
ACC-02054,FIR-001297,primary,2024-03-21,NONE
ACC-01976,FIR-001298,primary,2024-03-13,NONE
ACC-03471,FIR-001299,primary,2024-04-13,ISSUED
ACC-01862,FIR-001300,primary,2024-04-12,ISSUED
ACC-02783,FIR-001300,suspect,2024-04-12,ISSUED
ACC-02969,FIR-001301,primary,2024-05-27,NONE
ACC-01984,FIR-001302,primary,2024-05-08,NONE
ACC-01028,FIR-001302,secondary,2024-05-08,NONE
ACC-04389,FIR-001302,suspect,2024-05-08,NONE
ACC-02435,FIR-001303,primary,2024-06-14,ISSUED
ACC-03649,FIR-001304,primary,2024-06-12,NONE
ACC-02422,FIR-001305,primary,2024-07-11,NONE
ACC-02854,FIR-001305,secondary,2024-07-11,NONE
ACC-01972,FIR-001306,primary,2024-07-17,NONE
ACC-02635,FIR-001307,primary,2024-08-26,ISSUED
ACC-01575,FIR-001308,primary,2024-08-13,EXECUTED
ACC-00037,FIR-001308,suspect,2024-08-13,NONE
ACC-00068,FIR-001309,primary,2024-09-11,NONE
ACC-03299,FIR-001310,primary,2024-09-15,NONE
ACC-04389,FIR-001310,secondary,2024-09-15,NONE
ACC-00442,FIR-001310,secondary,2024-09-15,ISSUED
ACC-02251,FIR-001311,primary,2024-10-22,ISSUED
ACC-03290,FIR-001312,primary,2024-10-12,NONE
ACC-00349,FIR-001313,primary,2024-11-23,NONE
ACC-03547,FIR-001313,secondary,2024-11-23,NONE
ACC-00848,FIR-001314,primary,2024-11-15,PENDING
ACC-00211,FIR-001315,primary,2024-12-14,NONE
ACC-01170,FIR-001316,primary,2024-12-17,NONE
ACC-01774,FIR-001317,primary,2025-01-04,NONE
ACC-01370,FIR-001318,primary,2025-01-15,NONE
ACC-00106,FIR-001319,primary,2025-02-01,NONE
ACC-00199,FIR-001319,secondary,2025-02-01,NONE
ACC-01267,FIR-001320,primary,2025-02-19,NONE
ACC-01776,FIR-001321,primary,2025-03-31,PENDING
ACC-00495,FIR-001322,primary,2025-03-10,NONE
ACC-03235,FIR-001323,primary,2025-04-08,NONE
ACC-03267,FIR-001324,primary,2025-04-10,NONE
ACC-00801,FIR-001324,secondary,2025-04-10,NONE
ACC-00221,FIR-001325,primary,2025-05-31,NONE
ACC-01629,FIR-001325,secondary,2025-05-31,NONE
ACC-02256,FIR-001326,primary,2025-05-13,NONE
ACC-00073,FIR-001327,primary,2025-06-08,NONE
ACC-01028,FIR-001327,secondary,2025-06-08,NONE
ACC-02207,FIR-001328,primary,2025-06-10,NONE
ACC-04266,FIR-001329,primary,2025-07-09,NONE
ACC-00199,FIR-001329,suspect,2025-07-09,ISSUED
ACC-04071,FIR-001330,primary,2025-07-29,NONE
ACC-02294,FIR-001330,secondary,2025-07-29,PENDING
ACC-01056,FIR-001331,primary,2025-08-24,NONE
ACC-01459,FIR-001331,secondary,2025-08-24,NONE
ACC-04212,FIR-001332,primary,2025-08-04,NONE
ACC-03760,FIR-001333,primary,2025-09-30,NONE
ACC-02696,FIR-001334,primary,2025-09-28,EXECUTED
ACC-04343,FIR-001334,secondary,2025-09-28,NONE
ACC-01429,FIR-001335,primary,2025-10-23,ISSUED
ACC-00691,FIR-001336,primary,2025-10-21,PENDING
ACC-00969,FIR-001336,secondary,2025-10-21,NONE
ACC-02935,FIR-001337,primary,2025-11-30,NONE
ACC-02380,FIR-001338,primary,2025-11-25,NONE
ACC-03413,FIR-001339,primary,2025-12-20,ISSUED
ACC-03736,FIR-001340,primary,2025-12-24,NONE
ACC-01485,FIR-001341,primary,2021-01-29,NONE
ACC-00104,FIR-001342,primary,2021-01-03,PENDING
ACC-02784,FIR-001343,primary,2021-01-08,NONE
ACC-01993,FIR-001344,primary,2021-01-04,NONE
ACC-01351,FIR-001345,primary,2021-02-21,NONE
ACC-01413,FIR-001346,primary,2021-02-23,NONE
ACC-01637,FIR-001347,primary,2021-02-03,NONE
ACC-01345,FIR-001347,suspect,2021-02-03,NONE
ACC-00325,FIR-001348,primary,2021-02-26,EXECUTED
ACC-02114,FIR-001349,primary,2021-03-10,NONE
ACC-00966,FIR-001350,primary,2021-03-25,NONE
ACC-03407,FIR-001351,primary,2021-03-28,NONE
ACC-00356,FIR-001351,suspect,2021-03-28,NONE
ACC-00487,FIR-001352,primary,2021-03-02,PENDING
ACC-04005,FIR-001353,primary,2021-04-24,PENDING
ACC-02879,FIR-001354,primary,2021-04-03,NONE
ACC-02094,FIR-001355,primary,2021-04-10,NONE
ACC-03117,FIR-001355,suspect,2021-04-10,EXECUTED
ACC-04134,FIR-001356,primary,2021-04-12,NONE
ACC-03806,FIR-001357,primary,2021-05-27,ISSUED
ACC-03435,FIR-001358,primary,2021-05-14,NONE
ACC-03125,FIR-001359,primary,2021-05-26,NONE
ACC-00523,FIR-001360,primary,2021-05-23,NONE
ACC-04104,FIR-001361,primary,2021-06-30,ISSUED
ACC-04056,FIR-001362,primary,2021-06-28,NONE
ACC-02809,FIR-001363,primary,2021-06-27,NONE
ACC-02587,FIR-001364,primary,2021-06-07,NONE
ACC-01002,FIR-001365,primary,2021-07-02,NONE
ACC-00772,FIR-001366,primary,2021-07-22,NONE
ACC-01568,FIR-001367,primary,2021-07-25,NONE
ACC-00087,FIR-001368,primary,2021-07-28,NONE
ACC-02308,FIR-001369,primary,2021-08-31,NONE
ACC-03706,FIR-001370,primary,2021-08-13,NONE
ACC-04060,FIR-001371,primary,2021-08-19,PENDING
ACC-03128,FIR-001371,secondary,2021-08-19,NONE
ACC-04315,FIR-001372,primary,2021-08-06,PENDING
ACC-03117,FIR-001372,suspect,2021-08-06,NONE
ACC-01730,FIR-001373,primary,2021-08-13,NONE
ACC-02602,FIR-001373,suspect,2021-08-13,NONE
ACC-01564,FIR-001374,primary,2021-09-06,NONE
ACC-00657,FIR-001375,primary,2021-09-05,ISSUED
ACC-03493,FIR-001376,primary,2021-09-05,NONE
ACC-01821,FIR-001377,primary,2021-09-22,NONE
ACC-00258,FIR-001378,primary,2021-09-13,NONE
ACC-04194,FIR-001379,primary,2021-10-13,NONE
ACC-02528,FIR-001380,primary,2021-10-06,NONE
ACC-04195,FIR-001381,primary,2021-10-06,NONE
ACC-03708,FIR-001382,primary,2021-10-08,NONE
ACC-01663,FIR-001383,primary,2021-10-03,NONE
ACC-02713,FIR-001384,primary,2021-11-18,NONE
ACC-03200,FIR-001385,primary,2021-11-08,ISSUED
ACC-02807,FIR-001385,secondary,2021-11-08,NONE
ACC-01985,FIR-001386,primary,2021-11-28,ISSUED
ACC-01499,FIR-001387,primary,2021-11-17,PENDING
ACC-00021,FIR-001387,secondary,2021-11-17,NONE
ACC-03522,FIR-001388,primary,2021-11-15,NONE
ACC-01692,FIR-001389,primary,2021-12-05,NONE
ACC-03843,FIR-001389,secondary,2021-12-05,NONE
ACC-02273,FIR-001390,primary,2021-12-20,ISSUED
ACC-01952,FIR-001391,primary,2021-12-01,PENDING
ACC-00135,FIR-001392,primary,2021-12-19,ISSUED
ACC-03834,FIR-001393,primary,2022-01-26,NONE
ACC-01420,FIR-001393,suspect,2022-01-26,NONE
ACC-04201,FIR-001394,primary,2022-01-21,NONE
ACC-02940,FIR-001394,suspect,2022-01-21,NONE
ACC-03482,FIR-001395,primary,2022-01-26,NONE
ACC-00231,FIR-001396,primary,2022-01-17,NONE
ACC-03700,FIR-001396,secondary,2022-01-17,EXECUTED
ACC-02967,FIR-001397,primary,2022-02-20,NONE
ACC-02400,FIR-001398,primary,2022-02-08,NONE
ACC-00446,FIR-001398,secondary,2022-02-08,NONE
ACC-04364,FIR-001399,primary,2022-02-03,NONE
ACC-02168,FIR-001399,secondary,2022-02-03,NONE
ACC-03160,FIR-001399,suspect,2022-02-03,NONE
ACC-04301,FIR-001400,primary,2022-02-13,ISSUED
ACC-02240,FIR-001400,secondary,2022-02-13,PENDING
ACC-03639,FIR-001401,primary,2022-03-11,NONE
ACC-00069,FIR-001402,primary,2022-03-27,ISSUED
ACC-01187,FIR-001403,primary,2022-03-22,NONE
ACC-00065,FIR-001404,primary,2022-03-19,PENDING
ACC-00312,FIR-001405,primary,2022-04-09,PENDING
ACC-00244,FIR-001405,secondary,2022-04-09,NONE
ACC-03645,FIR-001405,secondary,2022-04-09,NONE
ACC-01937,FIR-001406,primary,2022-04-11,NONE
ACC-03479,FIR-001407,primary,2022-04-01,ISSUED
ACC-04338,FIR-001408,primary,2022-04-20,ISSUED
ACC-01770,FIR-001409,primary,2022-05-30,NONE
ACC-03317,FIR-001410,primary,2022-05-28,ISSUED
ACC-02153,FIR-001411,primary,2022-05-09,NONE
ACC-02801,FIR-001412,primary,2022-05-12,NONE
ACC-04016,FIR-001413,primary,2022-06-24,NONE
ACC-02889,FIR-001414,primary,2022-06-22,NONE
ACC-00283,FIR-001415,primary,2022-06-27,NONE
ACC-02900,FIR-001416,primary,2022-06-02,NONE
ACC-03658,FIR-001417,primary,2022-07-21,NONE
ACC-00421,FIR-001418,primary,2022-07-09,ISSUED
ACC-04255,FIR-001419,primary,2022-07-17,EXECUTED
ACC-01379,FIR-001419,secondary,2022-07-17,ISSUED
ACC-02569,FIR-001420,primary,2022-07-05,PENDING
ACC-00655,FIR-001421,primary,2022-08-14,NONE
ACC-03774,FIR-001422,primary,2022-08-06,NONE
ACC-02103,FIR-001423,primary,2022-08-20,ISSUED
ACC-00573,FIR-001424,primary,2022-08-04,NONE
ACC-01420,FIR-001424,suspect,2022-08-04,PENDING
ACC-03035,FIR-001425,primary,2022-08-19,ISSUED
ACC-00478,FIR-001426,primary,2022-09-29,NONE
ACC-02134,FIR-001427,primary,2022-09-29,NONE
ACC-01365,FIR-001428,primary,2022-09-15,ISSUED
ACC-03982,FIR-001429,primary,2022-09-09,ISSUED
ACC-04037,FIR-001430,primary,2022-09-09,ISSUED
ACC-03014,FIR-001431,primary,2022-10-16,NONE
ACC-01479,FIR-001432,primary,2022-10-16,NONE
ACC-02021,FIR-001433,primary,2022-10-15,NONE
ACC-03418,FIR-001434,primary,2022-10-16,NONE
ACC-02998,FIR-001435,primary,2022-10-24,PENDING
ACC-02828,FIR-001436,primary,2022-11-21,NONE
ACC-00580,FIR-001437,primary,2022-11-15,NONE
ACC-01473,FIR-001438,primary,2022-11-05,NONE
ACC-04041,FIR-001439,primary,2022-11-19,NONE
ACC-02705,FIR-001439,suspect,2022-11-19,NONE
ACC-04198,FIR-001440,primary,2022-11-30,NONE
ACC-02597,FIR-001441,primary,2022-12-13,NONE
ACC-03696,FIR-001442,primary,2022-12-30,NONE
ACC-00185,FIR-001442,secondary,2022-12-30,NONE
ACC-03915,FIR-001443,primary,2022-12-04,NONE
ACC-02420,FIR-001443,suspect,2022-12-04,NONE
ACC-01018,FIR-001444,primary,2022-12-15,NONE
ACC-00207,FIR-001445,primary,2023-01-11,NONE
ACC-01938,FIR-001446,primary,2023-01-20,NONE
ACC-01344,FIR-001447,primary,2023-01-28,NONE
ACC-00317,FIR-001448,primary,2023-01-21,NONE
ACC-01367,FIR-001449,primary,2023-02-14,NONE
ACC-01419,FIR-001450,primary,2023-02-18,ISSUED
ACC-00986,FIR-001451,primary,2023-02-07,NONE
ACC-04248,FIR-001452,primary,2023-02-01,NONE
ACC-04085,FIR-001453,primary,2023-03-27,ISSUED
ACC-03072,FIR-001454,primary,2023-03-24,ISSUED
ACC-00585,FIR-001454,suspect,2023-03-24,NONE
ACC-03994,FIR-001455,primary,2023-03-01,PENDING
ACC-01927,FIR-001456,primary,2023-03-07,NONE
ACC-00092,FIR-001457,primary,2023-04-19,ISSUED
ACC-00462,FIR-001458,primary,2023-04-25,NONE
ACC-00012,FIR-001459,primary,2023-04-11,NONE
ACC-04192,FIR-001460,primary,2023-04-22,EXECUTED
ACC-01845,FIR-001461,primary,2023-05-18,NONE
ACC-04241,FIR-001461,secondary,2023-05-18,NONE
ACC-01397,FIR-001462,primary,2023-05-15,NONE
ACC-02601,FIR-001463,primary,2023-05-12,NONE
ACC-03089,FIR-001464,primary,2023-05-03,NONE
ACC-01000,FIR-001465,primary,2023-06-06,NONE
ACC-03227,FIR-001466,primary,2023-06-30,ISSUED
ACC-01761,FIR-001467,primary,2023-06-24,ISSUED
ACC-00141,FIR-001468,primary,2023-06-16,NONE
ACC-00018,FIR-001469,primary,2023-07-09,NONE
ACC-02500,FIR-001470,primary,2023-07-04,PENDING
ACC-01234,FIR-001471,primary,2023-07-26,ISSUED
ACC-01772,FIR-001471,secondary,2023-07-26,ISSUED
ACC-00732,FIR-001472,primary,2023-07-06,NONE
ACC-02108,FIR-001473,primary,2023-08-11,NONE
ACC-04269,FIR-001474,primary,2023-08-12,PENDING
ACC-04028,FIR-001475,primary,2023-08-14,NONE
ACC-01947,FIR-001476,primary,2023-08-26,NONE
ACC-02272,FIR-001477,primary,2023-08-19,NONE
ACC-00519,FIR-001478,primary,2023-09-20,NONE
ACC-02305,FIR-001478,suspect,2023-09-20,NONE
ACC-03208,FIR-001478,suspect,2023-09-20,NONE
ACC-00275,FIR-001479,primary,2023-09-23,NONE
ACC-03405,FIR-001480,primary,2023-09-08,EXECUTED
ACC-03971,FIR-001480,secondary,2023-09-08,NONE
ACC-04121,FIR-001481,primary,2023-09-04,PENDING
ACC-00250,FIR-001482,primary,2023-09-02,ISSUED
ACC-01633,FIR-001483,primary,2023-10-09,NONE
ACC-01872,FIR-001484,primary,2023-10-31,PENDING
ACC-00332,FIR-001485,primary,2023-10-12,NONE
ACC-00340,FIR-001485,secondary,2023-10-12,NONE
ACC-02529,FIR-001486,primary,2023-10-03,NONE
ACC-02870,FIR-001487,primary,2023-10-19,NONE
ACC-03448,FIR-001488,primary,2023-11-20,NONE
ACC-00677,FIR-001489,primary,2023-11-12,NONE
ACC-02532,FIR-001490,primary,2023-11-29,NONE
ACC-01120,FIR-001491,primary,2023-11-26,NONE
ACC-00155,FIR-001492,primary,2023-11-02,NONE
ACC-00432,FIR-001492,suspect,2023-11-02,NONE
ACC-03116,FIR-001493,primary,2023-12-28,NONE
ACC-02876,FIR-001494,primary,2023-12-07,NONE
ACC-03660,FIR-001495,primary,2023-12-03,NONE
ACC-01326,FIR-001495,suspect,2023-12-03,ISSUED
ACC-01127,FIR-001496,primary,2023-12-08,NONE
ACC-00979,FIR-001497,primary,2024-01-21,NONE
ACC-02777,FIR-001498,primary,2024-01-27,NONE
ACC-03446,FIR-001499,primary,2024-01-01,NONE
ACC-00665,FIR-001500,primary,2024-01-29,NONE
ACC-03276,FIR-001501,primary,2024-02-20,NONE
ACC-01578,FIR-001502,primary,2024-02-21,NONE
ACC-01326,FIR-001502,secondary,2024-02-21,NONE
ACC-04353,FIR-001503,primary,2024-02-06,EXECUTED
ACC-00278,FIR-001504,primary,2024-02-01,NONE
ACC-03292,FIR-001505,primary,2024-03-01,NONE
ACC-03884,FIR-001506,primary,2024-03-27,NONE
ACC-00357,FIR-001506,suspect,2024-03-27,NONE
ACC-01951,FIR-001507,primary,2024-03-20,NONE
ACC-01601,FIR-001508,primary,2024-03-17,NONE
ACC-03005,FIR-001509,primary,2024-04-04,PENDING
ACC-02972,FIR-001510,primary,2024-04-10,NONE
ACC-04151,FIR-001511,primary,2024-04-10,NONE
ACC-02965,FIR-001512,primary,2024-04-30,NONE
ACC-00650,FIR-001513,primary,2024-05-20,NONE
ACC-04078,FIR-001513,suspect,2024-05-20,NONE
ACC-01095,FIR-001514,primary,2024-05-06,NONE
ACC-02072,FIR-001515,primary,2024-05-15,NONE
ACC-00723,FIR-001515,suspect,2024-05-15,ISSUED
ACC-01650,FIR-001516,primary,2024-05-08,NONE
ACC-02648,FIR-001517,primary,2024-06-30,NONE
ACC-03556,FIR-001517,secondary,2024-06-30,NONE
ACC-00303,FIR-001518,primary,2024-06-22,ISSUED
ACC-03503,FIR-001519,primary,2024-06-06,NONE
ACC-01221,FIR-001520,primary,2024-06-10,NONE
ACC-00540,FIR-001521,primary,2024-07-22,PENDING
ACC-03533,FIR-001522,primary,2024-07-28,NONE
ACC-04299,FIR-001522,suspect,2024-07-28,NONE
ACC-02592,FIR-001523,primary,2024-07-10,NONE
ACC-02641,FIR-001524,primary,2024-07-11,NONE
ACC-00517,FIR-001525,primary,2024-08-26,NONE
ACC-01729,FIR-001526,primary,2024-08-08,EXECUTED
ACC-03190,FIR-001526,suspect,2024-08-08,NONE
ACC-03076,FIR-001527,primary,2024-08-20,NONE
ACC-00347,FIR-001528,primary,2024-08-17,EXECUTED
ACC-03779,FIR-001528,secondary,2024-08-17,NONE
ACC-02898,FIR-001529,primary,2024-08-27,ISSUED
ACC-00387,FIR-001530,primary,2024-09-02,NONE
ACC-04270,FIR-001531,primary,2024-09-04,NONE
ACC-01863,FIR-001532,primary,2024-09-11,NONE
ACC-01841,FIR-001533,primary,2024-09-01,NONE
ACC-02962,FIR-001533,secondary,2024-09-01,NONE
ACC-00269,FIR-001534,primary,2024-09-30,NONE
ACC-00218,FIR-001534,secondary,2024-09-30,NONE
ACC-04068,FIR-001535,primary,2024-10-29,EXECUTED
ACC-02364,FIR-001536,primary,2024-10-08,ISSUED
ACC-00182,FIR-001537,primary,2024-10-10,NONE
ACC-02887,FIR-001538,primary,2024-10-24,NONE
ACC-03912,FIR-001539,primary,2024-10-16,NONE
ACC-03439,FIR-001540,primary,2024-11-10,NONE
ACC-01908,FIR-001540,suspect,2024-11-10,ISSUED
ACC-04241,FIR-001540,suspect,2024-11-10,NONE
ACC-02069,FIR-001541,primary,2024-11-30,ISSUED
ACC-01683,FIR-001542,primary,2024-11-18,EXECUTED
ACC-04419,FIR-001543,primary,2024-11-13,NONE
ACC-03757,FIR-001544,primary,2024-11-19,NONE
ACC-02005,FIR-001545,primary,2024-12-01,NONE
ACC-02383,FIR-001546,primary,2024-12-08,NONE
ACC-01581,FIR-001547,primary,2024-12-27,NONE
ACC-02420,FIR-001547,suspect,2024-12-27,PENDING
ACC-00413,FIR-001548,primary,2024-12-16,ISSUED
ACC-03511,FIR-001549,primary,2025-01-30,PENDING
ACC-01688,FIR-001550,primary,2025-01-10,PENDING
ACC-04371,FIR-001551,primary,2025-01-18,NONE
ACC-04048,FIR-001552,primary,2025-01-20,NONE
ACC-03517,FIR-001553,primary,2025-02-09,NONE
ACC-03211,FIR-001554,primary,2025-02-12,ISSUED
ACC-04388,FIR-001555,primary,2025-02-06,NONE
ACC-03892,FIR-001556,primary,2025-02-20,EXECUTED
ACC-03141,FIR-001557,primary,2025-03-24,PENDING
ACC-04348,FIR-001557,secondary,2025-03-24,NONE
ACC-00149,FIR-001557,secondary,2025-03-24,NONE
ACC-03887,FIR-001558,primary,2025-03-27,ISSUED
ACC-00687,FIR-001559,primary,2025-03-09,EXECUTED
ACC-01714,FIR-001560,primary,2025-03-13,NONE
ACC-04196,FIR-001561,primary,2025-04-16,ISSUED
ACC-01738,FIR-001562,primary,2025-04-03,NONE
ACC-02442,FIR-001563,primary,2025-04-01,EXECUTED
ACC-01086,FIR-001564,primary,2025-04-20,NONE
ACC-01011,FIR-001564,suspect,2025-04-20,PENDING
ACC-04149,FIR-001565,primary,2025-05-15,NONE
ACC-00630,FIR-001565,suspect,2025-05-15,EXECUTED
ACC-01790,FIR-001566,primary,2025-05-21,PENDING
ACC-00244,FIR-001566,secondary,2025-05-21,NONE
ACC-00827,FIR-001567,primary,2025-05-18,NONE
ACC-00205,FIR-001567,suspect,2025-05-18,NONE
ACC-02962,FIR-001567,suspect,2025-05-18,PENDING
ACC-03488,FIR-001568,primary,2025-05-23,NONE
ACC-03972,FIR-001569,primary,2025-06-27,NONE
ACC-03651,FIR-001570,primary,2025-06-14,NONE
ACC-02988,FIR-001571,primary,2025-06-07,ISSUED
ACC-01635,FIR-001572,primary,2025-06-06,ISSUED
ACC-00311,FIR-001572,secondary,2025-06-06,NONE
ACC-03796,FIR-001573,primary,2025-07-01,NONE
ACC-00195,FIR-001573,suspect,2025-07-01,NONE
ACC-02310,FIR-001574,primary,2025-07-08,EXECUTED
ACC-03215,FIR-001575,primary,2025-07-22,NONE
ACC-03845,FIR-001576,primary,2025-07-29,NONE
ACC-04253,FIR-001577,primary,2025-08-12,NONE
ACC-01190,FIR-001578,primary,2025-08-08,NONE
ACC-03704,FIR-001579,primary,2025-08-13,EXECUTED
ACC-00721,FIR-001580,primary,2025-08-20,NONE
ACC-00468,FIR-001581,primary,2025-08-26,NONE
ACC-01297,FIR-001582,primary,2025-09-27,NONE
ACC-03345,FIR-001583,primary,2025-09-04,NONE
ACC-00432,FIR-001583,suspect,2025-09-04,NONE
ACC-01253,FIR-001584,primary,2025-09-29,NONE
ACC-04348,FIR-001584,suspect,2025-09-29,ISSUED
ACC-04251,FIR-001585,primary,2025-09-07,NONE
ACC-03840,FIR-001586,primary,2025-09-17,NONE
ACC-00446,FIR-001586,secondary,2025-09-17,NONE
ACC-00671,FIR-001587,primary,2025-10-18,NONE
ACC-02873,FIR-001588,primary,2025-10-18,NONE
ACC-02644,FIR-001589,primary,2025-10-02,NONE
ACC-04300,FIR-001589,suspect,2025-10-02,PENDING
ACC-00011,FIR-001590,primary,2025-10-24,ISSUED
ACC-03790,FIR-001591,primary,2025-10-12,NONE
ACC-03218,FIR-001592,primary,2025-11-25,EXECUTED
ACC-01666,FIR-001592,secondary,2025-11-25,EXECUTED
ACC-01998,FIR-001593,primary,2025-11-16,ISSUED
ACC-02240,FIR-001593,secondary,2025-11-16,EXECUTED
ACC-00674,FIR-001594,primary,2025-11-28,NONE
ACC-03966,FIR-001595,primary,2025-11-29,NONE
ACC-00134,FIR-001596,primary,2025-11-01,NONE
ACC-03945,FIR-001597,primary,2025-12-23,NONE
ACC-00708,FIR-001598,primary,2025-12-14,NONE
ACC-00832,FIR-001599,primary,2025-12-12,NONE
ACC-01466,FIR-001600,primary,2025-12-06,ISSUED
ACC-01722,FIR-001601,primary,2021-01-17,NONE
ACC-00680,FIR-001602,primary,2021-01-10,NONE
ACC-02483,FIR-001602,secondary,2021-01-10,PENDING
ACC-02197,FIR-001603,primary,2021-02-25,PENDING
ACC-01083,FIR-001604,primary,2021-02-13,NONE
ACC-01826,FIR-001604,secondary,2021-02-13,NONE
ACC-03490,FIR-001605,primary,2021-03-03,NONE
ACC-03878,FIR-001606,primary,2021-03-11,NONE
ACC-01447,FIR-001606,secondary,2021-03-11,NONE
ACC-03349,FIR-001607,primary,2021-04-07,NONE
ACC-00465,FIR-001608,primary,2021-04-24,NONE
ACC-03197,FIR-001608,secondary,2021-04-24,NONE
ACC-03468,FIR-001609,primary,2021-05-09,NONE
ACC-00214,FIR-001610,primary,2021-05-28,NONE
ACC-02678,FIR-001611,primary,2021-06-08,NONE
ACC-01709,FIR-001612,primary,2021-06-29,NONE
ACC-00554,FIR-001612,suspect,2021-06-29,ISSUED
ACC-01826,FIR-001612,suspect,2021-06-29,NONE
ACC-02432,FIR-001613,primary,2021-07-06,NONE
ACC-03571,FIR-001614,primary,2021-07-13,NONE
ACC-04392,FIR-001615,primary,2021-08-17,NONE
ACC-01364,FIR-001615,suspect,2021-08-17,NONE
ACC-02991,FIR-001616,primary,2021-08-16,NONE
ACC-03805,FIR-001616,suspect,2021-08-16,EXECUTED
ACC-00032,FIR-001617,primary,2021-09-24,NONE
ACC-00794,FIR-001617,secondary,2021-09-24,EXECUTED
ACC-00064,FIR-001618,primary,2021-09-20,NONE
ACC-01497,FIR-001618,secondary,2021-09-20,NONE
ACC-02244,FIR-001618,suspect,2021-09-20,ISSUED
ACC-04093,FIR-001619,primary,2021-10-08,NONE
ACC-00301,FIR-001619,suspect,2021-10-08,NONE
ACC-03863,FIR-001619,suspect,2021-10-08,NONE
ACC-01435,FIR-001620,primary,2021-10-01,ISSUED
ACC-00689,FIR-001621,primary,2021-11-14,NONE
ACC-01851,FIR-001621,secondary,2021-11-14,NONE
ACC-02296,FIR-001622,primary,2021-11-06,ISSUED
ACC-00172,FIR-001623,primary,2021-12-04,NONE
ACC-00763,FIR-001624,primary,2021-12-31,ISSUED
ACC-03012,FIR-001625,primary,2022-01-09,NONE
ACC-01877,FIR-001626,primary,2022-01-17,NONE
ACC-02554,FIR-001627,primary,2022-02-09,EXECUTED
ACC-02953,FIR-001628,primary,2022-02-15,NONE
ACC-04219,FIR-001629,primary,2022-03-18,NONE
ACC-00813,FIR-001630,primary,2022-03-31,ISSUED
ACC-00539,FIR-001631,primary,2022-04-03,NONE
ACC-03859,FIR-001632,primary,2022-04-28,NONE
ACC-04176,FIR-001633,primary,2022-05-07,PENDING
ACC-03888,FIR-001634,primary,2022-05-02,NONE
ACC-00376,FIR-001634,secondary,2022-05-02,ISSUED
ACC-02715,FIR-001635,primary,2022-06-11,NONE
ACC-03546,FIR-001636,primary,2022-06-24,NONE
ACC-02300,FIR-001637,primary,2022-07-22,EXECUTED
ACC-03576,FIR-001638,primary,2022-07-29,NONE
ACC-02097,FIR-001639,primary,2022-08-28,PENDING
ACC-03189,FIR-001640,primary,2022-08-21,NONE
ACC-01496,FIR-001640,secondary,2022-08-21,NONE
ACC-03770,FIR-001641,primary,2022-09-28,NONE
ACC-03428,FIR-001641,secondary,2022-09-28,ISSUED
ACC-00437,FIR-001642,primary,2022-09-25,NONE
ACC-00554,FIR-001642,secondary,2022-09-25,NONE
ACC-01069,FIR-001643,primary,2022-10-05,NONE
ACC-00460,FIR-001643,secondary,2022-10-05,NONE
ACC-00240,FIR-001644,primary,2022-10-28,NONE
ACC-00378,FIR-001645,primary,2022-11-01,NONE
ACC-03495,FIR-001646,primary,2022-11-02,NONE
ACC-03196,FIR-001646,suspect,2022-11-02,NONE
ACC-03434,FIR-001646,secondary,2022-11-02,NONE
ACC-00364,FIR-001647,primary,2022-12-05,NONE
ACC-01250,FIR-001648,primary,2022-12-30,NONE
ACC-00301,FIR-001648,secondary,2022-12-30,ISSUED
ACC-00502,FIR-001649,primary,2023-01-19,NONE
ACC-04319,FIR-001650,primary,2023-01-03,ISSUED
ACC-04081,FIR-001650,suspect,2023-01-03,PENDING
ACC-03340,FIR-001651,primary,2023-02-11,NONE
ACC-03608,FIR-001652,primary,2023-02-04,NONE
ACC-01045,FIR-001653,primary,2023-03-19,NONE
ACC-03196,FIR-001653,secondary,2023-03-19,NONE
ACC-03350,FIR-001654,primary,2023-03-22,ISSUED
ACC-00046,FIR-001654,secondary,2023-03-22,NONE
ACC-01205,FIR-001654,secondary,2023-03-22,NONE
ACC-00476,FIR-001655,primary,2023-04-10,NONE
ACC-00807,FIR-001656,primary,2023-04-05,NONE
ACC-02824,FIR-001657,primary,2023-05-29,EXECUTED
ACC-00046,FIR-001657,suspect,2023-05-29,NONE
ACC-02723,FIR-001657,suspect,2023-05-29,NONE
ACC-04285,FIR-001658,primary,2023-05-30,NONE
ACC-02684,FIR-001658,secondary,2023-05-30,NONE
ACC-00381,FIR-001659,primary,2023-06-29,ISSUED
ACC-03274,FIR-001660,primary,2023-06-12,NONE
ACC-03863,FIR-001660,suspect,2023-06-12,NONE
ACC-02586,FIR-001661,primary,2023-07-03,NONE
ACC-02552,FIR-001661,secondary,2023-07-03,NONE
ACC-00782,FIR-001662,primary,2023-07-24,NONE
ACC-03051,FIR-001663,primary,2023-08-07,NONE
ACC-00868,FIR-001664,primary,2023-08-24,NONE
ACC-04312,FIR-001665,primary,2023-09-21,NONE
ACC-00083,FIR-001665,suspect,2023-09-21,EXECUTED
ACC-01412,FIR-001666,primary,2023-09-05,NONE
ACC-01135,FIR-001666,suspect,2023-09-05,NONE
ACC-01781,FIR-001666,secondary,2023-09-05,NONE
ACC-02971,FIR-001667,primary,2023-10-05,PENDING
ACC-03939,FIR-001667,secondary,2023-10-05,NONE
ACC-03795,FIR-001668,primary,2023-10-31,ISSUED
ACC-01975,FIR-001669,primary,2023-11-18,NONE
ACC-00642,FIR-001670,primary,2023-11-29,NONE
ACC-01375,FIR-001671,primary,2023-12-17,NONE
ACC-04146,FIR-001672,primary,2023-12-09,NONE
ACC-00271,FIR-001673,primary,2024-01-24,ISSUED
ACC-04031,FIR-001674,primary,2024-01-16,NONE
ACC-03053,FIR-001675,primary,2024-02-08,ISSUED
ACC-00453,FIR-001676,primary,2024-02-24,ISSUED
ACC-02003,FIR-001676,suspect,2024-02-24,ISSUED
ACC-02453,FIR-001677,primary,2024-03-28,NONE
ACC-03562,FIR-001678,primary,2024-03-30,PENDING
ACC-02376,FIR-001679,primary,2024-04-14,NONE
ACC-01203,FIR-001680,primary,2024-04-27,ISSUED
ACC-00528,FIR-001681,primary,2024-05-15,NONE
ACC-02334,FIR-001682,primary,2024-05-31,EXECUTED
ACC-01205,FIR-001682,secondary,2024-05-31,NONE
ACC-00682,FIR-001683,primary,2024-06-19,PENDING
ACC-02838,FIR-001684,primary,2024-06-19,ISSUED
ACC-04406,FIR-001685,primary,2024-07-17,NONE
ACC-03197,FIR-001685,secondary,2024-07-17,NONE
ACC-02751,FIR-001686,primary,2024-07-17,NONE
ACC-02552,FIR-001686,suspect,2024-07-17,NONE
ACC-00396,FIR-001687,primary,2024-08-06,ISSUED
ACC-00538,FIR-001688,primary,2024-08-03,NONE
ACC-03277,FIR-001689,primary,2024-09-12,NONE
ACC-01496,FIR-001689,secondary,2024-09-12,NONE
ACC-02642,FIR-001690,primary,2024-09-16,NONE
ACC-02003,FIR-001690,suspect,2024-09-16,PENDING
ACC-00995,FIR-001691,primary,2024-10-08,NONE
ACC-00894,FIR-001691,secondary,2024-10-08,EXECUTED
ACC-00530,FIR-001692,primary,2024-10-15,ISSUED
ACC-02002,FIR-001693,primary,2024-11-05,ISSUED
ACC-02040,FIR-001694,primary,2024-11-13,NONE
ACC-01135,FIR-001694,secondary,2024-11-13,ISSUED
ACC-03278,FIR-001694,suspect,2024-11-13,ISSUED
ACC-00391,FIR-001695,primary,2024-12-01,NONE
ACC-00927,FIR-001696,primary,2024-12-10,NONE
ACC-02573,FIR-001697,primary,2025-01-14,NONE
ACC-00165,FIR-001698,primary,2025-01-08,NONE
ACC-01680,FIR-001699,primary,2025-02-22,ISSUED
ACC-00107,FIR-001700,primary,2025-02-09,NONE
ACC-03169,FIR-001701,primary,2025-03-04,ISSUED
ACC-03348,FIR-001702,primary,2025-03-22,NONE
ACC-02791,FIR-001702,secondary,2025-03-22,PENDING
ACC-03254,FIR-001703,primary,2025-04-28,NONE
ACC-01571,FIR-001703,suspect,2025-04-28,NONE
ACC-02489,FIR-001703,secondary,2025-04-28,NONE
ACC-00412,FIR-001704,primary,2025-04-11,NONE
ACC-04398,FIR-001704,suspect,2025-04-11,NONE
ACC-00547,FIR-001705,primary,2025-05-01,ISSUED
ACC-01497,FIR-001705,suspect,2025-05-01,ISSUED
ACC-02065,FIR-001706,primary,2025-05-03,ISSUED
ACC-01294,FIR-001706,secondary,2025-05-03,NONE
ACC-03605,FIR-001707,primary,2025-06-19,NONE
ACC-01767,FIR-001708,primary,2025-06-28,EXECUTED
ACC-02785,FIR-001708,secondary,2025-06-28,NONE
ACC-02229,FIR-001709,primary,2025-07-16,ISSUED
ACC-02652,FIR-001709,secondary,2025-07-16,NONE
ACC-03006,FIR-001710,primary,2025-07-12,NONE
ACC-01851,FIR-001710,secondary,2025-07-12,NONE
ACC-03180,FIR-001711,primary,2025-08-15,NONE
ACC-04374,FIR-001711,suspect,2025-08-15,NONE
ACC-03238,FIR-001712,primary,2025-08-31,NONE
ACC-01838,FIR-001713,primary,2025-09-05,ISSUED
ACC-03761,FIR-001714,primary,2025-09-13,NONE
ACC-00670,FIR-001714,suspect,2025-09-13,NONE
ACC-01504,FIR-001715,primary,2025-10-13,NONE
ACC-01723,FIR-001716,primary,2025-10-14,NONE
ACC-04398,FIR-001716,secondary,2025-10-14,NONE
ACC-00270,FIR-001717,primary,2025-11-28,NONE
ACC-03730,FIR-001718,primary,2025-11-13,PENDING
ACC-03513,FIR-001718,secondary,2025-11-13,NONE
ACC-02036,FIR-001719,primary,2025-12-07,NONE
ACC-00950,FIR-001719,secondary,2025-12-07,NONE
ACC-01567,FIR-001720,primary,2025-12-03,NONE
ACC-00762,FIR-001720,suspect,2025-12-03,NONE
ACC-02160,FIR-001721,primary,2021-01-13,ISSUED
ACC-03804,FIR-001722,primary,2021-01-24,NONE
ACC-00326,FIR-001723,primary,2021-01-28,ISSUED
ACC-04129,FIR-001724,primary,2021-01-10,NONE
ACC-00663,FIR-001725,primary,2021-02-11,NONE
ACC-01701,FIR-001726,primary,2021-02-02,PENDING
ACC-02667,FIR-001727,primary,2021-02-12,NONE
ACC-00724,FIR-001727,suspect,2021-02-12,NONE
ACC-02851,FIR-001728,primary,2021-02-04,NONE
ACC-03249,FIR-001728,suspect,2021-02-04,NONE
ACC-04336,FIR-001728,secondary,2021-02-04,NONE
ACC-03063,FIR-001729,primary,2021-03-21,PENDING
ACC-00492,FIR-001730,primary,2021-03-08,NONE
ACC-02523,FIR-001731,primary,2021-03-14,PENDING
ACC-01855,FIR-001731,suspect,2021-03-14,NONE
ACC-03626,FIR-001732,primary,2021-03-14,NONE
ACC-00449,FIR-001733,primary,2021-04-25,NONE
ACC-01853,FIR-001733,secondary,2021-04-25,NONE
ACC-04218,FIR-001734,primary,2021-04-11,ISSUED
ACC-03492,FIR-001735,primary,2021-04-24,NONE
ACC-01974,FIR-001736,primary,2021-04-08,NONE
ACC-02492,FIR-001737,primary,2021-05-09,ISSUED
ACC-01814,FIR-001738,primary,2021-05-23,PENDING
ACC-00658,FIR-001739,primary,2021-05-09,NONE
ACC-01111,FIR-001740,primary,2021-05-12,PENDING
ACC-04328,FIR-001741,primary,2021-06-02,NONE
ACC-02053,FIR-001741,secondary,2021-06-02,ISSUED
ACC-03230,FIR-001742,primary,2021-06-18,NONE
ACC-03973,FIR-001743,primary,2021-06-13,NONE
ACC-00871,FIR-001744,primary,2021-06-17,ISSUED
ACC-02125,FIR-001744,secondary,2021-06-17,NONE
ACC-00299,FIR-001745,primary,2021-07-18,NONE
ACC-02487,FIR-001746,primary,2021-07-03,NONE
ACC-03817,FIR-001747,primary,2021-07-22,ISSUED
ACC-03931,FIR-001748,primary,2021-07-28,PENDING
ACC-00694,FIR-001749,primary,2021-08-15,PENDING
ACC-03670,FIR-001750,primary,2021-08-10,NONE
ACC-01032,FIR-001751,primary,2021-08-07,NONE
ACC-04426,FIR-001752,primary,2021-08-04,ISSUED
ACC-04092,FIR-001753,primary,2021-08-18,NONE
ACC-02519,FIR-001754,primary,2021-09-13,NONE
ACC-00151,FIR-001755,primary,2021-09-24,NONE
ACC-03997,FIR-001756,primary,2021-09-24,NONE
ACC-03163,FIR-001757,primary,2021-09-27,NONE
ACC-00343,FIR-001758,primary,2021-09-27,ISSUED
ACC-03521,FIR-001759,primary,2021-10-12,PENDING
ACC-02119,FIR-001760,primary,2021-10-02,NONE
ACC-03046,FIR-001761,primary,2021-10-26,PENDING
ACC-00994,FIR-001762,primary,2021-10-29,NONE
ACC-00969,FIR-001762,secondary,2021-10-29,NONE
ACC-01493,FIR-001763,primary,2021-10-30,PENDING
ACC-02159,FIR-001764,primary,2021-11-25,NONE
ACC-02920,FIR-001764,secondary,2021-11-25,NONE
ACC-04404,FIR-001765,primary,2021-11-19,NONE
ACC-01591,FIR-001766,primary,2021-11-28,ISSUED
ACC-03936,FIR-001767,primary,2021-11-19,NONE
ACC-02776,FIR-001768,primary,2021-11-03,NONE
ACC-01199,FIR-001768,suspect,2021-11-03,NONE
ACC-02342,FIR-001769,primary,2021-12-21,NONE
ACC-00862,FIR-001770,primary,2021-12-05,NONE
ACC-01764,FIR-001770,suspect,2021-12-05,NONE
ACC-03179,FIR-001770,suspect,2021-12-05,NONE
ACC-03831,FIR-001771,primary,2021-12-08,NONE
ACC-02410,FIR-001772,primary,2021-12-06,NONE
ACC-04397,FIR-001773,primary,2022-01-21,NONE
ACC-02404,FIR-001773,secondary,2022-01-21,NONE
ACC-02433,FIR-001774,primary,2022-01-21,ISSUED
ACC-00115,FIR-001775,primary,2022-01-01,ISSUED
ACC-01364,FIR-001775,secondary,2022-01-01,EXECUTED
ACC-04054,FIR-001776,primary,2022-01-11,NONE
ACC-03025,FIR-001777,primary,2022-02-13,ISSUED
ACC-02214,FIR-001777,secondary,2022-02-13,NONE
ACC-04289,FIR-001778,primary,2022-02-11,NONE
ACC-03440,FIR-001778,secondary,2022-02-11,NONE
ACC-01677,FIR-001779,primary,2022-02-19,NONE
ACC-03515,FIR-001780,primary,2022-02-02,NONE
ACC-02385,FIR-001781,primary,2022-03-04,PENDING
ACC-01402,FIR-001781,suspect,2022-03-04,NONE
ACC-00638,FIR-001782,primary,2022-03-13,NONE
ACC-01251,FIR-001783,primary,2022-03-08,NONE
ACC-01388,FIR-001784,primary,2022-03-13,NONE
ACC-01603,FIR-001785,primary,2022-04-17,NONE
ACC-02689,FIR-001786,primary,2022-04-16,PENDING
ACC-03712,FIR-001787,primary,2022-04-01,NONE
ACC-04038,FIR-001788,primary,2022-04-13,ISSUED
ACC-01306,FIR-001789,primary,2022-05-28,ISSUED
ACC-04105,FIR-001790,primary,2022-05-31,PENDING
ACC-00225,FIR-001791,primary,2022-05-02,PENDING
ACC-04132,FIR-001792,primary,2022-05-04,NONE
ACC-00605,FIR-001793,primary,2022-06-05,NONE
ACC-00177,FIR-001794,primary,2022-06-20,NONE
ACC-03457,FIR-001794,suspect,2022-06-20,PENDING
ACC-03002,FIR-001794,secondary,2022-06-20,NONE
ACC-02290,FIR-001795,primary,2022-06-06,NONE
ACC-02820,FIR-001796,primary,2022-06-10,NONE
ACC-02063,FIR-001797,primary,2022-07-14,NONE
ACC-02797,FIR-001798,primary,2022-07-08,NONE
ACC-00055,FIR-001798,suspect,2022-07-08,ISSUED
ACC-04258,FIR-001799,primary,2022-07-06,NONE
ACC-02748,FIR-001799,suspect,2022-07-06,NONE
ACC-01644,FIR-001799,secondary,2022-07-06,ISSUED
ACC-00706,FIR-001800,primary,2022-07-11,NONE
ACC-00076,FIR-001801,primary,2022-08-03,NONE
ACC-02029,FIR-001802,primary,2022-08-03,NONE
ACC-00965,FIR-001803,primary,2022-08-01,NONE
ACC-01783,FIR-001804,primary,2022-08-24,ISSUED
ACC-00441,FIR-001805,primary,2022-08-31,ISSUED
ACC-04015,FIR-001806,primary,2022-09-16,NONE
ACC-00956,FIR-001807,primary,2022-09-01,NONE
ACC-02404,FIR-001807,suspect,2022-09-01,NONE
ACC-00369,FIR-001808,primary,2022-09-20,NONE
ACC-00485,FIR-001808,secondary,2022-09-20,NONE
ACC-01715,FIR-001809,primary,2022-09-29,ISSUED
ACC-01115,FIR-001810,primary,2022-09-29,NONE
ACC-01964,FIR-001811,primary,2022-10-31,NONE
ACC-01200,FIR-001812,primary,2022-10-12,NONE
ACC-03600,FIR-001812,secondary,2022-10-12,NONE
ACC-01694,FIR-001813,primary,2022-10-26,PENDING
ACC-00406,FIR-001814,primary,2022-10-11,NONE
ACC-01665,FIR-001815,primary,2022-10-28,NONE
ACC-03280,FIR-001816,primary,2022-11-18,NONE
ACC-00770,FIR-001817,primary,2022-11-06,NONE
ACC-03702,FIR-001818,primary,2022-11-08,NONE
ACC-01739,FIR-001819,primary,2022-11-10,NONE
ACC-00287,FIR-001820,primary,2022-11-23,NONE
ACC-00029,FIR-001821,primary,2022-12-29,NONE
ACC-02808,FIR-001822,primary,2022-12-10,NONE
ACC-01506,FIR-001823,primary,2022-12-29,NONE
ACC-01531,FIR-001824,primary,2022-12-03,ISSUED
ACC-01693,FIR-001825,primary,2023-01-11,PENDING
ACC-00051,FIR-001826,primary,2023-01-28,PENDING
ACC-01735,FIR-001827,primary,2023-01-20,ISSUED
ACC-04090,FIR-001828,primary,2023-01-11,NONE
ACC-03575,FIR-001828,suspect,2023-01-11,ISSUED
ACC-01372,FIR-001829,primary,2023-02-16,NONE
ACC-00731,FIR-001829,secondary,2023-02-16,NONE
ACC-03832,FIR-001830,primary,2023-02-19,ISSUED
ACC-02976,FIR-001831,primary,2023-02-01,NONE
ACC-01598,FIR-001832,primary,2023-02-02,NONE
ACC-02199,FIR-001833,primary,2023-03-14,ISSUED
ACC-01150,FIR-001834,primary,2023-03-12,ISSUED
ACC-00711,FIR-001835,primary,2023-03-19,NONE
ACC-00363,FIR-001835,secondary,2023-03-19,NONE
ACC-01441,FIR-001836,primary,2023-03-01,EXECUTED
ACC-00947,FIR-001837,primary,2023-04-22,PENDING
ACC-03614,FIR-001838,primary,2023-04-22,NONE
ACC-00382,FIR-001839,primary,2023-04-21,EXECUTED
ACC-03816,FIR-001839,suspect,2023-04-21,NONE
ACC-00404,FIR-001840,primary,2023-04-04,ISSUED
ACC-00928,FIR-001841,primary,2023-05-02,ISSUED
ACC-00767,FIR-001842,primary,2023-05-16,NONE
ACC-03868,FIR-001843,primary,2023-05-02,EXECUTED
ACC-03139,FIR-001844,primary,2023-05-27,NONE
ACC-03538,FIR-001845,primary,2023-06-24,EXECUTED
ACC-00084,FIR-001846,primary,2023-06-30,NONE
ACC-03388,FIR-001847,primary,2023-06-08,PENDING
ACC-04203,FIR-001848,primary,2023-06-04,NONE
ACC-02228,FIR-001849,primary,2023-07-04,NONE
ACC-01301,FIR-001850,primary,2023-07-28,NONE
ACC-02139,FIR-001851,primary,2023-07-15,EXECUTED
ACC-00757,FIR-001852,primary,2023-07-01,ISSUED
ACC-03808,FIR-001853,primary,2023-08-17,NONE
ACC-00112,FIR-001854,primary,2023-08-22,NONE
ACC-02829,FIR-001855,primary,2023-08-03,NONE
ACC-00859,FIR-001856,primary,2023-08-09,NONE
ACC-01425,FIR-001857,primary,2023-08-07,NONE
ACC-01536,FIR-001858,primary,2023-09-18,NONE
ACC-01745,FIR-001859,primary,2023-09-08,NONE
ACC-01647,FIR-001860,primary,2023-09-01,ISSUED
ACC-01220,FIR-001861,primary,2023-09-03,NONE
ACC-03767,FIR-001862,primary,2023-09-12,NONE
ACC-04396,FIR-001863,primary,2023-10-25,NONE
ACC-03648,FIR-001864,primary,2023-10-05,ISSUED
ACC-00766,FIR-001865,primary,2023-10-11,ISSUED
ACC-04144,FIR-001866,primary,2023-10-16,NONE
ACC-02241,FIR-001866,secondary,2023-10-16,NONE
ACC-03088,FIR-001866,suspect,2023-10-16,NONE
ACC-03935,FIR-001867,primary,2023-10-14,NONE
ACC-02283,FIR-001868,primary,2023-11-17,NONE
ACC-01657,FIR-001869,primary,2023-11-19,NONE
ACC-00942,FIR-001869,suspect,2023-11-19,NONE
ACC-04380,FIR-001870,primary,2023-11-27,PENDING
ACC-02756,FIR-001871,primary,2023-11-12,NONE
ACC-01895,FIR-001872,primary,2023-11-29,NONE
ACC-00919,FIR-001873,primary,2023-12-10,NONE
ACC-02545,FIR-001874,primary,2023-12-20,NONE
ACC-03893,FIR-001874,secondary,2023-12-20,NONE
ACC-01101,FIR-001875,primary,2023-12-15,ISSUED
ACC-00791,FIR-001875,suspect,2023-12-15,PENDING
ACC-01177,FIR-001875,secondary,2023-12-15,NONE
ACC-03794,FIR-001876,primary,2023-12-31,NONE
ACC-02279,FIR-001876,secondary,2023-12-31,NONE
ACC-03018,FIR-001877,primary,2024-01-18,NONE
ACC-00727,FIR-001877,secondary,2024-01-18,NONE
ACC-01154,FIR-001878,primary,2024-01-06,PENDING
ACC-03753,FIR-001879,primary,2024-01-20,NONE
ACC-03140,FIR-001880,primary,2024-01-05,NONE
ACC-03322,FIR-001880,secondary,2024-01-05,NONE
ACC-00567,FIR-001881,primary,2024-02-06,ISSUED
ACC-01577,FIR-001882,primary,2024-02-24,NONE
ACC-02350,FIR-001883,primary,2024-02-17,NONE
ACC-04291,FIR-001884,primary,2024-02-04,NONE
ACC-04325,FIR-001885,primary,2024-03-24,PENDING
ACC-02274,FIR-001885,suspect,2024-03-24,NONE
ACC-03326,FIR-001886,primary,2024-03-06,NONE
ACC-03321,FIR-001886,secondary,2024-03-06,NONE
ACC-02436,FIR-001887,primary,2024-03-25,NONE
ACC-03697,FIR-001888,primary,2024-03-28,NONE
ACC-02748,FIR-001888,secondary,2024-03-28,NONE
ACC-01513,FIR-001889,primary,2024-04-02,NONE
ACC-03762,FIR-001890,primary,2024-04-19,NONE
ACC-01130,FIR-001891,primary,2024-04-10,ISSUED
ACC-02303,FIR-001892,primary,2024-04-19,NONE
ACC-04234,FIR-001893,primary,2024-05-19,NONE
ACC-00001,FIR-001894,primary,2024-05-10,PENDING
ACC-01917,FIR-001895,primary,2024-05-02,NONE
ACC-00245,FIR-001895,suspect,2024-05-02,NONE
ACC-01893,FIR-001896,primary,2024-05-02,NONE
ACC-02107,FIR-001896,suspect,2024-05-02,PENDING
ACC-03925,FIR-001897,primary,2024-06-23,NONE
ACC-03399,FIR-001898,primary,2024-06-10,PENDING
ACC-00448,FIR-001899,primary,2024-06-15,NONE
ACC-01956,FIR-001900,primary,2024-06-12,NONE
ACC-04394,FIR-001901,primary,2024-07-14,NONE
ACC-03088,FIR-001901,suspect,2024-07-14,PENDING
ACC-04062,FIR-001902,primary,2024-07-07,PENDING
ACC-03320,FIR-001903,primary,2024-07-11,NONE
ACC-01717,FIR-001903,secondary,2024-07-11,ISSUED
ACC-03343,FIR-001904,primary,2024-07-15,NONE
ACC-02070,FIR-001904,suspect,2024-07-15,PENDING
ACC-00613,FIR-001905,primary,2024-08-05,NONE
ACC-04436,FIR-001906,primary,2024-08-14,NONE
ACC-01584,FIR-001907,primary,2024-08-06,NONE
ACC-01501,FIR-001908,primary,2024-08-10,NONE
ACC-03829,FIR-001909,primary,2024-08-23,ISSUED
ACC-00616,FIR-001910,primary,2024-09-16,NONE
ACC-01859,FIR-001911,primary,2024-09-22,EXECUTED
ACC-00724,FIR-001911,secondary,2024-09-22,NONE
ACC-03894,FIR-001912,primary,2024-09-05,EXECUTED
ACC-03582,FIR-001913,primary,2024-09-26,NONE
ACC-01277,FIR-001914,primary,2024-09-09,ISSUED
ACC-01103,FIR-001915,primary,2024-10-14,NONE
ACC-03597,FIR-001916,primary,2024-10-09,NONE
ACC-03555,FIR-001917,primary,2024-10-13,PENDING
ACC-03523,FIR-001918,primary,2024-10-19,ISSUED
ACC-02055,FIR-001919,primary,2024-10-25,NONE
ACC-02773,FIR-001919,suspect,2024-10-25,NONE
ACC-04011,FIR-001920,primary,2024-11-01,NONE
ACC-03321,FIR-001920,suspect,2024-11-01,PENDING
ACC-01979,FIR-001921,primary,2024-11-04,NONE
ACC-00730,FIR-001921,suspect,2024-11-04,NONE
ACC-03815,FIR-001922,primary,2024-11-23,NONE
ACC-01670,FIR-001923,primary,2024-11-05,EXECUTED
ACC-02723,FIR-001923,secondary,2024-11-05,NONE
ACC-02704,FIR-001924,primary,2024-11-20,EXECUTED
ACC-04310,FIR-001925,primary,2024-12-25,NONE
ACC-01681,FIR-001926,primary,2024-12-27,NONE
ACC-03024,FIR-001927,primary,2024-12-13,NONE
ACC-01129,FIR-001927,secondary,2024-12-13,PENDING
ACC-01073,FIR-001928,primary,2024-12-27,NONE
ACC-00480,FIR-001929,primary,2025-01-07,NONE
ACC-00902,FIR-001930,primary,2025-01-04,NONE
ACC-00145,FIR-001930,suspect,2025-01-04,NONE
ACC-02596,FIR-001931,primary,2025-01-05,ISSUED
ACC-03058,FIR-001932,primary,2025-01-05,EXECUTED
ACC-00397,FIR-001933,primary,2025-02-26,PENDING
ACC-01672,FIR-001934,primary,2025-02-22,NONE
ACC-00820,FIR-001935,primary,2025-02-13,PENDING
ACC-02794,FIR-001935,secondary,2025-02-13,NONE
ACC-00870,FIR-001936,primary,2025-02-10,ISSUED
ACC-00889,FIR-001937,primary,2025-03-28,NONE
ACC-00733,FIR-001937,secondary,2025-03-28,NONE
ACC-04221,FIR-001938,primary,2025-03-29,NONE
ACC-03305,FIR-001939,primary,2025-03-06,EXECUTED
ACC-04242,FIR-001939,suspect,2025-03-06,NONE
ACC-00531,FIR-001940,primary,2025-03-25,ISSUED
ACC-03179,FIR-001940,secondary,2025-03-25,PENDING
ACC-03381,FIR-001941,primary,2025-04-13,NONE
ACC-00872,FIR-001942,primary,2025-04-05,NONE
ACC-02401,FIR-001942,suspect,2025-04-05,ISSUED
ACC-00266,FIR-001943,primary,2025-04-21,ISSUED
ACC-01171,FIR-001944,primary,2025-04-13,NONE
ACC-01261,FIR-001945,primary,2025-05-12,NONE
ACC-01197,FIR-001946,primary,2025-05-12,PENDING
ACC-01081,FIR-001947,primary,2025-05-27,ISSUED
ACC-03691,FIR-001948,primary,2025-05-18,NONE
ACC-01349,FIR-001949,primary,2025-06-24,NONE
ACC-02389,FIR-001950,primary,2025-06-04,NONE
ACC-01516,FIR-001951,primary,2025-06-01,NONE
ACC-00088,FIR-001952,primary,2025-06-24,NONE
ACC-03485,FIR-001953,primary,2025-07-25,NONE
ACC-03764,FIR-001953,suspect,2025-07-25,NONE
ACC-00915,FIR-001954,primary,2025-07-23,NONE
ACC-02241,FIR-001954,secondary,2025-07-23,ISSUED
ACC-03942,FIR-001955,primary,2025-07-02,NONE
ACC-02526,FIR-001956,primary,2025-07-19,PENDING
ACC-01620,FIR-001957,primary,2025-08-03,PENDING
ACC-02227,FIR-001958,primary,2025-08-03,NONE
ACC-03924,FIR-001959,primary,2025-08-13,NONE
ACC-04451,FIR-001960,primary,2025-08-29,EXECUTED
ACC-00320,FIR-001960,secondary,2025-08-29,NONE
ACC-00988,FIR-001961,primary,2025-08-17,PENDING
ACC-01924,FIR-001962,primary,2025-09-18,PENDING
ACC-03202,FIR-001963,primary,2025-09-02,PENDING
ACC-02805,FIR-001964,primary,2025-09-29,NONE
ACC-01803,FIR-001964,suspect,2025-09-29,NONE
ACC-04415,FIR-001964,suspect,2025-09-29,ISSUED
ACC-03937,FIR-001965,primary,2025-09-28,ISSUED
ACC-03861,FIR-001966,primary,2025-09-26,ISSUED
ACC-01421,FIR-001966,secondary,2025-09-26,NONE
ACC-00243,FIR-001967,primary,2025-10-02,NONE
ACC-01884,FIR-001968,primary,2025-10-27,NONE
ACC-00876,FIR-001969,primary,2025-10-24,NONE
ACC-01960,FIR-001970,primary,2025-10-24,NONE
ACC-01128,FIR-001971,primary,2025-10-09,NONE
ACC-02381,FIR-001971,secondary,2025-10-09,NONE
ACC-03451,FIR-001972,primary,2025-11-13,NONE
ACC-00942,FIR-001972,secondary,2025-11-13,NONE
ACC-00307,FIR-001973,primary,2025-11-20,NONE
ACC-01876,FIR-001974,primary,2025-11-13,NONE
ACC-01582,FIR-001975,primary,2025-11-23,NONE
ACC-01046,FIR-001976,primary,2025-11-11,NONE
ACC-00398,FIR-001977,primary,2025-12-24,NONE
ACC-01904,FIR-001978,primary,2025-12-16,PENDING
ACC-02068,FIR-001979,primary,2025-12-07,NONE
ACC-00929,FIR-001980,primary,2025-12-18,NONE
ACC-00286,FIR-001981,primary,2021-01-20,ISSUED
ACC-04442,FIR-001982,primary,2021-01-24,EXECUTED
ACC-02208,FIR-001983,primary,2021-02-25,NONE
ACC-02700,FIR-001983,secondary,2021-02-25,NONE
ACC-00666,FIR-001984,primary,2021-02-01,NONE
ACC-01172,FIR-001985,primary,2021-03-19,PENDING
ACC-01759,FIR-001986,primary,2021-03-29,NONE
ACC-03264,FIR-001987,primary,2021-04-23,NONE
ACC-02911,FIR-001987,secondary,2021-04-23,NONE
ACC-02452,FIR-001987,suspect,2021-04-23,NONE
ACC-02933,FIR-001988,primary,2021-04-16,NONE
ACC-03501,FIR-001989,primary,2021-05-12,NONE
ACC-04165,FIR-001990,primary,2021-05-15,PENDING
ACC-00429,FIR-001991,primary,2021-06-15,NONE
ACC-03983,FIR-001991,secondary,2021-06-15,PENDING
ACC-01711,FIR-001992,primary,2021-06-18,NONE
ACC-01861,FIR-001992,secondary,2021-06-18,NONE
ACC-02542,FIR-001992,secondary,2021-06-18,NONE
ACC-03782,FIR-001993,primary,2021-07-11,PENDING
ACC-00622,FIR-001994,primary,2021-07-22,EXECUTED
ACC-02124,FIR-001995,primary,2021-08-14,NONE
ACC-02398,FIR-001996,primary,2021-08-10,ISSUED
ACC-03433,FIR-001997,primary,2021-09-18,NONE
ACC-01726,FIR-001998,primary,2021-09-05,ISSUED
ACC-02982,FIR-001998,secondary,2021-09-05,NONE
ACC-00641,FIR-001999,primary,2021-10-01,NONE
ACC-00909,FIR-001999,suspect,2021-10-01,ISSUED
ACC-01748,FIR-002000,primary,2021-10-15,NONE
ACC-02778,FIR-002001,primary,2021-11-14,ISSUED
ACC-03811,FIR-002002,primary,2021-11-06,NONE
ACC-02578,FIR-002003,primary,2021-12-07,NONE
ACC-01605,FIR-002003,secondary,2021-12-07,NONE
ACC-04367,FIR-002004,primary,2021-12-16,NONE
ACC-04277,FIR-002005,primary,2022-01-10,NONE
ACC-03620,FIR-002006,primary,2022-01-03,PENDING
ACC-03462,FIR-002006,suspect,2022-01-03,ISSUED
ACC-01824,FIR-002007,primary,2022-02-25,NONE
ACC-03573,FIR-002007,suspect,2022-02-25,ISSUED
ACC-01070,FIR-002008,primary,2022-02-13,ISSUED
ACC-02075,FIR-002008,secondary,2022-02-13,ISSUED
ACC-02012,FIR-002009,primary,2022-03-16,NONE
ACC-03122,FIR-002010,primary,2022-03-19,NONE
ACC-02412,FIR-002011,primary,2022-04-01,NONE
ACC-01147,FIR-002012,primary,2022-04-13,NONE
ACC-03181,FIR-002013,primary,2022-05-28,NONE
ACC-03628,FIR-002013,secondary,2022-05-28,ISSUED
ACC-04311,FIR-002013,suspect,2022-05-28,PENDING
ACC-00256,FIR-002014,primary,2022-05-28,NONE
ACC-00455,FIR-002015,primary,2022-06-19,NONE
ACC-04066,FIR-002016,primary,2022-06-01,ISSUED
ACC-03789,FIR-002017,primary,2022-07-30,NONE
ACC-03104,FIR-002018,primary,2022-07-04,NONE
ACC-00693,FIR-002019,primary,2022-08-22,NONE
ACC-00855,FIR-002019,secondary,2022-08-22,PENDING
ACC-02837,FIR-002019,secondary,2022-08-22,NONE
ACC-04409,FIR-002020,primary,2022-08-05,NONE
ACC-03101,FIR-002020,secondary,2022-08-05,NONE
ACC-02982,FIR-002020,suspect,2022-08-05,NONE
ACC-02353,FIR-002021,primary,2022-09-19,NONE
ACC-03901,FIR-002021,secondary,2022-09-19,ISSUED
ACC-03908,FIR-002022,primary,2022-09-17,NONE
ACC-03623,FIR-002023,primary,2022-10-28,NONE
ACC-00348,FIR-002024,primary,2022-10-27,PENDING
ACC-03554,FIR-002025,primary,2022-11-02,EXECUTED
ACC-03573,FIR-002025,secondary,2022-11-02,NONE
ACC-01252,FIR-002026,primary,2022-11-22,NONE
ACC-03472,FIR-002027,primary,2022-12-07,NONE
ACC-03650,FIR-002028,primary,2022-12-09,NONE
ACC-02120,FIR-002029,primary,2023-01-09,NONE
ACC-01890,FIR-002029,suspect,2023-01-09,NONE
ACC-03726,FIR-002030,primary,2023-01-10,NONE
ACC-01356,FIR-002031,primary,2023-02-03,NONE
ACC-03409,FIR-002032,primary,2023-02-21,NONE
ACC-03628,FIR-002032,suspect,2023-02-21,NONE
ACC-01410,FIR-002033,primary,2023-03-27,NONE
ACC-01810,FIR-002034,primary,2023-03-31,NONE
ACC-02546,FIR-002035,primary,2023-04-16,NONE
ACC-02188,FIR-002035,secondary,2023-04-16,PENDING
ACC-03204,FIR-002036,primary,2023-04-13,NONE
ACC-02391,FIR-002037,primary,2023-05-28,NONE
ACC-04135,FIR-002037,suspect,2023-05-28,NONE
ACC-03676,FIR-002038,primary,2023-05-26,NONE
ACC-01233,FIR-002039,primary,2023-06-28,NONE
ACC-01465,FIR-002039,secondary,2023-06-28,NONE
ACC-01777,FIR-002040,primary,2023-06-07,PENDING
ACC-02081,FIR-002041,primary,2023-07-02,ISSUED
ACC-03087,FIR-002042,primary,2023-07-09,NONE
ACC-03078,FIR-002042,suspect,2023-07-09,NONE
ACC-04004,FIR-002043,primary,2023-08-05,NONE
ACC-02743,FIR-002044,primary,2023-08-30,NONE
ACC-02441,FIR-002044,suspect,2023-08-30,EXECUTED
ACC-03462,FIR-002044,secondary,2023-08-30,NONE
ACC-00590,FIR-002045,primary,2023-09-23,NONE
ACC-03763,FIR-002045,secondary,2023-09-23,ISSUED
ACC-03803,FIR-002046,primary,2023-09-09,NONE
ACC-02075,FIR-002046,suspect,2023-09-09,NONE
ACC-02259,FIR-002047,primary,2023-10-27,NONE
ACC-02664,FIR-002048,primary,2023-10-07,NONE
ACC-03342,FIR-002049,primary,2023-11-18,NONE
ACC-01747,FIR-002050,primary,2023-11-15,NONE
ACC-02728,FIR-002051,primary,2023-12-18,PENDING
ACC-01424,FIR-002052,primary,2023-12-30,NONE
ACC-02936,FIR-002053,primary,2024-01-04,NONE
ACC-02611,FIR-002054,primary,2024-01-13,NONE
ACC-04330,FIR-002055,primary,2024-02-25,NONE
ACC-02671,FIR-002056,primary,2024-02-29,NONE
ACC-01702,FIR-002057,primary,2024-03-26,ISSUED
ACC-02034,FIR-002058,primary,2024-03-30,NONE
ACC-01483,FIR-002059,primary,2024-04-09,NONE
ACC-03241,FIR-002060,primary,2024-04-03,NONE
ACC-03956,FIR-002061,primary,2024-05-03,NONE
ACC-03771,FIR-002062,primary,2024-05-23,NONE
ACC-02599,FIR-002063,primary,2024-06-08,NONE
ACC-03855,FIR-002064,primary,2024-06-08,NONE
ACC-01278,FIR-002065,primary,2024-07-17,NONE
ACC-00518,FIR-002066,primary,2024-07-19,NONE
ACC-04032,FIR-002067,primary,2024-08-29,PENDING
ACC-00524,FIR-002068,primary,2024-08-14,NONE
ACC-04459,FIR-002068,secondary,2024-08-14,PENDING
ACC-00459,FIR-002069,primary,2024-09-08,NONE
ACC-04337,FIR-002070,primary,2024-09-04,NONE
ACC-01700,FIR-002071,primary,2024-10-26,NONE
ACC-01015,FIR-002072,primary,2024-10-07,NONE
ACC-02912,FIR-002073,primary,2024-11-26,ISSUED
ACC-00838,FIR-002073,suspect,2024-11-26,NONE
ACC-02441,FIR-002073,suspect,2024-11-26,PENDING
ACC-01592,FIR-002074,primary,2024-11-18,ISSUED
ACC-01401,FIR-002075,primary,2024-12-29,NONE
ACC-01667,FIR-002075,secondary,2024-12-29,NONE
ACC-01016,FIR-002076,primary,2024-12-26,NONE
ACC-03154,FIR-002077,primary,2025-01-28,NONE
ACC-03199,FIR-002078,primary,2025-01-19,NONE
ACC-03044,FIR-002078,suspect,2025-01-19,PENDING
ACC-01114,FIR-002079,primary,2025-02-28,NONE
ACC-03805,FIR-002079,secondary,2025-02-28,PENDING
ACC-02895,FIR-002080,primary,2025-02-28,NONE
ACC-01153,FIR-002081,primary,2025-03-26,NONE
ACC-01097,FIR-002082,primary,2025-03-23,ISSUED
ACC-01593,FIR-002083,primary,2025-04-23,PENDING
ACC-02812,FIR-002084,primary,2025-04-01,NONE
ACC-04067,FIR-002085,primary,2025-05-01,NONE
ACC-00360,FIR-002086,primary,2025-05-18,PENDING
ACC-04156,FIR-002086,secondary,2025-05-18,NONE
ACC-00911,FIR-002087,primary,2025-06-11,ISSUED
ACC-01907,FIR-002088,primary,2025-06-22,NONE
ACC-00166,FIR-002089,primary,2025-07-15,NONE
ACC-00328,FIR-002090,primary,2025-07-09,NONE
ACC-01196,FIR-002091,primary,2025-08-14,NONE
ACC-03901,FIR-002091,secondary,2025-08-14,NONE
ACC-04311,FIR-002091,secondary,2025-08-14,ISSUED
ACC-01074,FIR-002092,primary,2025-08-19,NONE
ACC-01454,FIR-002093,primary,2025-09-04,NONE
ACC-02934,FIR-002093,suspect,2025-09-04,PENDING
ACC-04177,FIR-002094,primary,2025-09-01,NONE
ACC-03513,FIR-002094,suspect,2025-09-01,NONE
ACC-01856,FIR-002095,primary,2025-10-04,ISSUED
ACC-04240,FIR-002096,primary,2025-10-03,NONE
ACC-02970,FIR-002097,primary,2025-11-05,PENDING
ACC-04359,FIR-002098,primary,2025-11-16,NONE
ACC-01465,FIR-002098,suspect,2025-11-16,NONE
ACC-02934,FIR-002098,suspect,2025-11-16,ISSUED
ACC-03165,FIR-002099,primary,2025-12-14,NONE
ACC-01026,FIR-002100,primary,2025-12-10,ISSUED
ACC-04313,FIR-002101,primary,2021-01-07,NONE
ACC-03775,FIR-002102,primary,2021-02-12,NONE
ACC-01296,FIR-002103,primary,2021-03-31,NONE
ACC-02026,FIR-002103,suspect,2021-03-31,NONE
ACC-02401,FIR-002103,suspect,2021-03-31,NONE
ACC-00675,FIR-002104,primary,2021-04-19,EXECUTED
ACC-01255,FIR-002105,primary,2021-05-13,NONE
ACC-02973,FIR-002105,suspect,2021-05-13,NONE
ACC-02258,FIR-002106,primary,2021-06-14,ISSUED
ACC-02579,FIR-002107,primary,2021-07-23,NONE
ACC-02418,FIR-002108,primary,2021-08-22,NONE
ACC-01978,FIR-002109,primary,2021-08-30,EXECUTED
ACC-02758,FIR-002109,suspect,2021-08-30,EXECUTED
ACC-01230,FIR-002110,primary,2021-09-29,ISSUED
ACC-04034,FIR-002111,primary,2021-09-22,ISSUED
ACC-02392,FIR-002111,suspect,2021-09-22,NONE
ACC-00401,FIR-002112,primary,2021-10-12,EXECUTED
ACC-00755,FIR-002112,suspect,2021-10-12,ISSUED
ACC-02395,FIR-002113,primary,2021-10-08,NONE
ACC-02053,FIR-002113,suspect,2021-10-08,NONE
ACC-00123,FIR-002114,primary,2021-11-16,NONE
ACC-04376,FIR-002114,suspect,2021-11-16,NONE
ACC-03075,FIR-002115,primary,2021-11-24,NONE
ACC-02165,FIR-002115,secondary,2021-11-24,NONE
ACC-01304,FIR-002116,primary,2021-12-20,NONE
ACC-00289,FIR-002116,suspect,2021-12-20,NONE
ACC-03458,FIR-002117,primary,2021-12-05,NONE
ACC-00892,FIR-002117,suspect,2021-12-05,NONE
ACC-00304,FIR-002118,primary,2022-01-16,NONE
ACC-01011,FIR-002118,secondary,2022-01-16,NONE
ACC-01560,FIR-002119,primary,2022-02-05,NONE
ACC-02397,FIR-002119,suspect,2022-02-05,NONE
ACC-03737,FIR-002120,primary,2022-03-18,NONE
ACC-00259,FIR-002121,primary,2022-04-11,NONE
ACC-00322,FIR-002121,suspect,2022-04-11,NONE
ACC-01223,FIR-002122,primary,2022-05-20,NONE
ACC-03363,FIR-002123,primary,2022-06-06,PENDING
ACC-02973,FIR-002123,suspect,2022-06-06,NONE
ACC-00866,FIR-002124,primary,2022-07-21,ISSUED
ACC-01719,FIR-002125,primary,2022-08-08,ISSUED
ACC-03938,FIR-002126,primary,2022-08-23,NONE
ACC-04095,FIR-002126,suspect,2022-08-23,EXECUTED
ACC-02568,FIR-002127,primary,2022-09-30,NONE
ACC-00379,FIR-002128,primary,2022-09-24,NONE
ACC-03174,FIR-002129,primary,2022-10-24,NONE
ACC-03914,FIR-002129,secondary,2022-10-24,PENDING
ACC-01407,FIR-002130,primary,2022-10-05,NONE
ACC-02144,FIR-002131,primary,2022-11-19,NONE
ACC-02287,FIR-002132,primary,2022-11-24,NONE
ACC-00690,FIR-002132,secondary,2022-11-24,NONE
ACC-03663,FIR-002132,secondary,2022-11-24,NONE
ACC-03467,FIR-002133,primary,2022-12-27,NONE
ACC-01142,FIR-002134,primary,2022-12-13,EXECUTED
ACC-04102,FIR-002135,primary,2023-01-28,NONE
ACC-01414,FIR-002136,primary,2023-02-04,NONE
ACC-01438,FIR-002137,primary,2023-03-27,NONE
ACC-03646,FIR-002138,primary,2023-04-04,ISSUED
ACC-00867,FIR-002139,primary,2023-05-28,NONE
ACC-00154,FIR-002139,suspect,2023-05-28,NONE
ACC-02140,FIR-002139,suspect,2023-05-28,NONE
ACC-02014,FIR-002140,primary,2023-06-14,EXECUTED
ACC-03885,FIR-002141,primary,2023-07-14,ISSUED
ACC-03833,FIR-002142,primary,2023-08-11,PENDING
ACC-04295,FIR-002142,suspect,2023-08-11,NONE
ACC-01176,FIR-002143,primary,2023-08-06,NONE
ACC-01237,FIR-002144,primary,2023-09-08,NONE
ACC-00546,FIR-002145,primary,2023-09-25,NONE
ACC-02013,FIR-002146,primary,2023-10-05,NONE
ACC-03275,FIR-002147,primary,2023-10-01,NONE
ACC-02370,FIR-002148,primary,2023-11-06,NONE
ACC-00748,FIR-002149,primary,2023-11-16,NONE
ACC-03080,FIR-002150,primary,2023-12-30,ISSUED
ACC-00004,FIR-002150,suspect,2023-12-30,NONE
ACC-02325,FIR-002151,primary,2023-12-23,NONE
ACC-02211,FIR-002152,primary,2024-01-30,NONE
ACC-01133,FIR-002153,primary,2024-02-21,ISSUED
ACC-03234,FIR-002154,primary,2024-03-12,EXECUTED
ACC-00761,FIR-002154,secondary,2024-03-12,NONE
ACC-03394,FIR-002155,primary,2024-04-03,ISSUED
ACC-02019,FIR-002156,primary,2024-05-14,NONE
ACC-01138,FIR-002156,suspect,2024-05-14,NONE
ACC-04168,FIR-002157,primary,2024-06-03,NONE
ACC-00761,FIR-002157,secondary,2024-06-03,EXECUTED
ACC-03027,FIR-002158,primary,2024-07-28,NONE
ACC-01878,FIR-002159,primary,2024-08-22,ISSUED
ACC-00154,FIR-002159,secondary,2024-08-22,NONE
ACC-01796,FIR-002160,primary,2024-08-12,NONE
ACC-04403,FIR-002161,primary,2024-09-16,NONE
ACC-02262,FIR-002162,primary,2024-09-27,NONE
ACC-01314,FIR-002163,primary,2024-10-28,NONE
ACC-03528,FIR-002164,primary,2024-10-03,NONE
ACC-02590,FIR-002164,suspect,2024-10-03,NONE
ACC-03029,FIR-002165,primary,2024-11-19,PENDING
ACC-03073,FIR-002165,suspect,2024-11-19,NONE
ACC-03960,FIR-002166,primary,2024-11-18,PENDING
ACC-00746,FIR-002167,primary,2024-12-28,NONE
ACC-01503,FIR-002167,suspect,2024-12-28,NONE
ACC-02165,FIR-002167,suspect,2024-12-28,NONE
ACC-01586,FIR-002168,primary,2024-12-21,ISSUED
ACC-00566,FIR-002169,primary,2025-01-12,PENDING
ACC-03871,FIR-002170,primary,2025-02-26,NONE
ACC-00322,FIR-002170,secondary,2025-02-26,NONE
ACC-02860,FIR-002171,primary,2025-03-27,NONE
ACC-00802,FIR-002172,primary,2025-04-05,ISSUED
ACC-00755,FIR-002172,suspect,2025-04-05,NONE
ACC-02311,FIR-002173,primary,2025-05-14,NONE
ACC-00909,FIR-002173,secondary,2025-05-14,ISSUED
ACC-02987,FIR-002174,primary,2025-06-01,NONE
ACC-03842,FIR-002175,primary,2025-07-23,ISSUED
ACC-01451,FIR-002176,primary,2025-08-09,NONE
ACC-01889,FIR-002177,primary,2025-08-27,ISSUED
ACC-01503,FIR-002177,suspect,2025-08-27,EXECUTED
ACC-00014,FIR-002178,primary,2025-09-23,ISSUED
ACC-00185,FIR-002178,suspect,2025-09-23,NONE
ACC-02927,FIR-002179,primary,2025-09-10,NONE
ACC-04378,FIR-002180,primary,2025-10-23,NONE
ACC-01085,FIR-002181,primary,2025-10-10,NONE
ACC-02455,FIR-002182,primary,2025-11-07,PENDING
ACC-04118,FIR-002183,primary,2025-11-07,NONE
ACC-00248,FIR-002183,secondary,2025-11-07,NONE
ACC-01528,FIR-002184,primary,2025-12-23,PENDING
ACC-04077,FIR-002185,primary,2025-12-24,NONE
ACC-02392,FIR-002185,secondary,2025-12-24,NONE
ACC-00583,FIR-002186,primary,2021-01-10,ISSUED
ACC-04355,FIR-002186,suspect,2021-01-10,NONE
ACC-01721,FIR-002187,primary,2021-02-01,NONE
ACC-01850,FIR-002188,primary,2021-03-03,NONE
ACC-03838,FIR-002189,primary,2021-04-23,NONE
ACC-01752,FIR-002190,primary,2021-05-25,NONE
ACC-02130,FIR-002191,primary,2021-06-19,NONE
ACC-02617,FIR-002192,primary,2021-07-15,NONE
ACC-02086,FIR-002193,primary,2021-08-08,NONE
ACC-00192,FIR-002194,primary,2021-08-16,NONE
ACC-01631,FIR-002195,primary,2021-09-20,NONE
ACC-04075,FIR-002195,secondary,2021-09-20,PENDING
ACC-04070,FIR-002196,primary,2021-09-12,ISSUED
ACC-01967,FIR-002196,secondary,2021-09-12,PENDING
ACC-03214,FIR-002197,primary,2021-10-14,ISSUED
ACC-02321,FIR-002198,primary,2021-10-05,ISSUED
ACC-02823,FIR-002198,suspect,2021-10-05,NONE
ACC-03971,FIR-002198,suspect,2021-10-05,NONE
ACC-01828,FIR-002199,primary,2021-11-21,NONE
ACC-02365,FIR-002199,secondary,2021-11-21,NONE
ACC-00796,FIR-002200,primary,2021-11-26,NONE
ACC-02023,FIR-002201,primary,2021-12-27,NONE
ACC-02637,FIR-002202,primary,2021-12-23,NONE
ACC-02813,FIR-002202,suspect,2021-12-23,PENDING
ACC-03645,FIR-002202,suspect,2021-12-23,ISSUED
ACC-01757,FIR-002203,primary,2022-01-20,NONE
ACC-01705,FIR-002204,primary,2022-02-02,NONE
ACC-03354,FIR-002204,secondary,2022-02-02,NONE
ACC-00725,FIR-002205,primary,2022-03-23,NONE
ACC-00016,FIR-002205,secondary,2022-03-23,NONE
ACC-01022,FIR-002205,suspect,2022-03-23,NONE
ACC-02913,FIR-002206,primary,2022-04-20,NONE
ACC-03067,FIR-002206,suspect,2022-04-20,NONE
ACC-00834,FIR-002207,primary,2022-05-02,PENDING
ACC-01148,FIR-002208,primary,2022-06-08,PENDING
ACC-04447,FIR-002209,primary,2022-07-26,NONE
ACC-00319,FIR-002210,primary,2022-08-07,NONE
ACC-02263,FIR-002211,primary,2022-08-22,NONE
ACC-01368,FIR-002212,primary,2022-09-02,NONE
ACC-00016,FIR-002212,suspect,2022-09-02,NONE
ACC-00268,FIR-002213,primary,2022-09-11,EXECUTED
ACC-02954,FIR-002214,primary,2022-10-14,ISSUED
ACC-03615,FIR-002215,primary,2022-10-04,NONE
ACC-02650,FIR-002215,secondary,2022-10-04,EXECUTED
ACC-01540,FIR-002216,primary,2022-11-04,ISSUED
ACC-01274,FIR-002216,suspect,2022-11-04,EXECUTED
ACC-03923,FIR-002217,primary,2022-11-13,NONE
ACC-00451,FIR-002218,primary,2022-12-27,NONE
ACC-02959,FIR-002219,primary,2022-12-14,NONE
ACC-02874,FIR-002219,secondary,2022-12-14,NONE
ACC-00681,FIR-002220,primary,2023-01-30,NONE
ACC-00882,FIR-002221,primary,2023-02-16,PENDING
ACC-03969,FIR-002222,primary,2023-03-10,NONE
ACC-03369,FIR-002223,primary,2023-04-20,ISSUED
ACC-02643,FIR-002224,primary,2023-05-21,PENDING
ACC-03411,FIR-002225,primary,2023-06-20,NONE
ACC-04358,FIR-002225,suspect,2023-06-20,ISSUED
ACC-00047,FIR-002226,primary,2023-07-14,NONE
ACC-00685,FIR-002226,suspect,2023-07-14,NONE
ACC-00057,FIR-002227,primary,2023-08-28,NONE
ACC-02355,FIR-002228,primary,2023-08-06,NONE
ACC-00108,FIR-002229,primary,2023-09-11,NONE
ACC-01546,FIR-002230,primary,2023-09-09,EXECUTED
ACC-04382,FIR-002231,primary,2023-10-13,NONE
ACC-01162,FIR-002231,secondary,2023-10-13,NONE
ACC-02298,FIR-002232,primary,2023-10-25,NONE
ACC-02712,FIR-002233,primary,2023-11-16,PENDING
ACC-04358,FIR-002233,secondary,2023-11-16,PENDING
ACC-03862,FIR-002234,primary,2023-11-13,NONE
ACC-01338,FIR-002235,primary,2023-12-25,PENDING
ACC-03247,FIR-002236,primary,2023-12-13,NONE
ACC-02365,FIR-002236,suspect,2023-12-13,NONE
ACC-02209,FIR-002237,primary,2024-01-21,NONE
ACC-03392,FIR-002238,primary,2024-02-26,NONE
ACC-02916,FIR-002239,primary,2024-03-23,NONE
ACC-03756,FIR-002240,primary,2024-04-10,ISSUED
ACC-03995,FIR-002240,secondary,2024-04-10,ISSUED
ACC-03315,FIR-002241,primary,2024-05-22,NONE
ACC-01065,FIR-002241,suspect,2024-05-22,NONE
ACC-03995,FIR-002241,secondary,2024-05-22,NONE
ACC-03772,FIR-002242,primary,2024-06-06,NONE
ACC-01604,FIR-002242,secondary,2024-06-06,NONE
ACC-01794,FIR-002243,primary,2024-07-18,NONE
ACC-01341,FIR-002244,primary,2024-08-01,NONE
ACC-02292,FIR-002245,primary,2024-08-12,NONE
ACC-00964,FIR-002245,secondary,2024-08-12,NONE
ACC-01905,FIR-002246,primary,2024-09-17,NONE
ACC-04009,FIR-002247,primary,2024-09-06,NONE
ACC-00851,FIR-002248,primary,2024-10-17,NONE
ACC-02361,FIR-002249,primary,2024-10-20,ISSUED
ACC-00904,FIR-002250,primary,2024-11-01,NONE
ACC-02874,FIR-002250,secondary,2024-11-01,ISSUED
ACC-03297,FIR-002251,primary,2024-11-03,ISSUED
ACC-03098,FIR-002252,primary,2024-12-25,NONE
ACC-03223,FIR-002253,primary,2024-12-08,NONE
ACC-00759,FIR-002254,primary,2025-01-19,NONE
ACC-02849,FIR-002255,primary,2025-02-14,ISSUED
ACC-03596,FIR-002256,primary,2025-03-21,NONE
ACC-02769,FIR-002257,primary,2025-04-01,ISSUED
ACC-00964,FIR-002257,secondary,2025-04-01,ISSUED
ACC-03067,FIR-002257,secondary,2025-04-01,NONE
ACC-01449,FIR-002258,primary,2025-05-20,NONE
ACC-01065,FIR-002258,suspect,2025-05-20,NONE
ACC-04455,FIR-002259,primary,2025-06-06,NONE
ACC-01482,FIR-002260,primary,2025-07-09,NONE
ACC-02349,FIR-002261,primary,2025-08-18,NONE
ACC-03693,FIR-002261,secondary,2025-08-18,NONE
ACC-00042,FIR-002262,primary,2025-08-07,NONE
ACC-00452,FIR-002263,primary,2025-09-08,EXECUTED
ACC-00685,FIR-002263,suspect,2025-09-08,NONE
ACC-01963,FIR-002264,primary,2025-09-28,NONE
ACC-03453,FIR-002265,primary,2025-10-27,NONE
ACC-01590,FIR-002266,primary,2025-10-27,NONE
ACC-02650,FIR-002266,suspect,2025-10-27,ISSUED
ACC-01421,FIR-002266,suspect,2025-10-27,ISSUED
ACC-02866,FIR-002267,primary,2025-11-18,NONE
ACC-03262,FIR-002268,primary,2025-11-09,NONE
ACC-02871,FIR-002269,primary,2025-12-30,PENDING
ACC-00315,FIR-002270,primary,2025-12-08,NONE
ACC-04022,FIR-002271,primary,2021-01-29,NONE
ACC-02620,FIR-002272,primary,2021-02-16,NONE
ACC-01266,FIR-002273,primary,2021-03-08,EXECUTED
ACC-00031,FIR-002273,suspect,2021-03-08,NONE
ACC-02104,FIR-002273,suspect,2021-03-08,NONE
ACC-01920,FIR-002274,primary,2021-04-28,NONE
ACC-04432,FIR-002275,primary,2021-05-09,NONE
ACC-03810,FIR-002276,primary,2021-06-21,ISSUED
ACC-03744,FIR-002277,primary,2021-07-20,ISSUED
ACC-01060,FIR-002277,secondary,2021-07-20,NONE
ACC-01675,FIR-002278,primary,2021-08-27,NONE
ACC-03079,FIR-002278,secondary,2021-08-27,NONE
ACC-03255,FIR-002279,primary,2021-08-01,NONE
ACC-01882,FIR-002279,secondary,2021-08-01,NONE
ACC-03384,FIR-002279,secondary,2021-08-01,NONE
ACC-02175,FIR-002280,primary,2021-09-14,NONE
ACC-02687,FIR-002281,primary,2021-09-06,NONE
ACC-01910,FIR-002281,suspect,2021-09-06,NONE
ACC-02147,FIR-002282,primary,2021-10-29,PENDING
ACC-02983,FIR-002282,suspect,2021-10-29,ISSUED
ACC-03678,FIR-002283,primary,2021-10-11,NONE
ACC-04202,FIR-002284,primary,2021-11-26,PENDING
ACC-02513,FIR-002285,primary,2021-11-07,NONE
ACC-01177,FIR-002285,suspect,2021-11-07,NONE
ACC-00644,FIR-002286,primary,2021-12-27,NONE
ACC-04167,FIR-002286,secondary,2021-12-27,NONE
ACC-04205,FIR-002286,suspect,2021-12-27,NONE
ACC-01269,FIR-002287,primary,2021-12-07,NONE
ACC-01168,FIR-002288,primary,2022-01-03,NONE
ACC-00380,FIR-002288,secondary,2022-01-03,NONE
ACC-01520,FIR-002289,primary,2022-02-16,NONE
ACC-02606,FIR-002289,suspect,2022-02-16,ISSUED
ACC-04120,FIR-002290,primary,2022-03-26,NONE
ACC-00162,FIR-002291,primary,2022-04-07,NONE
ACC-02686,FIR-002292,primary,2022-05-12,ISSUED
ACC-03680,FIR-002292,suspect,2022-05-12,NONE
ACC-03427,FIR-002292,suspect,2022-05-12,NONE
ACC-00792,FIR-002293,primary,2022-06-01,EXECUTED
ACC-03113,FIR-002293,secondary,2022-06-01,ISSUED
ACC-03964,FIR-002294,primary,2022-07-12,PENDING
ACC-02549,FIR-002295,primary,2022-08-13,NONE
ACC-00667,FIR-002295,suspect,2022-08-13,NONE
ACC-01188,FIR-002296,primary,2022-08-03,NONE
ACC-01279,FIR-002297,primary,2022-09-17,NONE
ACC-02649,FIR-002298,primary,2022-09-28,NONE
ACC-04063,FIR-002299,primary,2022-10-03,NONE
ACC-00525,FIR-002300,primary,2022-10-20,NONE
ACC-01988,FIR-002301,primary,2022-11-03,NONE
ACC-01869,FIR-002301,secondary,2022-11-03,EXECUTED
ACC-03954,FIR-002302,primary,2022-11-14,NONE
ACC-04169,FIR-002303,primary,2022-12-07,NONE
ACC-01377,FIR-002304,primary,2022-12-20,NONE
ACC-02937,FIR-002304,secondary,2022-12-20,EXECUTED
ACC-02623,FIR-002305,primary,2023-01-23,NONE
ACC-03303,FIR-002305,secondary,2023-01-23,ISSUED
ACC-01262,FIR-002305,suspect,2023-01-23,NONE
ACC-00912,FIR-002306,primary,2023-02-28,NONE
ACC-02606,FIR-002306,secondary,2023-02-28,NONE
ACC-04019,FIR-002307,primary,2023-03-27,NONE
ACC-03120,FIR-002308,primary,2023-04-02,NONE
ACC-01265,FIR-002308,secondary,2023-04-02,NONE
ACC-01178,FIR-002309,primary,2023-05-20,NONE
ACC-00707,FIR-002310,primary,2023-06-01,NONE
ACC-04298,FIR-002311,primary,2023-07-21,NONE
ACC-03748,FIR-002312,primary,2023-08-23,NONE
ACC-01027,FIR-002313,primary,2023-08-21,ISSUED
ACC-00936,FIR-002314,primary,2023-09-06,NONE
ACC-03427,FIR-002314,suspect,2023-09-06,NONE
ACC-03137,FIR-002315,primary,2023-09-28,NONE
ACC-02992,FIR-002316,primary,2023-10-06,NONE
ACC-00764,FIR-002316,suspect,2023-10-06,NONE
ACC-01641,FIR-002317,primary,2023-10-01,PENDING
ACC-03057,FIR-002318,primary,2023-11-30,NONE
ACC-02490,FIR-002319,primary,2023-11-26,ISSUED
ACC-02082,FIR-002320,primary,2023-12-04,ISSUED
ACC-02346,FIR-002321,primary,2023-12-12,ISSUED
ACC-00667,FIR-002321,secondary,2023-12-12,NONE
ACC-03079,FIR-002321,suspect,2023-12-12,ISSUED
ACC-03333,FIR-002322,primary,2024-01-09,NONE
ACC-02536,FIR-002322,suspect,2024-01-09,PENDING
ACC-01463,FIR-002323,primary,2024-02-20,ISSUED
ACC-03365,FIR-002324,primary,2024-03-15,ISSUED
ACC-03303,FIR-002324,suspect,2024-03-15,NONE
ACC-00508,FIR-002324,secondary,2024-03-15,NONE
ACC-02437,FIR-002325,primary,2024-04-11,NONE
ACC-00242,FIR-002326,primary,2024-05-05,EXECUTED
ACC-00534,FIR-002326,secondary,2024-05-05,NONE
ACC-01941,FIR-002327,primary,2024-06-08,NONE
ACC-01552,FIR-002328,primary,2024-07-03,ISSUED
ACC-01798,FIR-002328,suspect,2024-07-03,NONE
ACC-02452,FIR-002328,secondary,2024-07-03,NONE
ACC-00875,FIR-002329,primary,2024-08-24,ISSUED
ACC-04199,FIR-002329,secondary,2024-08-24,NONE
ACC-00070,FIR-002330,primary,2024-08-19,NONE
ACC-02735,FIR-002331,primary,2024-09-20,NONE
ACC-03821,FIR-002332,primary,2024-09-22,NONE
ACC-00849,FIR-002333,primary,2024-10-12,NONE
ACC-00742,FIR-002334,primary,2024-10-02,NONE
ACC-02006,FIR-002334,secondary,2024-10-02,NONE
ACC-02512,FIR-002335,primary,2024-11-20,NONE
ACC-03963,FIR-002336,primary,2024-11-10,NONE
ACC-03721,FIR-002337,primary,2024-12-02,ISSUED
ACC-04167,FIR-002337,secondary,2024-12-02,NONE
ACC-00627,FIR-002338,primary,2024-12-23,EXECUTED
ACC-04021,FIR-002339,primary,2025-01-04,NONE
ACC-03828,FIR-002340,primary,2025-02-26,NONE
ACC-03298,FIR-002341,primary,2025-03-04,NONE
ACC-01707,FIR-002342,primary,2025-04-03,NONE
ACC-04265,FIR-002342,secondary,2025-04-03,NONE
ACC-04207,FIR-002343,primary,2025-05-15,ISSUED
ACC-01882,FIR-002343,suspect,2025-05-15,ISSUED
ACC-03153,FIR-002344,primary,2025-06-26,NONE
ACC-04374,FIR-002344,suspect,2025-06-26,NONE
ACC-03111,FIR-002345,primary,2025-07-15,NONE
ACC-02827,FIR-002346,primary,2025-08-09,NONE
ACC-03674,FIR-002347,primary,2025-08-17,NONE
ACC-00025,FIR-002348,primary,2025-09-27,NONE
ACC-02423,FIR-002349,primary,2025-09-04,NONE
ACC-01869,FIR-002349,suspect,2025-09-04,ISSUED
ACC-03566,FIR-002349,suspect,2025-09-04,NONE
ACC-02763,FIR-002350,primary,2025-10-20,ISSUED
ACC-02675,FIR-002350,secondary,2025-10-20,NONE
ACC-04013,FIR-002351,primary,2025-10-18,ISSUED
ACC-00031,FIR-002351,suspect,2025-10-18,NONE
ACC-00696,FIR-002352,primary,2025-11-26,ISSUED
ACC-02764,FIR-002353,primary,2025-11-10,ISSUED
ACC-01322,FIR-002354,primary,2025-12-17,ISSUED
ACC-02403,FIR-002355,primary,2025-12-19,EXECUTED
ACC-00712,FIR-002356,primary,2021-01-15,NONE
ACC-03580,FIR-002357,primary,2021-02-11,NONE
ACC-01807,FIR-002358,primary,2021-03-24,NONE
ACC-02891,FIR-002358,suspect,2021-03-24,PENDING
ACC-01369,FIR-002359,primary,2021-04-24,NONE
ACC-03233,FIR-002360,primary,2021-05-09,NONE
ACC-02891,FIR-002360,suspect,2021-05-09,NONE
ACC-01072,FIR-002361,primary,2021-06-12,ISSUED
ACC-02602,FIR-002361,suspect,2021-06-12,NONE
ACC-03042,FIR-002361,suspect,2021-06-12,NONE
ACC-02612,FIR-002362,primary,2021-07-07,NONE
ACC-00489,FIR-002363,primary,2021-08-05,NONE
ACC-04123,FIR-002364,primary,2021-08-21,NONE
ACC-00181,FIR-002364,suspect,2021-08-21,NONE
ACC-03867,FIR-002365,primary,2021-09-23,NONE
ACC-02215,FIR-002366,primary,2021-09-11,NONE
ACC-01495,FIR-002367,primary,2021-10-27,ISSUED
ACC-01622,FIR-002368,primary,2021-10-12,NONE
ACC-04233,FIR-002369,primary,2021-11-03,NONE
ACC-04333,FIR-002370,primary,2021-11-20,NONE
ACC-04340,FIR-002370,secondary,2021-11-20,NONE
ACC-02226,FIR-002371,primary,2021-12-08,NONE
ACC-00365,FIR-002371,secondary,2021-12-08,NONE
ACC-02494,FIR-002372,primary,2021-12-20,NONE
ACC-00044,FIR-002372,secondary,2021-12-20,NONE
ACC-03023,FIR-002373,primary,2022-01-06,NONE
ACC-01679,FIR-002374,primary,2022-02-19,NONE
ACC-00615,FIR-002375,primary,2022-03-23,NONE
ACC-00831,FIR-002376,primary,2022-04-06,NONE
ACC-00595,FIR-002377,primary,2022-05-22,NONE
ACC-02922,FIR-002378,primary,2022-06-03,NONE
ACC-04089,FIR-002378,suspect,2022-06-03,NONE
ACC-00744,FIR-002379,primary,2022-07-23,NONE
ACC-03633,FIR-002380,primary,2022-08-04,NONE
ACC-02957,FIR-002381,primary,2022-08-05,PENDING
ACC-01697,FIR-002382,primary,2022-09-25,PENDING
ACC-04185,FIR-002383,primary,2022-09-09,PENDING
ACC-02581,FIR-002384,primary,2022-10-18,ISSUED
ACC-02742,FIR-002384,suspect,2022-10-18,NONE
ACC-02323,FIR-002385,primary,2022-10-10,NONE
ACC-03882,FIR-002386,primary,2022-11-04,NONE
ACC-03948,FIR-002386,secondary,2022-11-04,NONE
ACC-03329,FIR-002387,primary,2022-11-03,EXECUTED
ACC-04131,FIR-002388,primary,2022-12-16,NONE
ACC-03631,FIR-002389,primary,2022-12-23,PENDING
ACC-01897,FIR-002390,primary,2023-01-08,ISSUED
ACC-02591,FIR-002391,primary,2023-02-13,NONE
ACC-02281,FIR-002392,primary,2023-03-02,NONE
ACC-02255,FIR-002393,primary,2023-04-11,EXECUTED
ACC-02527,FIR-002393,suspect,2023-04-11,ISSUED
ACC-04010,FIR-002394,primary,2023-05-22,ISSUED
ACC-00365,FIR-002394,secondary,2023-05-22,ISSUED
ACC-02975,FIR-002394,suspect,2023-05-22,EXECUTED
ACC-03269,FIR-002395,primary,2023-06-12,ISSUED
ACC-03460,FIR-002396,primary,2023-07-21,NONE
ACC-03142,FIR-002397,primary,2023-08-23,EXECUTED
ACC-01444,FIR-002398,primary,2023-08-01,NONE
ACC-02461,FIR-002398,secondary,2023-08-01,NONE
ACC-01674,FIR-002399,primary,2023-09-18,NONE
ACC-02881,FIR-002399,suspect,2023-09-18,NONE
ACC-01276,FIR-002399,suspect,2023-09-18,NONE
ACC-00146,FIR-002400,primary,2023-09-23,NONE
ACC-03518,FIR-002401,primary,2023-10-24,NONE
ACC-01343,FIR-002401,secondary,2023-10-24,NONE
ACC-01458,FIR-002402,primary,2023-10-01,PENDING
ACC-04439,FIR-002403,primary,2023-11-07,NONE
ACC-04340,FIR-002403,suspect,2023-11-07,NONE
ACC-02170,FIR-002404,primary,2023-11-16,NONE
ACC-00180,FIR-002405,primary,2023-12-16,ISSUED
ACC-02582,FIR-002406,primary,2023-12-29,NONE
ACC-02419,FIR-002407,primary,2024-01-04,NONE
ACC-02343,FIR-002408,primary,2024-02-25,NONE
ACC-02759,FIR-002408,suspect,2024-02-25,NONE
ACC-03535,FIR-002409,primary,2024-03-01,NONE
ACC-01833,FIR-002410,primary,2024-04-03,ISSUED
ACC-02646,FIR-002411,primary,2024-05-29,NONE
ACC-02865,FIR-002412,primary,2024-06-29,NONE
ACC-01025,FIR-002413,primary,2024-07-26,ISSUED
ACC-00978,FIR-002414,primary,2024-08-25,NONE
ACC-01754,FIR-002415,primary,2024-08-04,NONE
ACC-01874,FIR-002415,suspect,2024-08-04,NONE
ACC-02484,FIR-002416,primary,2024-09-10,NONE
ACC-00044,FIR-002416,suspect,2024-09-10,NONE
ACC-00981,FIR-002417,primary,2024-09-18,NONE
ACC-04027,FIR-002418,primary,2024-10-08,NONE
ACC-01166,FIR-002418,suspect,2024-10-08,NONE
ACC-02076,FIR-002419,primary,2024-10-13,NONE
ACC-03283,FIR-002420,primary,2024-11-09,NONE
ACC-01500,FIR-002421,primary,2024-11-21,ISSUED
ACC-04215,FIR-002422,primary,2024-12-26,NONE
ACC-01691,FIR-002423,primary,2024-12-25,NONE
ACC-03380,FIR-002424,primary,2025-01-30,NONE
ACC-02106,FIR-002425,primary,2025-02-16,NONE
ACC-02881,FIR-002425,secondary,2025-02-16,NONE
ACC-03207,FIR-002426,primary,2025-03-12,NONE
ACC-04119,FIR-002427,primary,2025-04-12,NONE
ACC-03743,FIR-002427,suspect,2025-04-12,NONE
ACC-01744,FIR-002428,primary,2025-05-28,NONE
ACC-02118,FIR-002429,primary,2025-06-09,NONE
ACC-02254,FIR-002429,suspect,2025-06-09,NONE
ACC-01282,FIR-002429,suspect,2025-06-09,NONE
ACC-03430,FIR-002430,primary,2025-07-30,NONE
ACC-01343,FIR-002430,secondary,2025-07-30,NONE
ACC-01354,FIR-002431,primary,2025-08-18,NONE
ACC-02542,FIR-002431,suspect,2025-08-18,NONE
ACC-03454,FIR-002432,primary,2025-08-28,NONE
ACC-03866,FIR-002432,secondary,2025-08-28,ISSUED
ACC-00173,FIR-002433,primary,2025-09-25,NONE
ACC-01742,FIR-002434,primary,2025-09-22,ISSUED
ACC-03858,FIR-002435,primary,2025-10-26,EXECUTED
ACC-03583,FIR-002435,suspect,2025-10-26,PENDING
ACC-01474,FIR-002436,primary,2025-10-29,NONE
ACC-01890,FIR-002436,secondary,2025-10-29,NONE
ACC-00354,FIR-002437,primary,2025-11-08,NONE
ACC-02382,FIR-002438,primary,2025-11-30,EXECUTED
ACC-04089,FIR-002438,suspect,2025-11-30,NONE
ACC-03970,FIR-002439,primary,2025-12-08,NONE
ACC-03007,FIR-002440,primary,2025-12-16,ISSUED
ACC-02975,FIR-002440,suspect,2025-12-16,NONE
ACC-04211,FIR-002441,primary,2021-01-03,NONE
ACC-02214,FIR-002441,secondary,2021-01-03,NONE
ACC-00940,FIR-002442,primary,2021-02-22,NONE
ACC-02877,FIR-002443,primary,2021-03-02,NONE
ACC-01157,FIR-002443,suspect,2021-03-02,NONE
ACC-03313,FIR-002443,suspect,2021-03-02,NONE
ACC-02050,FIR-002444,primary,2021-04-10,NONE
ACC-02955,FIR-002445,primary,2021-05-09,NONE
ACC-03447,FIR-002446,primary,2021-06-08,NONE
ACC-03135,FIR-002446,suspect,2021-06-08,NONE
ACC-01384,FIR-002447,primary,2021-07-15,PENDING
ACC-00423,FIR-002448,primary,2021-08-09,NONE
ACC-01710,FIR-002448,secondary,2021-08-09,NONE
ACC-04334,FIR-002448,secondary,2021-08-09,NONE
ACC-03549,FIR-002449,primary,2021-08-21,NONE
ACC-01336,FIR-002450,primary,2021-09-15,NONE
ACC-01471,FIR-002451,primary,2021-09-21,NONE
ACC-01880,FIR-002452,primary,2021-10-10,PENDING
ACC-03121,FIR-002453,primary,2021-10-03,NONE
ACC-03344,FIR-002453,suspect,2021-10-03,EXECUTED
ACC-02810,FIR-002454,primary,2021-11-17,NONE
ACC-02804,FIR-002455,primary,2021-11-30,NONE
ACC-02093,FIR-002456,primary,2021-12-23,NONE
ACC-00587,FIR-002457,primary,2021-12-06,NONE
ACC-00171,FIR-002457,secondary,2021-12-06,NONE
ACC-03135,FIR-002457,suspect,2021-12-06,PENDING
ACC-00444,FIR-002458,primary,2022-01-03,NONE
ACC-02220,FIR-002459,primary,2022-02-21,NONE
ACC-00443,FIR-002460,primary,2022-03-09,NONE
ACC-00479,FIR-002460,suspect,2022-03-09,NONE
ACC-03100,FIR-002461,primary,2022-04-05,EXECUTED
ACC-03869,FIR-002462,primary,2022-05-14,NONE
ACC-04361,FIR-002463,primary,2022-06-13,NONE
ACC-01161,FIR-002464,primary,2022-07-16,ISSUED
ACC-02833,FIR-002465,primary,2022-08-09,NONE
ACC-00063,FIR-002466,primary,2022-08-29,NONE
ACC-00062,FIR-002467,primary,2022-09-03,NONE
ACC-01806,FIR-002467,secondary,2022-09-03,NONE
ACC-02766,FIR-002467,secondary,2022-09-03,NONE
ACC-00418,FIR-002468,primary,2022-09-27,PENDING
ACC-03724,FIR-002468,secondary,2022-09-27,NONE
ACC-00728,FIR-002469,primary,2022-10-21,NONE
ACC-01801,FIR-002470,primary,2022-10-28,PENDING
ACC-00345,FIR-002471,primary,2022-11-30,NONE
ACC-02011,FIR-002472,primary,2022-11-29,NONE
ACC-01817,FIR-002473,primary,2022-12-14,NONE
ACC-04294,FIR-002474,primary,2022-12-27,NONE
ACC-01157,FIR-002474,secondary,2022-12-27,ISSUED
ACC-01118,FIR-002475,primary,2023-01-03,EXECUTED
ACC-04457,FIR-002476,primary,2023-02-28,NONE
ACC-02994,FIR-002476,secondary,2023-02-28,ISSUED
ACC-01109,FIR-002477,primary,2023-03-29,ISSUED
ACC-03663,FIR-002477,secondary,2023-03-29,NONE
ACC-01840,FIR-002478,primary,2023-04-10,ISSUED
ACC-02468,FIR-002479,primary,2023-05-11,NONE
ACC-01741,FIR-002480,primary,2023-06-26,ISSUED
ACC-00171,FIR-002480,suspect,2023-06-26,PENDING
ACC-02271,FIR-002481,primary,2023-07-13,EXECUTED
ACC-03313,FIR-002481,suspect,2023-07-13,NONE
ACC-01594,FIR-002482,primary,2023-08-07,NONE
ACC-02823,FIR-002482,suspect,2023-08-07,PENDING
ACC-04412,FIR-002483,primary,2023-08-15,NONE
ACC-01958,FIR-002484,primary,2023-09-05,ISSUED
ACC-00109,FIR-002484,secondary,2023-09-05,NONE
ACC-00775,FIR-002484,secondary,2023-09-05,NONE
ACC-03293,FIR-002485,primary,2023-09-13,NONE
ACC-04372,FIR-002485,secondary,2023-09-13,NONE
ACC-03410,FIR-002486,primary,2023-10-09,ISSUED
ACC-02685,FIR-002487,primary,2023-10-16,NONE
ACC-04430,FIR-002488,primary,2023-11-10,NONE
ACC-04252,FIR-002488,suspect,2023-11-10,ISSUED
ACC-02888,FIR-002489,primary,2023-11-29,NONE
ACC-02979,FIR-002490,primary,2023-12-07,ISSUED
ACC-02543,FIR-002491,primary,2023-12-14,ISSUED
ACC-04003,FIR-002492,primary,2024-01-18,NONE
ACC-02792,FIR-002493,primary,2024-02-12,ISSUED
ACC-02914,FIR-002494,primary,2024-03-31,ISSUED
ACC-01886,FIR-002495,primary,2024-04-03,NONE
ACC-00804,FIR-002496,primary,2024-05-07,NONE
ACC-02986,FIR-002497,primary,2024-06-20,NONE
ACC-03988,FIR-002498,primary,2024-07-08,NONE
ACC-03031,FIR-002498,suspect,2024-07-08,NONE
ACC-00277,FIR-002499,primary,2024-08-28,NONE
ACC-00544,FIR-002500,primary,2024-08-09,NONE
ACC-00494,FIR-002501,primary,2024-09-29,NONE
ACC-01710,FIR-002501,suspect,2024-09-29,ISSUED
ACC-03857,FIR-002502,primary,2024-09-22,ISSUED
ACC-04287,FIR-002503,primary,2024-10-01,NONE
ACC-03344,FIR-002503,suspect,2024-10-01,NONE
ACC-04334,FIR-002503,suspect,2024-10-01,NONE
ACC-01300,FIR-002504,primary,2024-10-19,NONE
ACC-03724,FIR-002504,secondary,2024-10-19,ISSUED
ACC-01813,FIR-002505,primary,2024-11-13,NONE
ACC-00563,FIR-002506,primary,2024-11-24,NONE
ACC-03785,FIR-002507,primary,2024-12-01,NONE
ACC-01902,FIR-002508,primary,2024-12-07,NONE
ACC-00120,FIR-002508,suspect,2024-12-07,ISSUED
ACC-00285,FIR-002509,primary,2025-01-10,NONE
ACC-01400,FIR-002510,primary,2025-02-08,ISSUED
ACC-02843,FIR-002511,primary,2025-03-21,NONE
ACC-00120,FIR-002511,suspect,2025-03-21,NONE
ACC-02626,FIR-002512,primary,2025-04-07,NONE
ACC-03151,FIR-002513,primary,2025-05-20,NONE
ACC-03854,FIR-002513,secondary,2025-05-20,NONE
ACC-01923,FIR-002514,primary,2025-06-27,NONE
ACC-00091,FIR-002515,primary,2025-07-16,NONE
ACC-01857,FIR-002515,secondary,2025-07-16,NONE
ACC-03836,FIR-002516,primary,2025-08-24,NONE
ACC-00296,FIR-002517,primary,2025-08-21,NONE
ACC-02524,FIR-002517,secondary,2025-08-21,NONE
ACC-02589,FIR-002518,primary,2025-09-05,ISSUED
ACC-00668,FIR-002519,primary,2025-09-09,ISSUED
ACC-01599,FIR-002520,primary,2025-10-04,EXECUTED
ACC-02083,FIR-002521,primary,2025-10-10,NONE
ACC-00490,FIR-002522,primary,2025-11-09,NONE
ACC-04124,FIR-002523,primary,2025-11-03,NONE
ACC-01378,FIR-002524,primary,2025-12-20,NONE
ACC-00109,FIR-002524,secondary,2025-12-20,NONE
ACC-01687,FIR-002525,primary,2025-12-23,NONE
ACC-01671,FIR-002526,primary,2021-01-15,NONE
ACC-02357,FIR-002527,primary,2021-02-04,NONE
ACC-02156,FIR-002528,primary,2021-03-04,PENDING
ACC-02605,FIR-002529,primary,2021-04-11,NONE
ACC-04191,FIR-002530,primary,2021-05-03,PENDING
ACC-04377,FIR-002530,suspect,2021-05-03,NONE
ACC-02775,FIR-002531,primary,2021-06-15,PENDING
ACC-00690,FIR-002531,secondary,2021-06-15,NONE
ACC-03319,FIR-002532,primary,2021-07-29,NONE
ACC-02001,FIR-002532,secondary,2021-07-29,NONE
ACC-04115,FIR-002533,primary,2021-08-01,NONE
ACC-00695,FIR-002533,suspect,2021-08-01,NONE
ACC-00924,FIR-002534,primary,2021-08-25,ISSUED
ACC-04114,FIR-002534,secondary,2021-08-25,NONE
ACC-02235,FIR-002535,primary,2021-09-29,NONE
ACC-01786,FIR-002536,primary,2021-09-17,NONE
ACC-00265,FIR-002536,secondary,2021-09-17,ISSUED
ACC-02100,FIR-002536,secondary,2021-09-17,ISSUED
ACC-03849,FIR-002537,primary,2021-10-23,NONE
ACC-04035,FIR-002538,primary,2021-10-22,NONE
ACC-04400,FIR-002539,primary,2021-11-09,NONE
ACC-00791,FIR-002539,suspect,2021-11-09,NONE
ACC-03360,FIR-002540,primary,2021-11-05,NONE
ACC-02818,FIR-002540,secondary,2021-11-05,EXECUTED
ACC-02655,FIR-002541,primary,2021-12-20,NONE
ACC-04239,FIR-002541,secondary,2021-12-20,NONE
ACC-02950,FIR-002542,primary,2021-12-06,ISSUED
ACC-00077,FIR-002543,primary,2022-01-05,NONE
ACC-00219,FIR-002544,primary,2022-02-23,PENDING
ACC-01961,FIR-002545,primary,2022-03-12,PENDING
ACC-01204,FIR-002546,primary,2022-04-19,NONE
ACC-00222,FIR-002546,suspect,2022-04-19,NONE
ACC-02688,FIR-002547,primary,2022-05-22,EXECUTED
ACC-01287,FIR-002547,suspect,2022-05-22,NONE
ACC-04170,FIR-002548,primary,2022-06-17,NONE
ACC-00760,FIR-002548,secondary,2022-06-17,ISSUED
ACC-00822,FIR-002548,secondary,2022-06-17,PENDING
ACC-03802,FIR-002549,primary,2022-07-04,NONE
ACC-02110,FIR-002550,primary,2022-08-30,NONE
ACC-01212,FIR-002551,primary,2022-08-26,NONE
ACC-02676,FIR-002552,primary,2022-09-30,NONE
ACC-03792,FIR-002553,primary,2022-09-23,ISSUED
ACC-03711,FIR-002554,primary,2022-10-01,NONE
ACC-01648,FIR-002555,primary,2022-10-24,NONE
ACC-01010,FIR-002556,primary,2022-11-06,PENDING
ACC-02164,FIR-002556,secondary,2022-11-06,NONE
ACC-02183,FIR-002557,primary,2022-11-19,NONE
ACC-01229,FIR-002558,primary,2022-12-21,NONE
ACC-00743,FIR-002558,secondary,2022-12-21,NONE
ACC-02066,FIR-002559,primary,2022-12-24,NONE
ACC-02178,FIR-002559,secondary,2022-12-24,NONE
ACC-02795,FIR-002560,primary,2023-01-21,NONE
ACC-00619,FIR-002561,primary,2023-02-14,NONE
ACC-04180,FIR-002562,primary,2023-03-14,NONE
ACC-02628,FIR-002563,primary,2023-04-02,NONE
ACC-02035,FIR-002564,primary,2023-05-07,PENDING
ACC-03442,FIR-002564,secondary,2023-05-07,ISSUED
ACC-04114,FIR-002564,suspect,2023-05-07,ISSUED
ACC-01932,FIR-002565,primary,2023-06-22,NONE
ACC-02243,FIR-002565,suspect,2023-06-22,EXECUTED
ACC-01911,FIR-002566,primary,2023-07-06,NONE
ACC-04239,FIR-002566,suspect,2023-07-06,NONE
ACC-03373,FIR-002567,primary,2023-08-02,NONE
ACC-03239,FIR-002568,primary,2023-08-28,NONE
ACC-02467,FIR-002569,primary,2023-09-03,NONE
ACC-04379,FIR-002569,suspect,2023-09-03,EXECUTED
ACC-00067,FIR-002570,primary,2023-09-24,NONE
ACC-02387,FIR-002571,primary,2023-10-19,PENDING
ACC-00967,FIR-002572,primary,2023-10-31,NONE
ACC-01064,FIR-002572,suspect,2023-10-31,NONE
ACC-03442,FIR-002572,suspect,2023-10-31,NONE
ACC-03158,FIR-002573,primary,2023-11-02,NONE
ACC-01930,FIR-002574,primary,2023-11-30,ISSUED
ACC-02674,FIR-002575,primary,2023-12-03,NONE
ACC-00013,FIR-002576,primary,2023-12-04,NONE
ACC-02476,FIR-002576,suspect,2023-12-04,NONE
ACC-00715,FIR-002577,primary,2024-01-01,NONE
ACC-02565,FIR-002577,suspect,2024-01-01,NONE
ACC-03307,FIR-002578,primary,2024-02-23,NONE
ACC-02141,FIR-002579,primary,2024-03-30,PENDING
ACC-00024,FIR-002580,primary,2024-04-10,NONE
ACC-03569,FIR-002581,primary,2024-05-25,NONE
ACC-03054,FIR-002581,secondary,2024-05-25,NONE
ACC-03687,FIR-002582,primary,2024-06-25,NONE
ACC-02243,FIR-002582,secondary,2024-06-25,NONE
ACC-00248,FIR-002582,suspect,2024-06-25,NONE
ACC-02345,FIR-002583,primary,2024-07-09,NONE
ACC-01453,FIR-002583,secondary,2024-07-09,NONE
ACC-02148,FIR-002583,secondary,2024-07-09,NONE
ACC-00249,FIR-002584,primary,2024-08-19,NONE
ACC-03636,FIR-002584,secondary,2024-08-19,NONE
ACC-01861,FIR-002584,suspect,2024-08-19,ISSUED
ACC-01668,FIR-002585,primary,2024-08-03,PENDING
ACC-01299,FIR-002586,primary,2024-09-10,NONE
ACC-03797,FIR-002587,primary,2024-09-23,NONE
ACC-03927,FIR-002588,primary,2024-10-14,EXECUTED
ACC-02565,FIR-002588,suspect,2024-10-14,NONE
ACC-02576,FIR-002588,suspect,2024-10-14,ISSUED
ACC-00114,FIR-002589,primary,2024-10-30,NONE
ACC-02558,FIR-002590,primary,2024-11-21,PENDING
ACC-00503,FIR-002591,primary,2024-11-10,NONE
ACC-00695,FIR-002591,suspect,2024-11-10,NONE
ACC-03636,FIR-002591,suspect,2024-11-10,NONE
ACC-02319,FIR-002592,primary,2024-12-01,NONE
ACC-02369,FIR-002593,primary,2024-12-11,ISSUED
ACC-00128,FIR-002594,primary,2025-01-01,NONE
ACC-00222,FIR-002594,suspect,2025-01-01,NONE
ACC-01214,FIR-002595,primary,2025-02-15,ISSUED
ACC-01287,FIR-002595,secondary,2025-02-15,ISSUED
ACC-01066,FIR-002596,primary,2025-03-03,NONE
ACC-01228,FIR-002597,primary,2025-04-01,EXECUTED
ACC-04081,FIR-002597,suspect,2025-04-01,NONE
ACC-02438,FIR-002598,primary,2025-05-02,NONE
ACC-03746,FIR-002599,primary,2025-06-21,NONE
ACC-02515,FIR-002600,primary,2025-07-11,NONE
ACC-01064,FIR-002600,secondary,2025-07-11,NONE
ACC-01724,FIR-002601,primary,2025-08-21,ISSUED
ACC-00891,FIR-002602,primary,2025-08-07,NONE
ACC-01808,FIR-002602,suspect,2025-08-07,NONE
ACC-00263,FIR-002603,primary,2025-09-05,NONE
ACC-02753,FIR-002604,primary,2025-09-23,NONE
ACC-02326,FIR-002605,primary,2025-10-23,NONE
ACC-02018,FIR-002606,primary,2025-10-06,ISSUED
ACC-04390,FIR-002607,primary,2025-11-26,ISSUED
ACC-04135,FIR-002607,suspect,2025-11-26,PENDING
ACC-03534,FIR-002608,primary,2025-11-05,NONE
ACC-00723,FIR-002608,secondary,2025-11-05,NONE
ACC-01071,FIR-002608,suspect,2025-11-05,PENDING
ACC-00433,FIR-002609,primary,2025-12-02,NONE
ACC-03591,FIR-002609,secondary,2025-12-02,ISSUED
ACC-01875,FIR-002610,primary,2025-12-29,NONE
ACC-04377,FIR-002610,suspect,2025-12-29,NONE
ACC-00955,FIR-002611,primary,2021-01-11,EXECUTED
ACC-01990,FIR-002612,primary,2021-02-19,NONE
ACC-02048,FIR-002613,primary,2021-03-03,NONE
ACC-02360,FIR-002614,primary,2021-04-16,NONE
ACC-03286,FIR-002615,primary,2021-05-15,NONE
ACC-04039,FIR-002615,suspect,2021-05-15,NONE
ACC-00529,FIR-002616,primary,2021-06-01,NONE
ACC-02919,FIR-002617,primary,2021-07-26,NONE
ACC-00934,FIR-002618,primary,2021-08-22,PENDING
ACC-04356,FIR-002619,primary,2021-08-25,NONE
ACC-03768,FIR-002620,primary,2021-09-21,EXECUTED
ACC-01242,FIR-002620,suspect,2021-09-21,ISSUED
ACC-03473,FIR-002620,secondary,2021-09-21,NONE
ACC-02835,FIR-002621,primary,2021-09-29,NONE
ACC-03318,FIR-002622,primary,2021-10-04,NONE
ACC-02904,FIR-002623,primary,2021-10-03,NONE
ACC-00581,FIR-002624,primary,2021-11-14,NONE
ACC-04323,FIR-002625,primary,2021-11-25,NONE
ACC-00878,FIR-002626,primary,2021-12-21,NONE
ACC-01037,FIR-002626,suspect,2021-12-21,NONE
ACC-02946,FIR-002627,primary,2021-12-19,NONE
ACC-04318,FIR-002628,primary,2022-01-12,ISSUED
ACC-03484,FIR-002628,suspect,2022-01-12,EXECUTED
ACC-03450,FIR-002629,primary,2022-02-19,NONE
ACC-02796,FIR-002630,primary,2022-03-11,ISSUED
ACC-01165,FIR-002631,primary,2022-04-21,ISSUED
ACC-03930,FIR-002631,secondary,2022-04-21,NONE
ACC-00163,FIR-002632,primary,2022-05-26,NONE
ACC-01962,FIR-002633,primary,2022-06-30,NONE
ACC-02198,FIR-002634,primary,2022-07-03,NONE
ACC-03701,FIR-002634,suspect,2022-07-03,NONE
ACC-00100,FIR-002635,primary,2022-08-18,ISSUED
ACC-04171,FIR-002636,primary,2022-08-26,NONE
ACC-04039,FIR-002636,secondary,2022-08-26,NONE
ACC-01145,FIR-002637,primary,2022-09-05,NONE
ACC-01472,FIR-002638,primary,2022-09-14,ISSUED
ACC-03374,FIR-002639,primary,2022-10-12,ISSUED
ACC-03077,FIR-002640,primary,2022-10-24,ISSUED
ACC-03126,FIR-002641,primary,2022-11-17,NONE
ACC-04416,FIR-002642,primary,2022-11-20,EXECUTED
ACC-02336,FIR-002643,primary,2022-12-15,NONE
ACC-03930,FIR-002643,suspect,2022-12-15,EXECUTED
ACC-00346,FIR-002644,primary,2022-12-26,EXECUTED
ACC-02042,FIR-002645,primary,2023-01-16,PENDING
ACC-02473,FIR-002646,primary,2023-02-10,NONE
ACC-00302,FIR-002647,primary,2023-03-12,NONE
ACC-01043,FIR-002647,suspect,2023-03-12,NONE
ACC-02684,FIR-002647,secondary,2023-03-12,ISSUED
ACC-04232,FIR-002648,primary,2023-04-02,NONE
ACC-02330,FIR-002649,primary,2023-05-23,EXECUTED
ACC-01489,FIR-002650,primary,2023-06-25,ISSUED
ACC-03213,FIR-002650,secondary,2023-06-25,ISSUED
ACC-01573,FIR-002651,primary,2023-07-07,ISSUED
ACC-00095,FIR-002652,primary,2023-08-17,NONE
ACC-00113,FIR-002652,suspect,2023-08-17,NONE
ACC-01910,FIR-002652,secondary,2023-08-17,ISSUED
ACC-03718,FIR-002653,primary,2023-08-15,ISSUED
ACC-00082,FIR-002653,suspect,2023-08-15,ISSUED
ACC-04018,FIR-002654,primary,2023-09-04,NONE
ACC-00144,FIR-002655,primary,2023-09-20,PENDING
ACC-01063,FIR-002656,primary,2023-10-19,EXECUTED
ACC-04152,FIR-002657,primary,2023-10-19,NONE
ACC-02122,FIR-002658,primary,2023-11-20,NONE
ACC-01309,FIR-002659,primary,2023-11-30,NONE
ACC-01604,FIR-002659,suspect,2023-11-30,NONE
ACC-03752,FIR-002660,primary,2023-12-03,ISSUED
ACC-00962,FIR-002661,primary,2023-12-13,ISSUED
ACC-04316,FIR-002662,primary,2024-01-20,PENDING
ACC-02386,FIR-002662,secondary,2024-01-20,NONE
ACC-00052,FIR-002663,primary,2024-02-29,NONE
ACC-00082,FIR-002663,suspect,2024-02-29,NONE
ACC-04259,FIR-002663,secondary,2024-02-29,NONE
ACC-01789,FIR-002664,primary,2024-03-20,NONE
ACC-01043,FIR-002664,secondary,2024-03-20,NONE
ACC-02362,FIR-002665,primary,2024-04-21,ISSUED
ACC-00460,FIR-002665,suspect,2024-04-21,NONE
ACC-04443,FIR-002666,primary,2024-05-07,NONE
ACC-03487,FIR-002667,primary,2024-06-13,ISSUED
ACC-03147,FIR-002668,primary,2024-07-09,PENDING
ACC-02405,FIR-002669,primary,2024-08-01,PENDING
ACC-00606,FIR-002670,primary,2024-08-01,ISSUED
ACC-03784,FIR-002671,primary,2024-09-08,NONE
ACC-01037,FIR-002671,secondary,2024-09-08,ISSUED
ACC-01696,FIR-002672,primary,2024-09-03,NONE
ACC-03115,FIR-002673,primary,2024-10-27,NONE
ACC-00113,FIR-002673,secondary,2024-10-27,NONE
ACC-03505,FIR-002674,primary,2024-10-30,PENDING
ACC-01537,FIR-002675,primary,2024-11-20,NONE
ACC-01288,FIR-002676,primary,2024-11-15,NONE
ACC-01242,FIR-002676,suspect,2024-11-15,EXECUTED
ACC-02205,FIR-002677,primary,2024-12-20,NONE
ACC-03701,FIR-002677,suspect,2024-12-20,PENDING
ACC-03040,FIR-002678,primary,2024-12-17,NONE
ACC-03958,FIR-002679,primary,2025-01-27,NONE
ACC-03473,FIR-002679,secondary,2025-01-27,NONE
ACC-02390,FIR-002679,suspect,2025-01-27,NONE
ACC-03629,FIR-002680,primary,2025-02-07,PENDING
ACC-01523,FIR-002681,primary,2025-03-13,ISSUED
ACC-02782,FIR-002682,primary,2025-04-06,NONE
ACC-03047,FIR-002683,primary,2025-05-06,PENDING
ACC-03881,FIR-002684,primary,2025-06-13,PENDING
ACC-01559,FIR-002685,primary,2025-07-25,NONE
ACC-02503,FIR-002686,primary,2025-08-28,PENDING
ACC-03213,FIR-002686,secondary,2025-08-28,NONE
ACC-02102,FIR-002687,primary,2025-08-27,ISSUED
ACC-01756,FIR-002688,primary,2025-09-09,ISSUED
ACC-01453,FIR-002688,suspect,2025-09-09,NONE
ACC-02925,FIR-002689,primary,2025-09-19,NONE
ACC-02297,FIR-002689,secondary,2025-09-19,NONE
ACC-04182,FIR-002690,primary,2025-10-02,NONE
ACC-01361,FIR-002691,primary,2025-10-16,ISSUED
ACC-02425,FIR-002692,primary,2025-11-14,NONE
ACC-00399,FIR-002693,primary,2025-11-11,NONE
ACC-03987,FIR-002694,primary,2025-12-04,PENDING
ACC-02477,FIR-002695,primary,2025-12-24,ISSUED
ACC-01428,FIR-002695,secondary,2025-12-24,NONE
ACC-04405,FIR-002696,primary,2021-01-27,NONE
ACC-03143,FIR-002697,primary,2021-01-02,PENDING
ACC-00625,FIR-002698,primary,2021-01-06,ISSUED
ACC-00556,FIR-002699,primary,2021-01-17,NONE
ACC-02661,FIR-002700,primary,2021-02-05,EXECUTED
ACC-02842,FIR-002701,primary,2021-02-28,NONE
ACC-01731,FIR-002701,secondary,2021-02-28,EXECUTED
ACC-02672,FIR-002702,primary,2021-02-19,ISSUED
ACC-02219,FIR-002703,primary,2021-02-03,NONE
ACC-01791,FIR-002704,primary,2021-03-03,NONE
ACC-03968,FIR-002705,primary,2021-03-22,NONE
ACC-03686,FIR-002705,suspect,2021-03-22,NONE
ACC-00497,FIR-002706,primary,2021-03-12,NONE
ACC-03694,FIR-002707,primary,2021-03-11,NONE
ACC-01849,FIR-002708,primary,2021-04-25,EXECUTED
ACC-01968,FIR-002709,primary,2021-04-30,NONE
ACC-02738,FIR-002709,suspect,2021-04-30,PENDING
ACC-02779,FIR-002710,primary,2021-04-01,ISSUED
ACC-02732,FIR-002711,primary,2021-04-18,NONE
ACC-02947,FIR-002712,primary,2021-05-21,ISSUED
ACC-02447,FIR-002713,primary,2021-05-24,NONE
ACC-03699,FIR-002714,primary,2021-05-15,EXECUTED
ACC-00881,FIR-002715,primary,2021-05-12,NONE
ACC-00520,FIR-002716,primary,2021-06-05,NONE
ACC-00457,FIR-002717,primary,2021-06-21,NONE
ACC-02853,FIR-002718,primary,2021-06-20,NONE
ACC-02213,FIR-002719,primary,2021-06-10,EXECUTED
ACC-01966,FIR-002720,primary,2021-07-04,NONE
ACC-01461,FIR-002721,primary,2021-07-26,NONE
ACC-01146,FIR-002722,primary,2021-07-22,NONE
ACC-03740,FIR-002723,primary,2021-07-06,NONE
ACC-01992,FIR-002724,primary,2021-08-23,NONE
ACC-02142,FIR-002725,primary,2021-08-08,NONE
ACC-04275,FIR-002726,primary,2021-08-08,NONE
ACC-03866,FIR-002726,secondary,2021-08-08,NONE
ACC-03891,FIR-002727,primary,2021-08-23,NONE
ACC-01579,FIR-002728,primary,2021-08-23,NONE
ACC-02711,FIR-002729,primary,2021-09-03,NONE
ACC-01450,FIR-002730,primary,2021-09-12,NONE
ACC-03194,FIR-002731,primary,2021-09-05,ISSUED
ACC-02315,FIR-002732,primary,2021-09-16,NONE
ACC-04227,FIR-002733,primary,2021-09-22,NONE
ACC-02813,FIR-002733,secondary,2021-09-22,NONE
ACC-01708,FIR-002734,primary,2021-10-29,NONE
ACC-00022,FIR-002735,primary,2021-10-08,NONE
ACC-01760,FIR-002736,primary,2021-10-17,NONE
ACC-01609,FIR-002737,primary,2021-10-15,ISSUED
ACC-03999,FIR-002738,primary,2021-10-23,NONE
ACC-03874,FIR-002739,primary,2021-11-08,NONE
ACC-03655,FIR-002740,primary,2021-11-21,PENDING
ACC-02699,FIR-002741,primary,2021-11-27,ISSUED
ACC-04050,FIR-002742,primary,2021-11-09,NONE
ACC-04147,FIR-002742,secondary,2021-11-09,NONE
ACC-02481,FIR-002743,primary,2021-11-25,NONE
ACC-02136,FIR-002744,primary,2021-12-19,PENDING
ACC-02869,FIR-002745,primary,2021-12-25,NONE
ACC-01731,FIR-002745,suspect,2021-12-25,NONE
ACC-02995,FIR-002746,primary,2021-12-04,NONE
ACC-03527,FIR-002747,primary,2021-12-10,NONE
ACC-01240,FIR-002748,primary,2022-01-31,NONE
ACC-00549,FIR-002749,primary,2022-01-02,ISSUED
ACC-00127,FIR-002750,primary,2022-01-19,NONE
ACC-02179,FIR-002750,suspect,2022-01-19,NONE
ACC-03270,FIR-002751,primary,2022-01-31,NONE
ACC-03105,FIR-002752,primary,2022-02-22,NONE
ACC-01765,FIR-002753,primary,2022-02-02,NONE
ACC-03895,FIR-002754,primary,2022-02-08,NONE
ACC-02073,FIR-002755,primary,2022-02-27,NONE
ACC-00488,FIR-002755,secondary,2022-02-27,NONE
ACC-03902,FIR-002755,secondary,2022-02-27,NONE
ACC-03825,FIR-002756,primary,2022-03-11,NONE
ACC-02746,FIR-002757,primary,2022-03-02,EXECUTED
ACC-01123,FIR-002757,suspect,2022-03-02,NONE
ACC-00949,FIR-002758,primary,2022-03-12,NONE
ACC-04423,FIR-002758,secondary,2022-03-12,NONE
ACC-02511,FIR-002759,primary,2022-03-05,NONE
ACC-01636,FIR-002760,primary,2022-04-28,PENDING
ACC-03961,FIR-002761,primary,2022-04-23,NONE
ACC-02138,FIR-002762,primary,2022-04-09,NONE
ACC-00310,FIR-002763,primary,2022-04-06,NONE
ACC-01728,FIR-002763,secondary,2022-04-06,NONE
ACC-03904,FIR-002764,primary,2022-05-29,ISSUED
ACC-03684,FIR-002765,primary,2022-05-26,PENDING
ACC-00778,FIR-002766,primary,2022-05-22,NONE
ACC-00118,FIR-002767,primary,2022-05-21,NONE
ACC-04042,FIR-002768,primary,2022-06-20,NONE
ACC-03183,FIR-002769,primary,2022-06-11,PENDING
ACC-00883,FIR-002770,primary,2022-06-16,NONE
ACC-02381,FIR-002770,secondary,2022-06-16,ISSUED
ACC-00331,FIR-002771,primary,2022-06-13,ISSUED
ACC-00438,FIR-002771,suspect,2022-06-13,PENDING
ACC-01881,FIR-002771,secondary,2022-06-13,NONE
ACC-01470,FIR-002772,primary,2022-07-03,NONE
ACC-03481,FIR-002773,primary,2022-07-25,ISSUED
ACC-01313,FIR-002773,suspect,2022-07-25,NONE
ACC-02886,FIR-002773,suspect,2022-07-25,NONE
ACC-02172,FIR-002774,primary,2022-07-23,NONE
ACC-04087,FIR-002775,primary,2022-07-03,NONE
ACC-02186,FIR-002776,primary,2022-08-02,PENDING
ACC-01062,FIR-002777,primary,2022-08-22,ISSUED
ACC-02187,FIR-002778,primary,2022-08-14,NONE
ACC-04200,FIR-002779,primary,2022-08-13,NONE
ACC-02984,FIR-002780,primary,2022-08-25,NONE
ACC-02121,FIR-002781,primary,2022-09-18,NONE
ACC-02562,FIR-002782,primary,2022-09-15,PENDING
ACC-01539,FIR-002783,primary,2022-09-12,NONE
ACC-01615,FIR-002784,primary,2022-09-19,PENDING
ACC-04161,FIR-002785,primary,2022-09-22,NONE
ACC-02043,FIR-002786,primary,2022-10-05,NONE
ACC-00541,FIR-002787,primary,2022-10-07,NONE
ACC-02738,FIR-002787,secondary,2022-10-07,NONE
ACC-01929,FIR-002788,primary,2022-10-31,NONE
ACC-03686,FIR-002788,secondary,2022-10-31,NONE
ACC-02780,FIR-002789,primary,2022-10-07,NONE
ACC-03514,FIR-002789,suspect,2022-10-07,NONE
ACC-04006,FIR-002790,primary,2022-10-16,NONE
ACC-00233,FIR-002790,suspect,2022-10-16,NONE
ACC-03287,FIR-002791,primary,2022-11-02,NONE
ACC-01359,FIR-002791,suspect,2022-11-02,NONE
ACC-00907,FIR-002792,primary,2022-11-02,NONE
ACC-00647,FIR-002792,suspect,2022-11-02,NONE
ACC-02463,FIR-002793,primary,2022-11-08,NONE
ACC-01302,FIR-002794,primary,2022-11-14,NONE
ACC-01464,FIR-002795,primary,2022-11-15,EXECUTED
ACC-00756,FIR-002796,primary,2022-12-15,NONE
ACC-00908,FIR-002797,primary,2022-12-27,NONE
ACC-01394,FIR-002798,primary,2022-12-24,PENDING
ACC-03607,FIR-002798,suspect,2022-12-24,NONE
ACC-03108,FIR-002799,primary,2022-12-23,NONE
ACC-04344,FIR-002800,primary,2023-01-14,NONE
ACC-03933,FIR-002801,primary,2023-01-09,NONE
ACC-03575,FIR-002801,secondary,2023-01-09,ISSUED
ACC-00209,FIR-002802,primary,2023-01-01,NONE
ACC-04237,FIR-002803,primary,2023-01-28,NONE
ACC-00768,FIR-002803,secondary,2023-01-28,NONE
ACC-01996,FIR-002803,suspect,2023-01-28,ISSUED
ACC-00582,FIR-002804,primary,2023-02-23,NONE
ACC-04007,FIR-002805,primary,2023-02-14,ISSUED
ACC-02333,FIR-002806,primary,2023-02-18,NONE
ACC-01132,FIR-002807,primary,2023-02-08,NONE
ACC-01846,FIR-002808,primary,2023-03-01,NONE
ACC-02949,FIR-002809,primary,2023-03-02,NONE
ACC-01079,FIR-002810,primary,2023-03-14,PENDING
ACC-00247,FIR-002811,primary,2023-03-31,EXECUTED
ACC-01887,FIR-002811,secondary,2023-03-31,NONE
ACC-03944,FIR-002812,primary,2023-04-05,PENDING
ACC-01518,FIR-002813,primary,2023-04-20,EXECUTED
ACC-00380,FIR-002813,secondary,2023-04-20,NONE
ACC-00473,FIR-002814,primary,2023-04-08,NONE
ACC-01076,FIR-002815,primary,2023-04-27,ISSUED
ACC-04247,FIR-002816,primary,2023-05-20,NONE
ACC-03949,FIR-002816,suspect,2023-05-20,NONE
ACC-01099,FIR-002817,primary,2023-05-30,ISSUED
ACC-04423,FIR-002817,secondary,2023-05-30,ISSUED
ACC-02694,FIR-002818,primary,2023-05-29,NONE
ACC-02768,FIR-002819,primary,2023-05-06,NONE
ACC-01125,FIR-002820,primary,2023-06-27,PENDING
ACC-04150,FIR-002821,primary,2023-06-09,NONE
ACC-03208,FIR-002821,suspect,2023-06-09,NONE
ACC-04043,FIR-002822,primary,2023-06-16,NONE
ACC-04349,FIR-002822,secondary,2023-06-16,ISSUED
ACC-00020,FIR-002823,primary,2023-06-18,ISSUED
ACC-04136,FIR-002823,secondary,2023-06-18,NONE
ACC-01959,FIR-002824,primary,2023-07-31,EXECUTED
ACC-04208,FIR-002824,suspect,2023-07-31,PENDING
ACC-02339,FIR-002825,primary,2023-07-23,NONE
ACC-00808,FIR-002826,primary,2023-07-05,EXECUTED
ACC-02541,FIR-002827,primary,2023-07-18,PENDING
ACC-03389,FIR-002828,primary,2023-08-28,NONE
ACC-01847,FIR-002829,primary,2023-08-22,PENDING
ACC-00737,FIR-002830,primary,2023-08-08,EXECUTED
ACC-03306,FIR-002831,primary,2023-08-24,PENDING
ACC-02618,FIR-002832,primary,2023-08-12,NONE
ACC-02099,FIR-002833,primary,2023-09-29,NONE
ACC-03725,FIR-002833,suspect,2023-09-29,NONE
ACC-02488,FIR-002834,primary,2023-09-12,NONE
ACC-01431,FIR-002835,primary,2023-09-25,NONE
ACC-03745,FIR-002836,primary,2023-09-14,NONE
ACC-01538,FIR-002837,primary,2023-09-19,PENDING
ACC-03955,FIR-002838,primary,2023-10-20,NONE
ACC-04349,FIR-002838,secondary,2023-10-20,NONE
ACC-01395,FIR-002839,primary,2023-10-19,NONE
ACC-00731,FIR-002839,secondary,2023-10-19,NONE
ACC-01758,FIR-002840,primary,2023-10-05,NONE
ACC-00886,FIR-002841,primary,2023-10-11,EXECUTED
ACC-01971,FIR-002842,primary,2023-10-25,EXECUTED
ACC-00078,FIR-002843,primary,2023-11-11,EXECUTED
ACC-02008,FIR-002844,primary,2023-11-30,NONE
ACC-04417,FIR-002845,primary,2023-11-21,NONE
ACC-04209,FIR-002845,suspect,2023-11-21,NONE
ACC-01521,FIR-002846,primary,2023-11-21,NONE
ACC-02819,FIR-002847,primary,2023-11-20,ISSUED
ACC-03508,FIR-002847,secondary,2023-11-20,NONE
ACC-00511,FIR-002848,primary,2023-12-06,PENDING
ACC-00226,FIR-002848,secondary,2023-12-06,PENDING
ACC-01695,FIR-002849,primary,2023-12-01,NONE
ACC-03899,FIR-002849,secondary,2023-12-01,NONE
ACC-02555,FIR-002850,primary,2023-12-11,NONE
ACC-03950,FIR-002851,primary,2023-12-03,NONE
ACC-01021,FIR-002852,primary,2024-01-21,NONE
ACC-00260,FIR-002852,secondary,2024-01-21,NONE
ACC-00461,FIR-002853,primary,2024-01-28,NONE
ACC-00488,FIR-002853,suspect,2024-01-28,NONE
ACC-01762,FIR-002854,primary,2024-01-23,NONE
ACC-03727,FIR-002855,primary,2024-01-23,ISSUED
ACC-02521,FIR-002856,primary,2024-02-24,NONE
ACC-03607,FIR-002856,suspect,2024-02-24,NONE
ACC-01303,FIR-002857,primary,2024-02-18,PENDING
ACC-00548,FIR-002858,primary,2024-02-16,ISSUED
ACC-00055,FIR-002858,suspect,2024-02-16,PENDING
ACC-02700,FIR-002858,secondary,2024-02-16,NONE
ACC-03476,FIR-002859,primary,2024-02-17,PENDING
ACC-00633,FIR-002860,primary,2024-03-03,NONE
ACC-02231,FIR-002861,primary,2024-03-25,NONE
ACC-02517,FIR-002862,primary,2024-03-07,NONE
ACC-02960,FIR-002863,primary,2024-03-08,PENDING
ACC-01830,FIR-002864,primary,2024-04-03,NONE
ACC-02662,FIR-002865,primary,2024-04-12,ISSUED
ACC-02062,FIR-002866,primary,2024-04-29,ISSUED
ACC-02145,FIR-002867,primary,2024-04-16,NONE
ACC-04076,FIR-002868,primary,2024-05-25,NONE
ACC-00513,FIR-002869,primary,2024-05-14,EXECUTED
ACC-01802,FIR-002870,primary,2024-05-13,NONE
ACC-00522,FIR-002871,primary,2024-05-03,NONE
ACC-01557,FIR-002872,primary,2024-06-28,NONE
ACC-03133,FIR-002873,primary,2024-06-18,PENDING
ACC-03483,FIR-002874,primary,2024-06-12,NONE
ACC-01286,FIR-002875,primary,2024-06-05,ISSUED
ACC-04395,FIR-002876,primary,2024-07-09,EXECUTED
ACC-00359,FIR-002877,primary,2024-07-12,NONE
ACC-03346,FIR-002878,primary,2024-07-31,NONE
ACC-01860,FIR-002879,primary,2024-07-14,PENDING
ACC-00284,FIR-002880,primary,2024-08-08,NONE
ACC-04384,FIR-002881,primary,2024-08-02,ISSUED
ACC-03324,FIR-002881,suspect,2024-08-02,PENDING
ACC-03219,FIR-002882,primary,2024-08-25,NONE
ACC-03096,FIR-002882,suspect,2024-08-25,NONE
ACC-04342,FIR-002883,primary,2024-08-07,ISSUED
ACC-01933,FIR-002884,primary,2024-08-16,EXECUTED
ACC-01340,FIR-002885,primary,2024-09-27,NONE
ACC-01844,FIR-002886,primary,2024-09-04,NONE
ACC-03106,FIR-002887,primary,2024-09-05,ISSUED
ACC-00200,FIR-002888,primary,2024-09-13,NONE
ACC-02242,FIR-002889,primary,2024-09-14,NONE
ACC-00015,FIR-002890,primary,2024-10-28,NONE
ACC-04140,FIR-002890,suspect,2024-10-28,NONE
ACC-03328,FIR-002891,primary,2024-10-01,ISSUED
ACC-02196,FIR-002892,primary,2024-10-23,ISSUED
ACC-01138,FIR-002892,suspect,2024-10-23,NONE
ACC-04008,FIR-002893,primary,2024-10-18,PENDING
ACC-00781,FIR-002894,primary,2024-10-24,NONE
ACC-02996,FIR-002894,secondary,2024-10-24,NONE
ACC-01014,FIR-002895,primary,2024-11-29,NONE
ACC-01225,FIR-002896,primary,2024-11-09,ISSUED
ACC-01446,FIR-002897,primary,2024-11-25,EXECUTED
ACC-00938,FIR-002898,primary,2024-11-30,NONE
ACC-03026,FIR-002899,primary,2024-11-19,NONE
ACC-04147,FIR-002899,secondary,2024-11-19,NONE
ACC-03905,FIR-002900,primary,2024-12-04,NONE
ACC-00803,FIR-002901,primary,2024-12-06,PENDING
ACC-03073,FIR-002901,suspect,2024-12-06,ISSUED
ACC-00293,FIR-002902,primary,2024-12-13,ISSUED
ACC-00536,FIR-002903,primary,2024-12-23,NONE
ACC-03949,FIR-002903,suspect,2024-12-23,PENDING
ACC-00094,FIR-002904,primary,2025-01-19,NONE
ACC-02757,FIR-002905,primary,2025-01-20,NONE
ACC-01166,FIR-002905,suspect,2025-01-20,ISSUED
ACC-02520,FIR-002906,primary,2025-01-01,NONE
ACC-00985,FIR-002907,primary,2025-01-14,ISSUED
ACC-00776,FIR-002907,secondary,2025-01-14,NONE
ACC-01481,FIR-002908,primary,2025-02-23,NONE
ACC-00722,FIR-002909,primary,2025-02-17,NONE
ACC-01398,FIR-002910,primary,2025-02-07,NONE
ACC-02938,FIR-002911,primary,2025-02-22,NONE
ACC-03959,FIR-002912,primary,2025-03-20,NONE
ACC-02212,FIR-002912,secondary,2025-03-20,ISSUED
ACC-01084,FIR-002913,primary,2025-03-26,ISSUED
ACC-03387,FIR-002914,primary,2025-03-24,NONE
ACC-03109,FIR-002914,suspect,2025-03-24,NONE
ACC-02498,FIR-002915,primary,2025-03-04,EXECUTED
ACC-03300,FIR-002916,primary,2025-04-28,NONE
ACC-04014,FIR-002917,primary,2025-04-26,ISSUED
ACC-02486,FIR-002917,suspect,2025-04-26,NONE
ACC-03187,FIR-002918,primary,2025-04-15,EXECUTED
ACC-03899,FIR-002918,suspect,2025-04-15,ISSUED
ACC-02384,FIR-002919,primary,2025-04-19,NONE
ACC-02974,FIR-002920,primary,2025-05-08,NONE
ACC-02084,FIR-002921,primary,2025-05-24,PENDING
ACC-03330,FIR-002922,primary,2025-05-24,NONE
ACC-00438,FIR-002922,suspect,2025-05-24,ISSUED
ACC-00733,FIR-002922,secondary,2025-05-24,ISSUED
ACC-03465,FIR-002923,primary,2025-05-14,PENDING
ACC-00375,FIR-002924,primary,2025-06-02,NONE
ACC-02491,FIR-002925,primary,2025-06-23,NONE
ACC-02080,FIR-002926,primary,2025-06-05,ISSUED
ACC-01755,FIR-002927,primary,2025-06-05,ISSUED
ACC-03920,FIR-002928,primary,2025-07-25,NONE
ACC-03865,FIR-002928,suspect,2025-07-25,NONE
ACC-03688,FIR-002929,primary,2025-07-18,ISSUED
ACC-03337,FIR-002930,primary,2025-07-05,NONE
ACC-00274,FIR-002931,primary,2025-07-01,NONE
ACC-04459,FIR-002931,suspect,2025-07-01,NONE
ACC-00877,FIR-002932,primary,2025-08-26,ISSUED
ACC-02716,FIR-002933,primary,2025-08-12,NONE
ACC-02157,FIR-002934,primary,2025-08-13,PENDING
ACC-00409,FIR-002935,primary,2025-08-15,NONE
ACC-03725,FIR-002935,suspect,2025-08-15,ISSUED
ACC-01614,FIR-002936,primary,2025-08-28,PENDING
ACC-03038,FIR-002936,secondary,2025-08-28,EXECUTED
ACC-03081,FIR-002937,primary,2025-09-19,NONE
ACC-02039,FIR-002938,primary,2025-09-14,NONE
ACC-00385,FIR-002939,primary,2025-09-12,NONE
ACC-01123,FIR-002939,suspect,2025-09-12,ISSUED
ACC-04229,FIR-002940,primary,2025-09-23,NONE
ACC-02252,FIR-002940,suspect,2025-09-23,NONE
ACC-01316,FIR-002941,primary,2025-09-18,NONE
ACC-01094,FIR-002942,primary,2025-10-08,NONE
ACC-00039,FIR-002943,primary,2025-10-15,ISSUED
ACC-02317,FIR-002944,primary,2025-10-30,PENDING
ACC-00534,FIR-002944,suspect,2025-10-30,PENDING
ACC-01553,FIR-002945,primary,2025-10-31,NONE
ACC-02288,FIR-002945,suspect,2025-10-31,NONE
ACC-00117,FIR-002946,primary,2025-10-03,NONE
ACC-00291,FIR-002947,primary,2025-11-06,PENDING
ACC-03038,FIR-002947,secondary,2025-11-06,ISSUED
ACC-01110,FIR-002948,primary,2025-11-12,ISSUED
ACC-03778,FIR-002949,primary,2025-11-02,PENDING
ACC-00568,FIR-002949,suspect,2025-11-02,NONE
ACC-01362,FIR-002950,primary,2025-11-22,EXECUTED
ACC-04208,FIR-002950,suspect,2025-11-22,EXECUTED
ACC-02166,FIR-002951,primary,2025-11-23,NONE
ACC-02201,FIR-002952,primary,2025-12-15,NONE
ACC-00176,FIR-002953,primary,2025-12-03,NONE
ACC-04454,FIR-002954,primary,2025-12-13,NONE
ACC-02037,FIR-002955,primary,2025-12-17,NONE
ACC-01727,FIR-002956,primary,2021-01-02,NONE
ACC-03092,FIR-002957,primary,2021-02-18,ISSUED
ACC-00561,FIR-002958,primary,2021-03-23,EXECUTED
ACC-01033,FIR-002959,primary,2021-04-05,NONE
ACC-01618,FIR-002959,secondary,2021-04-05,NONE
ACC-01042,FIR-002960,primary,2021-05-31,ISSUED
ACC-00610,FIR-002961,primary,2021-06-27,NONE
ACC-02052,FIR-002962,primary,2021-07-05,NONE
ACC-02774,FIR-002962,secondary,2021-07-05,PENDING
ACC-01035,FIR-002963,primary,2021-08-16,NONE
ACC-01373,FIR-002964,primary,2021-08-09,NONE
ACC-01136,FIR-002965,primary,2021-09-08,NONE
ACC-01654,FIR-002965,secondary,2021-09-08,NONE
ACC-04385,FIR-002966,primary,2021-09-23,ISSUED
ACC-03898,FIR-002967,primary,2021-10-10,NONE
ACC-00294,FIR-002968,primary,2021-10-19,NONE
ACC-01334,FIR-002968,suspect,2021-10-19,ISSUED
ACC-01772,FIR-002968,suspect,2021-10-19,ISSUED
ACC-01329,FIR-002969,primary,2021-11-30,NONE
ACC-02576,FIR-002969,suspect,2021-11-30,NONE
ACC-02994,FIR-002969,secondary,2021-11-30,NONE
ACC-01491,FIR-002970,primary,2021-11-02,NONE
ACC-01462,FIR-002970,secondary,2021-11-02,NONE
ACC-01654,FIR-002970,secondary,2021-11-02,ISSUED
ACC-00411,FIR-002971,primary,2021-12-03,NONE
ACC-01359,FIR-002971,secondary,2021-12-03,EXECUTED
ACC-04446,FIR-002972,primary,2021-12-09,ISSUED
ACC-02730,FIR-002973,primary,2022-01-19,NONE
ACC-00901,FIR-002973,suspect,2022-01-19,NONE
ACC-00922,FIR-002974,primary,2022-02-18,NONE
ACC-01283,FIR-002975,primary,2022-03-12,ISSUED
ACC-01363,FIR-002976,primary,2022-04-06,NONE
ACC-03763,FIR-002976,suspect,2022-04-06,ISSUED
ACC-01113,FIR-002977,primary,2022-05-08,NONE
ACC-00647,FIR-002977,secondary,2022-05-08,NONE
ACC-02020,FIR-002978,primary,2022-06-28,NONE
ACC-00828,FIR-002978,secondary,2022-06-28,NONE
ACC-01416,FIR-002979,primary,2022-07-02,NONE
ACC-00223,FIR-002980,primary,2022-08-26,NONE
ACC-03585,FIR-002981,primary,2022-08-12,NONE
ACC-00569,FIR-002982,primary,2022-09-09,EXECUTED
ACC-04370,FIR-002983,primary,2022-09-14,NONE
ACC-01260,FIR-002984,primary,2022-10-15,NONE
ACC-03400,FIR-002985,primary,2022-10-13,NONE
ACC-01825,FIR-002986,primary,2022-11-04,PENDING
ACC-01529,FIR-002987,primary,2022-11-06,NONE
ACC-01055,FIR-002987,secondary,2022-11-06,NONE
ACC-00193,FIR-002987,suspect,2022-11-06,NONE
ACC-02669,FIR-002988,primary,2022-12-27,ISSUED
ACC-04458,FIR-002989,primary,2022-12-03,NONE
ACC-03946,FIR-002990,primary,2023-01-01,PENDING
ACC-03056,FIR-002991,primary,2023-02-28,ISSUED
ACC-00150,FIR-002992,primary,2023-03-03,ISSUED
ACC-02192,FIR-002992,suspect,2023-03-03,NONE
ACC-00843,FIR-002993,primary,2023-04-27,ISSUED
ACC-04178,FIR-002994,primary,2023-05-02,NONE
ACC-01618,FIR-002994,suspect,2023-05-02,NONE
ACC-03178,FIR-002995,primary,2023-06-06,NONE
ACC-02527,FIR-002995,suspect,2023-06-06,NONE
ACC-01931,FIR-002996,primary,2023-07-23,NONE
ACC-03542,FIR-002997,primary,2023-08-14,PENDING
ACC-02071,FIR-002998,primary,2023-08-08,PENDING
ACC-04156,FIR-002998,secondary,2023-08-08,ISSUED
ACC-02154,FIR-002999,primary,2023-09-09,EXECUTED
ACC-01173,FIR-003000,primary,2023-09-06,NONE
ACC-00324,FIR-003001,primary,2023-10-29,PENDING
ACC-02744,FIR-003002,primary,2023-10-19,EXECUTED
ACC-01334,FIR-003002,secondary,2023-10-19,ISSUED
ACC-00023,FIR-003003,primary,2023-11-24,NONE
ACC-00794,FIR-003003,secondary,2023-11-24,ISSUED
ACC-01510,FIR-003004,primary,2023-11-03,NONE
ACC-02033,FIR-003005,primary,2023-12-11,NONE
ACC-03022,FIR-003005,suspect,2023-12-11,ISSUED
ACC-04080,FIR-003006,primary,2023-12-01,ISSUED
ACC-01285,FIR-003007,primary,2024-01-24,NONE
ACC-02831,FIR-003008,primary,2024-02-17,NONE
ACC-03647,FIR-003009,primary,2024-03-11,ISSUED
ACC-02791,FIR-003009,secondary,2024-03-11,ISSUED
ACC-02354,FIR-003010,primary,2024-04-09,NONE
ACC-00499,FIR-003011,primary,2024-05-07,PENDING
ACC-01098,FIR-003012,primary,2024-06-04,ISSUED
ACC-03734,FIR-003013,primary,2024-07-30,NONE
ACC-00847,FIR-003014,primary,2024-08-11,NONE
ACC-02363,FIR-003015,primary,2024-08-17,NONE
ACC-00893,FIR-003016,primary,2024-09-24,ISSUED
ACC-00743,FIR-003016,suspect,2024-09-24,ISSUED
ACC-00334,FIR-003017,primary,2024-09-22,NONE
ACC-02047,FIR-003018,primary,2024-10-02,NONE
ACC-03022,FIR-003018,suspect,2024-10-02,NONE
ACC-00496,FIR-003019,primary,2024-10-25,NONE
ACC-01022,FIR-003019,secondary,2024-10-25,ISSUED
ACC-03837,FIR-003019,suspect,2024-10-25,NONE
ACC-00629,FIR-003020,primary,2024-11-29,NONE
ACC-02524,FIR-003020,suspect,2024-11-29,NONE
ACC-02557,FIR-003021,primary,2024-11-26,NONE
ACC-03379,FIR-003022,primary,2024-12-03,NONE
ACC-00195,FIR-003022,secondary,2024-12-03,NONE
ACC-03558,FIR-003023,primary,2024-12-16,ISSUED
ACC-01456,FIR-003023,suspect,2024-12-16,NONE
ACC-04078,FIR-003023,secondary,2024-12-16,EXECUTED
ACC-01484,FIR-003024,primary,2025-01-28,NONE
ACC-01456,FIR-003024,suspect,2025-01-28,NONE
ACC-00279,FIR-003025,primary,2025-02-19,NONE
ACC-01866,FIR-003026,primary,2025-03-09,EXECUTED
ACC-01462,FIR-003026,secondary,2025-03-09,NONE
ACC-00651,FIR-003027,primary,2025-04-19,NONE
ACC-02192,FIR-003027,secondary,2025-04-19,ISSUED
ACC-02882,FIR-003028,primary,2025-05-23,NONE
ACC-00901,FIR-003028,suspect,2025-05-23,PENDING
ACC-02070,FIR-003028,secondary,2025-05-23,NONE
ACC-01928,FIR-003029,primary,2025-06-01,NONE
ACC-03897,FIR-003029,secondary,2025-06-01,NONE
ACC-01040,FIR-003030,primary,2025-07-31,EXECUTED
ACC-02278,FIR-003030,secondary,2025-07-31,PENDING
ACC-04355,FIR-003030,secondary,2025-07-31,NONE
ACC-02884,FIR-003031,primary,2025-08-18,NONE
ACC-00338,FIR-003031,suspect,2025-08-18,ISSUED
ACC-01970,FIR-003032,primary,2025-08-09,PENDING
ACC-00775,FIR-003032,secondary,2025-08-09,NONE
ACC-04231,FIR-003033,primary,2025-09-25,ISSUED
ACC-02285,FIR-003034,primary,2025-09-23,NONE
ACC-02570,FIR-003035,primary,2025-10-30,NONE
ACC-00510,FIR-003036,primary,2025-10-25,PENDING
ACC-03001,FIR-003037,primary,2025-11-18,PENDING
ACC-01396,FIR-003038,primary,2025-11-06,ISSUED
ACC-01055,FIR-003038,secondary,2025-11-06,ISSUED
ACC-00208,FIR-003039,primary,2025-12-26,NONE
ACC-03327,FIR-003040,primary,2025-12-22,NONE
ACC-00570,FIR-003040,suspect,2025-12-22,NONE
ACC-01408,FIR-003040,secondary,2025-12-22,PENDING
ACC-02850,FIR-003041,primary,2021-01-06,NONE
ACC-03408,FIR-003042,primary,2021-02-19,NONE
ACC-04308,FIR-003043,primary,2021-03-07,EXECUTED
ACC-00049,FIR-003043,suspect,2021-03-07,PENDING
ACC-03556,FIR-003043,suspect,2021-03-07,ISSUED
ACC-02109,FIR-003044,primary,2021-04-04,PENDING
ACC-02632,FIR-003045,primary,2021-05-04,NONE
ACC-03441,FIR-003046,primary,2021-06-24,NONE
ACC-02224,FIR-003046,secondary,2021-06-24,NONE
ACC-00370,FIR-003047,primary,2021-07-06,NONE
ACC-02668,FIR-003048,primary,2021-08-30,ISSUED
ACC-02584,FIR-003048,secondary,2021-08-30,ISSUED
ACC-00983,FIR-003049,primary,2021-08-11,NONE
ACC-00071,FIR-003050,primary,2021-09-27,NONE
ACC-03188,FIR-003051,primary,2021-09-10,EXECUTED
ACC-02224,FIR-003051,suspect,2021-09-10,ISSUED
ACC-01087,FIR-003052,primary,2021-10-09,PENDING
ACC-03526,FIR-003052,secondary,2021-10-09,ISSUED
ACC-04401,FIR-003053,primary,2021-10-03,NONE
ACC-01955,FIR-003053,suspect,2021-10-03,PENDING
ACC-00501,FIR-003054,primary,2021-11-15,NONE
ACC-00434,FIR-003055,primary,2021-11-07,ISSUED
ACC-03854,FIR-003055,suspect,2021-11-07,ISSUED
ACC-01534,FIR-003056,primary,2021-12-08,NONE
ACC-01621,FIR-003056,suspect,2021-12-08,NONE
ACC-03423,FIR-003057,primary,2021-12-02,NONE
ACC-01480,FIR-003058,primary,2022-01-04,NONE
ACC-03793,FIR-003059,primary,2022-02-17,PENDING
ACC-01192,FIR-003059,suspect,2022-02-17,NONE
ACC-03773,FIR-003060,primary,2022-03-03,NONE
ACC-01887,FIR-003060,suspect,2022-03-03,NONE
ACC-02178,FIR-003060,secondary,2022-03-03,NONE
ACC-03102,FIR-003061,primary,2022-04-09,NONE
ACC-04381,FIR-003062,primary,2022-05-07,NONE
ACC-00426,FIR-003063,primary,2022-06-18,NONE
ACC-02788,FIR-003063,suspect,2022-06-18,ISSUED
ACC-03911,FIR-003064,primary,2022-07-20,NONE
ACC-00950,FIR-003064,secondary,2022-07-20,NONE
ACC-01077,FIR-003065,primary,2022-08-20,NONE
ACC-02344,FIR-003065,secondary,2022-08-20,NONE
ACC-03336,FIR-003066,primary,2022-08-07,ISSUED
ACC-04257,FIR-003067,primary,2022-09-28,NONE
ACC-01134,FIR-003068,primary,2022-09-22,NONE
ACC-01955,FIR-003068,suspect,2022-09-22,NONE
ACC-03819,FIR-003069,primary,2022-10-31,NONE
ACC-01621,FIR-003069,secondary,2022-10-31,ISSUED
ACC-04186,FIR-003070,primary,2022-10-07,NONE
ACC-03989,FIR-003071,primary,2022-11-20,NONE
ACC-00542,FIR-003072,primary,2022-11-23,NONE
ACC-01262,FIR-003072,secondary,2022-11-23,NONE
ACC-02379,FIR-003073,primary,2022-12-26,NONE
ACC-04309,FIR-003074,primary,2022-12-15,NONE
ACC-00982,FIR-003075,primary,2023-01-06,NONE
ACC-04174,FIR-003076,primary,2023-02-19,NONE
ACC-01600,FIR-003077,primary,2023-03-06,NONE
ACC-01704,FIR-003078,primary,2023-04-22,NONE
ACC-04157,FIR-003079,primary,2023-05-02,NONE
ACC-03431,FIR-003080,primary,2023-06-27,ISSUED
ACC-03765,FIR-003081,primary,2023-07-19,NONE
ACC-01298,FIR-003082,primary,2023-08-25,NONE
ACC-02497,FIR-003083,primary,2023-08-13,NONE
ACC-01505,FIR-003084,primary,2023-09-30,NONE
ACC-02236,FIR-003085,primary,2023-09-13,NONE
ACC-03600,FIR-003085,secondary,2023-09-13,PENDING
ACC-01554,FIR-003086,primary,2023-10-14,NONE
ACC-03715,FIR-003086,secondary,2023-10-14,NONE
ACC-00659,FIR-003087,primary,2023-10-26,PENDING
ACC-01246,FIR-003088,primary,2023-11-02,NONE
ACC-00632,FIR-003089,primary,2023-11-02,NONE
ACC-00830,FIR-003090,primary,2023-12-17,NONE
ACC-02774,FIR-003090,secondary,2023-12-17,NONE
ACC-01544,FIR-003091,primary,2023-12-05,ISSUED
ACC-02305,FIR-003091,secondary,2023-12-05,NONE
ACC-00609,FIR-003092,primary,2024-01-26,NONE
ACC-02274,FIR-003092,suspect,2024-01-26,PENDING
ACC-03567,FIR-003092,suspect,2024-01-26,NONE
ACC-02702,FIR-003093,primary,2024-02-13,ISSUED
ACC-03910,FIR-003094,primary,2024-03-10,PENDING
ACC-00806,FIR-003094,suspect,2024-03-10,NONE
ACC-03190,FIR-003094,suspect,2024-03-10,NONE
ACC-01348,FIR-003095,primary,2024-04-24,NONE
ACC-00806,FIR-003095,suspect,2024-04-24,NONE
ACC-03981,FIR-003095,secondary,2024-04-24,ISSUED
ACC-00045,FIR-003096,primary,2024-05-15,NONE
ACC-03316,FIR-003097,primary,2024-06-14,NONE
ACC-01852,FIR-003098,primary,2024-07-05,NONE
ACC-04413,FIR-003099,primary,2024-08-12,NONE
ACC-00323,FIR-003100,primary,2024-08-07,NONE
ACC-01940,FIR-003101,primary,2024-09-25,NONE
ACC-00339,FIR-003102,primary,2024-09-05,NONE
ACC-03167,FIR-003103,primary,2024-10-02,NONE
ACC-03666,FIR-003104,primary,2024-10-09,NONE
ACC-02725,FIR-003105,primary,2024-11-22,NONE
ACC-02580,FIR-003106,primary,2024-11-08,PENDING
ACC-04204,FIR-003106,suspect,2024-11-08,NONE
ACC-00140,FIR-003107,primary,2024-12-14,NONE
ACC-02508,FIR-003108,primary,2024-12-31,NONE
ACC-01406,FIR-003109,primary,2025-01-21,ISSUED
ACC-01848,FIR-003110,primary,2025-02-24,EXECUTED
ACC-03469,FIR-003110,suspect,2025-02-24,NONE
ACC-04283,FIR-003111,primary,2025-03-20,NONE
ACC-03514,FIR-003111,suspect,2025-03-20,NONE
ACC-01468,FIR-003112,primary,2025-04-24,NONE
ACC-00041,FIR-003113,primary,2025-05-20,ISSUED
ACC-03437,FIR-003113,secondary,2025-05-20,EXECUTED
ACC-02897,FIR-003114,primary,2025-06-14,NONE
ACC-03452,FIR-003115,primary,2025-07-04,NONE
ACC-03526,FIR-003115,secondary,2025-07-04,NONE
ACC-02978,FIR-003116,primary,2025-08-12,NONE
ACC-04321,FIR-003117,primary,2025-08-07,NONE
ACC-00362,FIR-003118,primary,2025-09-29,NONE
ACC-04445,FIR-003118,secondary,2025-09-29,ISSUED
ACC-02803,FIR-003119,primary,2025-09-02,NONE
ACC-03244,FIR-003120,primary,2025-10-08,ISSUED
ACC-02275,FIR-003121,primary,2025-10-30,ISSUED
ACC-02301,FIR-003122,primary,2025-11-09,NONE
ACC-00414,FIR-003123,primary,2025-11-20,NONE
ACC-00049,FIR-003123,suspect,2025-11-20,ISSUED
ACC-03193,FIR-003124,primary,2025-12-24,NONE
ACC-00289,FIR-003124,secondary,2025-12-24,NONE
ACC-01290,FIR-003125,primary,2025-12-25,NONE
ACC-03130,FIR-003126,primary,2021-01-25,EXECUTED
ACC-02402,FIR-003126,secondary,2021-01-25,ISSUED
ACC-00298,FIR-003126,secondary,2021-01-25,NONE
ACC-00571,FIR-003127,primary,2021-02-01,PENDING
ACC-01898,FIR-003127,suspect,2021-02-01,PENDING
ACC-00080,FIR-003128,primary,2021-03-19,NONE
ACC-02750,FIR-003129,primary,2021-04-18,NONE
ACC-02737,FIR-003130,primary,2021-05-17,NONE
ACC-01017,FIR-003131,primary,2021-06-01,PENDING
ACC-01684,FIR-003131,secondary,2021-06-01,NONE
ACC-00776,FIR-003131,secondary,2021-06-01,PENDING
ACC-02146,FIR-003132,primary,2021-07-18,NONE
ACC-02752,FIR-003133,primary,2021-08-09,NONE
ACC-03777,FIR-003133,secondary,2021-08-09,NONE
ACC-00282,FIR-003134,primary,2021-08-30,ISSUED
ACC-02875,FIR-003135,primary,2021-09-04,NONE
ACC-02800,FIR-003135,suspect,2021-09-04,NONE
ACC-01602,FIR-003135,secondary,2021-09-04,NONE
ACC-00773,FIR-003136,primary,2021-09-30,NONE
ACC-04273,FIR-003137,primary,2021-10-06,NONE
ACC-00844,FIR-003137,suspect,2021-10-06,NONE
ACC-02329,FIR-003138,primary,2021-10-31,NONE
ACC-03078,FIR-003138,suspect,2021-10-31,NONE
ACC-02901,FIR-003139,primary,2021-11-06,NONE
ACC-02625,FIR-003139,secondary,2021-11-06,ISSUED
ACC-03617,FIR-003140,primary,2021-11-28,NONE
ACC-03034,FIR-003140,secondary,2021-11-28,NONE
ACC-03004,FIR-003140,secondary,2021-11-28,NONE
ACC-01328,FIR-003141,primary,2021-12-26,NONE
ACC-02113,FIR-003141,secondary,2021-12-26,NONE
ACC-04282,FIR-003142,primary,2021-12-16,ISSUED
ACC-02312,FIR-003143,primary,2022-01-21,ISSUED
ACC-04101,FIR-003144,primary,2022-02-28,NONE
ACC-00158,FIR-003145,primary,2022-03-17,NONE
ACC-03625,FIR-003146,primary,2022-04-07,NONE
ACC-00352,FIR-003147,primary,2022-05-13,NONE
ACC-01219,FIR-003148,primary,2022-06-03,NONE
ACC-01595,FIR-003148,suspect,2022-06-03,PENDING
ACC-03395,FIR-003149,primary,2022-07-15,NONE
ACC-02104,FIR-003149,suspect,2022-07-15,NONE
ACC-00688,FIR-003150,primary,2022-08-13,NONE
ACC-03157,FIR-003150,secondary,2022-08-13,NONE
ACC-03985,FIR-003151,primary,2022-08-30,NONE
ACC-02989,FIR-003151,suspect,2022-08-30,EXECUTED
ACC-00594,FIR-003151,suspect,2022-08-30,NONE
ACC-01842,FIR-003152,primary,2022-09-20,PENDING
ACC-02958,FIR-003152,suspect,2022-09-20,NONE
ACC-01549,FIR-003153,primary,2022-09-15,NONE
ACC-02397,FIR-003153,secondary,2022-09-15,NONE
ACC-02719,FIR-003154,primary,2022-10-01,ISSUED
ACC-03705,FIR-003155,primary,2022-10-06,EXECUTED
ACC-03376,FIR-003155,suspect,2022-10-06,EXECUTED
ACC-01119,FIR-003156,primary,2022-11-19,PENDING
ACC-00038,FIR-003156,suspect,2022-11-19,ISSUED
ACC-00835,FIR-003157,primary,2022-11-17,NONE
ACC-03914,FIR-003157,suspect,2022-11-17,NONE
ACC-01613,FIR-003158,primary,2022-12-02,NONE
ACC-04137,FIR-003159,primary,2022-12-10,ISSUED
ACC-00996,FIR-003159,secondary,2022-12-10,EXECUTED
ACC-00007,FIR-003160,primary,2023-01-25,NONE
ACC-04142,FIR-003161,primary,2023-02-14,NONE
ACC-00594,FIR-003161,secondary,2023-02-14,PENDING
ACC-00366,FIR-003162,primary,2023-03-25,NONE
ACC-04243,FIR-003163,primary,2023-04-12,NONE
ACC-03071,FIR-003163,suspect,2023-04-12,NONE
ACC-01273,FIR-003164,primary,2023-05-26,NONE
ACC-03750,FIR-003164,suspect,2023-05-26,NONE
ACC-03477,FIR-003165,primary,2023-06-22,NONE
ACC-00257,FIR-003166,primary,2023-07-10,NONE
ACC-02113,FIR-003166,secondary,2023-07-10,NONE
ACC-00142,FIR-003167,primary,2023-08-28,ISSUED
ACC-00824,FIR-003168,primary,2023-08-13,NONE
ACC-00558,FIR-003168,suspect,2023-08-13,PENDING
ACC-00030,FIR-003169,primary,2023-09-22,NONE
ACC-01595,FIR-003169,suspect,2023-09-22,NONE
ACC-03162,FIR-003169,suspect,2023-09-22,NONE
ACC-00736,FIR-003170,primary,2023-09-22,NONE
ACC-03550,FIR-003171,primary,2023-10-27,NONE
ACC-03375,FIR-003172,primary,2023-10-20,NONE
ACC-02507,FIR-003173,primary,2023-11-20,NONE
ACC-02200,FIR-003174,primary,2023-11-06,ISSUED
ACC-00844,FIR-003174,suspect,2023-11-06,NONE
ACC-00407,FIR-003175,primary,2023-12-14,NONE
ACC-04386,FIR-003176,primary,2023-12-21,NONE
ACC-00600,FIR-003177,primary,2024-01-10,NONE
ACC-03635,FIR-003177,suspect,2024-01-10,PENDING
ACC-00341,FIR-003178,primary,2024-02-19,NONE
ACC-01390,FIR-003178,suspect,2024-02-19,NONE
ACC-00145,FIR-003178,secondary,2024-02-19,NONE
ACC-03545,FIR-003179,primary,2024-03-23,NONE
ACC-02832,FIR-003180,primary,2024-04-18,NONE
ACC-02531,FIR-003181,primary,2024-05-26,ISSUED
ACC-01684,FIR-003181,secondary,2024-05-26,NONE
ACC-00179,FIR-003182,primary,2024-06-29,NONE
ACC-02451,FIR-003182,secondary,2024-06-29,NONE
ACC-01965,FIR-003183,primary,2024-07-20,NONE
ACC-02276,FIR-003184,primary,2024-08-05,NONE
ACC-02625,FIR-003184,secondary,2024-08-05,ISSUED
ACC-04402,FIR-003185,primary,2024-08-09,NONE
ACC-03822,FIR-003186,primary,2024-09-21,NONE
ACC-00002,FIR-003187,primary,2024-09-17,ISSUED
ACC-02180,FIR-003188,primary,2024-10-15,NONE
ACC-01390,FIR-003188,secondary,2024-10-15,NONE
ACC-00132,FIR-003188,secondary,2024-10-15,NONE
ACC-02999,FIR-003189,primary,2024-10-31,NONE
ACC-02830,FIR-003189,secondary,2024-10-31,NONE
ACC-00620,FIR-003189,secondary,2024-10-31,NONE
ACC-01541,FIR-003190,primary,2024-11-19,PENDING
ACC-02232,FIR-003191,primary,2024-11-29,NONE
ACC-03094,FIR-003192,primary,2024-12-08,NONE
ACC-02830,FIR-003192,secondary,2024-12-08,NONE
ACC-02720,FIR-003193,primary,2024-12-04,NONE
ACC-01898,FIR-003193,suspect,2024-12-04,NONE
ACC-01644,FIR-003193,suspect,2024-12-04,NONE
ACC-04327,FIR-003194,primary,2025-01-18,ISSUED
ACC-03127,FIR-003195,primary,2025-02-08,NONE
ACC-02046,FIR-003196,primary,2025-03-25,NONE
ACC-02158,FIR-003197,primary,2025-04-12,NONE
ACC-00777,FIR-003198,primary,2025-05-30,PENDING
ACC-03034,FIR-003198,secondary,2025-05-30,NONE
ACC-01459,FIR-003198,secondary,2025-05-30,NONE
ACC-02190,FIR-003199,primary,2025-06-10,NONE
ACC-00129,FIR-003200,primary,2025-07-22,NONE
ACC-02478,FIR-003200,suspect,2025-07-22,NONE
ACC-03800,FIR-003201,primary,2025-08-12,NONE
ACC-02478,FIR-003201,secondary,2025-08-12,EXECUTED
ACC-04415,FIR-003201,secondary,2025-08-12,PENDING
ACC-03847,FIR-003202,primary,2025-08-09,NONE
ACC-04106,FIR-003203,primary,2025-09-23,NONE
ACC-02880,FIR-003204,primary,2025-09-24,PENDING
ACC-01323,FIR-003205,primary,2025-10-23,NONE
ACC-03622,FIR-003206,primary,2025-10-03,NONE
ACC-03162,FIR-003206,secondary,2025-10-03,NONE
ACC-03359,FIR-003207,primary,2025-11-05,EXECUTED
ACC-03998,FIR-003208,primary,2025-11-09,NONE
ACC-02924,FIR-003209,primary,2025-12-14,NONE
ACC-02009,FIR-003210,primary,2025-12-24,NONE
ACC-02800,FIR-003210,suspect,2025-12-24,PENDING
ACC-02105,FIR-003210,suspect,2025-12-24,PENDING
ACC-02421,FIR-003211,primary,2021-01-12,NONE
ACC-01050,FIR-003212,primary,2021-02-14,PENDING
ACC-03965,FIR-003213,primary,2021-03-27,EXECUTED
ACC-04108,FIR-003213,suspect,2021-03-27,NONE
ACC-00224,FIR-003214,primary,2021-04-21,NONE
ACC-03152,FIR-003214,suspect,2021-04-21,NONE
ACC-00481,FIR-003215,primary,2021-05-25,PENDING
ACC-03253,FIR-003216,primary,2021-06-22,NONE
ACC-03504,FIR-003217,primary,2021-07-30,PENDING
ACC-04383,FIR-003217,secondary,2021-07-30,EXECUTED
ACC-03668,FIR-003218,primary,2021-08-10,NONE
ACC-04108,FIR-003218,secondary,2021-08-10,NONE
ACC-00751,FIR-003219,primary,2021-08-06,EXECUTED
ACC-02703,FIR-003220,primary,2021-09-11,NONE
ACC-03574,FIR-003220,suspect,2021-09-11,EXECUTED
ACC-03366,FIR-003221,primary,2021-09-06,NONE
ACC-00703,FIR-003222,primary,2021-10-14,NONE
ACC-03602,FIR-003223,primary,2021-10-12,NONE
ACC-04293,FIR-003224,primary,2021-11-04,EXECUTED
ACC-03661,FIR-003225,primary,2021-11-27,PENDING
ACC-04049,FIR-003226,primary,2021-12-05,NONE
ACC-01740,FIR-003226,suspect,2021-12-05,PENDING
ACC-03807,FIR-003226,secondary,2021-12-05,NONE
ACC-02734,FIR-003227,primary,2021-12-14,ISSUED
ACC-02499,FIR-003228,primary,2022-01-03,NONE
ACC-04456,FIR-003228,suspect,2022-01-03,NONE
ACC-00672,FIR-003229,primary,2022-02-20,NONE
ACC-01009,FIR-003230,primary,2022-03-26,EXECUTED
ACC-03591,FIR-003230,suspect,2022-03-26,NONE
ACC-02951,FIR-003231,primary,2022-04-12,NONE
ACC-03952,FIR-003232,primary,2022-05-15,NONE
ACC-03434,FIR-003232,secondary,2022-05-15,ISSUED
ACC-01532,FIR-003233,primary,2022-06-21,NONE
ACC-00292,FIR-003234,primary,2022-07-24,NONE
ACC-02466,FIR-003235,primary,2022-08-08,PENDING
ACC-02902,FIR-003236,primary,2022-08-15,NONE
ACC-02844,FIR-003236,secondary,2022-08-15,NONE
ACC-02151,FIR-003237,primary,2022-09-15,NONE
ACC-01699,FIR-003238,primary,2022-09-10,NONE
ACC-03198,FIR-003239,primary,2022-10-02,NONE
ACC-03509,FIR-003239,suspect,2022-10-02,NONE
ACC-01511,FIR-003240,primary,2022-10-30,NONE
ACC-00923,FIR-003241,primary,2022-11-19,PENDING
ACC-04383,FIR-003241,suspect,2022-11-19,NONE
ACC-03347,FIR-003242,primary,2022-11-27,NONE
ACC-02772,FIR-003243,primary,2022-12-17,NONE
ACC-01659,FIR-003244,primary,2022-12-20,PENDING
ACC-00779,FIR-003245,primary,2023-01-05,PENDING
ACC-00607,FIR-003245,secondary,2023-01-05,ISSUED
ACC-03713,FIR-003246,primary,2023-02-08,PENDING
ACC-04073,FIR-003246,secondary,2023-02-08,NONE
ACC-00673,FIR-003246,secondary,2023-02-08,ISSUED
ACC-02184,FIR-003247,primary,2023-03-15,NONE
ACC-00311,FIR-003247,secondary,2023-03-15,NONE
ACC-01164,FIR-003248,primary,2023-04-05,NONE
ACC-02647,FIR-003249,primary,2023-05-13,NONE
ACC-03598,FIR-003249,secondary,2023-05-13,ISSUED
ACC-02754,FIR-003250,primary,2023-06-20,PENDING
ACC-00377,FIR-003251,primary,2023-07-12,NONE
ACC-02837,FIR-003251,secondary,2023-07-12,ISSUED
ACC-04173,FIR-003252,primary,2023-08-17,NONE
ACC-00774,FIR-003253,primary,2023-08-26,PENDING
ACC-01386,FIR-003254,primary,2023-09-28,NONE
ACC-01387,FIR-003255,primary,2023-09-20,NONE
ACC-03324,FIR-003255,suspect,2023-09-20,NONE
ACC-04290,FIR-003256,primary,2023-10-23,NONE
ACC-03356,FIR-003257,primary,2023-10-16,NONE
ACC-01160,FIR-003258,primary,2023-11-25,NONE
ACC-01912,FIR-003259,primary,2023-11-25,NONE
ACC-02248,FIR-003260,primary,2023-12-04,NONE
ACC-03268,FIR-003261,primary,2023-12-25,PENDING
ACC-04095,FIR-003261,secondary,2023-12-25,NONE
ACC-00133,FIR-003262,primary,2024-01-08,ISSUED
ACC-02540,FIR-003262,secondary,2024-01-08,NONE
ACC-01612,FIR-003262,secondary,2024-01-08,NONE
ACC-04100,FIR-003263,primary,2024-02-15,ISSUED
ACC-02495,FIR-003264,primary,2024-03-24,NONE
ACC-02318,FIR-003265,primary,2024-04-01,NONE
ACC-01280,FIR-003266,primary,2024-05-17,NONE
ACC-03598,FIR-003266,secondary,2024-05-17,ISSUED
ACC-03747,FIR-003266,suspect,2024-05-17,NONE
ACC-00621,FIR-003267,primary,2024-06-02,NONE
ACC-04363,FIR-003268,primary,2024-07-07,NONE
ACC-02634,FIR-003269,primary,2024-08-11,NONE
ACC-02038,FIR-003270,primary,2024-08-31,PENDING
ACC-02844,FIR-003270,secondary,2024-08-31,NONE
ACC-04216,FIR-003271,primary,2024-09-10,NONE
ACC-03563,FIR-003271,secondary,2024-09-10,NONE
ACC-03159,FIR-003271,secondary,2024-09-10,NONE
ACC-00175,FIR-003272,primary,2024-09-05,PENDING
ACC-01983,FIR-003272,secondary,2024-09-05,NONE
ACC-01628,FIR-003273,primary,2024-10-08,ISSUED
ACC-03508,FIR-003273,secondary,2024-10-08,NONE
ACC-02269,FIR-003274,primary,2024-10-31,ISSUED
ACC-01312,FIR-003274,secondary,2024-10-31,NONE
ACC-01327,FIR-003275,primary,2024-11-17,NONE
ACC-01469,FIR-003276,primary,2024-11-21,NONE
ACC-01706,FIR-003276,suspect,2024-11-21,NONE
ACC-03426,FIR-003277,primary,2024-12-14,NONE
ACC-04414,FIR-003278,primary,2024-12-06,NONE
ACC-03563,FIR-003278,suspect,2024-12-06,ISSUED
ACC-03217,FIR-003278,secondary,2024-12-06,NONE
ACC-04422,FIR-003279,primary,2025-01-17,EXECUTED
ACC-01433,FIR-003280,primary,2025-02-02,NONE
ACC-03714,FIR-003280,secondary,2025-02-02,NONE
ACC-03064,FIR-003281,primary,2025-03-08,NONE
ACC-00471,FIR-003282,primary,2025-04-25,NONE
ACC-01448,FIR-003282,secondary,2025-04-25,NONE
ACC-01667,FIR-003282,suspect,2025-04-25,NONE
ACC-01331,FIR-003283,primary,2025-05-10,ISSUED
ACC-02504,FIR-003284,primary,2025-06-21,ISSUED
ACC-03237,FIR-003285,primary,2025-07-24,NONE
ACC-03152,FIR-003285,secondary,2025-07-24,NONE
ACC-04127,FIR-003286,primary,2025-08-10,ISSUED
ACC-03368,FIR-003287,primary,2025-08-23,PENDING
ACC-02859,FIR-003288,primary,2025-09-16,NONE
ACC-01740,FIR-003288,secondary,2025-09-16,NONE
ACC-01131,FIR-003289,primary,2025-09-26,ISSUED
ACC-01448,FIR-003289,suspect,2025-09-26,NONE
ACC-03747,FIR-003289,suspect,2025-09-26,NONE
ACC-03118,FIR-003290,primary,2025-10-04,NONE
ACC-03509,FIR-003290,suspect,2025-10-04,NONE
ACC-01093,FIR-003291,primary,2025-10-22,EXECUTED
ACC-03355,FIR-003292,primary,2025-11-24,NONE
ACC-03700,FIR-003292,secondary,2025-11-24,NONE
ACC-03256,FIR-003293,primary,2025-11-28,NONE
ACC-02540,FIR-003293,suspect,2025-11-28,PENDING
ACC-00074,FIR-003293,suspect,2025-11-28,PENDING
ACC-02760,FIR-003294,primary,2025-12-14,ISSUED
ACC-03574,FIR-003294,suspect,2025-12-14,NONE
ACC-03611,FIR-003294,suspect,2025-12-14,NONE
ACC-02749,FIR-003295,primary,2025-12-13,NONE
ACC-01706,FIR-003295,suspect,2025-12-13,NONE
ACC-04073,FIR-003295,secondary,2025-12-13,PENDING
ACC-04435,FIR-003296,primary,2021-01-18,ISSUED
ACC-02307,FIR-003296,suspect,2021-01-18,EXECUTED
ACC-03812,FIR-003297,primary,2021-02-05,NONE
ACC-01347,FIR-003297,suspect,2021-02-05,NONE
ACC-00160,FIR-003298,primary,2021-03-10,NONE
ACC-03665,FIR-003299,primary,2021-04-06,ISSUED
ACC-02903,FIR-003300,primary,2021-05-27,PENDING
ACC-00083,FIR-003300,secondary,2021-05-27,NONE
ACC-02525,FIR-003301,primary,2021-06-15,NONE
ACC-00447,FIR-003302,primary,2021-07-14,NONE
ACC-02185,FIR-003303,primary,2021-08-29,NONE
ACC-01669,FIR-003303,secondary,2021-08-29,NONE
ACC-03384,FIR-003303,secondary,2021-08-29,NONE
ACC-03436,FIR-003304,primary,2021-08-11,NONE
ACC-02729,FIR-003304,suspect,2021-08-11,ISSUED
ACC-03903,FIR-003304,suspect,2021-08-11,NONE
ACC-00599,FIR-003305,primary,2021-09-15,NONE
ACC-03240,FIR-003306,primary,2021-09-23,ISSUED
ACC-04238,FIR-003307,primary,2021-10-02,NONE
ACC-00216,FIR-003308,primary,2021-10-20,PENDING
ACC-00506,FIR-003309,primary,2021-11-15,NONE
ACC-03031,FIR-003309,secondary,2021-11-15,NONE
ACC-03370,FIR-003310,primary,2021-11-29,NONE
ACC-03906,FIR-003311,primary,2021-12-03,EXECUTED
ACC-03401,FIR-003312,primary,2021-12-08,ISSUED
ACC-01921,FIR-003313,primary,2022-01-19,NONE
ACC-00383,FIR-003314,primary,2022-02-02,NONE
ACC-01347,FIR-003314,suspect,2022-02-02,ISSUED
ACC-04305,FIR-003314,suspect,2022-02-02,NONE
ACC-00559,FIR-003315,primary,2022-03-03,EXECUTED
ACC-00229,FIR-003315,secondary,2022-03-03,NONE
ACC-01678,FIR-003316,primary,2022-04-05,NONE
ACC-00229,FIR-003316,suspect,2022-04-05,NONE
ACC-02794,FIR-003316,secondary,2022-04-05,NONE
ACC-02681,FIR-003317,primary,2022-05-07,NONE
ACC-03826,FIR-003318,primary,2022-06-25,NONE
ACC-00097,FIR-003319,primary,2022-07-21,NONE
ACC-04160,FIR-003320,primary,2022-08-31,NONE
ACC-01467,FIR-003321,primary,2022-08-14,NONE
ACC-02429,FIR-003322,primary,2022-09-17,NONE
ACC-04126,FIR-003323,primary,2022-09-02,NONE
ACC-00837,FIR-003324,primary,2022-10-25,NONE
ACC-00545,FIR-003324,secondary,2022-10-25,NONE
ACC-01543,FIR-003325,primary,2022-10-14,NONE
ACC-03249,FIR-003325,secondary,2022-10-14,PENDING
ACC-01088,FIR-003326,primary,2022-11-03,PENDING
ACC-04256,FIR-003327,primary,2022-11-27,NONE
ACC-00374,FIR-003328,primary,2022-12-08,PENDING
ACC-02328,FIR-003329,primary,2022-12-21,NONE
ACC-02164,FIR-003329,suspect,2022-12-21,NONE
ACC-04179,FIR-003330,primary,2023-01-20,NONE
ACC-02096,FIR-003330,suspect,2023-01-20,NONE
ACC-01108,FIR-003331,primary,2023-02-10,PENDING
ACC-00935,FIR-003331,suspect,2023-02-10,ISSUED
ACC-03830,FIR-003332,primary,2023-03-31,NONE
ACC-00607,FIR-003332,secondary,2023-03-31,ISSUED
ACC-02907,FIR-003333,primary,2023-04-09,NONE
ACC-03722,FIR-003334,primary,2023-05-10,ISSUED
ACC-00960,FIR-003334,secondary,2023-05-10,NONE
ACC-03584,FIR-003334,suspect,2023-05-10,PENDING
ACC-00190,FIR-003335,primary,2023-06-11,NONE
ACC-03984,FIR-003335,secondary,2023-06-11,NONE
ACC-03681,FIR-003336,primary,2023-07-10,NONE
ACC-03406,FIR-003337,primary,2023-08-16,NONE
ACC-03886,FIR-003338,primary,2023-08-01,NONE
ACC-01816,FIR-003339,primary,2023-09-16,NONE
ACC-02909,FIR-003339,suspect,2023-09-16,NONE
ACC-00785,FIR-003340,primary,2023-09-02,NONE
ACC-03149,FIR-003340,secondary,2023-09-02,ISSUED
ACC-00507,FIR-003341,primary,2023-10-02,NONE
ACC-02061,FIR-003341,secondary,2023-10-02,NONE
ACC-02940,FIR-003341,secondary,2023-10-02,NONE
ACC-00980,FIR-003342,primary,2023-10-30,NONE
ACC-03149,FIR-003342,secondary,2023-10-30,NONE
ACC-00121,FIR-003343,primary,2023-11-30,ISSUED
ACC-01855,FIR-003343,suspect,2023-11-30,NONE
ACC-04297,FIR-003344,primary,2023-11-19,ISSUED
ACC-02061,FIR-003344,suspect,2023-11-19,NONE
ACC-01100,FIR-003345,primary,2023-12-13,NONE
ACC-03720,FIR-003346,primary,2023-12-26,PENDING
ACC-03168,FIR-003347,primary,2024-01-20,NONE
ACC-02673,FIR-003348,primary,2024-02-03,ISSUED
ACC-01383,FIR-003349,primary,2024-03-06,NONE
ACC-00220,FIR-003350,primary,2024-04-23,PENDING
ACC-03263,FIR-003350,secondary,2024-04-23,NONE
ACC-03627,FIR-003351,primary,2024-05-17,NONE
ACC-01335,FIR-003352,primary,2024-06-05,PENDING
ACC-01071,FIR-003352,suspect,2024-06-05,NONE
ACC-00034,FIR-003353,primary,2024-07-10,NONE
ACC-00545,FIR-003353,secondary,2024-07-10,NONE
ACC-03749,FIR-003354,primary,2024-08-30,NONE
ACC-03002,FIR-003354,suspect,2024-08-30,NONE
ACC-01051,FIR-003355,primary,2024-08-10,NONE
ACC-03984,FIR-003355,suspect,2024-08-10,NONE
ACC-02593,FIR-003356,primary,2024-09-23,NONE
ACC-01259,FIR-003357,primary,2024-09-05,PENDING
ACC-02143,FIR-003358,primary,2024-10-18,NONE
ACC-02327,FIR-003359,primary,2024-10-24,NONE
ACC-02729,FIR-003359,secondary,2024-10-24,NONE
ACC-00305,FIR-003360,primary,2024-11-25,ISSUED
ACC-03584,FIR-003360,secondary,2024-11-25,PENDING
ACC-02799,FIR-003361,primary,2024-11-07,NONE
ACC-02906,FIR-003362,primary,2024-12-15,NONE
ACC-02174,FIR-003363,primary,2024-12-02,NONE
ACC-04375,FIR-003364,primary,2025-01-30,NONE
ACC-00906,FIR-003365,primary,2025-02-16,NONE
ACC-01374,FIR-003366,primary,2025-03-04,NONE
ACC-00961,FIR-003367,primary,2025-04-24,NONE
ACC-00648,FIR-003368,primary,2025-05-09,NONE
ACC-02195,FIR-003369,primary,2025-06-13,NONE
ACC-00664,FIR-003370,primary,2025-07-01,NONE
ACC-00960,FIR-003370,secondary,2025-07-01,NONE
ACC-00038,FIR-003370,suspect,2025-07-01,NONE
ACC-03499,FIR-003371,primary,2025-08-23,NONE
ACC-04306,FIR-003371,suspect,2025-08-23,NONE
ACC-02388,FIR-003372,primary,2025-08-11,NONE
ACC-00132,FIR-003372,secondary,2025-08-11,NONE
ACC-04079,FIR-003373,primary,2025-09-12,NONE
ACC-00201,FIR-003374,primary,2025-09-23,ISSUED
ACC-03011,FIR-003374,secondary,2025-09-23,PENDING
ACC-03042,FIR-003374,secondary,2025-09-23,ISSUED
ACC-00194,FIR-003375,primary,2025-10-07,ISSUED
ACC-00815,FIR-003376,primary,2025-10-16,NONE
ACC-01736,FIR-003377,primary,2025-11-25,PENDING
ACC-03903,FIR-003377,secondary,2025-11-25,NONE
ACC-00167,FIR-003377,secondary,2025-11-25,PENDING
ACC-04347,FIR-003378,primary,2025-11-02,NONE
ACC-01555,FIR-003378,suspect,2025-11-02,EXECUTED
ACC-00645,FIR-003379,primary,2025-12-19,NONE
ACC-02559,FIR-003380,primary,2025-12-20,NONE
ACC-03913,FIR-003381,primary,2021-01-06,ISSUED
ACC-01954,FIR-003382,primary,2021-02-21,NONE
ACC-00552,FIR-003383,primary,2021-03-18,NONE
ACC-01698,FIR-003384,primary,2021-04-17,NONE
ACC-03294,FIR-003385,primary,2021-05-22,NONE
ACC-02057,FIR-003386,primary,2021-06-14,NONE
ACC-04091,FIR-003386,secondary,2021-06-14,NONE
ACC-04184,FIR-003387,primary,2021-07-21,NONE
ACC-00340,FIR-003387,secondary,2021-07-21,NONE
ACC-01562,FIR-003388,primary,2021-08-21,NONE
ACC-02270,FIR-003389,primary,2021-08-16,PENDING
ACC-00568,FIR-003389,suspect,2021-08-16,NONE
ACC-03043,FIR-003390,primary,2021-09-25,NONE
ACC-03928,FIR-003391,primary,2021-09-10,NONE
ACC-04111,FIR-003391,secondary,2021-09-10,NONE
ACC-03491,FIR-003392,primary,2021-10-08,ISSUED
ACC-00660,FIR-003392,secondary,2021-10-08,NONE
ACC-02905,FIR-003392,secondary,2021-10-08,NONE
ACC-01213,FIR-003393,primary,2021-10-21,NONE
ACC-00597,FIR-003394,primary,2021-11-03,NONE
ACC-03983,FIR-003394,secondary,2021-11-03,NONE
ACC-02896,FIR-003395,primary,2021-11-14,NONE
ACC-01737,FIR-003396,primary,2021-12-27,ISSUED
ACC-00656,FIR-003397,primary,2021-12-20,NONE
ACC-00236,FIR-003398,primary,2022-01-11,NONE
ACC-00996,FIR-003398,suspect,2022-01-11,NONE
ACC-03128,FIR-003398,suspect,2022-01-11,NONE
ACC-03996,FIR-003399,primary,2022-02-25,NONE
ACC-01973,FIR-003400,primary,2022-03-10,NONE
ACC-00280,FIR-003401,primary,2022-04-06,NONE
ACC-03851,FIR-003402,primary,2022-05-11,NONE
ACC-01257,FIR-003402,secondary,2022-05-11,NONE
ACC-01809,FIR-003403,primary,2022-06-02,NONE
ACC-01408,FIR-003403,suspect,2022-06-02,NONE
ACC-04175,FIR-003404,primary,2022-07-15,ISSUED
ACC-03438,FIR-003405,primary,2022-08-29,NONE
ACC-01195,FIR-003406,primary,2022-08-12,NONE
ACC-04427,FIR-003407,primary,2022-09-06,NONE
ACC-00482,FIR-003408,primary,2022-09-27,NONE
ACC-04000,FIR-003409,primary,2022-10-18,NONE
ACC-01781,FIR-003409,suspect,2022-10-18,NONE
ACC-03750,FIR-003409,suspect,2022-10-18,NONE
ACC-03860,FIR-003410,primary,2022-10-07,NONE
ACC-02464,FIR-003411,primary,2022-11-25,NONE
ACC-03642,FIR-003412,primary,2022-11-09,NONE
ACC-01332,FIR-003413,primary,2022-12-28,NONE
ACC-03486,FIR-003414,primary,2022-12-30,NONE
ACC-01121,FIR-003414,secondary,2022-12-30,NONE
ACC-03338,FIR-003415,primary,2023-01-07,NONE
ACC-03282,FIR-003416,primary,2023-02-26,NONE
ACC-03565,FIR-003416,suspect,2023-02-26,NONE
ACC-02237,FIR-003417,primary,2023-03-15,NONE
ACC-00640,FIR-003417,suspect,2023-03-15,ISSUED
ACC-03311,FIR-003418,primary,2023-04-09,ISSUED
ACC-04445,FIR-003418,secondary,2023-04-09,NONE
ACC-02465,FIR-003419,primary,2023-05-31,NONE
ACC-00793,FIR-003419,suspect,2023-05-31,ISSUED
ACC-02028,FIR-003420,primary,2023-06-17,NONE
ACC-03159,FIR-003420,suspect,2023-06-17,NONE
ACC-00565,FIR-003421,primary,2023-07-22,NONE
ACC-04111,FIR-003421,secondary,2023-07-22,NONE
ACC-00060,FIR-003422,primary,2023-08-16,PENDING
ACC-02027,FIR-003423,primary,2023-08-29,NONE
ACC-01576,FIR-003423,secondary,2023-08-29,NONE
ACC-00839,FIR-003423,secondary,2023-08-29,ISSUED
ACC-03525,FIR-003424,primary,2023-09-17,PENDING
ACC-00631,FIR-003425,primary,2023-09-28,NONE
ACC-01104,FIR-003426,primary,2023-10-29,PENDING
ACC-01793,FIR-003427,primary,2023-10-13,NONE
ACC-00241,FIR-003428,primary,2023-11-14,NONE
ACC-00784,FIR-003429,primary,2023-11-04,EXECUTED
ACC-01379,FIR-003429,secondary,2023-11-04,PENDING
ACC-03588,FIR-003430,primary,2023-12-30,NONE
ACC-01649,FIR-003431,primary,2023-12-01,NONE
ACC-03272,FIR-003432,primary,2024-01-15,ISSUED
ACC-02230,FIR-003433,primary,2024-02-20,NONE
ACC-02654,FIR-003434,primary,2024-03-06,PENDING
ACC-03281,FIR-003435,primary,2024-04-07,NONE
ACC-03301,FIR-003435,secondary,2024-04-07,PENDING
ACC-02358,FIR-003436,primary,2024-05-28,PENDING
ACC-02899,FIR-003437,primary,2024-06-30,NONE
ACC-00805,FIR-003438,primary,2024-07-22,PENDING
ACC-00660,FIR-003438,suspect,2024-07-22,PENDING
ACC-02031,FIR-003439,primary,2024-08-12,NONE
ACC-01835,FIR-003440,primary,2024-08-24,NONE
ACC-00817,FIR-003441,primary,2024-09-29,NONE
ACC-03543,FIR-003442,primary,2024-09-19,NONE
ACC-03618,FIR-003443,primary,2024-10-02,NONE
ACC-04091,FIR-003443,secondary,2024-10-02,NONE
ACC-03466,FIR-003444,primary,2024-10-06,EXECUTED
ACC-00825,FIR-003445,primary,2024-11-20,ISSUED
ACC-02115,FIR-003446,primary,2024-11-26,NONE
ACC-00149,FIR-003446,suspect,2024-11-26,NONE
ACC-03000,FIR-003447,primary,2024-12-21,NONE
ACC-01997,FIR-003447,secondary,2024-12-21,PENDING
ACC-00809,FIR-003448,primary,2024-12-28,NONE
ACC-00839,FIR-003448,suspect,2024-12-28,NONE
ACC-03004,FIR-003448,secondary,2024-12-28,NONE
ACC-00153,FIR-003449,primary,2025-01-13,NONE
ACC-01382,FIR-003450,primary,2025-02-17,EXECUTED
ACC-02390,FIR-003450,secondary,2025-02-17,PENDING
ACC-02135,FIR-003451,primary,2025-03-16,PENDING
ACC-00193,FIR-003451,secondary,2025-03-16,NONE
ACC-00537,FIR-003452,primary,2025-04-22,NONE
ACC-01885,FIR-003453,primary,2025-05-19,NONE
ACC-03301,FIR-003453,suspect,2025-05-19,NONE
ACC-02125,FIR-003453,suspect,2025-05-19,NONE
ACC-02417,FIR-003454,primary,2025-06-14,NONE
ACC-00992,FIR-003455,primary,2025-07-24,NONE
ACC-02663,FIR-003456,primary,2025-08-09,NONE
ACC-00698,FIR-003457,primary,2025-08-06,NONE
ACC-04059,FIR-003458,primary,2025-09-26,NONE
ACC-04264,FIR-003459,primary,2025-09-25,NONE
ACC-03581,FIR-003460,primary,2025-10-12,NONE
ACC-03739,FIR-003461,primary,2025-10-08,NONE
ACC-01121,FIR-003461,secondary,2025-10-08,NONE
ACC-01183,FIR-003462,primary,2025-11-10,NONE
ACC-03728,FIR-003463,primary,2025-11-01,NONE
ACC-03393,FIR-003464,primary,2025-12-11,ISSUED
ACC-02785,FIR-003464,suspect,2025-12-11,ISSUED
ACC-02665,FIR-003465,primary,2025-12-28,ISSUED
ACC-01192,FIR-003465,secondary,2025-12-28,ISSUED
ACC-03813,FIR-003466,primary,2021-01-18,NONE
ACC-01942,FIR-003466,suspect,2021-01-18,EXECUTED
ACC-00361,FIR-003467,primary,2021-02-13,NONE
ACC-02981,FIR-003468,primary,2021-03-14,NONE
ACC-03205,FIR-003469,primary,2021-04-15,ISSUED
ACC-02407,FIR-003470,primary,2021-05-24,EXECUTED
ACC-00157,FIR-003471,primary,2021-06-02,NONE
ACC-00464,FIR-003471,suspect,2021-06-02,NONE
ACC-04373,FIR-003471,suspect,2021-06-02,ISSUED
ACC-04053,FIR-003472,primary,2021-07-06,ISSUED
ACC-00321,FIR-003473,primary,2021-08-03,ISSUED
ACC-00227,FIR-003474,primary,2021-08-28,NONE
ACC-02726,FIR-003475,primary,2021-09-02,NONE
ACC-03934,FIR-003476,primary,2021-09-02,NONE
ACC-00261,FIR-003476,suspect,2021-09-02,NONE
ACC-00099,FIR-003476,suspect,2021-09-02,NONE
ACC-01224,FIR-003477,primary,2021-10-02,NONE
ACC-04222,FIR-003477,secondary,2021-10-02,NONE
ACC-02373,FIR-003478,primary,2021-10-30,NONE
ACC-02931,FIR-003479,primary,2021-11-17,NONE
ACC-03679,FIR-003480,primary,2021-11-09,NONE
ACC-03719,FIR-003481,primary,2021-12-18,NONE
ACC-04230,FIR-003482,primary,2021-12-17,EXECUTED
ACC-01653,FIR-003483,primary,2022-01-04,ISSUED
ACC-00464,FIR-003483,secondary,2022-01-04,ISSUED
ACC-01191,FIR-003483,suspect,2022-01-04,NONE
ACC-01422,FIR-003484,primary,2022-02-10,NONE
ACC-01308,FIR-003484,suspect,2022-02-10,NONE
ACC-04357,FIR-003484,suspect,2022-02-10,PENDING
ACC-03786,FIR-003485,primary,2022-03-20,NONE
ACC-00717,FIR-003486,primary,2022-04-22,NONE
ACC-02176,FIR-003487,primary,2022-05-28,NONE
ACC-02980,FIR-003487,secondary,2022-05-28,PENDING
ACC-00147,FIR-003488,primary,2022-06-07,NONE
ACC-00702,FIR-003489,primary,2022-07-04,PENDING
ACC-02739,FIR-003490,primary,2022-08-29,EXECUTED
ACC-00458,FIR-003490,secondary,2022-08-29,NONE
ACC-00327,FIR-003491,primary,2022-08-20,NONE
ACC-03146,FIR-003491,secondary,2022-08-20,PENDING
ACC-02928,FIR-003492,primary,2022-09-01,NONE
ACC-00821,FIR-003493,primary,2022-09-30,EXECUTED
ACC-03579,FIR-003494,primary,2022-10-19,ISSUED
ACC-02222,FIR-003495,primary,2022-10-03,ISSUED
ACC-00514,FIR-003496,primary,2022-11-03,NONE
ACC-04222,FIR-003496,suspect,2022-11-03,PENDING
ACC-03182,FIR-003497,primary,2022-11-18,EXECUTED
ACC-00521,FIR-003498,primary,2022-12-02,NONE
ACC-02335,FIR-003499,primary,2022-12-27,NONE
ACC-00320,FIR-003499,secondary,2022-12-27,NONE
ACC-00532,FIR-003500,primary,2023-01-07,NONE
ACC-03231,FIR-003501,primary,2023-02-07,PENDING
ACC-00102,FIR-003502,primary,2023-03-31,ISSUED
ACC-01254,FIR-003502,suspect,2023-03-31,NONE
ACC-01925,FIR-003503,primary,2023-04-21,NONE
ACC-00436,FIR-003503,suspect,2023-04-21,NONE
ACC-02472,FIR-003504,primary,2023-05-08,NONE
ACC-01082,FIR-003505,primary,2023-06-29,NONE
ACC-00350,FIR-003506,primary,2023-07-14,NONE
ACC-01034,FIR-003507,primary,2023-08-03,NONE
ACC-03975,FIR-003508,primary,2023-08-13,ISSUED
ACC-00636,FIR-003508,secondary,2023-08-13,NONE
ACC-03445,FIR-003509,primary,2023-09-05,NONE
ACC-03371,FIR-003510,primary,2023-09-04,NONE
ACC-04335,FIR-003511,primary,2023-10-23,NONE
ACC-01191,FIR-003511,secondary,2023-10-23,ISSUED
ACC-03470,FIR-003512,primary,2023-10-20,PENDING
ACC-04138,FIR-003512,secondary,2023-10-20,NONE
ACC-04357,FIR-003512,secondary,2023-10-20,NONE
ACC-01725,FIR-003513,primary,2023-11-29,NONE
ACC-02316,FIR-003513,suspect,2023-11-29,NONE
ACC-00004,FIR-003513,secondary,2023-11-29,NONE
ACC-02789,FIR-003514,primary,2023-11-28,NONE
ACC-02131,FIR-003515,primary,2023-12-10,ISSUED
ACC-04082,FIR-003516,primary,2023-12-25,NONE
ACC-00255,FIR-003517,primary,2024-01-26,NONE
ACC-02204,FIR-003518,primary,2024-02-21,NONE
ACC-04138,FIR-003518,secondary,2024-02-21,ISSUED
ACC-04025,FIR-003519,primary,2024-03-03,NONE
ACC-02367,FIR-003519,secondary,2024-03-03,NONE
ACC-00400,FIR-003520,primary,2024-04-17,EXECUTED
ACC-01247,FIR-003521,primary,2024-05-17,NONE
ACC-02939,FIR-003522,primary,2024-06-01,NONE
ACC-03449,FIR-003523,primary,2024-07-26,NONE
ACC-01660,FIR-003524,primary,2024-08-12,NONE
ACC-01024,FIR-003525,primary,2024-08-16,NONE
ACC-02858,FIR-003526,primary,2024-09-19,NONE
ACC-02316,FIR-003526,secondary,2024-09-19,NONE
ACC-04329,FIR-003527,primary,2024-09-28,NONE
ACC-01606,FIR-003528,primary,2024-10-07,PENDING
ACC-02980,FIR-003528,secondary,2024-10-07,NONE
ACC-01950,FIR-003529,primary,2024-10-30,EXECUTED
ACC-02489,FIR-003529,suspect,2024-10-30,NONE
ACC-03065,FIR-003530,primary,2024-11-14,NONE
ACC-02905,FIR-003530,suspect,2024-11-14,PENDING
ACC-02239,FIR-003531,primary,2024-11-08,NONE
ACC-02993,FIR-003531,secondary,2024-11-08,NONE
ACC-01733,FIR-003532,primary,2024-12-06,NONE
ACC-03322,FIR-003532,suspect,2024-12-06,PENDING
ACC-02426,FIR-003533,primary,2024-12-19,NONE
ACC-02816,FIR-003534,primary,2025-01-21,EXECUTED
ACC-01942,FIR-003534,suspect,2025-01-21,NONE
ACC-02257,FIR-003535,primary,2025-02-08,NONE
ACC-00589,FIR-003536,primary,2025-03-24,PENDING
ACC-04205,FIR-003536,suspect,2025-03-24,NONE
ACC-03664,FIR-003537,primary,2025-04-12,NONE
ACC-03844,FIR-003538,primary,2025-05-20,NONE
ACC-01067,FIR-003539,primary,2025-06-02,ISSUED
ACC-00436,FIR-003539,secondary,2025-06-02,NONE
ACC-03309,FIR-003540,primary,2025-07-06,ISSUED
ACC-01627,FIR-003541,primary,2025-08-19,NONE
ACC-00027,FIR-003542,primary,2025-08-18,EXECUTED
ACC-04117,FIR-003543,primary,2025-09-25,NONE
ACC-01090,FIR-003544,primary,2025-09-12,NONE
ACC-00116,FIR-003545,primary,2025-10-18,ISSUED
ACC-04084,FIR-003546,primary,2025-10-05,PENDING
ACC-04113,FIR-003547,primary,2025-11-25,NONE
ACC-01156,FIR-003548,primary,2025-11-29,NONE
ACC-03155,FIR-003549,primary,2025-12-11,NONE
ACC-00577,FIR-003550,primary,2025-12-15,NONE
ACC-01060,FIR-003550,secondary,2025-12-15,PENDING
ACC-02766,FIR-003550,suspect,2025-12-15,NONE
ACC-03039,FIR-003551,primary,2021-01-29,NONE
ACC-01545,FIR-003552,primary,2021-02-11,NONE
ACC-04130,FIR-003553,primary,2021-03-13,NONE
ACC-00308,FIR-003554,primary,2021-04-12,ISSUED
ACC-00373,FIR-003554,secondary,2021-04-12,NONE
ACC-01514,FIR-003555,primary,2021-05-27,NONE
ACC-02162,FIR-003556,primary,2021-06-01,NONE
ACC-01139,FIR-003557,primary,2021-07-13,NONE
ACC-01207,FIR-003557,suspect,2021-07-13,NONE
ACC-02633,FIR-003558,primary,2021-08-14,NONE
ACC-03273,FIR-003559,primary,2021-08-04,NONE
ACC-02288,FIR-003559,suspect,2021-08-04,NONE
ACC-03195,FIR-003560,primary,2021-09-26,NONE
ACC-01569,FIR-003561,primary,2021-09-29,EXECUTED
ACC-01275,FIR-003562,primary,2021-10-19,NONE
ACC-03010,FIR-003563,primary,2021-10-09,NONE
ACC-01399,FIR-003564,primary,2021-11-13,NONE
ACC-00470,FIR-003565,primary,2021-11-30,NONE
ACC-03759,FIR-003566,primary,2021-12-19,ISSUED
ACC-01986,FIR-003567,primary,2021-12-23,NONE
ACC-03652,FIR-003568,primary,2022-01-21,NONE
ACC-03932,FIR-003569,primary,2022-02-03,NONE
ACC-00416,FIR-003569,suspect,2022-02-03,NONE
ACC-02089,FIR-003570,primary,2022-03-18,NONE
ACC-02522,FIR-003571,primary,2022-04-20,NONE
ACC-00935,FIR-003571,suspect,2022-04-20,NONE
ACC-02179,FIR-003571,suspect,2022-04-20,ISSUED
ACC-02266,FIR-003572,primary,2022-05-01,PENDING
ACC-04098,FIR-003572,secondary,2022-05-01,NONE
ACC-03659,FIR-003573,primary,2022-06-12,NONE
ACC-00033,FIR-003574,primary,2022-07-15,ISSUED
ACC-00557,FIR-003575,primary,2022-08-27,PENDING
ACC-01029,FIR-003576,primary,2022-08-09,NONE
ACC-03758,FIR-003577,primary,2022-09-15,NONE
ACC-02990,FIR-003578,primary,2022-09-27,NONE
ACC-04268,FIR-003578,suspect,2022-09-27,NONE
ACC-03638,FIR-003579,primary,2022-10-23,NONE
ACC-03547,FIR-003579,suspect,2022-10-23,NONE
ACC-00309,FIR-003580,primary,2022-10-27,NONE
ACC-02863,FIR-003581,primary,2022-11-26,NONE
ACC-02745,FIR-003582,primary,2022-11-14,NONE
ACC-02116,FIR-003583,primary,2022-12-31,NONE
ACC-02930,FIR-003584,primary,2022-12-08,NONE
ACC-00251,FIR-003585,primary,2023-01-15,NONE
ACC-03114,FIR-003585,suspect,2023-01-15,PENDING
ACC-00860,FIR-003585,suspect,2023-01-15,NONE
ACC-02566,FIR-003586,primary,2023-02-12,NONE
ACC-03841,FIR-003587,primary,2023-03-08,NONE
ACC-04023,FIR-003588,primary,2023-04-11,PENDING
ACC-03288,FIR-003589,primary,2023-05-01,NONE
ACC-01996,FIR-003589,secondary,2023-05-01,NONE
ACC-01658,FIR-003590,primary,2023-06-14,NONE
ACC-00363,FIR-003590,secondary,2023-06-14,NONE
ACC-03424,FIR-003591,primary,2023-07-29,EXECUTED
ACC-03524,FIR-003592,primary,2023-08-07,NONE
ACC-00159,FIR-003592,suspect,2023-08-07,NONE
ACC-00971,FIR-003592,secondary,2023-08-07,NONE
ACC-04226,FIR-003593,primary,2023-08-29,NONE
ACC-00953,FIR-003594,primary,2023-09-03,NONE
ACC-00212,FIR-003595,primary,2023-09-04,NONE
ACC-04235,FIR-003596,primary,2023-10-04,NONE
ACC-01207,FIR-003596,suspect,2023-10-04,NONE
ACC-00892,FIR-003596,secondary,2023-10-04,NONE
ACC-02087,FIR-003597,primary,2023-10-26,NONE
ACC-00701,FIR-003597,suspect,2023-10-26,NONE
ACC-03312,FIR-003598,primary,2023-11-27,NONE
ACC-02169,FIR-003599,primary,2023-11-13,PENDING
ACC-00111,FIR-003600,primary,2023-12-13,NONE
ACC-00856,FIR-003601,primary,2023-12-26,PENDING
ACC-00701,FIR-003601,suspect,2023-12-26,ISSUED
ACC-00058,FIR-003602,primary,2024-01-16,NONE
ACC-00373,FIR-003602,suspect,2024-01-16,NONE
ACC-01358,FIR-003603,primary,2024-02-10,NONE
ACC-00074,FIR-003603,secondary,2024-02-10,NONE
ACC-02710,FIR-003604,primary,2024-03-27,NONE
ACC-00860,FIR-003604,secondary,2024-03-27,NONE
ACC-03131,FIR-003605,primary,2024-04-03,NONE
ACC-04268,FIR-003605,secondary,2024-04-03,PENDING
ACC-02352,FIR-003606,primary,2024-05-09,NONE
ACC-03738,FIR-003607,primary,2024-06-06,NONE
ACC-02679,FIR-003608,primary,2024-07-12,EXECUTED
ACC-03112,FIR-003609,primary,2024-08-24,NONE
ACC-02862,FIR-003609,secondary,2024-08-24,NONE
ACC-03943,FIR-003610,primary,2024-08-30,NONE
ACC-01411,FIR-003611,primary,2024-09-03,NONE
ACC-01982,FIR-003611,secondary,2024-09-03,ISSUED
ACC-02652,FIR-003611,suspect,2024-09-03,NONE
ACC-02306,FIR-003612,primary,2024-09-18,NONE
ACC-03685,FIR-003613,primary,2024-10-09,PENDING
ACC-03289,FIR-003614,primary,2024-10-30,ISSUED
ACC-00416,FIR-003614,secondary,2024-10-30,NONE
ACC-01151,FIR-003614,suspect,2024-10-30,NONE
ACC-03203,FIR-003615,primary,2024-11-08,NONE
ACC-01982,FIR-003615,secondary,2024-11-08,ISSUED
ACC-03502,FIR-003616,primary,2024-11-23,NONE
ACC-00588,FIR-003617,primary,2024-12-23,NONE
ACC-02845,FIR-003618,primary,2024-12-24,ISSUED
ACC-01819,FIR-003619,primary,2025-01-21,PENDING
ACC-03741,FIR-003619,secondary,2025-01-21,NONE
ACC-00186,FIR-003620,primary,2025-02-21,NONE
ACC-00493,FIR-003621,primary,2025-03-13,NONE
ACC-00739,FIR-003622,primary,2025-04-09,NONE
ACC-00800,FIR-003622,secondary,2025-04-09,NONE
ACC-01310,FIR-003623,primary,2025-05-09,NONE
ACC-03799,FIR-003623,secondary,2025-05-09,ISSUED
ACC-03852,FIR-003624,primary,2025-06-27,NONE
ACC-03339,FIR-003625,primary,2025-07-31,NONE
ACC-00564,FIR-003626,primary,2025-08-14,NONE
ACC-03698,FIR-003627,primary,2025-08-19,NONE
ACC-01803,FIR-003627,suspect,2025-08-19,NONE
ACC-02245,FIR-003628,primary,2025-09-18,NONE
ACC-02206,FIR-003629,primary,2025-09-08,NONE
ACC-03391,FIR-003630,primary,2025-10-21,NONE
ACC-02857,FIR-003631,primary,2025-10-20,PENDING
ACC-03799,FIR-003631,suspect,2025-10-20,NONE
ACC-03865,FIR-003631,secondary,2025-10-20,NONE
ACC-01270,FIR-003632,primary,2025-11-13,NONE
ACC-03741,FIR-003632,suspect,2025-11-13,EXECUTED
ACC-03877,FIR-003633,primary,2025-11-01,NONE
ACC-02621,FIR-003633,secondary,2025-11-01,NONE
ACC-00484,FIR-003634,primary,2025-12-28,NONE
ACC-01337,FIR-003635,primary,2025-12-07,NONE
ACC-01265,FIR-003635,suspect,2025-12-07,NONE
ACC-04058,FIR-003636,primary,2021-01-30,NONE
ACC-03583,FIR-003636,suspect,2021-01-30,PENDING
ACC-03611,FIR-003636,secondary,2021-01-30,NONE
ACC-03632,FIR-003637,primary,2021-02-08,NONE
ACC-03781,FIR-003638,primary,2021-03-11,ISSUED
ACC-01186,FIR-003639,primary,2021-04-07,NONE
ACC-02658,FIR-003639,suspect,2021-04-07,NONE
ACC-02695,FIR-003640,primary,2021-05-11,NONE
ACC-03993,FIR-003640,secondary,2021-05-11,ISSUED
ACC-02691,FIR-003641,primary,2021-06-06,PENDING
ACC-02016,FIR-003641,secondary,2021-06-06,ISSUED
ACC-01639,FIR-003642,primary,2021-07-27,NONE
ACC-04408,FIR-003643,primary,2021-08-18,NONE
ACC-02802,FIR-003644,primary,2021-08-18,NONE
ACC-03226,FIR-003645,primary,2021-09-15,ISSUED
ACC-01294,FIR-003645,suspect,2021-09-15,NONE
ACC-02518,FIR-003646,primary,2021-09-30,NONE
ACC-03145,FIR-003647,primary,2021-10-13,NONE
ACC-00043,FIR-003647,secondary,2021-10-13,ISSUED
ACC-03714,FIR-003647,suspect,2021-10-13,NONE
ACC-03669,FIR-003648,primary,2021-10-15,NONE
ACC-00159,FIR-003648,suspect,2021-10-15,NONE
ACC-04261,FIR-003649,primary,2021-11-18,NONE
ACC-02044,FIR-003649,suspect,2021-11-18,NONE
ACC-01258,FIR-003650,primary,2021-11-03,NONE
ACC-02929,FIR-003651,primary,2021-12-28,ISSUED
ACC-04276,FIR-003652,primary,2021-12-23,PENDING
ACC-02457,FIR-003653,primary,2022-01-01,NONE
ACC-02658,FIR-003653,suspect,2022-01-01,NONE
ACC-04153,FIR-003653,secondary,2022-01-01,NONE
ACC-01012,FIR-003654,primary,2022-02-27,EXECUTED
ACC-00603,FIR-003655,primary,2022-03-26,ISSUED
ACC-01116,FIR-003656,primary,2022-04-01,EXECUTED
ACC-02133,FIR-003657,primary,2022-05-22,NONE
ACC-01934,FIR-003657,secondary,2022-05-22,ISSUED
ACC-01020,FIR-003657,suspect,2022-05-22,PENDING
ACC-00769,FIR-003658,primary,2022-06-21,NONE
ACC-03751,FIR-003659,primary,2022-07-31,EXECUTED
ACC-02044,FIR-003659,suspect,2022-07-31,NONE
ACC-02168,FIR-003659,suspect,2022-07-31,NONE
ACC-03285,FIR-003660,primary,2022-08-12,NONE
ACC-01632,FIR-003661,primary,2022-08-12,NONE
ACC-04125,FIR-003662,primary,2022-09-27,EXECUTED
ACC-03990,FIR-003663,primary,2022-09-23,NONE
ACC-04343,FIR-003663,suspect,2022-09-23,NONE
ACC-02966,FIR-003664,primary,2022-10-09,NONE
ACC-00798,FIR-003665,primary,2022-10-10,NONE
ACC-00750,FIR-003666,primary,2022-11-17,NONE
ACC-04153,FIR-003666,secondary,2022-11-17,NONE
ACC-02770,FIR-003667,primary,2022-11-29,NONE
ACC-02793,FIR-003668,primary,2022-12-30,NONE
ACC-01089,FIR-003669,primary,2022-12-22,NONE
ACC-02613,FIR-003670,primary,2023-01-25,NONE
ACC-03245,FIR-003671,primary,2023-02-24,NONE
ACC-01013,FIR-003672,primary,2023-03-20,ISSUED
ACC-01934,FIR-003672,suspect,2023-03-20,NONE
ACC-00081,FIR-003673,primary,2023-04-19,PENDING
ACC-01891,FIR-003674,primary,2023-05-14,NONE
ACC-00217,FIR-003675,primary,2023-06-26,NONE
ACC-01669,FIR-003675,suspect,2023-06-26,EXECUTED
ACC-02977,FIR-003676,primary,2023-07-18,ISSUED
ACC-00420,FIR-003676,suspect,2023-07-18,NONE
ACC-03672,FIR-003677,primary,2023-08-13,NONE
ACC-03873,FIR-003678,primary,2023-08-13,NONE
ACC-00516,FIR-003679,primary,2023-09-05,NONE
ACC-00855,FIR-003679,suspect,2023-09-05,PENDING
ACC-02759,FIR-003679,suspect,2023-09-05,ISSUED
ACC-04326,FIR-003680,primary,2023-09-01,NONE
ACC-00637,FIR-003681,primary,2023-10-02,NONE
ACC-00098,FIR-003682,primary,2023-10-02,NONE
ACC-03070,FIR-003682,secondary,2023-10-02,NONE
ACC-04339,FIR-003683,primary,2023-11-03,EXECUTED
ACC-00735,FIR-003684,primary,2023-11-09,NONE
ACC-00010,FIR-003685,primary,2023-12-13,NONE
ACC-03171,FIR-003686,primary,2023-12-11,NONE
ACC-00006,FIR-003686,secondary,2023-12-11,NONE
ACC-01371,FIR-003687,primary,2024-01-15,ISSUED
ACC-00415,FIR-003688,primary,2024-02-12,EXECUTED
ACC-03278,FIR-003688,suspect,2024-02-12,ISSUED
ACC-03566,FIR-003688,secondary,2024-02-12,NONE
ACC-03864,FIR-003689,primary,2024-03-30,ISSUED
ACC-03553,FIR-003690,primary,2024-04-27,NONE
ACC-01645,FIR-003691,primary,2024-05-21,NONE
ACC-02806,FIR-003692,primary,2024-06-15,NONE
ACC-00890,FIR-003693,primary,2024-07-24,NONE
ACC-01426,FIR-003694,primary,2024-08-16,NONE
ACC-00420,FIR-003694,secondary,2024-08-16,NONE
ACC-00558,FIR-003694,suspect,2024-08-16,NONE
ACC-02085,FIR-003695,primary,2024-08-31,PENDING
ACC-00692,FIR-003696,primary,2024-09-11,ISSUED
ACC-03613,FIR-003697,primary,2024-09-17,NONE
ACC-00997,FIR-003698,primary,2024-10-22,NONE
ACC-04136,FIR-003698,secondary,2024-10-22,NONE
ACC-00469,FIR-003699,primary,2024-10-20,NONE
ACC-01766,FIR-003700,primary,2024-11-17,NONE
ACC-04410,FIR-003701,primary,2024-11-08,PENDING
ACC-01281,FIR-003702,primary,2024-12-09,PENDING
ACC-01728,FIR-003702,suspect,2024-12-09,NONE
ACC-03134,FIR-003703,primary,2024-12-14,ISSUED
ACC-01888,FIR-003704,primary,2025-01-25,NONE
ACC-03640,FIR-003705,primary,2025-02-05,NONE
ACC-00089,FIR-003706,primary,2025-03-08,NONE
ACC-02553,FIR-003707,primary,2025-04-26,PENDING
ACC-02852,FIR-003708,primary,2025-05-20,NONE
ACC-01357,FIR-003709,primary,2025-06-22,NONE
ACC-01572,FIR-003710,primary,2025-07-14,NONE
ACC-00639,FIR-003711,primary,2025-08-07,NONE
ACC-00864,FIR-003712,primary,2025-08-03,NONE
ACC-03742,FIR-003713,primary,2025-09-27,NONE
ACC-04236,FIR-003714,primary,2025-09-22,NONE
ACC-00392,FIR-003715,primary,2025-10-13,NONE
ACC-00389,FIR-003715,suspect,2025-10-13,NONE
ACC-04116,FIR-003716,primary,2025-10-15,NONE
ACC-01983,FIR-003716,secondary,2025-10-15,NONE
ACC-04139,FIR-003717,primary,2025-11-17,NONE
ACC-02550,FIR-003718,primary,2025-11-08,NONE
ACC-02890,FIR-003719,primary,2025-12-23,NONE
ACC-01899,FIR-003720,primary,2025-12-10,NONE
ACC-02007,FIR-003720,suspect,2025-12-10,EXECUTED
