fir_id,officer_id,assigned_date,is_lead_officer
FIR-000001,OFF-0063,2021-01-25,True
FIR-000002,OFF-0032,2021-01-16,True
FIR-000003,OFF-0063,2021-02-05,True
FIR-000004,OFF-0063,2021-02-13,True
FIR-000005,OFF-0125,2021-03-11,True
FIR-000006,OFF-0125,2021-03-25,True
FIR-000007,OFF-0125,2021-04-06,True
FIR-000008,OFF-0032,2021-04-22,True
FIR-000009,OFF-0032,2021-05-23,True
FIR-000010,OFF-0125,2021-05-05,True
FIR-000011,OFF-0125,2021-06-01,True
FIR-000012,OFF-0125,2021-06-23,True
FIR-000013,OFF-0032,2021-07-25,True
FIR-000014,OFF-0001,2021-07-18,True
FIR-000015,OFF-0125,2021-08-16,True
FIR-000016,OFF-0063,2021-08-18,True
FIR-000017,OFF-0001,2021-09-11,True
FIR-000018,OFF-0125,2021-09-20,True
FIR-000019,OFF-0032,2021-10-26,True
FIR-000020,OFF-0001,2021-10-04,True
FIR-000021,OFF-0125,2021-11-05,True
FIR-000022,OFF-0125,2021-11-07,True
FIR-000023,OFF-0032,2021-12-17,True
FIR-000024,OFF-0125,2021-12-04,True
FIR-000025,OFF-0125,2022-01-05,True
FIR-000026,OFF-0063,2022-01-27,True
FIR-000027,OFF-0001,2022-02-03,True
FIR-000028,OFF-0001,2022-02-27,True
FIR-000029,OFF-0125,2022-03-24,True
FIR-000030,OFF-0032,2022-03-21,True
FIR-000031,OFF-0125,2022-04-07,True
FIR-000032,OFF-0032,2022-04-21,True
FIR-000033,OFF-0032,2022-05-09,True
FIR-000034,OFF-0001,2022-05-29,True
FIR-000035,OFF-0125,2022-06-24,True
FIR-000036,OFF-0125,2022-06-05,True
FIR-000037,OFF-0063,2022-07-27,True
FIR-000038,OFF-0001,2022-07-15,True
FIR-000039,OFF-0032,2022-08-30,True
FIR-000040,OFF-0125,2022-08-09,True
FIR-000041,OFF-0001,2022-09-22,True
FIR-000042,OFF-0063,2022-09-04,True
FIR-000043,OFF-0063,2022-10-15,True
FIR-000044,OFF-0063,2022-10-03,True
FIR-000045,OFF-0063,2022-11-20,True
FIR-000046,OFF-0001,2022-11-15,True
FIR-000047,OFF-0032,2022-12-25,True
FIR-000048,OFF-0001,2022-12-09,True
FIR-000049,OFF-0063,2023-01-07,True
FIR-000050,OFF-0125,2023-01-25,True
FIR-000051,OFF-0063,2023-02-03,True
FIR-000052,OFF-0001,2023-02-14,True
FIR-000053,OFF-0063,2023-03-22,True
FIR-000054,OFF-0063,2023-03-09,True
FIR-000055,OFF-0063,2023-04-19,True
FIR-000056,OFF-0001,2023-04-09,True
FIR-000057,OFF-0063,2023-05-15,True
FIR-000058,OFF-0032,2023-05-16,True
FIR-000059,OFF-0032,2023-06-14,True
FIR-000060,OFF-0032,2023-06-11,True
FIR-000061,OFF-0063,2023-07-09,True
FIR-000062,OFF-0125,2023-07-12,True
FIR-000063,OFF-0001,2023-08-07,True
FIR-000064,OFF-0032,2023-08-10,True
FIR-000065,OFF-0032,2023-09-23,True
FIR-000066,OFF-0032,2023-09-19,True
FIR-000067,OFF-0063,2023-10-12,True
FIR-000068,OFF-0001,2023-10-20,True
FIR-000069,OFF-0001,2023-11-19,True
FIR-000070,OFF-0125,2023-11-28,True
FIR-000071,OFF-0063,2023-12-04,True
FIR-000072,OFF-0125,2023-12-30,True
FIR-000073,OFF-0032,2024-01-15,True
FIR-000074,OFF-0125,2024-01-05,True
FIR-000075,OFF-0032,2024-02-26,True
FIR-000076,OFF-0001,2024-02-17,True
FIR-000077,OFF-0063,2024-03-29,True
FIR-000078,OFF-0063,2024-03-31,True
FIR-000079,OFF-0125,2024-04-15,True
FIR-000080,OFF-0001,2024-04-13,True
FIR-000081,OFF-0125,2024-05-19,True
FIR-000082,OFF-0001,2024-05-23,True
FIR-000083,OFF-0063,2024-06-11,True
FIR-000084,OFF-0032,2024-06-28,True
FIR-000085,OFF-0063,2024-07-05,True
FIR-000086,OFF-0001,2024-07-08,True
FIR-000087,OFF-0125,2024-08-18,True
FIR-000088,OFF-0063,2024-08-26,True
FIR-000089,OFF-0032,2024-09-30,True
FIR-000090,OFF-0001,2024-09-04,True
FIR-000091,OFF-0125,2024-10-31,True
FIR-000092,OFF-0032,2024-10-06,True
FIR-000093,OFF-0125,2024-11-14,True
FIR-000094,OFF-0001,2024-11-14,True
FIR-000095,OFF-0001,2024-12-10,True
FIR-000096,OFF-0063,2024-12-24,True
FIR-000097,OFF-0063,2025-01-17,True
FIR-000098,OFF-0125,2025-01-12,True
FIR-000099,OFF-0032,2025-02-07,True
FIR-000100,OFF-0001,2025-02-01,True
FIR-000101,OFF-0063,2025-03-09,True
FIR-000102,OFF-0125,2025-03-11,True
FIR-000103,OFF-0125,2025-04-27,True
FIR-000104,OFF-0001,2025-04-12,True
FIR-000105,OFF-0032,2025-05-06,True
FIR-000106,OFF-0125,2025-05-23,True
FIR-000107,OFF-0063,2025-06-05,True
FIR-000108,OFF-0001,2025-06-08,True
FIR-000109,OFF-0125,2025-07-27,True
FIR-000110,OFF-0063,2025-07-11,True
FIR-000111,OFF-0063,2025-08-18,True
FIR-000112,OFF-0063,2025-08-21,True
FIR-000113,OFF-0032,2025-09-29,True
FIR-000114,OFF-0125,2025-09-27,True
FIR-000115,OFF-0125,2025-10-17,True
FIR-000116,OFF-0001,2025-10-30,True
FIR-000117,OFF-0125,2025-11-08,True
FIR-000118,OFF-0125,2025-11-18,True
FIR-000119,OFF-0001,2025-12-05,True
FIR-000120,OFF-0125,2025-12-13,True
FIR-000121,OFF-0064,2021-01-08,True
FIR-000122,OFF-0002,2021-01-14,True
FIR-000123,OFF-0002,2021-02-06,True
FIR-000124,OFF-0157,2021-02-27,True
FIR-000125,OFF-0064,2021-03-30,True
FIR-000126,OFF-0064,2021-03-19,True
FIR-000127,OFF-0157,2021-04-04,True
FIR-000128,OFF-0033,2021-04-28,True
FIR-000129,OFF-0033,2021-05-10,True
FIR-000130,OFF-0002,2021-05-07,True
FIR-000131,OFF-0157,2021-06-26,True
FIR-000132,OFF-0157,2021-06-27,True
FIR-000133,OFF-0064,2021-07-19,True
FIR-000134,OFF-0064,2021-07-11,True
FIR-000135,OFF-0064,2021-08-23,True
FIR-000136,OFF-0157,2021-08-25,True
FIR-000137,OFF-0064,2021-09-12,True
FIR-000138,OFF-0157,2021-09-13,True
FIR-000139,OFF-0157,2021-10-18,True
FIR-000140,OFF-0002,2021-10-31,True
FIR-000141,OFF-0157,2021-11-10,True
FIR-000142,OFF-0002,2021-11-04,True
FIR-000143,OFF-0064,2021-12-01,True
FIR-000144,OFF-0064,2021-12-10,True
FIR-000145,OFF-0033,2022-01-09,True
FIR-000146,OFF-0064,2022-01-04,True
FIR-000147,OFF-0064,2022-02-14,True
FIR-000148,OFF-0157,2022-02-04,True
FIR-000149,OFF-0064,2022-03-30,True
FIR-000150,OFF-0033,2022-03-25,True
FIR-000151,OFF-0033,2022-04-17,True
FIR-000152,OFF-0157,2022-04-05,True
FIR-000153,OFF-0064,2022-05-12,True
FIR-000154,OFF-0064,2022-05-03,True
FIR-000155,OFF-0002,2022-06-03,True
FIR-000156,OFF-0002,2022-06-04,True
FIR-000157,OFF-0064,2022-07-25,True
FIR-000158,OFF-0157,2022-07-26,True
FIR-000159,OFF-0064,2022-08-31,True
FIR-000160,OFF-0033,2022-08-15,True
FIR-000161,OFF-0157,2022-09-18,True
FIR-000162,OFF-0157,2022-09-28,True
FIR-000163,OFF-0002,2022-10-18,True
FIR-000164,OFF-0002,2022-10-02,True
FIR-000165,OFF-0064,2022-11-18,True
FIR-000166,OFF-0157,2022-11-19,True
FIR-000167,OFF-0033,2022-12-03,True
FIR-000168,OFF-0157,2022-12-01,True
FIR-000169,OFF-0157,2023-01-15,True
FIR-000170,OFF-0002,2023-01-19,True
FIR-000171,OFF-0002,2023-02-12,True
FIR-000172,OFF-0064,2023-02-01,True
FIR-000173,OFF-0033,2023-03-02,True
FIR-000174,OFF-0157,2023-03-03,True
FIR-000175,OFF-0033,2023-04-18,True
FIR-000176,OFF-0002,2023-04-03,True
FIR-000177,OFF-0002,2023-05-24,True
FIR-000178,OFF-0064,2023-05-14,True
FIR-000179,OFF-0064,2023-06-09,True
FIR-000180,OFF-0157,2023-06-11,True
FIR-000181,OFF-0033,2023-07-31,True
FIR-000182,OFF-0002,2023-07-11,True
FIR-000183,OFF-0157,2023-08-09,True
FIR-000184,OFF-0064,2023-08-09,True
FIR-000185,OFF-0157,2023-09-01,True
FIR-000186,OFF-0002,2023-09-17,True
FIR-000187,OFF-0157,2023-10-14,True
FIR-000188,OFF-0157,2023-10-30,True
FIR-000189,OFF-0064,2023-11-24,True
FIR-000190,OFF-0033,2023-11-18,True
FIR-000191,OFF-0033,2023-12-12,True
FIR-000192,OFF-0033,2023-12-29,True
FIR-000193,OFF-0157,2024-01-12,True
FIR-000194,OFF-0064,2024-01-07,True
FIR-000195,OFF-0064,2024-02-20,True
FIR-000196,OFF-0033,2024-02-06,True
FIR-000197,OFF-0033,2024-03-22,True
FIR-000198,OFF-0033,2024-03-21,True
FIR-000199,OFF-0033,2024-04-08,True
FIR-000200,OFF-0002,2024-04-07,True
FIR-000201,OFF-0064,2024-05-07,True
FIR-000202,OFF-0033,2024-05-02,True
FIR-000203,OFF-0033,2024-06-22,True
FIR-000204,OFF-0064,2024-06-09,True
FIR-000205,OFF-0064,2024-07-29,True
FIR-000206,OFF-0064,2024-07-04,True
FIR-000207,OFF-0033,2024-08-20,True
FIR-000208,OFF-0033,2024-08-09,True
FIR-000209,OFF-0002,2024-09-21,True
FIR-000210,OFF-0157,2024-09-15,True
FIR-000211,OFF-0157,2024-10-20,True
FIR-000212,OFF-0157,2024-10-05,True
FIR-000213,OFF-0064,2024-11-03,True
FIR-000214,OFF-0033,2024-11-03,True
FIR-000215,OFF-0064,2024-12-12,True
FIR-000216,OFF-0157,2024-12-08,True
FIR-000217,OFF-0157,2025-01-26,True
FIR-000218,OFF-0002,2025-01-22,True
FIR-000219,OFF-0002,2025-02-15,True
FIR-000220,OFF-0002,2025-02-08,True
FIR-000221,OFF-0002,2025-03-06,True
FIR-000222,OFF-0033,2025-03-05,True
FIR-000223,OFF-0002,2025-04-16,True
FIR-000224,OFF-0002,2025-04-22,True
FIR-000225,OFF-0002,2025-05-01,True
FIR-000226,OFF-0002,2025-05-11,True
FIR-000227,OFF-0033,2025-06-27,True
FIR-000228,OFF-0033,2025-06-25,True
FIR-000229,OFF-0157,2025-07-27,True
FIR-000230,OFF-0157,2025-07-07,True
FIR-000231,OFF-0157,2025-08-22,True
FIR-000232,OFF-0002,2025-08-23,True
FIR-000233,OFF-0157,2025-09-29,True
FIR-000234,OFF-0002,2025-09-17,True
FIR-000235,OFF-0157,2025-10-31,True
FIR-000236,OFF-0064,2025-10-17,True
FIR-000237,OFF-0064,2025-11-07,True
FIR-000238,OFF-0002,2025-11-28,True
FIR-000239,OFF-0157,2025-12-30,True
FIR-000240,OFF-0033,2025-12-16,True
FIR-000241,OFF-0127,2021-01-18,True
FIR-000242,OFF-0127,2021-01-23,True
FIR-000243,OFF-0127,2021-02-11,True
FIR-000244,OFF-0096,2021-02-23,True
FIR-000245,OFF-0034,2021-03-26,True
FIR-000246,OFF-0065,2021-03-22,True
FIR-000247,OFF-0158,2021-04-05,True
FIR-000248,OFF-0096,2021-04-08,True
FIR-000249,OFF-0065,2021-05-04,True
FIR-000250,OFF-0096,2021-05-28,True
FIR-000251,OFF-0034,2021-06-06,True
FIR-000252,OFF-0034,2021-06-13,True
FIR-000253,OFF-0065,2021-07-10,True
FIR-000254,OFF-0065,2021-07-19,True
FIR-000255,OFF-0158,2021-08-04,True
FIR-000256,OFF-0034,2021-08-22,True
FIR-000257,OFF-0096,2021-09-04,True
FIR-000258,OFF-0065,2021-09-26,True
FIR-000259,OFF-0096,2021-10-04,True
FIR-000260,OFF-0065,2021-10-14,True
FIR-000261,OFF-0127,2021-11-17,True
FIR-000262,OFF-0096,2021-11-29,True
FIR-000263,OFF-0158,2021-12-20,True
FIR-000264,OFF-0065,2021-12-11,True
FIR-000265,OFF-0127,2022-01-16,True
FIR-000266,OFF-0034,2022-01-16,True
FIR-000267,OFF-0158,2022-02-18,True
FIR-000268,OFF-0127,2022-02-09,True
FIR-000269,OFF-0127,2022-03-07,True
FIR-000270,OFF-0127,2022-03-05,True
FIR-000271,OFF-0034,2022-04-09,True
FIR-000272,OFF-0127,2022-04-27,True
FIR-000273,OFF-0065,2022-05-25,True
FIR-000274,OFF-0096,2022-05-01,True
FIR-000275,OFF-0065,2022-06-14,True
FIR-000276,OFF-0158,2022-06-23,True
FIR-000277,OFF-0065,2022-07-10,True
FIR-000278,OFF-0065,2022-07-01,True
FIR-000279,OFF-0158,2022-08-04,True
FIR-000280,OFF-0034,2022-08-04,True
FIR-000281,OFF-0034,2022-09-20,True
FIR-000282,OFF-0034,2022-09-02,True
FIR-000283,OFF-0127,2022-10-26,True
FIR-000284,OFF-0034,2022-10-07,True
FIR-000285,OFF-0034,2022-11-07,True
FIR-000286,OFF-0127,2022-11-23,True
FIR-000287,OFF-0127,2022-12-16,True
FIR-000288,OFF-0096,2022-12-12,True
FIR-000289,OFF-0096,2023-01-20,True
FIR-000290,OFF-0127,2023-01-26,True
FIR-000291,OFF-0034,2023-02-27,True
FIR-000292,OFF-0158,2023-02-03,True
FIR-000293,OFF-0065,2023-03-08,True
FIR-000294,OFF-0096,2023-03-29,True
FIR-000295,OFF-0158,2023-04-17,True
FIR-000296,OFF-0127,2023-04-09,True
FIR-000297,OFF-0096,2023-05-15,True
FIR-000298,OFF-0158,2023-05-06,True
FIR-000299,OFF-0034,2023-06-08,True
FIR-000300,OFF-0127,2023-06-24,True
FIR-000301,OFF-0096,2023-07-12,True
FIR-000302,OFF-0034,2023-07-08,True
FIR-000303,OFF-0127,2023-08-02,True
FIR-000304,OFF-0158,2023-08-29,True
FIR-000305,OFF-0065,2023-09-04,True
FIR-000306,OFF-0034,2023-09-16,True
FIR-000307,OFF-0065,2023-10-30,True
FIR-000308,OFF-0065,2023-10-18,True
FIR-000309,OFF-0065,2023-11-08,True
FIR-000310,OFF-0034,2023-11-27,True
FIR-000311,OFF-0096,2023-12-20,True
FIR-000312,OFF-0065,2023-12-10,True
FIR-000313,OFF-0096,2024-01-26,True
FIR-000314,OFF-0158,2024-01-05,True
FIR-000315,OFF-0127,2024-02-28,True
FIR-000316,OFF-0127,2024-02-04,True
FIR-000317,OFF-0065,2024-03-06,True
FIR-000318,OFF-0034,2024-03-20,True
FIR-000319,OFF-0127,2024-04-18,True
FIR-000320,OFF-0096,2024-04-18,True
FIR-000321,OFF-0034,2024-05-18,True
FIR-000322,OFF-0034,2024-05-20,True
FIR-000323,OFF-0065,2024-06-24,True
FIR-000324,OFF-0127,2024-06-28,True
FIR-000325,OFF-0096,2024-07-05,True
FIR-000326,OFF-0034,2024-07-08,True
FIR-000327,OFF-0096,2024-08-12,True
FIR-000328,OFF-0034,2024-08-21,True
FIR-000329,OFF-0127,2024-09-22,True
FIR-000330,OFF-0096,2024-09-14,True
FIR-000331,OFF-0158,2024-10-26,True
FIR-000332,OFF-0127,2024-10-26,True
FIR-000333,OFF-0127,2024-11-24,True
FIR-000334,OFF-0158,2024-11-23,True
FIR-000335,OFF-0158,2024-12-28,True
FIR-000336,OFF-0158,2024-12-14,True
FIR-000337,OFF-0065,2025-01-26,True
FIR-000338,OFF-0065,2025-01-02,True
FIR-000339,OFF-0158,2025-02-06,True
FIR-000340,OFF-0127,2025-02-25,True
FIR-000341,OFF-0065,2025-03-23,True
FIR-000342,OFF-0065,2025-03-20,True
FIR-000343,OFF-0127,2025-04-23,True
FIR-000344,OFF-0158,2025-04-01,True
FIR-000345,OFF-0127,2025-05-16,True
FIR-000346,OFF-0034,2025-05-04,True
FIR-000347,OFF-0065,2025-06-27,True
FIR-000348,OFF-0158,2025-06-21,True
FIR-000349,OFF-0096,2025-07-25,True
FIR-000350,OFF-0158,2025-07-26,True
FIR-000351,OFF-0127,2025-08-04,True
FIR-000352,OFF-0065,2025-08-12,True
FIR-000353,OFF-0096,2025-09-26,True
FIR-000354,OFF-0096,2025-09-13,True
FIR-000355,OFF-0096,2025-10-09,True
FIR-000356,OFF-0034,2025-10-21,True
FIR-000357,OFF-0034,2025-11-18,True
FIR-000358,OFF-0065,2025-11-23,True
FIR-000359,OFF-0034,2025-12-07,True
FIR-000360,OFF-0158,2025-12-26,True
FIR-000361,OFF-0066,2021-01-09,True
FIR-000362,OFF-0128,2021-01-03,True
FIR-000363,OFF-0128,2021-02-27,True
FIR-000364,OFF-0097,2021-02-07,True
FIR-000365,OFF-0128,2021-03-10,True
FIR-000366,OFF-0097,2021-03-20,True
FIR-000367,OFF-0128,2021-04-25,True
FIR-000368,OFF-0128,2021-04-06,True
FIR-000369,OFF-0097,2021-05-06,True
FIR-000370,OFF-0066,2021-05-02,True
FIR-000371,OFF-0066,2021-06-08,True
FIR-000372,OFF-0159,2021-06-22,True
FIR-000373,OFF-0128,2021-07-06,True
FIR-000374,OFF-0128,2021-07-26,True
FIR-000375,OFF-0159,2021-08-03,True
FIR-000376,OFF-0066,2021-08-17,True
FIR-000377,OFF-0128,2021-09-30,True
FIR-000378,OFF-0128,2021-09-28,True
FIR-000379,OFF-0128,2021-10-04,True
FIR-000380,OFF-0128,2021-10-23,True
FIR-000381,OFF-0066,2021-11-27,True
FIR-000382,OFF-0128,2021-11-09,True
FIR-000383,OFF-0128,2021-12-11,True
FIR-000384,OFF-0097,2021-12-27,True
FIR-000385,OFF-0066,2022-01-03,True
FIR-000386,OFF-0066,2022-01-27,True
FIR-000387,OFF-0097,2022-02-12,True
FIR-000388,OFF-0066,2022-02-03,True
FIR-000389,OFF-0097,2022-03-15,True
FIR-000390,OFF-0159,2022-03-07,True
FIR-000391,OFF-0066,2022-04-05,True
FIR-000392,OFF-0159,2022-04-06,True
FIR-000393,OFF-0066,2022-05-16,True
FIR-000394,OFF-0097,2022-05-07,True
FIR-000395,OFF-0159,2022-06-22,True
FIR-000396,OFF-0066,2022-06-01,True
FIR-000397,OFF-0128,2022-07-04,True
FIR-000398,OFF-0097,2022-07-04,True
FIR-000399,OFF-0066,2022-08-26,True
FIR-000400,OFF-0097,2022-08-19,True
FIR-000401,OFF-0066,2022-09-06,True
FIR-000402,OFF-0066,2022-09-03,True
FIR-000403,OFF-0066,2022-10-22,True
FIR-000404,OFF-0128,2022-10-18,True
FIR-000405,OFF-0159,2022-11-14,True
FIR-000406,OFF-0159,2022-11-06,True
FIR-000407,OFF-0159,2022-12-07,True
FIR-000408,OFF-0128,2022-12-14,True
FIR-000409,OFF-0097,2023-01-08,True
FIR-000410,OFF-0066,2023-01-23,True
FIR-000411,OFF-0066,2023-02-28,True
FIR-000412,OFF-0066,2023-02-02,True
FIR-000413,OFF-0128,2023-03-30,True
FIR-000414,OFF-0159,2023-03-12,True
FIR-000415,OFF-0128,2023-04-06,True
FIR-000416,OFF-0128,2023-04-13,True
FIR-000417,OFF-0097,2023-05-21,True
FIR-000418,OFF-0128,2023-05-28,True
FIR-000419,OFF-0128,2023-06-03,True
FIR-000420,OFF-0159,2023-06-07,True
FIR-000421,OFF-0159,2023-07-07,True
FIR-000422,OFF-0097,2023-07-22,True
FIR-000423,OFF-0097,2023-08-21,True
FIR-000424,OFF-0097,2023-08-31,True
FIR-000425,OFF-0066,2023-09-07,True
FIR-000426,OFF-0128,2023-09-13,True
FIR-000427,OFF-0128,2023-10-12,True
FIR-000428,OFF-0128,2023-10-14,True
FIR-000429,OFF-0066,2023-11-10,True
FIR-000430,OFF-0159,2023-11-01,True
FIR-000431,OFF-0066,2023-12-19,True
FIR-000432,OFF-0066,2023-12-17,True
FIR-000433,OFF-0128,2024-01-07,True
FIR-000434,OFF-0159,2024-01-10,True
FIR-000435,OFF-0159,2024-02-21,True
FIR-000436,OFF-0097,2024-02-29,True
FIR-000437,OFF-0097,2024-03-21,True
FIR-000438,OFF-0097,2024-03-21,True
FIR-000439,OFF-0159,2024-04-13,True
FIR-000440,OFF-0066,2024-04-21,True
FIR-000441,OFF-0159,2024-05-24,True
FIR-000442,OFF-0066,2024-05-15,True
FIR-000443,OFF-0159,2024-06-29,True
FIR-000444,OFF-0128,2024-06-05,True
FIR-000445,OFF-0159,2024-07-12,True
FIR-000446,OFF-0097,2024-07-25,True
FIR-000447,OFF-0097,2024-08-16,True
FIR-000448,OFF-0128,2024-08-30,True
FIR-000449,OFF-0097,2024-09-08,True
FIR-000450,OFF-0128,2024-09-09,True
FIR-000451,OFF-0066,2024-10-31,True
FIR-000452,OFF-0159,2024-10-21,True
FIR-000453,OFF-0128,2024-11-30,True
FIR-000454,OFF-0097,2024-11-08,True
FIR-000455,OFF-0066,2024-12-11,True
FIR-000456,OFF-0128,2024-12-10,True
FIR-000457,OFF-0159,2025-01-26,True
FIR-000458,OFF-0159,2025-01-19,True
FIR-000459,OFF-0066,2025-02-24,True
FIR-000460,OFF-0066,2025-02-19,True
FIR-000461,OFF-0128,2025-03-02,True
FIR-000462,OFF-0097,2025-03-15,True
FIR-000463,OFF-0066,2025-04-17,True
FIR-000464,OFF-0159,2025-04-29,True
FIR-000465,OFF-0159,2025-05-28,True
FIR-000466,OFF-0097,2025-05-29,True
FIR-000467,OFF-0159,2025-06-28,True
FIR-000468,OFF-0097,2025-06-26,True
FIR-000469,OFF-0097,2025-07-07,True
FIR-000470,OFF-0128,2025-07-07,True
FIR-000471,OFF-0128,2025-08-29,True
FIR-000472,OFF-0097,2025-08-03,True
FIR-000473,OFF-0097,2025-09-17,True
FIR-000474,OFF-0159,2025-09-15,True
FIR-000475,OFF-0128,2025-10-28,True
FIR-000476,OFF-0097,2025-10-27,True
FIR-000477,OFF-0097,2025-11-09,True
FIR-000478,OFF-0097,2025-11-16,True
FIR-000479,OFF-0159,2025-12-17,True
FIR-000480,OFF-0097,2025-12-16,True
FIR-000481,OFF-0036,2021-01-20,True
FIR-000482,OFF-0067,2021-01-13,True
FIR-000483,OFF-0005,2021-01-18,True
FIR-000484,OFF-0098,2021-01-27,True
FIR-000485,OFF-0036,2021-02-24,True
FIR-000486,OFF-0067,2021-02-17,True
FIR-000487,OFF-0129,2021-02-10,True
FIR-000488,OFF-0036,2021-02-20,True
FIR-000489,OFF-0098,2021-03-28,True
FIR-000490,OFF-0036,2021-03-14,True
FIR-000491,OFF-0036,2021-03-14,True
FIR-000492,OFF-0036,2021-03-31,True
FIR-000493,OFF-0005,2021-04-29,True
FIR-000494,OFF-0005,2021-04-30,True
FIR-000495,OFF-0067,2021-04-19,True
FIR-000496,OFF-0098,2021-04-22,True
FIR-000497,OFF-0067,2021-05-03,True
FIR-000498,OFF-0098,2021-05-04,True
FIR-000499,OFF-0098,2021-05-10,True
FIR-000500,OFF-0067,2021-05-08,True
FIR-000501,OFF-0005,2021-06-30,True
FIR-000502,OFF-0036,2021-06-08,True
FIR-000503,OFF-0129,2021-06-11,True
FIR-000504,OFF-0005,2021-06-21,True
FIR-000505,OFF-0129,2021-07-27,True
FIR-000506,OFF-0067,2021-07-29,True
FIR-000507,OFF-0067,2021-07-27,True
FIR-000508,OFF-0005,2021-07-30,True
FIR-000509,OFF-0129,2021-08-23,True
FIR-000510,OFF-0067,2021-08-10,True
FIR-000511,OFF-0036,2021-08-19,True
FIR-000512,OFF-0005,2021-08-31,True
FIR-000513,OFF-0036,2021-08-01,True
FIR-000514,OFF-0129,2021-09-22,True
FIR-000515,OFF-0098,2021-09-06,True
FIR-000516,OFF-0005,2021-09-13,True
FIR-000517,OFF-0005,2021-09-07,True
FIR-000518,OFF-0005,2021-09-23,True
FIR-000519,OFF-0005,2021-10-12,True
FIR-000520,OFF-0067,2021-10-10,True
FIR-000521,OFF-0067,2021-10-18,True
FIR-000522,OFF-0036,2021-10-10,True
FIR-000523,OFF-0036,2021-10-14,True
FIR-000524,OFF-0005,2021-11-18,True
FIR-000525,OFF-0067,2021-11-04,True
FIR-000526,OFF-0005,2021-11-24,True
FIR-000527,OFF-0129,2021-11-30,True
FIR-000528,OFF-0129,2021-11-25,True
FIR-000529,OFF-0005,2021-12-09,True
FIR-000530,OFF-0129,2021-12-06,True
FIR-000531,OFF-0129,2021-12-02,True
FIR-000532,OFF-0036,2021-12-11,True
FIR-000533,OFF-0067,2022-01-06,True
FIR-000534,OFF-0005,2022-01-09,True
FIR-000535,OFF-0129,2022-01-18,True
FIR-000536,OFF-0098,2022-01-25,True
FIR-000537,OFF-0005,2022-02-02,True
FIR-000538,OFF-0005,2022-02-19,True
FIR-000539,OFF-0129,2022-02-05,True
FIR-000540,OFF-0098,2022-02-12,True
FIR-000541,OFF-0098,2022-03-23,True
FIR-000542,OFF-0129,2022-03-24,True
FIR-000543,OFF-0067,2022-03-14,True
FIR-000544,OFF-0129,2022-03-02,True
FIR-000545,OFF-0098,2022-04-20,True
FIR-000546,OFF-0067,2022-04-01,True
FIR-000547,OFF-0067,2022-04-20,True
FIR-000548,OFF-0129,2022-04-28,True
FIR-000549,OFF-0067,2022-05-23,True
FIR-000550,OFF-0036,2022-05-18,True
FIR-000551,OFF-0036,2022-05-14,True
FIR-000552,OFF-0067,2022-05-25,True
FIR-000553,OFF-0036,2022-06-19,True
FIR-000554,OFF-0098,2022-06-20,True
FIR-000555,OFF-0098,2022-06-03,True
FIR-000556,OFF-0098,2022-06-02,True
FIR-000557,OFF-0129,2022-07-26,True
FIR-000558,OFF-0067,2022-07-03,True
FIR-000559,OFF-0098,2022-07-29,True
FIR-000560,OFF-0067,2022-07-09,True
FIR-000561,OFF-0067,2022-08-31,True
FIR-000562,OFF-0098,2022-08-15,True
FIR-000563,OFF-0067,2022-08-21,True
FIR-000564,OFF-0067,2022-08-22,True
FIR-000565,OFF-0036,2022-08-23,True
FIR-000566,OFF-0129,2022-09-05,True
FIR-000567,OFF-0036,2022-09-04,True
FIR-000568,OFF-0098,2022-09-25,True
FIR-000569,OFF-0098,2022-09-10,True
FIR-000570,OFF-0067,2022-09-11,True
FIR-000571,OFF-0005,2022-10-29,True
FIR-000572,OFF-0005,2022-10-22,True
FIR-000573,OFF-0129,2022-10-17,True
FIR-000574,OFF-0036,2022-10-28,True
FIR-000575,OFF-0036,2022-10-08,True
FIR-000576,OFF-0067,2022-11-30,True
FIR-000577,OFF-0036,2022-11-02,True
FIR-000578,OFF-0098,2022-11-24,True
FIR-000579,OFF-0098,2022-11-05,True
FIR-000580,OFF-0067,2022-11-09,True
FIR-000581,OFF-0129,2022-12-24,True
FIR-000582,OFF-0067,2022-12-04,True
FIR-000583,OFF-0036,2022-12-15,True
FIR-000584,OFF-0036,2022-12-15,True
FIR-000585,OFF-0036,2023-01-26,True
FIR-000586,OFF-0005,2023-01-04,True
FIR-000587,OFF-0098,2023-01-17,True
FIR-000588,OFF-0098,2023-01-03,True
FIR-000589,OFF-0005,2023-02-03,True
FIR-000590,OFF-0129,2023-02-18,True
FIR-000591,OFF-0067,2023-02-14,True
FIR-000592,OFF-0036,2023-02-07,True
FIR-000593,OFF-0036,2023-03-25,True
FIR-000594,OFF-0129,2023-03-02,True
FIR-000595,OFF-0005,2023-03-17,True
FIR-000596,OFF-0067,2023-03-31,True
FIR-000597,OFF-0129,2023-04-30,True
FIR-000598,OFF-0129,2023-04-22,True
FIR-000599,OFF-0098,2023-04-01,True
FIR-000600,OFF-0005,2023-04-08,True
FIR-000601,OFF-0067,2023-05-29,True
FIR-000602,OFF-0036,2023-05-12,True
FIR-000603,OFF-0005,2023-05-08,True
FIR-000604,OFF-0036,2023-05-04,True
FIR-000605,OFF-0067,2023-06-14,True
FIR-000606,OFF-0098,2023-06-28,True
FIR-000607,OFF-0098,2023-06-18,True
FIR-000608,OFF-0098,2023-06-20,True
FIR-000609,OFF-0129,2023-07-06,True
FIR-000610,OFF-0036,2023-07-18,True
FIR-000611,OFF-0005,2023-07-30,True
FIR-000612,OFF-0036,2023-07-31,True
FIR-000613,OFF-0067,2023-08-29,True
FIR-000614,OFF-0005,2023-08-18,True
FIR-000615,OFF-0067,2023-08-27,True
FIR-000616,OFF-0129,2023-08-13,True
FIR-000617,OFF-0036,2023-08-21,True
FIR-000618,OFF-0129,2023-09-09,True
FIR-000619,OFF-0098,2023-09-01,True
FIR-000620,OFF-0036,2023-09-12,True
FIR-000621,OFF-0098,2023-09-18,True
FIR-000622,OFF-0036,2023-09-24,True
FIR-000623,OFF-0036,2023-10-19,True
FIR-000624,OFF-0005,2023-10-19,True
FIR-000625,OFF-0098,2023-10-19,True
FIR-000626,OFF-0067,2023-10-08,True
FIR-000627,OFF-0067,2023-10-14,True
FIR-000628,OFF-0036,2023-11-20,True
FIR-000629,OFF-0036,2023-11-18,True
FIR-000630,OFF-0098,2023-11-16,True
FIR-000631,OFF-0036,2023-11-09,True
FIR-000632,OFF-0067,2023-11-21,True
FIR-000633,OFF-0098,2023-12-29,True
FIR-000634,OFF-0098,2023-12-04,True
FIR-000635,OFF-0098,2023-12-07,True
FIR-000636,OFF-0036,2023-12-05,True
FIR-000637,OFF-0005,2024-01-08,True
FIR-000638,OFF-0098,2024-01-20,True
FIR-000639,OFF-0067,2024-01-06,True
FIR-000640,OFF-0129,2024-01-30,True
FIR-000641,OFF-0067,2024-02-09,True
FIR-000642,OFF-0129,2024-02-10,True
FIR-000643,OFF-0036,2024-02-09,True
FIR-000644,OFF-0098,2024-02-14,True
FIR-000645,OFF-0098,2024-03-13,True
FIR-000646,OFF-0067,2024-03-01,True
FIR-000647,OFF-0067,2024-03-19,True
FIR-000648,OFF-0098,2024-03-16,True
FIR-000649,OFF-0129,2024-04-07,True
FIR-000650,OFF-0129,2024-04-19,True
FIR-000651,OFF-0005,2024-04-29,True
FIR-000652,OFF-0067,2024-04-07,True
FIR-000653,OFF-0129,2024-05-27,True
FIR-000654,OFF-0129,2024-05-15,True
FIR-000655,OFF-0098,2024-05-21,True
FIR-000656,OFF-0036,2024-05-06,True
FIR-000657,OFF-0005,2024-06-17,True
FIR-000658,OFF-0036,2024-06-22,True
FIR-000659,OFF-0098,2024-06-14,True
FIR-000660,OFF-0129,2024-06-13,True
FIR-000661,OFF-0067,2024-07-29,True
FIR-000662,OFF-0129,2024-07-18,True
FIR-000663,OFF-0005,2024-07-29,True
FIR-000664,OFF-0067,2024-07-07,True
FIR-000665,OFF-0067,2024-08-06,True
FIR-000666,OFF-0036,2024-08-08,True
FIR-000667,OFF-0129,2024-08-17,True
FIR-000668,OFF-0129,2024-08-23,True
FIR-000669,OFF-0036,2024-08-06,True
FIR-000670,OFF-0098,2024-09-07,True
FIR-000671,OFF-0129,2024-09-02,True
FIR-000672,OFF-0098,2024-09-24,True
FIR-000673,OFF-0098,2024-09-04,True
FIR-000674,OFF-0005,2024-09-11,True
FIR-000675,OFF-0129,2024-10-25,True
FIR-000676,OFF-0005,2024-10-08,True
FIR-000677,OFF-0098,2024-10-07,True
FIR-000678,OFF-0067,2024-10-16,True
FIR-000679,OFF-0005,2024-10-14,True
FIR-000680,OFF-0067,2024-11-20,True
FIR-000681,OFF-0098,2024-11-24,True
FIR-000682,OFF-0005,2024-11-26,True
FIR-000683,OFF-0005,2024-11-29,True
FIR-000684,OFF-0067,2024-11-27,True
FIR-000685,OFF-0067,2024-12-08,True
FIR-000686,OFF-0067,2024-12-14,True
FIR-000687,OFF-0005,2024-12-03,True
FIR-000688,OFF-0005,2024-12-15,True
FIR-000689,OFF-0098,2025-01-11,True
FIR-000690,OFF-0067,2025-01-04,True
FIR-000691,OFF-0129,2025-01-06,True
FIR-000692,OFF-0129,2025-01-27,True
FIR-000693,OFF-0005,2025-02-24,True
FIR-000694,OFF-0129,2025-02-13,True
FIR-000695,OFF-0129,2025-02-23,True
FIR-000696,OFF-0098,2025-02-16,True
FIR-000697,OFF-0129,2025-03-04,True
FIR-000698,OFF-0098,2025-03-20,True
FIR-000699,OFF-0005,2025-03-01,True
FIR-000700,OFF-0005,2025-03-23,True
FIR-000701,OFF-0067,2025-04-17,True
FIR-000702,OFF-0129,2025-04-21,True
FIR-000703,OFF-0129,2025-04-10,True
FIR-000704,OFF-0129,2025-04-15,True
FIR-000705,OFF-0005,2025-05-05,True
FIR-000706,OFF-0005,2025-05-08,True
FIR-000707,OFF-0098,2025-05-23,True
FIR-000708,OFF-0005,2025-05-31,True
FIR-000709,OFF-0129,2025-06-06,True
FIR-000710,OFF-0098,2025-06-03,True
FIR-000711,OFF-0036,2025-06-03,True
FIR-000712,OFF-0129,2025-06-02,True
FIR-000713,OFF-0098,2025-07-13,True
FIR-000714,OFF-0005,2025-07-20,True
FIR-000715,OFF-0005,2025-07-12,True
FIR-000716,OFF-0036,2025-07-10,True
FIR-000717,OFF-0098,2025-08-15,True
FIR-000718,OFF-0129,2025-08-09,True
FIR-000719,OFF-0036,2025-08-15,True
FIR-000720,OFF-0005,2025-08-27,True
FIR-000721,OFF-0067,2025-08-30,True
FIR-000722,OFF-0098,2025-09-20,True
FIR-000723,OFF-0036,2025-09-30,True
FIR-000724,OFF-0067,2025-09-01,True
FIR-000725,OFF-0036,2025-09-04,True
FIR-000726,OFF-0005,2025-09-30,True
FIR-000727,OFF-0098,2025-10-23,True
FIR-000728,OFF-0005,2025-10-25,True
FIR-000729,OFF-0067,2025-10-06,True
FIR-000730,OFF-0005,2025-10-03,True
FIR-000731,OFF-0005,2025-10-17,True
FIR-000732,OFF-0098,2025-11-20,True
FIR-000733,OFF-0129,2025-11-17,True
FIR-000734,OFF-0098,2025-11-21,True
FIR-000735,OFF-0098,2025-11-24,True
FIR-000736,OFF-0129,2025-11-24,True
FIR-000737,OFF-0005,2025-12-04,True
FIR-000738,OFF-0067,2025-12-24,True
FIR-000739,OFF-0067,2025-12-10,True
FIR-000740,OFF-0036,2025-12-21,True
FIR-000741,OFF-0068,2021-01-21,True
FIR-000742,OFF-0006,2021-01-16,True
FIR-000743,OFF-0068,2021-02-24,True
FIR-000744,OFF-0161,2021-02-22,True
FIR-000745,OFF-0006,2021-03-11,True
FIR-000746,OFF-0161,2021-03-05,True
FIR-000747,OFF-0006,2021-04-02,True
FIR-000748,OFF-0161,2021-04-02,True
FIR-000749,OFF-0068,2021-05-19,True
FIR-000750,OFF-0161,2021-05-10,True
FIR-000751,OFF-0068,2021-06-19,True
FIR-000752,OFF-0006,2021-06-26,True
FIR-000753,OFF-0161,2021-07-13,True
FIR-000754,OFF-0161,2021-07-24,True
FIR-000755,OFF-0006,2021-08-20,True
FIR-000756,OFF-0161,2021-08-21,True
FIR-000757,OFF-0006,2021-09-15,True
FIR-000758,OFF-0161,2021-09-12,True
FIR-000759,OFF-0006,2021-10-24,True
FIR-000760,OFF-0006,2021-10-23,True
FIR-000761,OFF-0068,2021-11-29,True
FIR-000762,OFF-0161,2021-11-22,True
FIR-000763,OFF-0006,2021-12-17,True
FIR-000764,OFF-0006,2021-12-30,True
FIR-000765,OFF-0161,2022-01-22,True
FIR-000766,OFF-0068,2022-01-18,True
FIR-000767,OFF-0006,2022-02-19,True
FIR-000768,OFF-0006,2022-02-25,True
FIR-000769,OFF-0068,2022-03-14,True
FIR-000770,OFF-0068,2022-03-26,True
FIR-000771,OFF-0068,2022-04-18,True
FIR-000772,OFF-0161,2022-04-29,True
FIR-000773,OFF-0006,2022-05-09,True
FIR-000774,OFF-0006,2022-05-14,True
FIR-000775,OFF-0006,2022-06-12,True
FIR-000776,OFF-0006,2022-06-29,True
FIR-000777,OFF-0006,2022-07-29,True
FIR-000778,OFF-0006,2022-07-01,True
FIR-000779,OFF-0068,2022-08-10,True
FIR-000780,OFF-0161,2022-08-29,True
FIR-000781,OFF-0161,2022-09-17,True
FIR-000782,OFF-0161,2022-09-04,True
FIR-000783,OFF-0161,2022-10-17,True
FIR-000784,OFF-0006,2022-10-21,True
FIR-000785,OFF-0068,2022-11-06,True
FIR-000786,OFF-0068,2022-11-26,True
FIR-000787,OFF-0161,2022-12-26,True
FIR-000788,OFF-0068,2022-12-08,True
FIR-000789,OFF-0006,2023-01-22,True
FIR-000790,OFF-0006,2023-01-28,True
FIR-000791,OFF-0068,2023-02-28,True
FIR-000792,OFF-0006,2023-02-02,True
FIR-000793,OFF-0006,2023-03-23,True
FIR-000794,OFF-0161,2023-03-29,True
FIR-000795,OFF-0006,2023-04-30,True
FIR-000796,OFF-0161,2023-04-17,True
FIR-000797,OFF-0161,2023-05-23,True
FIR-000798,OFF-0068,2023-05-02,True
FIR-000799,OFF-0068,2023-06-18,True
FIR-000800,OFF-0006,2023-06-07,True
FIR-000801,OFF-0006,2023-07-09,True
FIR-000802,OFF-0006,2023-07-04,True
FIR-000803,OFF-0161,2023-08-14,True
FIR-000804,OFF-0161,2023-08-08,True
FIR-000805,OFF-0068,2023-09-14,True
FIR-000806,OFF-0161,2023-09-29,True
FIR-000807,OFF-0068,2023-10-21,True
FIR-000808,OFF-0006,2023-10-25,True
FIR-000809,OFF-0161,2023-11-19,True
FIR-000810,OFF-0006,2023-11-09,True
FIR-000811,OFF-0161,2023-12-04,True
FIR-000812,OFF-0161,2023-12-10,True
FIR-000813,OFF-0068,2024-01-15,True
FIR-000814,OFF-0161,2024-01-28,True
FIR-000815,OFF-0006,2024-02-01,True
FIR-000816,OFF-0068,2024-02-03,True
FIR-000817,OFF-0006,2024-03-27,True
FIR-000818,OFF-0161,2024-03-03,True
FIR-000819,OFF-0068,2024-04-11,True
FIR-000820,OFF-0068,2024-04-13,True
FIR-000821,OFF-0068,2024-05-12,True
FIR-000822,OFF-0068,2024-05-18,True
FIR-000823,OFF-0161,2024-06-28,True
FIR-000824,OFF-0006,2024-06-26,True
FIR-000825,OFF-0006,2024-07-20,True
FIR-000826,OFF-0161,2024-07-06,True
FIR-000827,OFF-0006,2024-08-14,True
FIR-000828,OFF-0006,2024-08-31,True
FIR-000829,OFF-0006,2024-09-28,True
FIR-000830,OFF-0006,2024-09-14,True
FIR-000831,OFF-0068,2024-10-22,True
FIR-000832,OFF-0068,2024-10-03,True
FIR-000833,OFF-0068,2024-11-05,True
FIR-000834,OFF-0006,2024-11-02,True
FIR-000835,OFF-0161,2024-12-23,True
FIR-000836,OFF-0161,2024-12-22,True
FIR-000837,OFF-0068,2025-01-07,True
FIR-000838,OFF-0006,2025-01-03,True
FIR-000839,OFF-0068,2025-02-28,True
FIR-000840,OFF-0006,2025-02-17,True
FIR-000841,OFF-0006,2025-03-20,True
FIR-000842,OFF-0068,2025-03-06,True
FIR-000843,OFF-0161,2025-04-25,True
FIR-000844,OFF-0006,2025-04-23,True
FIR-000845,OFF-0068,2025-05-11,True
FIR-000846,OFF-0068,2025-05-03,True
FIR-000847,OFF-0161,2025-06-13,True
FIR-000848,OFF-0006,2025-06-10,True
FIR-000849,OFF-0068,2025-07-15,True
FIR-000850,OFF-0068,2025-07-15,True
FIR-000851,OFF-0068,2025-08-30,True
FIR-000852,OFF-0068,2025-08-04,True
FIR-000853,OFF-0006,2025-09-18,True
FIR-000854,OFF-0161,2025-09-27,True
FIR-000855,OFF-0161,2025-10-25,True
FIR-000856,OFF-0161,2025-10-09,True
FIR-000857,OFF-0068,2025-11-12,True
FIR-000858,OFF-0161,2025-11-11,True
FIR-000859,OFF-0006,2025-12-22,True
FIR-000860,OFF-0161,2025-12-02,True
FIR-000861,OFF-0162,2021-01-24,True
FIR-000862,OFF-0100,2021-01-27,True
FIR-000863,OFF-0038,2021-02-03,True
FIR-000864,OFF-0100,2021-02-12,True
FIR-000865,OFF-0162,2021-03-06,True
FIR-000866,OFF-0162,2021-03-06,True
FIR-000867,OFF-0038,2021-04-30,True
FIR-000868,OFF-0038,2021-04-11,True
FIR-000869,OFF-0038,2021-05-29,True
FIR-000870,OFF-0100,2021-05-21,True
FIR-000871,OFF-0100,2021-06-18,True
FIR-000872,OFF-0038,2021-06-08,True
FIR-000873,OFF-0162,2021-07-01,True
FIR-000874,OFF-0100,2021-07-10,True
FIR-000875,OFF-0162,2021-08-23,True
FIR-000876,OFF-0162,2021-08-20,True
FIR-000877,OFF-0038,2021-09-27,True
FIR-000878,OFF-0100,2021-09-04,True
FIR-000879,OFF-0038,2021-10-10,True
FIR-000880,OFF-0038,2021-10-23,True
FIR-000881,OFF-0100,2021-11-12,True
FIR-000882,OFF-0162,2021-11-26,True
FIR-000883,OFF-0100,2021-12-23,True
FIR-000884,OFF-0162,2021-12-19,True
FIR-000885,OFF-0100,2022-01-16,True
FIR-000886,OFF-0162,2022-01-05,True
FIR-000887,OFF-0162,2022-02-01,True
FIR-000888,OFF-0100,2022-02-25,True
FIR-000889,OFF-0100,2022-03-17,True
FIR-000890,OFF-0162,2022-03-02,True
FIR-000891,OFF-0100,2022-04-10,True
FIR-000892,OFF-0038,2022-04-02,True
FIR-000893,OFF-0038,2022-05-09,True
FIR-000894,OFF-0038,2022-05-31,True
FIR-000895,OFF-0038,2022-06-30,True
FIR-000896,OFF-0100,2022-06-05,True
FIR-000897,OFF-0162,2022-07-31,True
FIR-000898,OFF-0100,2022-07-28,True
FIR-000899,OFF-0100,2022-08-16,True
FIR-000900,OFF-0162,2022-08-26,True
FIR-000901,OFF-0038,2022-09-15,True
FIR-000902,OFF-0038,2022-09-26,True
FIR-000903,OFF-0038,2022-10-07,True
FIR-000904,OFF-0162,2022-10-03,True
FIR-000905,OFF-0038,2022-11-22,True
FIR-000906,OFF-0100,2022-11-13,True
FIR-000907,OFF-0100,2022-12-24,True
FIR-000908,OFF-0100,2022-12-07,True
FIR-000909,OFF-0038,2023-01-28,True
FIR-000910,OFF-0100,2023-01-02,True
FIR-000911,OFF-0038,2023-02-24,True
FIR-000912,OFF-0100,2023-02-28,True
FIR-000913,OFF-0162,2023-03-02,True
FIR-000914,OFF-0038,2023-03-12,True
FIR-000915,OFF-0162,2023-04-28,True
FIR-000916,OFF-0162,2023-04-02,True
FIR-000917,OFF-0100,2023-05-29,True
FIR-000918,OFF-0100,2023-05-01,True
FIR-000919,OFF-0100,2023-06-10,True
FIR-000920,OFF-0100,2023-06-11,True
FIR-000921,OFF-0038,2023-07-24,True
FIR-000922,OFF-0162,2023-07-16,True
FIR-000923,OFF-0162,2023-08-11,True
FIR-000924,OFF-0038,2023-08-03,True
FIR-000925,OFF-0100,2023-09-26,True
FIR-000926,OFF-0100,2023-09-29,True
FIR-000927,OFF-0100,2023-10-30,True
FIR-000928,OFF-0100,2023-10-25,True
FIR-000929,OFF-0162,2023-11-24,True
FIR-000930,OFF-0038,2023-11-06,True
FIR-000931,OFF-0038,2023-12-20,True
FIR-000932,OFF-0162,2023-12-28,True
FIR-000933,OFF-0038,2024-01-05,True
FIR-000934,OFF-0162,2024-01-12,True
FIR-000935,OFF-0038,2024-02-08,True
FIR-000936,OFF-0038,2024-02-24,True
FIR-000937,OFF-0100,2024-03-02,True
FIR-000938,OFF-0038,2024-03-15,True
FIR-000939,OFF-0162,2024-04-15,True
FIR-000940,OFF-0100,2024-04-02,True
FIR-000941,OFF-0100,2024-05-24,True
FIR-000942,OFF-0038,2024-05-10,True
FIR-000943,OFF-0162,2024-06-07,True
FIR-000944,OFF-0100,2024-06-29,True
FIR-000945,OFF-0038,2024-07-15,True
FIR-000946,OFF-0038,2024-07-26,True
FIR-000947,OFF-0162,2024-08-01,True
FIR-000948,OFF-0162,2024-08-16,True
FIR-000949,OFF-0162,2024-09-13,True
FIR-000950,OFF-0100,2024-09-04,True
FIR-000951,OFF-0038,2024-10-15,True
FIR-000952,OFF-0100,2024-10-10,True
FIR-000953,OFF-0100,2024-11-28,True
FIR-000954,OFF-0162,2024-11-26,True
FIR-000955,OFF-0100,2024-12-03,True
FIR-000956,OFF-0100,2024-12-05,True
FIR-000957,OFF-0038,2025-01-04,True
FIR-000958,OFF-0038,2025-01-09,True
FIR-000959,OFF-0100,2025-02-17,True
FIR-000960,OFF-0038,2025-02-15,True
FIR-000961,OFF-0100,2025-03-28,True
FIR-000962,OFF-0038,2025-03-31,True
FIR-000963,OFF-0162,2025-04-05,True
FIR-000964,OFF-0100,2025-04-06,True
FIR-000965,OFF-0162,2025-05-22,True
FIR-000966,OFF-0100,2025-05-23,True
FIR-000967,OFF-0038,2025-06-03,True
FIR-000968,OFF-0100,2025-06-30,True
FIR-000969,OFF-0162,2025-07-30,True
FIR-000970,OFF-0100,2025-07-05,True
FIR-000971,OFF-0162,2025-08-28,True
FIR-000972,OFF-0162,2025-08-10,True
FIR-000973,OFF-0162,2025-09-26,True
FIR-000974,OFF-0162,2025-09-14,True
FIR-000975,OFF-0162,2025-10-06,True
FIR-000976,OFF-0162,2025-10-03,True
FIR-000977,OFF-0038,2025-11-04,True
FIR-000978,OFF-0038,2025-11-20,True
FIR-000979,OFF-0038,2025-12-18,True
FIR-000980,OFF-0100,2025-12-03,True
FIR-000981,OFF-0039,2021-01-27,True
FIR-000982,OFF-0070,2021-01-12,True
FIR-000983,OFF-0008,2021-02-02,True
FIR-000984,OFF-0039,2021-02-10,True
FIR-000985,OFF-0039,2021-03-21,True
FIR-000986,OFF-0132,2021-03-03,True
FIR-000987,OFF-0132,2021-04-24,True
FIR-000988,OFF-0070,2021-04-17,True
FIR-000989,OFF-0132,2021-05-25,True
FIR-000990,OFF-0008,2021-05-10,True
FIR-000991,OFF-0039,2021-06-03,True
FIR-000992,OFF-0039,2021-06-03,True
FIR-000993,OFF-0070,2021-07-07,True
FIR-000994,OFF-0132,2021-07-31,True
FIR-000995,OFF-0008,2021-08-10,True
FIR-000996,OFF-0039,2021-08-23,True
FIR-000997,OFF-0132,2021-09-24,True
FIR-000998,OFF-0008,2021-09-13,True
FIR-000999,OFF-0070,2021-10-29,True
FIR-001000,OFF-0132,2021-10-07,True
FIR-001001,OFF-0132,2021-11-03,True
FIR-001002,OFF-0070,2021-11-29,True
FIR-001003,OFF-0039,2021-12-04,True
FIR-001004,OFF-0039,2021-12-16,True
FIR-001005,OFF-0039,2022-01-14,True
FIR-001006,OFF-0008,2022-01-07,True
FIR-001007,OFF-0039,2022-02-08,True
FIR-001008,OFF-0008,2022-02-02,True
FIR-001009,OFF-0008,2022-03-16,True
FIR-001010,OFF-0070,2022-03-09,True
FIR-001011,OFF-0008,2022-04-13,True
FIR-001012,OFF-0039,2022-04-04,True
FIR-001013,OFF-0039,2022-05-05,True
FIR-001014,OFF-0070,2022-05-25,True
FIR-001015,OFF-0039,2022-06-11,True
FIR-001016,OFF-0008,2022-06-18,True
FIR-001017,OFF-0039,2022-07-15,True
FIR-001018,OFF-0039,2022-07-18,True
FIR-001019,OFF-0132,2022-08-18,True
FIR-001020,OFF-0039,2022-08-16,True
FIR-001021,OFF-0070,2022-09-09,True
FIR-001022,OFF-0070,2022-09-26,True
FIR-001023,OFF-0039,2022-10-19,True
FIR-001024,OFF-0070,2022-10-08,True
FIR-001025,OFF-0008,2022-11-16,True
FIR-001026,OFF-0008,2022-11-22,True
FIR-001027,OFF-0039,2022-12-19,True
FIR-001028,OFF-0008,2022-12-12,True
FIR-001029,OFF-0070,2023-01-25,True
FIR-001030,OFF-0132,2023-01-06,True
FIR-001031,OFF-0039,2023-02-22,True
FIR-001032,OFF-0039,2023-02-05,True
FIR-001033,OFF-0132,2023-03-08,True
FIR-001034,OFF-0132,2023-03-25,True
FIR-001035,OFF-0132,2023-04-02,True
FIR-001036,OFF-0070,2023-04-22,True
FIR-001037,OFF-0039,2023-05-04,True
FIR-001038,OFF-0132,2023-05-21,True
FIR-001039,OFF-0070,2023-06-23,True
FIR-001040,OFF-0132,2023-06-17,True
FIR-001041,OFF-0070,2023-07-05,True
FIR-001042,OFF-0008,2023-07-02,True
FIR-001043,OFF-0132,2023-08-07,True
FIR-001044,OFF-0070,2023-08-02,True
FIR-001045,OFF-0008,2023-09-28,True
FIR-001046,OFF-0039,2023-09-04,True
FIR-001047,OFF-0070,2023-10-31,True
FIR-001048,OFF-0070,2023-10-29,True
FIR-001049,OFF-0070,2023-11-03,True
FIR-001050,OFF-0070,2023-11-07,True
FIR-001051,OFF-0039,2023-12-25,True
FIR-001052,OFF-0039,2023-12-03,True
FIR-001053,OFF-0132,2024-01-14,True
FIR-001054,OFF-0132,2024-01-09,True
FIR-001055,OFF-0132,2024-02-16,True
FIR-001056,OFF-0039,2024-02-10,True
FIR-001057,OFF-0132,2024-03-02,True
FIR-001058,OFF-0070,2024-03-26,True
FIR-001059,OFF-0070,2024-04-19,True
FIR-001060,OFF-0039,2024-04-22,True
FIR-001061,OFF-0039,2024-05-28,True
FIR-001062,OFF-0008,2024-05-07,True
FIR-001063,OFF-0132,2024-06-21,True
FIR-001064,OFF-0008,2024-06-19,True
FIR-001065,OFF-0132,2024-07-25,True
FIR-001066,OFF-0132,2024-07-06,True
FIR-001067,OFF-0132,2024-08-08,True
FIR-001068,OFF-0039,2024-08-24,True
FIR-001069,OFF-0039,2024-09-09,True
FIR-001070,OFF-0070,2024-09-11,True
FIR-001071,OFF-0039,2024-10-30,True
FIR-001072,OFF-0008,2024-10-26,True
FIR-001073,OFF-0008,2024-11-18,True
FIR-001074,OFF-0008,2024-11-06,True
FIR-001075,OFF-0070,2024-12-01,True
FIR-001076,OFF-0070,2024-12-23,True
FIR-001077,OFF-0008,2025-01-26,True
FIR-001078,OFF-0132,2025-01-09,True
FIR-001079,OFF-0039,2025-02-15,True
FIR-001080,OFF-0070,2025-02-10,True
FIR-001081,OFF-0132,2025-03-13,True
FIR-001082,OFF-0132,2025-03-12,True
FIR-001083,OFF-0008,2025-04-18,True
FIR-001084,OFF-0070,2025-04-27,True
FIR-001085,OFF-0070,2025-05-03,True
FIR-001086,OFF-0008,2025-05-01,True
FIR-001087,OFF-0008,2025-06-20,True
FIR-001088,OFF-0070,2025-06-06,True
FIR-001089,OFF-0008,2025-07-05,True
FIR-001090,OFF-0132,2025-07-29,True
FIR-001091,OFF-0070,2025-08-01,True
FIR-001092,OFF-0070,2025-08-14,True
FIR-001093,OFF-0132,2025-09-26,True
FIR-001094,OFF-0132,2025-09-03,True
FIR-001095,OFF-0070,2025-10-29,True
FIR-001096,OFF-0008,2025-10-22,True
FIR-001097,OFF-0039,2025-11-11,True
FIR-001098,OFF-0132,2025-11-22,True
FIR-001099,OFF-0132,2025-12-24,True
FIR-001100,OFF-0070,2025-12-24,True
FIR-001101,OFF-0133,2021-01-06,True
FIR-001102,OFF-0040,2021-01-09,True
FIR-001103,OFF-0102,2021-02-05,True
FIR-001104,OFF-0102,2021-02-02,True
FIR-001105,OFF-0040,2021-03-19,True
FIR-001106,OFF-0102,2021-03-08,True
FIR-001107,OFF-0040,2021-04-24,True
FIR-001108,OFF-0040,2021-04-23,True
FIR-001109,OFF-0133,2021-05-05,True
FIR-001110,OFF-0040,2021-05-26,True
FIR-001111,OFF-0102,2021-06-04,True
FIR-001112,OFF-0102,2021-06-17,True
FIR-001113,OFF-0102,2021-07-28,True
FIR-001114,OFF-0040,2021-07-23,True
FIR-001115,OFF-0133,2021-08-20,True
FIR-001116,OFF-0040,2021-08-04,True
FIR-001117,OFF-0040,2021-09-09,True
FIR-001118,OFF-0102,2021-09-23,True
FIR-001119,OFF-0133,2021-10-12,True
FIR-001120,OFF-0133,2021-10-30,True
FIR-001121,OFF-0102,2021-11-23,True
FIR-001122,OFF-0102,2021-11-11,True
FIR-001123,OFF-0102,2021-12-13,True
FIR-001124,OFF-0040,2021-12-03,True
FIR-001125,OFF-0102,2022-01-24,True
FIR-001126,OFF-0133,2022-01-26,True
FIR-001127,OFF-0133,2022-02-16,True
FIR-001128,OFF-0040,2022-02-09,True
FIR-001129,OFF-0040,2022-03-09,True
FIR-001130,OFF-0133,2022-03-19,True
FIR-001131,OFF-0040,2022-04-01,True
FIR-001132,OFF-0040,2022-04-26,True
FIR-001133,OFF-0133,2022-05-27,True
FIR-001134,OFF-0102,2022-05-08,True
FIR-001135,OFF-0102,2022-06-22,True
FIR-001136,OFF-0102,2022-06-22,True
FIR-001137,OFF-0040,2022-07-22,True
FIR-001138,OFF-0102,2022-07-17,True
FIR-001139,OFF-0133,2022-08-22,True
FIR-001140,OFF-0102,2022-08-04,True
FIR-001141,OFF-0102,2022-09-08,True
FIR-001142,OFF-0102,2022-09-10,True
FIR-001143,OFF-0133,2022-10-01,True
FIR-001144,OFF-0102,2022-10-01,True
FIR-001145,OFF-0133,2022-11-03,True
FIR-001146,OFF-0102,2022-11-23,True
FIR-001147,OFF-0040,2022-12-30,True
FIR-001148,OFF-0040,2022-12-21,True
FIR-001149,OFF-0102,2023-01-30,True
FIR-001150,OFF-0133,2023-01-21,True
FIR-001151,OFF-0133,2023-02-09,True
FIR-001152,OFF-0133,2023-02-05,True
FIR-001153,OFF-0040,2023-03-05,True
FIR-001154,OFF-0040,2023-03-10,True
FIR-001155,OFF-0102,2023-04-02,True
FIR-001156,OFF-0102,2023-04-03,True
FIR-001157,OFF-0040,2023-05-13,True
FIR-001158,OFF-0102,2023-05-05,True
FIR-001159,OFF-0102,2023-06-17,True
FIR-001160,OFF-0102,2023-06-14,True
FIR-001161,OFF-0133,2023-07-29,True
FIR-001162,OFF-0102,2023-07-09,True
FIR-001163,OFF-0133,2023-08-24,True
FIR-001164,OFF-0133,2023-08-17,True
FIR-001165,OFF-0133,2023-09-23,True
FIR-001166,OFF-0040,2023-09-20,True
FIR-001167,OFF-0133,2023-10-04,True
FIR-001168,OFF-0133,2023-10-07,True
FIR-001169,OFF-0040,2023-11-11,True
FIR-001170,OFF-0102,2023-11-06,True
FIR-001171,OFF-0133,2023-12-08,True
FIR-001172,OFF-0040,2023-12-17,True
FIR-001173,OFF-0133,2024-01-30,True
FIR-001174,OFF-0040,2024-01-06,True
FIR-001175,OFF-0102,2024-02-28,True
FIR-001176,OFF-0133,2024-02-10,True
FIR-001177,OFF-0133,2024-03-22,True
FIR-001178,OFF-0040,2024-03-13,True
FIR-001179,OFF-0102,2024-04-22,True
FIR-001180,OFF-0040,2024-04-16,True
FIR-001181,OFF-0102,2024-05-13,True
FIR-001182,OFF-0133,2024-05-11,True
FIR-001183,OFF-0133,2024-06-05,True
FIR-001184,OFF-0133,2024-06-27,True
FIR-001185,OFF-0040,2024-07-06,True
FIR-001186,OFF-0133,2024-07-18,True
FIR-001187,OFF-0040,2024-08-24,True
FIR-001188,OFF-0133,2024-08-01,True
FIR-001189,OFF-0040,2024-09-18,True
FIR-001190,OFF-0040,2024-09-10,True
FIR-001191,OFF-0133,2024-10-28,True
FIR-001192,OFF-0040,2024-10-30,True
FIR-001193,OFF-0133,2024-11-26,True
FIR-001194,OFF-0102,2024-11-05,True
FIR-001195,OFF-0133,2024-12-26,True
FIR-001196,OFF-0133,2024-12-20,True
FIR-001197,OFF-0133,2025-01-26,True
FIR-001198,OFF-0102,2025-01-07,True
FIR-001199,OFF-0102,2025-02-07,True
FIR-001200,OFF-0133,2025-02-18,True
FIR-001201,OFF-0102,2025-03-19,True
FIR-001202,OFF-0102,2025-03-11,True
FIR-001203,OFF-0102,2025-04-28,True
FIR-001204,OFF-0133,2025-04-14,True
FIR-001205,OFF-0102,2025-05-17,True
FIR-001206,OFF-0133,2025-05-21,True
FIR-001207,OFF-0102,2025-06-24,True
FIR-001208,OFF-0040,2025-06-07,True
FIR-001209,OFF-0040,2025-07-19,True
FIR-001210,OFF-0040,2025-07-27,True
FIR-001211,OFF-0102,2025-08-25,True
FIR-001212,OFF-0040,2025-08-01,True
FIR-001213,OFF-0133,2025-09-28,True
FIR-001214,OFF-0040,2025-09-15,True
FIR-001215,OFF-0040,2025-10-07,True
FIR-001216,OFF-0102,2025-10-19,True
FIR-001217,OFF-0133,2025-11-15,True
FIR-001218,OFF-0102,2025-11-17,True
FIR-001219,OFF-0102,2025-12-31,True
FIR-001220,OFF-0040,2025-12-21,True
FIR-001221,OFF-0165,2021-01-03,True
FIR-001222,OFF-0134,2021-01-16,True
FIR-001223,OFF-0041,2021-02-10,True
FIR-001224,OFF-0103,2021-02-03,True
FIR-001225,OFF-0134,2021-03-23,True
FIR-001226,OFF-0103,2021-03-17,True
FIR-001227,OFF-0165,2021-04-22,True
FIR-001228,OFF-0010,2021-04-02,True
FIR-001229,OFF-0134,2021-05-11,True
FIR-001230,OFF-0165,2021-05-01,True
FIR-001231,OFF-0103,2021-06-25,True
FIR-001232,OFF-0165,2021-06-03,True
FIR-001233,OFF-0010,2021-07-13,True
FIR-001234,OFF-0165,2021-07-25,True
FIR-001235,OFF-0010,2021-08-16,True
FIR-001236,OFF-0072,2021-08-17,True
FIR-001237,OFF-0041,2021-09-22,True
FIR-001238,OFF-0165,2021-09-14,True
FIR-001239,OFF-0134,2021-10-31,True
FIR-001240,OFF-0134,2021-10-23,True
FIR-001241,OFF-0165,2021-11-14,True
FIR-001242,OFF-0103,2021-11-03,True
FIR-001243,OFF-0072,2021-12-27,True
FIR-001244,OFF-0010,2021-12-11,True
FIR-001245,OFF-0072,2022-01-19,True
FIR-001246,OFF-0072,2022-01-31,True
FIR-001247,OFF-0010,2022-02-03,True
FIR-001248,OFF-0134,2022-02-03,True
FIR-001249,OFF-0010,2022-03-13,True
FIR-001250,OFF-0134,2022-03-12,True
FIR-001251,OFF-0134,2022-04-14,True
FIR-001252,OFF-0134,2022-04-19,True
FIR-001253,OFF-0072,2022-05-22,True
FIR-001254,OFF-0165,2022-05-11,True
FIR-001255,OFF-0165,2022-06-01,True
FIR-001256,OFF-0134,2022-06-17,True
FIR-001257,OFF-0134,2022-07-17,True
FIR-001258,OFF-0165,2022-07-06,True
FIR-001259,OFF-0072,2022-08-14,True
FIR-001260,OFF-0165,2022-08-11,True
FIR-001261,OFF-0010,2022-09-03,True
FIR-001262,OFF-0010,2022-09-13,True
FIR-001263,OFF-0103,2022-10-11,True
FIR-001264,OFF-0072,2022-10-08,True
FIR-001265,OFF-0041,2022-11-04,True
FIR-001266,OFF-0103,2022-11-07,True
FIR-001267,OFF-0010,2022-12-24,True
FIR-001268,OFF-0072,2022-12-25,True
FIR-001269,OFF-0041,2023-01-12,True
FIR-001270,OFF-0041,2023-01-11,True
FIR-001271,OFF-0103,2023-02-04,True
FIR-001272,OFF-0072,2023-02-28,True
FIR-001273,OFF-0010,2023-03-17,True
FIR-001274,OFF-0072,2023-03-28,True
FIR-001275,OFF-0072,2023-04-17,True
FIR-001276,OFF-0010,2023-04-19,True
FIR-001277,OFF-0041,2023-05-24,True
FIR-001278,OFF-0041,2023-05-12,True
FIR-001279,OFF-0134,2023-06-03,True
FIR-001280,OFF-0165,2023-06-22,True
FIR-001281,OFF-0072,2023-07-19,True
FIR-001282,OFF-0134,2023-07-19,True
FIR-001283,OFF-0134,2023-08-17,True
FIR-001284,OFF-0165,2023-08-26,True
FIR-001285,OFF-0041,2023-09-13,True
FIR-001286,OFF-0165,2023-09-24,True
FIR-001287,OFF-0103,2023-10-02,True
FIR-001288,OFF-0010,2023-10-21,True
FIR-001289,OFF-0134,2023-11-06,True
FIR-001290,OFF-0010,2023-11-29,True
FIR-001291,OFF-0010,2023-12-28,True
FIR-001292,OFF-0165,2023-12-08,True
FIR-001293,OFF-0041,2024-01-22,True
FIR-001294,OFF-0072,2024-01-04,True
FIR-001295,OFF-0103,2024-02-25,True
FIR-001296,OFF-0165,2024-02-14,True
FIR-001297,OFF-0072,2024-03-21,True
FIR-001298,OFF-0041,2024-03-13,True
FIR-001299,OFF-0010,2024-04-13,True
FIR-001300,OFF-0134,2024-04-12,True
FIR-001301,OFF-0134,2024-05-27,True
FIR-001302,OFF-0010,2024-05-08,True
FIR-001303,OFF-0010,2024-06-14,True
FIR-001304,OFF-0010,2024-06-12,True
FIR-001305,OFF-0072,2024-07-11,True
FIR-001306,OFF-0165,2024-07-17,True
FIR-001307,OFF-0134,2024-08-26,True
FIR-001308,OFF-0041,2024-08-13,True
FIR-001309,OFF-0072,2024-09-11,True
FIR-001310,OFF-0103,2024-09-15,True
FIR-001311,OFF-0010,2024-10-22,True
FIR-001312,OFF-0010,2024-10-12,True
FIR-001313,OFF-0041,2024-11-23,True
FIR-001314,OFF-0134,2024-11-15,True
FIR-001315,OFF-0165,2024-12-14,True
FIR-001316,OFF-0072,2024-12-17,True
FIR-001317,OFF-0072,2025-01-04,True
FIR-001318,OFF-0165,2025-01-15,True
FIR-001319,OFF-0165,2025-02-01,True
FIR-001320,OFF-0134,2025-02-19,True
FIR-001321,OFF-0134,2025-03-31,True
FIR-001322,OFF-0165,2025-03-10,True
FIR-001323,OFF-0165,2025-04-08,True
FIR-001324,OFF-0103,2025-04-10,True
FIR-001325,OFF-0041,2025-05-31,True
FIR-001326,OFF-0103,2025-05-13,True
FIR-001327,OFF-0041,2025-06-08,True
FIR-001328,OFF-0010,2025-06-10,True
FIR-001329,OFF-0165,2025-07-09,True
FIR-001330,OFF-0072,2025-07-29,True
FIR-001331,OFF-0010,2025-08-24,True
FIR-001332,OFF-0134,2025-08-04,True
FIR-001333,OFF-0010,2025-09-30,True
FIR-001334,OFF-0010,2025-09-28,True
FIR-001335,OFF-0134,2025-10-23,True
FIR-001336,OFF-0103,2025-10-21,True
FIR-001337,OFF-0103,2025-11-30,True
FIR-001338,OFF-0103,2025-11-25,True
FIR-001339,OFF-0010,2025-12-20,True
FIR-001340,OFF-0072,2025-12-24,True
FIR-001341,OFF-0042,2021-01-29,True
FIR-001342,OFF-0135,2021-01-03,True
FIR-001343,OFF-0166,2021-01-08,True
FIR-001344,OFF-0011,2021-01-04,True
FIR-001345,OFF-0042,2021-02-21,True
FIR-001346,OFF-0135,2021-02-23,True
FIR-001347,OFF-0135,2021-02-03,True
FIR-001348,OFF-0011,2021-02-26,True
FIR-001349,OFF-0166,2021-03-10,True
FIR-001350,OFF-0135,2021-03-25,True
FIR-001351,OFF-0042,2021-03-28,True
FIR-001352,OFF-0042,2021-03-02,True
FIR-001353,OFF-0042,2021-04-24,True
FIR-001354,OFF-0135,2021-04-03,True
FIR-001355,OFF-0135,2021-04-10,True
FIR-001356,OFF-0166,2021-04-12,True
FIR-001357,OFF-0166,2021-05-27,True
FIR-001358,OFF-0011,2021-05-14,True
FIR-001359,OFF-0166,2021-05-26,True
FIR-001360,OFF-0135,2021-05-23,True
FIR-001361,OFF-0135,2021-06-30,True
FIR-001362,OFF-0011,2021-06-28,True
FIR-001363,OFF-0042,2021-06-27,True
FIR-001364,OFF-0011,2021-06-07,True
FIR-001365,OFF-0042,2021-07-02,True
FIR-001366,OFF-0042,2021-07-22,True
FIR-001367,OFF-0135,2021-07-25,True
FIR-001368,OFF-0166,2021-07-28,True
FIR-001369,OFF-0011,2021-08-31,True
FIR-001370,OFF-0135,2021-08-13,True
FIR-001371,OFF-0042,2021-08-19,True
FIR-001372,OFF-0166,2021-08-06,True
FIR-001373,OFF-0011,2021-08-13,True
FIR-001374,OFF-0166,2021-09-06,True
FIR-001375,OFF-0042,2021-09-05,True
FIR-001376,OFF-0166,2021-09-05,True
FIR-001377,OFF-0042,2021-09-22,True
FIR-001378,OFF-0042,2021-09-13,True
FIR-001379,OFF-0135,2021-10-13,True
FIR-001380,OFF-0042,2021-10-06,True
FIR-001381,OFF-0166,2021-10-06,True
FIR-001382,OFF-0135,2021-10-08,True
FIR-001383,OFF-0042,2021-10-03,True
FIR-001384,OFF-0166,2021-11-18,True
FIR-001385,OFF-0011,2021-11-08,True
FIR-001386,OFF-0011,2021-11-28,True
FIR-001387,OFF-0042,2021-11-17,True
FIR-001388,OFF-0166,2021-11-15,True
FIR-001389,OFF-0011,2021-12-05,True
FIR-001390,OFF-0135,2021-12-20,True
FIR-001391,OFF-0166,2021-12-01,True
FIR-001392,OFF-0011,2021-12-19,True
FIR-001393,OFF-0166,2022-01-26,True
FIR-001394,OFF-0042,2022-01-21,True
FIR-001395,OFF-0135,2022-01-26,True
FIR-001396,OFF-0166,2022-01-17,True
FIR-001397,OFF-0135,2022-02-20,True
FIR-001398,OFF-0135,2022-02-08,True
FIR-001399,OFF-0166,2022-02-03,True
FIR-001400,OFF-0011,2022-02-13,True
FIR-001401,OFF-0011,2022-03-11,True
FIR-001402,OFF-0166,2022-03-27,True
FIR-001403,OFF-0135,2022-03-22,True
FIR-001404,OFF-0166,2022-03-19,True
FIR-001405,OFF-0011,2022-04-09,True
FIR-001406,OFF-0135,2022-04-11,True
FIR-001407,OFF-0166,2022-04-01,True
FIR-001408,OFF-0135,2022-04-20,True
FIR-001409,OFF-0042,2022-05-30,True
FIR-001410,OFF-0135,2022-05-28,True
FIR-001411,OFF-0166,2022-05-09,True
FIR-001412,OFF-0011,2022-05-12,True
FIR-001413,OFF-0011,2022-06-24,True
FIR-001414,OFF-0166,2022-06-22,True
FIR-001415,OFF-0166,2022-06-27,True
FIR-001416,OFF-0135,2022-06-02,True
FIR-001417,OFF-0166,2022-07-21,True
FIR-001418,OFF-0166,2022-07-09,True
FIR-001419,OFF-0166,2022-07-17,True
FIR-001420,OFF-0135,2022-07-05,True
FIR-001421,OFF-0042,2022-08-14,True
FIR-001422,OFF-0042,2022-08-06,True
FIR-001423,OFF-0135,2022-08-20,True
FIR-001424,OFF-0166,2022-08-04,True
FIR-001425,OFF-0135,2022-08-19,True
FIR-001426,OFF-0042,2022-09-29,True
FIR-001427,OFF-0042,2022-09-29,True
FIR-001428,OFF-0011,2022-09-15,True
FIR-001429,OFF-0042,2022-09-09,True
FIR-001430,OFF-0166,2022-09-09,True
FIR-001431,OFF-0011,2022-10-16,True
FIR-001432,OFF-0042,2022-10-16,True
FIR-001433,OFF-0042,2022-10-15,True
FIR-001434,OFF-0166,2022-10-16,True
FIR-001435,OFF-0011,2022-10-24,True
FIR-001436,OFF-0042,2022-11-21,True
FIR-001437,OFF-0166,2022-11-15,True
FIR-001438,OFF-0011,2022-11-05,True
FIR-001439,OFF-0135,2022-11-19,True
FIR-001440,OFF-0166,2022-11-30,True
FIR-001441,OFF-0135,2022-12-13,True
FIR-001442,OFF-0042,2022-12-30,True
FIR-001443,OFF-0042,2022-12-04,True
FIR-001444,OFF-0166,2022-12-15,True
FIR-001445,OFF-0042,2023-01-11,True
FIR-001446,OFF-0166,2023-01-20,True
FIR-001447,OFF-0011,2023-01-28,True
FIR-001448,OFF-0042,2023-01-21,True
FIR-001449,OFF-0166,2023-02-14,True
FIR-001450,OFF-0011,2023-02-18,True
FIR-001451,OFF-0166,2023-02-07,True
FIR-001452,OFF-0011,2023-02-01,True
FIR-001453,OFF-0166,2023-03-27,True
FIR-001454,OFF-0135,2023-03-24,True
FIR-001455,OFF-0011,2023-03-01,True
FIR-001456,OFF-0166,2023-03-07,True
FIR-001457,OFF-0135,2023-04-19,True
FIR-001458,OFF-0166,2023-04-25,True
FIR-001459,OFF-0011,2023-04-11,True
FIR-001460,OFF-0042,2023-04-22,True
FIR-001461,OFF-0011,2023-05-18,True
FIR-001462,OFF-0135,2023-05-15,True
FIR-001463,OFF-0166,2023-05-12,True
FIR-001464,OFF-0135,2023-05-03,True
FIR-001465,OFF-0135,2023-06-06,True
FIR-001466,OFF-0135,2023-06-30,True
FIR-001467,OFF-0166,2023-06-24,True
FIR-001468,OFF-0135,2023-06-16,True
FIR-001469,OFF-0166,2023-07-09,True
FIR-001470,OFF-0166,2023-07-04,True
FIR-001471,OFF-0042,2023-07-26,True
FIR-001472,OFF-0166,2023-07-06,True
FIR-001473,OFF-0042,2023-08-11,True
FIR-001474,OFF-0166,2023-08-12,True
FIR-001475,OFF-0042,2023-08-14,True
FIR-001476,OFF-0011,2023-08-26,True
FIR-001477,OFF-0042,2023-08-19,True
FIR-001478,OFF-0042,2023-09-20,True
FIR-001479,OFF-0042,2023-09-23,True
FIR-001480,OFF-0042,2023-09-08,True
FIR-001481,OFF-0042,2023-09-04,True
FIR-001482,OFF-0011,2023-09-02,True
FIR-001483,OFF-0135,2023-10-09,True
FIR-001484,OFF-0042,2023-10-31,True
FIR-001485,OFF-0011,2023-10-12,True
FIR-001486,OFF-0011,2023-10-03,True
FIR-001487,OFF-0042,2023-10-19,True
FIR-001488,OFF-0166,2023-11-20,True
FIR-001489,OFF-0042,2023-11-12,True
FIR-001490,OFF-0011,2023-11-29,True
FIR-001491,OFF-0135,2023-11-26,True
FIR-001492,OFF-0166,2023-11-02,True
FIR-001493,OFF-0042,2023-12-28,True
FIR-001494,OFF-0166,2023-12-07,True
FIR-001495,OFF-0011,2023-12-03,True
FIR-001496,OFF-0011,2023-12-08,True
FIR-001497,OFF-0042,2024-01-21,True
FIR-001498,OFF-0042,2024-01-27,True
FIR-001499,OFF-0042,2024-01-01,True
FIR-001500,OFF-0135,2024-01-29,True
FIR-001501,OFF-0166,2024-02-20,True
FIR-001502,OFF-0042,2024-02-21,True
FIR-001503,OFF-0166,2024-02-06,True
FIR-001504,OFF-0166,2024-02-01,True
FIR-001505,OFF-0135,2024-03-01,True
FIR-001506,OFF-0011,2024-03-27,True
FIR-001507,OFF-0011,2024-03-20,True
FIR-001508,OFF-0042,2024-03-17,True
FIR-001509,OFF-0042,2024-04-04,True
FIR-001510,OFF-0042,2024-04-10,True
FIR-001511,OFF-0042,2024-04-10,True
FIR-001512,OFF-0011,2024-04-30,True
FIR-001513,OFF-0011,2024-05-20,True
FIR-001514,OFF-0042,2024-05-06,True
FIR-001515,OFF-0042,2024-05-15,True
FIR-001516,OFF-0166,2024-05-08,True
FIR-001517,OFF-0011,2024-06-30,True
FIR-001518,OFF-0135,2024-06-22,True
FIR-001519,OFF-0135,2024-06-06,True
FIR-001520,OFF-0166,2024-06-10,True
FIR-001521,OFF-0135,2024-07-22,True
FIR-001522,OFF-0011,2024-07-28,True
FIR-001523,OFF-0135,2024-07-10,True
FIR-001524,OFF-0011,2024-07-11,True
FIR-001525,OFF-0166,2024-08-26,True
FIR-001526,OFF-0135,2024-08-08,True
FIR-001527,OFF-0011,2024-08-20,True
FIR-001528,OFF-0011,2024-08-17,True
FIR-001529,OFF-0042,2024-08-27,True
FIR-001530,OFF-0042,2024-09-02,True
FIR-001531,OFF-0042,2024-09-04,True
FIR-001532,OFF-0042,2024-09-11,True
FIR-001533,OFF-0166,2024-09-01,True
FIR-001534,OFF-0166,2024-09-30,True
FIR-001535,OFF-0135,2024-10-29,True
FIR-001536,OFF-0042,2024-10-08,True
FIR-001537,OFF-0042,2024-10-10,True
FIR-001538,OFF-0166,2024-10-24,True
FIR-001539,OFF-0042,2024-10-16,True
FIR-001540,OFF-0011,2024-11-10,True
FIR-001541,OFF-0042,2024-11-30,True
FIR-001542,OFF-0011,2024-11-18,True
FIR-001543,OFF-0011,2024-11-13,True
FIR-001544,OFF-0042,2024-11-19,True
FIR-001545,OFF-0042,2024-12-01,True
FIR-001546,OFF-0042,2024-12-08,True
FIR-001547,OFF-0042,2024-12-27,True
FIR-001548,OFF-0166,2024-12-16,True
FIR-001549,OFF-0166,2025-01-30,True
FIR-001550,OFF-0042,2025-01-10,True
FIR-001551,OFF-0166,2025-01-18,True
FIR-001552,OFF-0011,2025-01-20,True
FIR-001553,OFF-0135,2025-02-09,True
FIR-001554,OFF-0011,2025-02-12,True
FIR-001555,OFF-0135,2025-02-06,True
FIR-001556,OFF-0166,2025-02-20,True
FIR-001557,OFF-0166,2025-03-24,True
FIR-001558,OFF-0011,2025-03-27,True
FIR-001559,OFF-0135,2025-03-09,True
FIR-001560,OFF-0135,2025-03-13,True
FIR-001561,OFF-0166,2025-04-16,True
FIR-001562,OFF-0011,2025-04-03,True
FIR-001563,OFF-0135,2025-04-01,True
FIR-001564,OFF-0011,2025-04-20,True
FIR-001565,OFF-0011,2025-05-15,True
FIR-001566,OFF-0011,2025-05-21,True
FIR-001567,OFF-0011,2025-05-18,True
FIR-001568,OFF-0166,2025-05-23,True
FIR-001569,OFF-0135,2025-06-27,True
FIR-001570,OFF-0042,2025-06-14,True
FIR-001571,OFF-0042,2025-06-07,True
FIR-001572,OFF-0042,2025-06-06,True
FIR-001573,OFF-0042,2025-07-01,True
FIR-001574,OFF-0011,2025-07-08,True
FIR-001575,OFF-0166,2025-07-22,True
FIR-001576,OFF-0135,2025-07-29,True
FIR-001577,OFF-0042,2025-08-12,True
FIR-001578,OFF-0042,2025-08-08,True
FIR-001579,OFF-0011,2025-08-13,True
FIR-001580,OFF-0011,2025-08-20,True
FIR-001581,OFF-0011,2025-08-26,True
FIR-001582,OFF-0011,2025-09-27,True
FIR-001583,OFF-0011,2025-09-04,True
FIR-001584,OFF-0166,2025-09-29,True
FIR-001585,OFF-0042,2025-09-07,True
FIR-001586,OFF-0042,2025-09-17,True
FIR-001587,OFF-0042,2025-10-18,True
FIR-001588,OFF-0042,2025-10-18,True
FIR-001589,OFF-0166,2025-10-02,True
FIR-001590,OFF-0135,2025-10-24,True
FIR-001591,OFF-0166,2025-10-12,True
FIR-001592,OFF-0042,2025-11-25,True
FIR-001593,OFF-0011,2025-11-16,True
FIR-001594,OFF-0011,2025-11-28,True
FIR-001595,OFF-0135,2025-11-29,True
FIR-001596,OFF-0135,2025-11-01,True
FIR-001597,OFF-0011,2025-12-23,True
FIR-001598,OFF-0011,2025-12-14,True
FIR-001599,OFF-0042,2025-12-12,True
FIR-001600,OFF-0135,2025-12-06,True
FIR-001601,OFF-0136,2021-01-17,True
FIR-001602,OFF-0136,2021-01-10,True
FIR-001603,OFF-0105,2021-02-25,True
FIR-001604,OFF-0136,2021-02-13,True
FIR-001605,OFF-0105,2021-03-03,True
FIR-001606,OFF-0167,2021-03-11,True
FIR-001607,OFF-0136,2021-04-07,True
FIR-001608,OFF-0105,2021-04-24,True
FIR-001609,OFF-0136,2021-05-09,True
FIR-001610,OFF-0136,2021-05-28,True
FIR-001611,OFF-0012,2021-06-08,True
FIR-001612,OFF-0167,2021-06-29,True
FIR-001613,OFF-0136,2021-07-06,True
FIR-001614,OFF-0136,2021-07-13,True
FIR-001615,OFF-0167,2021-08-17,True
FIR-001616,OFF-0167,2021-08-16,True
FIR-001617,OFF-0012,2021-09-24,True
FIR-001618,OFF-0105,2021-09-20,True
FIR-001619,OFF-0105,2021-10-08,True
FIR-001620,OFF-0105,2021-10-01,True
FIR-001621,OFF-0105,2021-11-14,True
FIR-001622,OFF-0012,2021-11-06,True
FIR-001623,OFF-0012,2021-12-04,True
FIR-001624,OFF-0012,2021-12-31,True
FIR-001625,OFF-0136,2022-01-09,True
FIR-001626,OFF-0167,2022-01-17,True
FIR-001627,OFF-0012,2022-02-09,True
FIR-001628,OFF-0012,2022-02-15,True
FIR-001629,OFF-0012,2022-03-18,True
FIR-001630,OFF-0136,2022-03-31,True
FIR-001631,OFF-0105,2022-04-03,True
FIR-001632,OFF-0167,2022-04-28,True
FIR-001633,OFF-0105,2022-05-07,True
FIR-001634,OFF-0105,2022-05-02,True
FIR-001635,OFF-0136,2022-06-11,True
FIR-001636,OFF-0012,2022-06-24,True
FIR-001637,OFF-0012,2022-07-22,True
FIR-001638,OFF-0105,2022-07-29,True
FIR-001639,OFF-0136,2022-08-28,True
FIR-001640,OFF-0105,2022-08-21,True
FIR-001641,OFF-0136,2022-09-28,True
FIR-001642,OFF-0012,2022-09-25,True
FIR-001643,OFF-0136,2022-10-05,True
FIR-001644,OFF-0167,2022-10-28,True
FIR-001645,OFF-0105,2022-11-01,True
FIR-001646,OFF-0012,2022-11-02,True
FIR-001647,OFF-0012,2022-12-05,True
FIR-001648,OFF-0167,2022-12-30,True
FIR-001649,OFF-0105,2023-01-19,True
FIR-001650,OFF-0167,2023-01-03,True
FIR-001651,OFF-0136,2023-02-11,True
FIR-001652,OFF-0136,2023-02-04,True
FIR-001653,OFF-0012,2023-03-19,True
FIR-001654,OFF-0167,2023-03-22,True
FIR-001655,OFF-0167,2023-04-10,True
FIR-001656,OFF-0167,2023-04-05,True
FIR-001657,OFF-0167,2023-05-29,True
FIR-001658,OFF-0012,2023-05-30,True
FIR-001659,OFF-0167,2023-06-29,True
FIR-001660,OFF-0167,2023-06-12,True
FIR-001661,OFF-0167,2023-07-03,True
FIR-001662,OFF-0105,2023-07-24,True
FIR-001663,OFF-0167,2023-08-07,True
FIR-001664,OFF-0105,2023-08-24,True
FIR-001665,OFF-0012,2023-09-21,True
FIR-001666,OFF-0136,2023-09-05,True
FIR-001667,OFF-0105,2023-10-05,True
FIR-001668,OFF-0167,2023-10-31,True
FIR-001669,OFF-0136,2023-11-18,True
FIR-001670,OFF-0012,2023-11-29,True
FIR-001671,OFF-0012,2023-12-17,True
FIR-001672,OFF-0012,2023-12-09,True
FIR-001673,OFF-0136,2024-01-24,True
FIR-001674,OFF-0012,2024-01-16,True
FIR-001675,OFF-0012,2024-02-08,True
FIR-001676,OFF-0012,2024-02-24,True
FIR-001677,OFF-0105,2024-03-28,True
FIR-001678,OFF-0136,2024-03-30,True
FIR-001679,OFF-0105,2024-04-14,True
FIR-001680,OFF-0105,2024-04-27,True
FIR-001681,OFF-0012,2024-05-15,True
FIR-001682,OFF-0167,2024-05-31,True
FIR-001683,OFF-0136,2024-06-19,True
FIR-001684,OFF-0012,2024-06-19,True
FIR-001685,OFF-0012,2024-07-17,True
FIR-001686,OFF-0167,2024-07-17,True
FIR-001687,OFF-0167,2024-08-06,True
FIR-001688,OFF-0105,2024-08-03,True
FIR-001689,OFF-0136,2024-09-12,True
FIR-001690,OFF-0012,2024-09-16,True
FIR-001691,OFF-0136,2024-10-08,True
FIR-001692,OFF-0105,2024-10-15,True
FIR-001693,OFF-0012,2024-11-05,True
FIR-001694,OFF-0012,2024-11-13,True
FIR-001695,OFF-0136,2024-12-01,True
FIR-001696,OFF-0167,2024-12-10,True
FIR-001697,OFF-0012,2025-01-14,True
FIR-001698,OFF-0136,2025-01-08,True
FIR-001699,OFF-0136,2025-02-22,True
FIR-001700,OFF-0167,2025-02-09,True
FIR-001701,OFF-0012,2025-03-04,True
FIR-001702,OFF-0136,2025-03-22,True
FIR-001703,OFF-0012,2025-04-28,True
FIR-001704,OFF-0136,2025-04-11,True
FIR-001705,OFF-0136,2025-05-01,True
FIR-001706,OFF-0012,2025-05-03,True
FIR-001707,OFF-0167,2025-06-19,True
FIR-001708,OFF-0012,2025-06-28,True
FIR-001709,OFF-0136,2025-07-16,True
FIR-001710,OFF-0105,2025-07-12,True
FIR-001711,OFF-0012,2025-08-15,True
FIR-001712,OFF-0136,2025-08-31,True
FIR-001713,OFF-0167,2025-09-05,True
FIR-001714,OFF-0105,2025-09-13,True
FIR-001715,OFF-0012,2025-10-13,True
FIR-001716,OFF-0167,2025-10-14,True
FIR-001717,OFF-0167,2025-11-28,True
FIR-001718,OFF-0136,2025-11-13,True
FIR-001719,OFF-0105,2025-12-07,True
FIR-001720,OFF-0167,2025-12-03,True
FIR-001721,OFF-0044,2021-01-13,True
FIR-001722,OFF-0044,2021-01-24,True
FIR-001723,OFF-0044,2021-01-28,True
FIR-001724,OFF-0075,2021-01-10,True
FIR-001725,OFF-0075,2021-02-11,True
FIR-001726,OFF-0013,2021-02-02,True
FIR-001727,OFF-0044,2021-02-12,True
FIR-001728,OFF-0044,2021-02-04,True
FIR-001729,OFF-0044,2021-03-21,True
FIR-001730,OFF-0075,2021-03-08,True
FIR-001731,OFF-0013,2021-03-14,True
FIR-001732,OFF-0044,2021-03-14,True
FIR-001733,OFF-0013,2021-04-25,True
FIR-001734,OFF-0013,2021-04-11,True
FIR-001735,OFF-0044,2021-04-24,True
FIR-001736,OFF-0106,2021-04-08,True
FIR-001737,OFF-0106,2021-05-09,True
FIR-001738,OFF-0013,2021-05-23,True
FIR-001739,OFF-0013,2021-05-09,True
FIR-001740,OFF-0044,2021-05-12,True
FIR-001741,OFF-0044,2021-06-02,True
FIR-001742,OFF-0044,2021-06-18,True
FIR-001743,OFF-0075,2021-06-13,True
FIR-001744,OFF-0044,2021-06-17,True
FIR-001745,OFF-0044,2021-07-18,True
FIR-001746,OFF-0075,2021-07-03,True
FIR-001747,OFF-0013,2021-07-22,True
FIR-001748,OFF-0106,2021-07-28,True
FIR-001749,OFF-0044,2021-08-15,True
FIR-001750,OFF-0106,2021-08-10,True
FIR-001751,OFF-0075,2021-08-07,True
FIR-001752,OFF-0013,2021-08-04,True
FIR-001753,OFF-0075,2021-08-18,True
FIR-001754,OFF-0106,2021-09-13,True
FIR-001755,OFF-0013,2021-09-24,True
FIR-001756,OFF-0044,2021-09-24,True
FIR-001757,OFF-0044,2021-09-27,True
FIR-001758,OFF-0106,2021-09-27,True
FIR-001759,OFF-0013,2021-10-12,True
FIR-001760,OFF-0075,2021-10-02,True
FIR-001761,OFF-0013,2021-10-26,True
FIR-001762,OFF-0106,2021-10-29,True
FIR-001763,OFF-0013,2021-10-30,True
FIR-001764,OFF-0075,2021-11-25,True
FIR-001765,OFF-0044,2021-11-19,True
FIR-001766,OFF-0075,2021-11-28,True
FIR-001767,OFF-0075,2021-11-19,True
FIR-001768,OFF-0044,2021-11-03,True
FIR-001769,OFF-0075,2021-12-21,True
FIR-001770,OFF-0013,2021-12-05,True
FIR-001771,OFF-0044,2021-12-08,True
FIR-001772,OFF-0075,2021-12-06,True
FIR-001773,OFF-0075,2022-01-21,True
FIR-001774,OFF-0075,2022-01-21,True
FIR-001775,OFF-0106,2022-01-01,True
FIR-001776,OFF-0075,2022-01-11,True
FIR-001777,OFF-0106,2022-02-13,True
FIR-001778,OFF-0075,2022-02-11,True
FIR-001779,OFF-0044,2022-02-19,True
FIR-001780,OFF-0044,2022-02-02,True
FIR-001781,OFF-0044,2022-03-04,True
FIR-001782,OFF-0013,2022-03-13,True
FIR-001783,OFF-0075,2022-03-08,True
FIR-001784,OFF-0013,2022-03-13,True
FIR-001785,OFF-0044,2022-04-17,True
FIR-001786,OFF-0013,2022-04-16,True
FIR-001787,OFF-0075,2022-04-01,True
FIR-001788,OFF-0013,2022-04-13,True
FIR-001789,OFF-0013,2022-05-28,True
FIR-001790,OFF-0075,2022-05-31,True
FIR-001791,OFF-0075,2022-05-02,True
FIR-001792,OFF-0044,2022-05-04,True
FIR-001793,OFF-0075,2022-06-05,True
FIR-001794,OFF-0013,2022-06-20,True
FIR-001795,OFF-0106,2022-06-06,True
FIR-001796,OFF-0044,2022-06-10,True
FIR-001797,OFF-0044,2022-07-14,True
FIR-001798,OFF-0075,2022-07-08,True
FIR-001799,OFF-0013,2022-07-06,True
FIR-001800,OFF-0075,2022-07-11,True
FIR-001801,OFF-0013,2022-08-03,True
FIR-001802,OFF-0075,2022-08-03,True
FIR-001803,OFF-0044,2022-08-01,True
FIR-001804,OFF-0106,2022-08-24,True
FIR-001805,OFF-0044,2022-08-31,True
FIR-001806,OFF-0044,2022-09-16,True
FIR-001807,OFF-0044,2022-09-01,True
FIR-001808,OFF-0013,2022-09-20,True
FIR-001809,OFF-0044,2022-09-29,True
FIR-001810,OFF-0044,2022-09-29,True
FIR-001811,OFF-0106,2022-10-31,True
FIR-001812,OFF-0075,2022-10-12,True
FIR-001813,OFF-0075,2022-10-26,True
FIR-001814,OFF-0106,2022-10-11,True
FIR-001815,OFF-0075,2022-10-28,True
FIR-001816,OFF-0013,2022-11-18,True
FIR-001817,OFF-0044,2022-11-06,True
FIR-001818,OFF-0044,2022-11-08,True
FIR-001819,OFF-0013,2022-11-10,True
FIR-001820,OFF-0013,2022-11-23,True
FIR-001821,OFF-0075,2022-12-29,True
FIR-001822,OFF-0044,2022-12-10,True
FIR-001823,OFF-0075,2022-12-29,True
FIR-001824,OFF-0106,2022-12-03,True
FIR-001825,OFF-0044,2023-01-11,True
FIR-001826,OFF-0106,2023-01-28,True
FIR-001827,OFF-0075,2023-01-20,True
FIR-001828,OFF-0013,2023-01-11,True
FIR-001829,OFF-0044,2023-02-16,True
FIR-001830,OFF-0044,2023-02-19,True
FIR-001831,OFF-0075,2023-02-01,True
FIR-001832,OFF-0106,2023-02-02,True
FIR-001833,OFF-0075,2023-03-14,True
FIR-001834,OFF-0013,2023-03-12,True
FIR-001835,OFF-0044,2023-03-19,True
FIR-001836,OFF-0075,2023-03-01,True
FIR-001837,OFF-0013,2023-04-22,True
FIR-001838,OFF-0075,2023-04-22,True
FIR-001839,OFF-0106,2023-04-21,True
FIR-001840,OFF-0013,2023-04-04,True
FIR-001841,OFF-0044,2023-05-02,True
FIR-001842,OFF-0013,2023-05-16,True
FIR-001843,OFF-0013,2023-05-02,True
FIR-001844,OFF-0075,2023-05-27,True
FIR-001845,OFF-0013,2023-06-24,True
FIR-001846,OFF-0106,2023-06-30,True
FIR-001847,OFF-0044,2023-06-08,True
FIR-001848,OFF-0075,2023-06-04,True
FIR-001849,OFF-0013,2023-07-04,True
FIR-001850,OFF-0013,2023-07-28,True
FIR-001851,OFF-0106,2023-07-15,True
FIR-001852,OFF-0106,2023-07-01,True
FIR-001853,OFF-0013,2023-08-17,True
FIR-001854,OFF-0106,2023-08-22,True
FIR-001855,OFF-0013,2023-08-03,True
FIR-001856,OFF-0013,2023-08-09,True
FIR-001857,OFF-0013,2023-08-07,True
FIR-001858,OFF-0044,2023-09-18,True
FIR-001859,OFF-0013,2023-09-08,True
FIR-001860,OFF-0106,2023-09-01,True
FIR-001861,OFF-0044,2023-09-03,True
FIR-001862,OFF-0075,2023-09-12,True
FIR-001863,OFF-0106,2023-10-25,True
FIR-001864,OFF-0044,2023-10-05,True
FIR-001865,OFF-0044,2023-10-11,True
FIR-001866,OFF-0013,2023-10-16,True
FIR-001867,OFF-0075,2023-10-14,True
FIR-001868,OFF-0075,2023-11-17,True
FIR-001869,OFF-0044,2023-11-19,True
FIR-001870,OFF-0044,2023-11-27,True
FIR-001871,OFF-0106,2023-11-12,True
FIR-001872,OFF-0075,2023-11-29,True
FIR-001873,OFF-0044,2023-12-10,True
FIR-001874,OFF-0013,2023-12-20,True
FIR-001875,OFF-0106,2023-12-15,True
FIR-001876,OFF-0075,2023-12-31,True
FIR-001877,OFF-0044,2024-01-18,True
FIR-001878,OFF-0106,2024-01-06,True
FIR-001879,OFF-0013,2024-01-20,True
FIR-001880,OFF-0044,2024-01-05,True
FIR-001881,OFF-0044,2024-02-06,True
FIR-001882,OFF-0075,2024-02-24,True
FIR-001883,OFF-0013,2024-02-17,True
FIR-001884,OFF-0013,2024-02-04,True
FIR-001885,OFF-0013,2024-03-24,True
FIR-001886,OFF-0044,2024-03-06,True
FIR-001887,OFF-0075,2024-03-25,True
FIR-001888,OFF-0044,2024-03-28,True
FIR-001889,OFF-0106,2024-04-02,True
FIR-001890,OFF-0075,2024-04-19,True
FIR-001891,OFF-0013,2024-04-10,True
FIR-001892,OFF-0044,2024-04-19,True
FIR-001893,OFF-0075,2024-05-19,True
FIR-001894,OFF-0013,2024-05-10,True
FIR-001895,OFF-0013,2024-05-02,True
FIR-001896,OFF-0044,2024-05-02,True
FIR-001897,OFF-0044,2024-06-23,True
FIR-001898,OFF-0106,2024-06-10,True
FIR-001899,OFF-0075,2024-06-15,True
FIR-001900,OFF-0013,2024-06-12,True
FIR-001901,OFF-0106,2024-07-14,True
FIR-001902,OFF-0075,2024-07-07,True
FIR-001903,OFF-0106,2024-07-11,True
FIR-001904,OFF-0075,2024-07-15,True
FIR-001905,OFF-0044,2024-08-05,True
FIR-001906,OFF-0044,2024-08-14,True
FIR-001907,OFF-0075,2024-08-06,True
FIR-001908,OFF-0013,2024-08-10,True
FIR-001909,OFF-0013,2024-08-23,True
FIR-001910,OFF-0044,2024-09-16,True
FIR-001911,OFF-0106,2024-09-22,True
FIR-001912,OFF-0075,2024-09-05,True
FIR-001913,OFF-0044,2024-09-26,True
FIR-001914,OFF-0013,2024-09-09,True
FIR-001915,OFF-0075,2024-10-14,True
FIR-001916,OFF-0044,2024-10-09,True
FIR-001917,OFF-0075,2024-10-13,True
FIR-001918,OFF-0013,2024-10-19,True
FIR-001919,OFF-0106,2024-10-25,True
FIR-001920,OFF-0044,2024-11-01,True
FIR-001921,OFF-0075,2024-11-04,True
FIR-001922,OFF-0075,2024-11-23,True
FIR-001923,OFF-0106,2024-11-05,True
FIR-001924,OFF-0106,2024-11-20,True
FIR-001925,OFF-0044,2024-12-25,True
FIR-001926,OFF-0106,2024-12-27,True
FIR-001927,OFF-0106,2024-12-13,True
FIR-001928,OFF-0044,2024-12-27,True
FIR-001929,OFF-0044,2025-01-07,True
FIR-001930,OFF-0013,2025-01-04,True
FIR-001931,OFF-0075,2025-01-05,True
FIR-001932,OFF-0075,2025-01-05,True
FIR-001933,OFF-0013,2025-02-26,True
FIR-001934,OFF-0075,2025-02-22,True
FIR-001935,OFF-0106,2025-02-13,True
FIR-001936,OFF-0013,2025-02-10,True
FIR-001937,OFF-0075,2025-03-28,True
FIR-001938,OFF-0075,2025-03-29,True
FIR-001939,OFF-0044,2025-03-06,True
FIR-001940,OFF-0044,2025-03-25,True
FIR-001941,OFF-0013,2025-04-13,True
FIR-001942,OFF-0075,2025-04-05,True
FIR-001943,OFF-0044,2025-04-21,True
FIR-001944,OFF-0075,2025-04-13,True
FIR-001945,OFF-0075,2025-05-12,True
FIR-001946,OFF-0013,2025-05-12,True
FIR-001947,OFF-0075,2025-05-27,True
FIR-001948,OFF-0044,2025-05-18,True
FIR-001949,OFF-0106,2025-06-24,True
FIR-001950,OFF-0106,2025-06-04,True
FIR-001951,OFF-0075,2025-06-01,True
FIR-001952,OFF-0075,2025-06-24,True
FIR-001953,OFF-0044,2025-07-25,True
FIR-001954,OFF-0044,2025-07-23,True
FIR-001955,OFF-0106,2025-07-02,True
FIR-001956,OFF-0044,2025-07-19,True
FIR-001957,OFF-0013,2025-08-03,True
FIR-001958,OFF-0075,2025-08-03,True
FIR-001959,OFF-0013,2025-08-13,True
FIR-001960,OFF-0044,2025-08-29,True
FIR-001961,OFF-0013,2025-08-17,True
FIR-001962,OFF-0044,2025-09-18,True
FIR-001963,OFF-0013,2025-09-02,True
FIR-001964,OFF-0013,2025-09-29,True
FIR-001965,OFF-0013,2025-09-28,True
FIR-001966,OFF-0013,2025-09-26,True
FIR-001967,OFF-0044,2025-10-02,True
FIR-001968,OFF-0013,2025-10-27,True
FIR-001969,OFF-0013,2025-10-24,True
FIR-001970,OFF-0013,2025-10-24,True
FIR-001971,OFF-0075,2025-10-09,True
FIR-001972,OFF-0013,2025-11-13,True
FIR-001973,OFF-0106,2025-11-20,True
FIR-001974,OFF-0075,2025-11-13,True
FIR-001975,OFF-0075,2025-11-23,True
FIR-001976,OFF-0106,2025-11-11,True
FIR-001977,OFF-0106,2025-12-24,True
FIR-001978,OFF-0044,2025-12-16,True
FIR-001979,OFF-0013,2025-12-07,True
FIR-001980,OFF-0106,2025-12-18,True
FIR-001981,OFF-0076,2021-01-20,True
FIR-001982,OFF-0107,2021-01-24,True
FIR-001983,OFF-0107,2021-02-25,True
FIR-001984,OFF-0107,2021-02-01,True
FIR-001985,OFF-0076,2021-03-19,True
FIR-001986,OFF-0045,2021-03-29,True
FIR-001987,OFF-0107,2021-04-23,True
FIR-001988,OFF-0076,2021-04-16,True
FIR-001989,OFF-0107,2021-05-12,True
FIR-001990,OFF-0107,2021-05-15,True
FIR-001991,OFF-0138,2021-06-15,True
FIR-001992,OFF-0107,2021-06-18,True
FIR-001993,OFF-0107,2021-07-11,True
FIR-001994,OFF-0045,2021-07-22,True
FIR-001995,OFF-0076,2021-08-14,True
FIR-001996,OFF-0076,2021-08-10,True
FIR-001997,OFF-0076,2021-09-18,True
FIR-001998,OFF-0045,2021-09-05,True
FIR-001999,OFF-0138,2021-10-01,True
FIR-002000,OFF-0045,2021-10-15,True
FIR-002001,OFF-0076,2021-11-14,True
FIR-002002,OFF-0138,2021-11-06,True
FIR-002003,OFF-0045,2021-12-07,True
FIR-002004,OFF-0107,2021-12-16,True
FIR-002005,OFF-0045,2022-01-10,True
FIR-002006,OFF-0138,2022-01-03,True
FIR-002007,OFF-0076,2022-02-25,True
FIR-002008,OFF-0076,2022-02-13,True
FIR-002009,OFF-0138,2022-03-16,True
FIR-002010,OFF-0045,2022-03-19,True
FIR-002011,OFF-0107,2022-04-01,True
FIR-002012,OFF-0138,2022-04-13,True
FIR-002013,OFF-0076,2022-05-28,True
FIR-002014,OFF-0107,2022-05-28,True
FIR-002015,OFF-0107,2022-06-19,True
FIR-002016,OFF-0107,2022-06-01,True
FIR-002017,OFF-0076,2022-07-30,True
FIR-002018,OFF-0107,2022-07-04,True
FIR-002019,OFF-0138,2022-08-22,True
FIR-002020,OFF-0138,2022-08-05,True
FIR-002021,OFF-0076,2022-09-19,True
FIR-002022,OFF-0138,2022-09-17,True
FIR-002023,OFF-0076,2022-10-28,True
FIR-002024,OFF-0045,2022-10-27,True
FIR-002025,OFF-0076,2022-11-02,True
FIR-002026,OFF-0076,2022-11-22,True
FIR-002027,OFF-0076,2022-12-07,True
FIR-002028,OFF-0076,2022-12-09,True
FIR-002029,OFF-0076,2023-01-09,True
FIR-002030,OFF-0076,2023-01-10,True
FIR-002031,OFF-0138,2023-02-03,True
FIR-002032,OFF-0045,2023-02-21,True
FIR-002033,OFF-0107,2023-03-27,True
FIR-002034,OFF-0107,2023-03-31,True
FIR-002035,OFF-0076,2023-04-16,True
FIR-002036,OFF-0076,2023-04-13,True
FIR-002037,OFF-0138,2023-05-28,True
FIR-002038,OFF-0107,2023-05-26,True
FIR-002039,OFF-0045,2023-06-28,True
FIR-002040,OFF-0076,2023-06-07,True
FIR-002041,OFF-0138,2023-07-02,True
FIR-002042,OFF-0107,2023-07-09,True
FIR-002043,OFF-0107,2023-08-05,True
FIR-002044,OFF-0107,2023-08-30,True
FIR-002045,OFF-0076,2023-09-23,True
FIR-002046,OFF-0107,2023-09-09,True
FIR-002047,OFF-0107,2023-10-27,True
FIR-002048,OFF-0045,2023-10-07,True
FIR-002049,OFF-0076,2023-11-18,True
FIR-002050,OFF-0076,2023-11-15,True
FIR-002051,OFF-0076,2023-12-18,True
FIR-002052,OFF-0045,2023-12-30,True
FIR-002053,OFF-0045,2024-01-04,True
FIR-002054,OFF-0045,2024-01-13,True
FIR-002055,OFF-0107,2024-02-25,True
FIR-002056,OFF-0107,2024-02-29,True
FIR-002057,OFF-0045,2024-03-26,True
FIR-002058,OFF-0107,2024-03-30,True
FIR-002059,OFF-0045,2024-04-09,True
FIR-002060,OFF-0107,2024-04-03,True
FIR-002061,OFF-0076,2024-05-03,True
FIR-002062,OFF-0076,2024-05-23,True
FIR-002063,OFF-0138,2024-06-08,True
FIR-002064,OFF-0076,2024-06-08,True
FIR-002065,OFF-0138,2024-07-17,True
FIR-002066,OFF-0107,2024-07-19,True
FIR-002067,OFF-0045,2024-08-29,True
FIR-002068,OFF-0107,2024-08-14,True
FIR-002069,OFF-0107,2024-09-08,True
FIR-002070,OFF-0138,2024-09-04,True
FIR-002071,OFF-0045,2024-10-26,True
FIR-002072,OFF-0045,2024-10-07,True
FIR-002073,OFF-0076,2024-11-26,True
FIR-002074,OFF-0076,2024-11-18,True
FIR-002075,OFF-0107,2024-12-29,True
FIR-002076,OFF-0045,2024-12-26,True
FIR-002077,OFF-0138,2025-01-28,True
FIR-002078,OFF-0076,2025-01-19,True
FIR-002079,OFF-0045,2025-02-28,True
FIR-002080,OFF-0107,2025-02-28,True
FIR-002081,OFF-0138,2025-03-26,True
FIR-002082,OFF-0045,2025-03-23,True
FIR-002083,OFF-0076,2025-04-23,True
FIR-002084,OFF-0076,2025-04-01,True
FIR-002085,OFF-0107,2025-05-01,True
FIR-002086,OFF-0107,2025-05-18,True
FIR-002087,OFF-0138,2025-06-11,True
FIR-002088,OFF-0076,2025-06-22,True
FIR-002089,OFF-0076,2025-07-15,True
FIR-002090,OFF-0138,2025-07-09,True
FIR-002091,OFF-0045,2025-08-14,True
FIR-002092,OFF-0076,2025-08-19,True
FIR-002093,OFF-0107,2025-09-04,True
FIR-002094,OFF-0107,2025-09-01,True
FIR-002095,OFF-0107,2025-10-04,True
FIR-002096,OFF-0138,2025-10-03,True
FIR-002097,OFF-0076,2025-11-05,True
FIR-002098,OFF-0107,2025-11-16,True
FIR-002099,OFF-0045,2025-12-14,True
FIR-002100,OFF-0107,2025-12-10,True
FIR-002101,OFF-0015,2021-01-07,True
FIR-002102,OFF-0077,2021-02-12,True
FIR-002103,OFF-0139,2021-03-31,True
FIR-002104,OFF-0139,2021-04-19,True
FIR-002105,OFF-0015,2021-05-13,True
FIR-002106,OFF-0015,2021-06-14,True
FIR-002107,OFF-0139,2021-07-23,True
FIR-002108,OFF-0077,2021-08-22,True
FIR-002109,OFF-0046,2021-08-30,True
FIR-002110,OFF-0046,2021-09-29,True
FIR-002111,OFF-0046,2021-09-22,True
FIR-002112,OFF-0139,2021-10-12,True
FIR-002113,OFF-0139,2021-10-08,True
FIR-002114,OFF-0077,2021-11-16,True
FIR-002115,OFF-0046,2021-11-24,True
FIR-002116,OFF-0077,2021-12-20,True
FIR-002117,OFF-0015,2021-12-05,True
FIR-002118,OFF-0077,2022-01-16,True
FIR-002119,OFF-0015,2022-02-05,True
FIR-002120,OFF-0015,2022-03-18,True
FIR-002121,OFF-0046,2022-04-11,True
FIR-002122,OFF-0139,2022-05-20,True
FIR-002123,OFF-0077,2022-06-06,True
FIR-002124,OFF-0077,2022-07-21,True
FIR-002125,OFF-0139,2022-08-08,True
FIR-002126,OFF-0077,2022-08-23,True
FIR-002127,OFF-0077,2022-09-30,True
FIR-002128,OFF-0139,2022-09-24,True
FIR-002129,OFF-0077,2022-10-24,True
FIR-002130,OFF-0046,2022-10-05,True
FIR-002131,OFF-0077,2022-11-19,True
FIR-002132,OFF-0015,2022-11-24,True
FIR-002133,OFF-0139,2022-12-27,True
FIR-002134,OFF-0139,2022-12-13,True
FIR-002135,OFF-0046,2023-01-28,True
FIR-002136,OFF-0046,2023-02-04,True
FIR-002137,OFF-0139,2023-03-27,True
FIR-002138,OFF-0046,2023-04-04,True
FIR-002139,OFF-0139,2023-05-28,True
FIR-002140,OFF-0077,2023-06-14,True
FIR-002141,OFF-0046,2023-07-14,True
FIR-002142,OFF-0077,2023-08-11,True
FIR-002143,OFF-0046,2023-08-06,True
FIR-002144,OFF-0139,2023-09-08,True
FIR-002145,OFF-0015,2023-09-25,True
FIR-002146,OFF-0046,2023-10-05,True
FIR-002147,OFF-0015,2023-10-01,True
FIR-002148,OFF-0077,2023-11-06,True
FIR-002149,OFF-0139,2023-11-16,True
FIR-002150,OFF-0046,2023-12-30,True
FIR-002151,OFF-0015,2023-12-23,True
FIR-002152,OFF-0139,2024-01-30,True
FIR-002153,OFF-0015,2024-02-21,True
FIR-002154,OFF-0015,2024-03-12,True
FIR-002155,OFF-0077,2024-04-03,True
FIR-002156,OFF-0046,2024-05-14,True
FIR-002157,OFF-0015,2024-06-03,True
FIR-002158,OFF-0077,2024-07-28,True
FIR-002159,OFF-0046,2024-08-22,True
FIR-002160,OFF-0139,2024-08-12,True
FIR-002161,OFF-0046,2024-09-16,True
FIR-002162,OFF-0046,2024-09-27,True
FIR-002163,OFF-0046,2024-10-28,True
FIR-002164,OFF-0015,2024-10-03,True
FIR-002165,OFF-0015,2024-11-19,True
FIR-002166,OFF-0046,2024-11-18,True
FIR-002167,OFF-0139,2024-12-28,True
FIR-002168,OFF-0077,2024-12-21,True
FIR-002169,OFF-0077,2025-01-12,True
FIR-002170,OFF-0139,2025-02-26,True
FIR-002171,OFF-0077,2025-03-27,True
FIR-002172,OFF-0139,2025-04-05,True
FIR-002173,OFF-0077,2025-05-14,True
FIR-002174,OFF-0077,2025-06-01,True
FIR-002175,OFF-0046,2025-07-23,True
FIR-002176,OFF-0139,2025-08-09,True
FIR-002177,OFF-0139,2025-08-27,True
FIR-002178,OFF-0139,2025-09-23,True
FIR-002179,OFF-0046,2025-09-10,True
FIR-002180,OFF-0077,2025-10-23,True
FIR-002181,OFF-0046,2025-10-10,True
FIR-002182,OFF-0015,2025-11-07,True
FIR-002183,OFF-0139,2025-11-07,True
FIR-002184,OFF-0015,2025-12-23,True
FIR-002185,OFF-0046,2025-12-24,True
FIR-002186,OFF-0078,2021-01-10,True
FIR-002187,OFF-0016,2021-02-01,True
FIR-002188,OFF-0047,2021-03-03,True
FIR-002189,OFF-0140,2021-04-23,True
FIR-002190,OFF-0140,2021-05-25,True
FIR-002191,OFF-0109,2021-06-19,True
FIR-002192,OFF-0078,2021-07-15,True
FIR-002193,OFF-0016,2021-08-08,True
FIR-002194,OFF-0140,2021-08-16,True
FIR-002195,OFF-0047,2021-09-20,True
FIR-002196,OFF-0140,2021-09-12,True
FIR-002197,OFF-0047,2021-10-14,True
FIR-002198,OFF-0078,2021-10-05,True
FIR-002199,OFF-0140,2021-11-21,True
FIR-002200,OFF-0109,2021-11-26,True
FIR-002201,OFF-0078,2021-12-27,True
FIR-002202,OFF-0109,2021-12-23,True
FIR-002203,OFF-0140,2022-01-20,True
FIR-002204,OFF-0047,2022-02-02,True
FIR-002205,OFF-0078,2022-03-23,True
FIR-002206,OFF-0047,2022-04-20,True
FIR-002207,OFF-0140,2022-05-02,True
FIR-002208,OFF-0078,2022-06-08,True
FIR-002209,OFF-0109,2022-07-26,True
FIR-002210,OFF-0047,2022-08-07,True
FIR-002211,OFF-0016,2022-08-22,True
FIR-002212,OFF-0078,2022-09-02,True
FIR-002213,OFF-0078,2022-09-11,True
FIR-002214,OFF-0047,2022-10-14,True
FIR-002215,OFF-0109,2022-10-04,True
FIR-002216,OFF-0047,2022-11-04,True
FIR-002217,OFF-0109,2022-11-13,True
FIR-002218,OFF-0109,2022-12-27,True
FIR-002219,OFF-0016,2022-12-14,True
FIR-002220,OFF-0140,2023-01-30,True
FIR-002221,OFF-0140,2023-02-16,True
FIR-002222,OFF-0140,2023-03-10,True
FIR-002223,OFF-0047,2023-04-20,True
FIR-002224,OFF-0109,2023-05-21,True
FIR-002225,OFF-0109,2023-06-20,True
FIR-002226,OFF-0016,2023-07-14,True
FIR-002227,OFF-0016,2023-08-28,True
FIR-002228,OFF-0047,2023-08-06,True
FIR-002229,OFF-0109,2023-09-11,True
FIR-002230,OFF-0016,2023-09-09,True
FIR-002231,OFF-0140,2023-10-13,True
FIR-002232,OFF-0016,2023-10-25,True
FIR-002233,OFF-0109,2023-11-16,True
FIR-002234,OFF-0109,2023-11-13,True
FIR-002235,OFF-0109,2023-12-25,True
FIR-002236,OFF-0047,2023-12-13,True
FIR-002237,OFF-0047,2024-01-21,True
FIR-002238,OFF-0047,2024-02-26,True
FIR-002239,OFF-0016,2024-03-23,True
FIR-002240,OFF-0109,2024-04-10,True
FIR-002241,OFF-0109,2024-05-22,True
FIR-002242,OFF-0078,2024-06-06,True
FIR-002243,OFF-0140,2024-07-18,True
FIR-002244,OFF-0078,2024-08-01,True
FIR-002245,OFF-0016,2024-08-12,True
FIR-002246,OFF-0078,2024-09-17,True
FIR-002247,OFF-0078,2024-09-06,True
FIR-002248,OFF-0109,2024-10-17,True
FIR-002249,OFF-0109,2024-10-20,True
FIR-002250,OFF-0047,2024-11-01,True
FIR-002251,OFF-0016,2024-11-03,True
FIR-002252,OFF-0078,2024-12-25,True
FIR-002253,OFF-0078,2024-12-08,True
FIR-002254,OFF-0047,2025-01-19,True
FIR-002255,OFF-0047,2025-02-14,True
FIR-002256,OFF-0109,2025-03-21,True
FIR-002257,OFF-0109,2025-04-01,True
FIR-002258,OFF-0140,2025-05-20,True
FIR-002259,OFF-0109,2025-06-06,True
FIR-002260,OFF-0140,2025-07-09,True
FIR-002261,OFF-0016,2025-08-18,True
FIR-002262,OFF-0109,2025-08-07,True
FIR-002263,OFF-0047,2025-09-08,True
FIR-002264,OFF-0109,2025-09-28,True
FIR-002265,OFF-0109,2025-10-27,True
FIR-002266,OFF-0047,2025-10-27,True
FIR-002267,OFF-0078,2025-11-18,True
FIR-002268,OFF-0047,2025-11-09,True
FIR-002269,OFF-0140,2025-12-30,True
FIR-002270,OFF-0109,2025-12-08,True
FIR-002271,OFF-0110,2021-01-29,True
FIR-002272,OFF-0017,2021-02-16,True
FIR-002273,OFF-0048,2021-03-08,True
FIR-002274,OFF-0017,2021-04-28,True
FIR-002275,OFF-0017,2021-05-09,True
FIR-002276,OFF-0017,2021-06-21,True
FIR-002277,OFF-0048,2021-07-20,True
FIR-002278,OFF-0110,2021-08-27,True
FIR-002279,OFF-0110,2021-08-01,True
FIR-002280,OFF-0017,2021-09-14,True
FIR-002281,OFF-0017,2021-09-06,True
FIR-002282,OFF-0110,2021-10-29,True
FIR-002283,OFF-0017,2021-10-11,True
FIR-002284,OFF-0110,2021-11-26,True
FIR-002285,OFF-0110,2021-11-07,True
FIR-002286,OFF-0110,2021-12-27,True
FIR-002287,OFF-0110,2021-12-07,True
FIR-002288,OFF-0017,2022-01-03,True
FIR-002289,OFF-0048,2022-02-16,True
FIR-002290,OFF-0110,2022-03-26,True
FIR-002291,OFF-0048,2022-04-07,True
FIR-002292,OFF-0017,2022-05-12,True
FIR-002293,OFF-0110,2022-06-01,True
FIR-002294,OFF-0110,2022-07-12,True
FIR-002295,OFF-0048,2022-08-13,True
FIR-002296,OFF-0048,2022-08-03,True
FIR-002297,OFF-0017,2022-09-17,True
FIR-002298,OFF-0110,2022-09-28,True
FIR-002299,OFF-0017,2022-10-03,True
FIR-002300,OFF-0017,2022-10-20,True
FIR-002301,OFF-0017,2022-11-03,True
FIR-002302,OFF-0110,2022-11-14,True
FIR-002303,OFF-0048,2022-12-07,True
FIR-002304,OFF-0110,2022-12-20,True
FIR-002305,OFF-0017,2023-01-23,True
FIR-002306,OFF-0110,2023-02-28,True
FIR-002307,OFF-0048,2023-03-27,True
FIR-002308,OFF-0017,2023-04-02,True
FIR-002309,OFF-0048,2023-05-20,True
FIR-002310,OFF-0110,2023-06-01,True
FIR-002311,OFF-0110,2023-07-21,True
FIR-002312,OFF-0110,2023-08-23,True
FIR-002313,OFF-0048,2023-08-21,True
FIR-002314,OFF-0048,2023-09-06,True
FIR-002315,OFF-0017,2023-09-28,True
FIR-002316,OFF-0048,2023-10-06,True
FIR-002317,OFF-0110,2023-10-01,True
FIR-002318,OFF-0110,2023-11-30,True
FIR-002319,OFF-0017,2023-11-26,True
FIR-002320,OFF-0017,2023-12-04,True
FIR-002321,OFF-0048,2023-12-12,True
FIR-002322,OFF-0110,2024-01-09,True
FIR-002323,OFF-0110,2024-02-20,True
FIR-002324,OFF-0110,2024-03-15,True
FIR-002325,OFF-0048,2024-04-11,True
FIR-002326,OFF-0017,2024-05-05,True
FIR-002327,OFF-0048,2024-06-08,True
FIR-002328,OFF-0048,2024-07-03,True
FIR-002329,OFF-0048,2024-08-24,True
FIR-002330,OFF-0110,2024-08-19,True
FIR-002331,OFF-0048,2024-09-20,True
FIR-002332,OFF-0017,2024-09-22,True
FIR-002333,OFF-0017,2024-10-12,True
FIR-002334,OFF-0110,2024-10-02,True
FIR-002335,OFF-0048,2024-11-20,True
FIR-002336,OFF-0048,2024-11-10,True
FIR-002337,OFF-0110,2024-12-02,True
FIR-002338,OFF-0110,2024-12-23,True
FIR-002339,OFF-0048,2025-01-04,True
FIR-002340,OFF-0048,2025-02-26,True
FIR-002341,OFF-0110,2025-03-04,True
FIR-002342,OFF-0110,2025-04-03,True
FIR-002343,OFF-0017,2025-05-15,True
FIR-002344,OFF-0110,2025-06-26,True
FIR-002345,OFF-0017,2025-07-15,True
FIR-002346,OFF-0110,2025-08-09,True
FIR-002347,OFF-0048,2025-08-17,True
FIR-002348,OFF-0110,2025-09-27,True
FIR-002349,OFF-0017,2025-09-04,True
FIR-002350,OFF-0048,2025-10-20,True
FIR-002351,OFF-0048,2025-10-18,True
FIR-002352,OFF-0017,2025-11-26,True
FIR-002353,OFF-0110,2025-11-10,True
FIR-002354,OFF-0110,2025-12-17,True
FIR-002355,OFF-0110,2025-12-19,True
FIR-002356,OFF-0018,2021-01-15,True
FIR-002357,OFF-0142,2021-02-11,True
FIR-002358,OFF-0111,2021-03-24,True
FIR-002359,OFF-0142,2021-04-24,True
FIR-002360,OFF-0049,2021-05-09,True
FIR-002361,OFF-0142,2021-06-12,True
FIR-002362,OFF-0111,2021-07-07,True
FIR-002363,OFF-0142,2021-08-05,True
FIR-002364,OFF-0111,2021-08-21,True
FIR-002365,OFF-0049,2021-09-23,True
FIR-002366,OFF-0173,2021-09-11,True
FIR-002367,OFF-0111,2021-10-27,True
FIR-002368,OFF-0173,2021-10-12,True
FIR-002369,OFF-0173,2021-11-03,True
FIR-002370,OFF-0111,2021-11-20,True
FIR-002371,OFF-0111,2021-12-08,True
FIR-002372,OFF-0111,2021-12-20,True
FIR-002373,OFF-0049,2022-01-06,True
FIR-002374,OFF-0142,2022-02-19,True
FIR-002375,OFF-0111,2022-03-23,True
FIR-002376,OFF-0111,2022-04-06,True
FIR-002377,OFF-0049,2022-05-22,True
FIR-002378,OFF-0080,2022-06-03,True
FIR-002379,OFF-0049,2022-07-23,True
FIR-002380,OFF-0111,2022-08-04,True
FIR-002381,OFF-0049,2022-08-05,True
FIR-002382,OFF-0111,2022-09-25,True
FIR-002383,OFF-0018,2022-09-09,True
FIR-002384,OFF-0018,2022-10-18,True
FIR-002385,OFF-0111,2022-10-10,True
FIR-002386,OFF-0080,2022-11-04,True
FIR-002387,OFF-0080,2022-11-03,True
FIR-002388,OFF-0018,2022-12-16,True
FIR-002389,OFF-0080,2022-12-23,True
FIR-002390,OFF-0018,2023-01-08,True
FIR-002391,OFF-0173,2023-02-13,True
FIR-002392,OFF-0142,2023-03-02,True
FIR-002393,OFF-0080,2023-04-11,True
FIR-002394,OFF-0018,2023-05-22,True
FIR-002395,OFF-0173,2023-06-12,True
FIR-002396,OFF-0049,2023-07-21,True
FIR-002397,OFF-0142,2023-08-23,True
FIR-002398,OFF-0049,2023-08-01,True
FIR-002399,OFF-0142,2023-09-18,True
FIR-002400,OFF-0142,2023-09-23,True
FIR-002401,OFF-0018,2023-10-24,True
FIR-002402,OFF-0018,2023-10-01,True
FIR-002403,OFF-0018,2023-11-07,True
FIR-002404,OFF-0111,2023-11-16,True
FIR-002405,OFF-0080,2023-12-16,True
FIR-002406,OFF-0049,2023-12-29,True
FIR-002407,OFF-0142,2024-01-04,True
FIR-002408,OFF-0173,2024-02-25,True
FIR-002409,OFF-0049,2024-03-01,True
FIR-002410,OFF-0018,2024-04-03,True
FIR-002411,OFF-0173,2024-05-29,True
FIR-002412,OFF-0111,2024-06-29,True
FIR-002413,OFF-0142,2024-07-26,True
FIR-002414,OFF-0018,2024-08-25,True
FIR-002415,OFF-0111,2024-08-04,True
FIR-002416,OFF-0111,2024-09-10,True
FIR-002417,OFF-0173,2024-09-18,True
FIR-002418,OFF-0142,2024-10-08,True
FIR-002419,OFF-0173,2024-10-13,True
FIR-002420,OFF-0142,2024-11-09,True
FIR-002421,OFF-0173,2024-11-21,True
FIR-002422,OFF-0173,2024-12-26,True
FIR-002423,OFF-0142,2024-12-25,True
FIR-002424,OFF-0173,2025-01-30,True
FIR-002425,OFF-0111,2025-02-16,True
FIR-002426,OFF-0018,2025-03-12,True
FIR-002427,OFF-0142,2025-04-12,True
FIR-002428,OFF-0049,2025-05-28,True
FIR-002429,OFF-0080,2025-06-09,True
FIR-002430,OFF-0111,2025-07-30,True
FIR-002431,OFF-0173,2025-08-18,True
FIR-002432,OFF-0018,2025-08-28,True
FIR-002433,OFF-0111,2025-09-25,True
FIR-002434,OFF-0111,2025-09-22,True
FIR-002435,OFF-0080,2025-10-26,True
FIR-002436,OFF-0018,2025-10-29,True
FIR-002437,OFF-0049,2025-11-08,True
FIR-002438,OFF-0142,2025-11-30,True
FIR-002439,OFF-0173,2025-12-08,True
FIR-002440,OFF-0018,2025-12-16,True
FIR-002441,OFF-0050,2021-01-03,True
FIR-002442,OFF-0050,2021-02-22,True
FIR-002443,OFF-0050,2021-03-02,True
FIR-002444,OFF-0050,2021-04-10,True
FIR-002445,OFF-0050,2021-05-09,True
FIR-002446,OFF-0112,2021-06-08,True
FIR-002447,OFF-0112,2021-07-15,True
FIR-002448,OFF-0112,2021-08-09,True
FIR-002449,OFF-0112,2021-08-21,True
FIR-002450,OFF-0050,2021-09-15,True
FIR-002451,OFF-0112,2021-09-21,True
FIR-002452,OFF-0112,2021-10-10,True
FIR-002453,OFF-0050,2021-10-03,True
FIR-002454,OFF-0112,2021-11-17,True
FIR-002455,OFF-0112,2021-11-30,True
FIR-002456,OFF-0112,2021-12-23,True
FIR-002457,OFF-0112,2021-12-06,True
FIR-002458,OFF-0112,2022-01-03,True
FIR-002459,OFF-0050,2022-02-21,True
FIR-002460,OFF-0112,2022-03-09,True
FIR-002461,OFF-0112,2022-04-05,True
FIR-002462,OFF-0112,2022-05-14,True
FIR-002463,OFF-0050,2022-06-13,True
FIR-002464,OFF-0112,2022-07-16,True
FIR-002465,OFF-0050,2022-08-09,True
FIR-002466,OFF-0050,2022-08-29,True
FIR-002467,OFF-0050,2022-09-03,True
FIR-002468,OFF-0050,2022-09-27,True
FIR-002469,OFF-0050,2022-10-21,True
FIR-002470,OFF-0112,2022-10-28,True
FIR-002471,OFF-0050,2022-11-30,True
FIR-002472,OFF-0050,2022-11-29,True
FIR-002473,OFF-0050,2022-12-14,True
FIR-002474,OFF-0112,2022-12-27,True
FIR-002475,OFF-0050,2023-01-03,True
FIR-002476,OFF-0112,2023-02-28,True
FIR-002477,OFF-0112,2023-03-29,True
FIR-002478,OFF-0112,2023-04-10,True
FIR-002479,OFF-0112,2023-05-11,True
FIR-002480,OFF-0112,2023-06-26,True
FIR-002481,OFF-0112,2023-07-13,True
FIR-002482,OFF-0112,2023-08-07,True
FIR-002483,OFF-0050,2023-08-15,True
FIR-002484,OFF-0112,2023-09-05,True
FIR-002485,OFF-0050,2023-09-13,True
FIR-002486,OFF-0112,2023-10-09,True
FIR-002487,OFF-0112,2023-10-16,True
FIR-002488,OFF-0050,2023-11-10,True
FIR-002489,OFF-0112,2023-11-29,True
FIR-002490,OFF-0050,2023-12-07,True
FIR-002491,OFF-0112,2023-12-14,True
FIR-002492,OFF-0112,2024-01-18,True
FIR-002493,OFF-0112,2024-02-12,True
FIR-002494,OFF-0050,2024-03-31,True
FIR-002495,OFF-0050,2024-04-03,True
FIR-002496,OFF-0050,2024-05-07,True
FIR-002497,OFF-0112,2024-06-20,True
FIR-002498,OFF-0112,2024-07-08,True
FIR-002499,OFF-0112,2024-08-28,True
FIR-002500,OFF-0112,2024-08-09,True
FIR-002501,OFF-0050,2024-09-29,True
FIR-002502,OFF-0112,2024-09-22,True
FIR-002503,OFF-0112,2024-10-01,True
FIR-002504,OFF-0112,2024-10-19,True
FIR-002505,OFF-0112,2024-11-13,True
FIR-002506,OFF-0050,2024-11-24,True
FIR-002507,OFF-0050,2024-12-01,True
FIR-002508,OFF-0112,2024-12-07,True
FIR-002509,OFF-0112,2025-01-10,True
FIR-002510,OFF-0050,2025-02-08,True
FIR-002511,OFF-0112,2025-03-21,True
FIR-002512,OFF-0050,2025-04-07,True
FIR-002513,OFF-0050,2025-05-20,True
FIR-002514,OFF-0050,2025-06-27,True
FIR-002515,OFF-0050,2025-07-16,True
FIR-002516,OFF-0050,2025-08-24,True
FIR-002517,OFF-0112,2025-08-21,True
FIR-002518,OFF-0112,2025-09-05,True
FIR-002519,OFF-0112,2025-09-09,True
FIR-002520,OFF-0112,2025-10-04,True
FIR-002521,OFF-0112,2025-10-10,True
FIR-002522,OFF-0050,2025-11-09,True
FIR-002523,OFF-0050,2025-11-03,True
FIR-002524,OFF-0050,2025-12-20,True
FIR-002525,OFF-0050,2025-12-23,True
FIR-002526,OFF-0020,2021-01-15,True
FIR-002527,OFF-0020,2021-02-04,True
FIR-002528,OFF-0175,2021-03-04,True
FIR-002529,OFF-0051,2021-04-11,True
FIR-002530,OFF-0175,2021-05-03,True
FIR-002531,OFF-0175,2021-06-15,True
FIR-002532,OFF-0113,2021-07-29,True
FIR-002533,OFF-0082,2021-08-01,True
FIR-002534,OFF-0051,2021-08-25,True
FIR-002535,OFF-0051,2021-09-29,True
FIR-002536,OFF-0144,2021-09-17,True
FIR-002537,OFF-0051,2021-10-23,True
FIR-002538,OFF-0051,2021-10-22,True
FIR-002539,OFF-0051,2021-11-09,True
FIR-002540,OFF-0082,2021-11-05,True
FIR-002541,OFF-0082,2021-12-20,True
FIR-002542,OFF-0051,2021-12-06,True
FIR-002543,OFF-0051,2022-01-05,True
FIR-002544,OFF-0020,2022-02-23,True
FIR-002545,OFF-0144,2022-03-12,True
FIR-002546,OFF-0082,2022-04-19,True
FIR-002547,OFF-0020,2022-05-22,True
FIR-002548,OFF-0051,2022-06-17,True
FIR-002549,OFF-0082,2022-07-04,True
FIR-002550,OFF-0082,2022-08-30,True
FIR-002551,OFF-0175,2022-08-26,True
FIR-002552,OFF-0175,2022-09-30,True
FIR-002553,OFF-0113,2022-09-23,True
FIR-002554,OFF-0051,2022-10-01,True
FIR-002555,OFF-0175,2022-10-24,True
FIR-002556,OFF-0175,2022-11-06,True
FIR-002557,OFF-0020,2022-11-19,True
FIR-002558,OFF-0051,2022-12-21,True
FIR-002559,OFF-0175,2022-12-24,True
FIR-002560,OFF-0020,2023-01-21,True
FIR-002561,OFF-0051,2023-02-14,True
FIR-002562,OFF-0082,2023-03-14,True
FIR-002563,OFF-0082,2023-04-02,True
FIR-002564,OFF-0175,2023-05-07,True
FIR-002565,OFF-0020,2023-06-22,True
FIR-002566,OFF-0144,2023-07-06,True
FIR-002567,OFF-0082,2023-08-02,True
FIR-002568,OFF-0020,2023-08-28,True
FIR-002569,OFF-0020,2023-09-03,True
FIR-002570,OFF-0051,2023-09-24,True
FIR-002571,OFF-0144,2023-10-19,True
FIR-002572,OFF-0113,2023-10-31,True
FIR-002573,OFF-0082,2023-11-02,True
FIR-002574,OFF-0082,2023-11-30,True
FIR-002575,OFF-0082,2023-12-03,True
FIR-002576,OFF-0051,2023-12-04,True
FIR-002577,OFF-0082,2024-01-01,True
FIR-002578,OFF-0175,2024-02-23,True
FIR-002579,OFF-0082,2024-03-30,True
FIR-002580,OFF-0020,2024-04-10,True
FIR-002581,OFF-0113,2024-05-25,True
FIR-002582,OFF-0113,2024-06-25,True
FIR-002583,OFF-0082,2024-07-09,True
FIR-002584,OFF-0113,2024-08-19,True
FIR-002585,OFF-0175,2024-08-03,True
FIR-002586,OFF-0144,2024-09-10,True
FIR-002587,OFF-0144,2024-09-23,True
FIR-002588,OFF-0051,2024-10-14,True
FIR-002589,OFF-0113,2024-10-30,True
FIR-002590,OFF-0082,2024-11-21,True
FIR-002591,OFF-0144,2024-11-10,True
FIR-002592,OFF-0082,2024-12-01,True
FIR-002593,OFF-0020,2024-12-11,True
FIR-002594,OFF-0144,2025-01-01,True
FIR-002595,OFF-0175,2025-02-15,True
FIR-002596,OFF-0051,2025-03-03,True
FIR-002597,OFF-0113,2025-04-01,True
FIR-002598,OFF-0051,2025-05-02,True
FIR-002599,OFF-0144,2025-06-21,True
FIR-002600,OFF-0144,2025-07-11,True
FIR-002601,OFF-0113,2025-08-21,True
FIR-002602,OFF-0082,2025-08-07,True
FIR-002603,OFF-0175,2025-09-05,True
FIR-002604,OFF-0113,2025-09-23,True
FIR-002605,OFF-0051,2025-10-23,True
FIR-002606,OFF-0020,2025-10-06,True
FIR-002607,OFF-0175,2025-11-26,True
FIR-002608,OFF-0175,2025-11-05,True
FIR-002609,OFF-0175,2025-12-02,True
FIR-002610,OFF-0051,2025-12-29,True
FIR-002611,OFF-0083,2021-01-11,True
FIR-002612,OFF-0145,2021-02-19,True
FIR-002613,OFF-0114,2021-03-03,True
FIR-002614,OFF-0083,2021-04-16,True
FIR-002615,OFF-0176,2021-05-15,True
FIR-002616,OFF-0083,2021-06-01,True
FIR-002617,OFF-0145,2021-07-26,True
FIR-002618,OFF-0114,2021-08-22,True
FIR-002619,OFF-0114,2021-08-25,True
FIR-002620,OFF-0145,2021-09-21,True
FIR-002621,OFF-0145,2021-09-29,True
FIR-002622,OFF-0176,2021-10-04,True
FIR-002623,OFF-0083,2021-10-03,True
FIR-002624,OFF-0083,2021-11-14,True
FIR-002625,OFF-0176,2021-11-25,True
FIR-002626,OFF-0083,2021-12-21,True
FIR-002627,OFF-0114,2021-12-19,True
FIR-002628,OFF-0114,2022-01-12,True
FIR-002629,OFF-0176,2022-02-19,True
FIR-002630,OFF-0083,2022-03-11,True
FIR-002631,OFF-0083,2022-04-21,True
FIR-002632,OFF-0145,2022-05-26,True
FIR-002633,OFF-0145,2022-06-30,True
FIR-002634,OFF-0083,2022-07-03,True
FIR-002635,OFF-0176,2022-08-18,True
FIR-002636,OFF-0083,2022-08-26,True
FIR-002637,OFF-0083,2022-09-05,True
FIR-002638,OFF-0114,2022-09-14,True
FIR-002639,OFF-0176,2022-10-12,True
FIR-002640,OFF-0145,2022-10-24,True
FIR-002641,OFF-0176,2022-11-17,True
FIR-002642,OFF-0083,2022-11-20,True
FIR-002643,OFF-0176,2022-12-15,True
FIR-002644,OFF-0176,2022-12-26,True
FIR-002645,OFF-0145,2023-01-16,True
FIR-002646,OFF-0083,2023-02-10,True
FIR-002647,OFF-0114,2023-03-12,True
FIR-002648,OFF-0083,2023-04-02,True
FIR-002649,OFF-0114,2023-05-23,True
FIR-002650,OFF-0176,2023-06-25,True
FIR-002651,OFF-0176,2023-07-07,True
FIR-002652,OFF-0083,2023-08-17,True
FIR-002653,OFF-0145,2023-08-15,True
FIR-002654,OFF-0114,2023-09-04,True
FIR-002655,OFF-0176,2023-09-20,True
FIR-002656,OFF-0145,2023-10-19,True
FIR-002657,OFF-0083,2023-10-19,True
FIR-002658,OFF-0145,2023-11-20,True
FIR-002659,OFF-0114,2023-11-30,True
FIR-002660,OFF-0145,2023-12-03,True
FIR-002661,OFF-0114,2023-12-13,True
FIR-002662,OFF-0176,2024-01-20,True
FIR-002663,OFF-0083,2024-02-29,True
FIR-002664,OFF-0114,2024-03-20,True
FIR-002665,OFF-0176,2024-04-21,True
FIR-002666,OFF-0176,2024-05-07,True
FIR-002667,OFF-0114,2024-06-13,True
FIR-002668,OFF-0114,2024-07-09,True
FIR-002669,OFF-0083,2024-08-01,True
FIR-002670,OFF-0083,2024-08-01,True
FIR-002671,OFF-0145,2024-09-08,True
FIR-002672,OFF-0083,2024-09-03,True
FIR-002673,OFF-0145,2024-10-27,True
FIR-002674,OFF-0114,2024-10-30,True
FIR-002675,OFF-0114,2024-11-20,True
FIR-002676,OFF-0176,2024-11-15,True
FIR-002677,OFF-0145,2024-12-20,True
FIR-002678,OFF-0145,2024-12-17,True
FIR-002679,OFF-0083,2025-01-27,True
FIR-002680,OFF-0083,2025-02-07,True
FIR-002681,OFF-0145,2025-03-13,True
FIR-002682,OFF-0114,2025-04-06,True
FIR-002683,OFF-0114,2025-05-06,True
FIR-002684,OFF-0114,2025-06-13,True
FIR-002685,OFF-0083,2025-07-25,True
FIR-002686,OFF-0083,2025-08-28,True
FIR-002687,OFF-0176,2025-08-27,True
FIR-002688,OFF-0145,2025-09-09,True
FIR-002689,OFF-0176,2025-09-19,True
FIR-002690,OFF-0114,2025-10-02,True
FIR-002691,OFF-0114,2025-10-16,True
FIR-002692,OFF-0114,2025-11-14,True
FIR-002693,OFF-0145,2025-11-11,True
FIR-002694,OFF-0176,2025-12-04,True
FIR-002695,OFF-0083,2025-12-24,True
FIR-002696,OFF-0084,2021-01-27,True
FIR-002697,OFF-0146,2021-01-02,True
FIR-002698,OFF-0084,2021-01-06,True
FIR-002699,OFF-0022,2021-01-17,True
FIR-002700,OFF-0022,2021-02-05,True
FIR-002701,OFF-0146,2021-02-28,True
FIR-002702,OFF-0177,2021-02-19,True
FIR-002703,OFF-0146,2021-02-03,True
FIR-002704,OFF-0177,2021-03-03,True
FIR-002705,OFF-0177,2021-03-22,True
FIR-002706,OFF-0146,2021-03-12,True
FIR-002707,OFF-0177,2021-03-11,True
FIR-002708,OFF-0084,2021-04-25,True
FIR-002709,OFF-0084,2021-04-30,True
FIR-002710,OFF-0146,2021-04-01,True
FIR-002711,OFF-0022,2021-04-18,True
FIR-002712,OFF-0146,2021-05-21,True
FIR-002713,OFF-0022,2021-05-24,True
FIR-002714,OFF-0146,2021-05-15,True
FIR-002715,OFF-0177,2021-05-12,True
FIR-002716,OFF-0022,2021-06-05,True
FIR-002717,OFF-0177,2021-06-21,True
FIR-002718,OFF-0084,2021-06-20,True
FIR-002719,OFF-0022,2021-06-10,True
FIR-002720,OFF-0084,2021-07-04,True
FIR-002721,OFF-0146,2021-07-26,True
FIR-002722,OFF-0084,2021-07-22,True
FIR-002723,OFF-0084,2021-07-06,True
FIR-002724,OFF-0022,2021-08-23,True
FIR-002725,OFF-0177,2021-08-08,True
FIR-002726,OFF-0084,2021-08-08,True
FIR-002727,OFF-0146,2021-08-23,True
FIR-002728,OFF-0177,2021-08-23,True
FIR-002729,OFF-0177,2021-09-03,True
FIR-002730,OFF-0022,2021-09-12,True
FIR-002731,OFF-0177,2021-09-05,True
FIR-002732,OFF-0146,2021-09-16,True
FIR-002733,OFF-0022,2021-09-22,True
FIR-002734,OFF-0084,2021-10-29,True
FIR-002735,OFF-0146,2021-10-08,True
FIR-002736,OFF-0084,2021-10-17,True
FIR-002737,OFF-0022,2021-10-15,True
FIR-002738,OFF-0022,2021-10-23,True
FIR-002739,OFF-0146,2021-11-08,True
FIR-002740,OFF-0177,2021-11-21,True
FIR-002741,OFF-0146,2021-11-27,True
FIR-002742,OFF-0022,2021-11-09,True
FIR-002743,OFF-0177,2021-11-25,True
FIR-002744,OFF-0084,2021-12-19,True
FIR-002745,OFF-0177,2021-12-25,True
FIR-002746,OFF-0084,2021-12-04,True
FIR-002747,OFF-0146,2021-12-10,True
FIR-002748,OFF-0022,2022-01-31,True
FIR-002749,OFF-0177,2022-01-02,True
FIR-002750,OFF-0177,2022-01-19,True
FIR-002751,OFF-0146,2022-01-31,True
FIR-002752,OFF-0146,2022-02-22,True
FIR-002753,OFF-0022,2022-02-02,True
FIR-002754,OFF-0084,2022-02-08,True
FIR-002755,OFF-0084,2022-02-27,True
FIR-002756,OFF-0177,2022-03-11,True
FIR-002757,OFF-0084,2022-03-02,True
FIR-002758,OFF-0022,2022-03-12,True
FIR-002759,OFF-0022,2022-03-05,True
FIR-002760,OFF-0146,2022-04-28,True
FIR-002761,OFF-0022,2022-04-23,True
FIR-002762,OFF-0084,2022-04-09,True
FIR-002763,OFF-0084,2022-04-06,True
FIR-002764,OFF-0084,2022-05-29,True
FIR-002765,OFF-0022,2022-05-26,True
FIR-002766,OFF-0084,2022-05-22,True
FIR-002767,OFF-0084,2022-05-21,True
FIR-002768,OFF-0022,2022-06-20,True
FIR-002769,OFF-0084,2022-06-11,True
FIR-002770,OFF-0084,2022-06-16,True
FIR-002771,OFF-0177,2022-06-13,True
FIR-002772,OFF-0022,2022-07-03,True
FIR-002773,OFF-0146,2022-07-25,True
FIR-002774,OFF-0146,2022-07-23,True
FIR-002775,OFF-0022,2022-07-03,True
FIR-002776,OFF-0084,2022-08-02,True
FIR-002777,OFF-0177,2022-08-22,True
FIR-002778,OFF-0022,2022-08-14,True
FIR-002779,OFF-0177,2022-08-13,True
FIR-002780,OFF-0084,2022-08-25,True
FIR-002781,OFF-0146,2022-09-18,True
FIR-002782,OFF-0084,2022-09-15,True
FIR-002783,OFF-0022,2022-09-12,True
FIR-002784,OFF-0177,2022-09-19,True
FIR-002785,OFF-0084,2022-09-22,True
FIR-002786,OFF-0177,2022-10-05,True
FIR-002787,OFF-0084,2022-10-07,True
FIR-002788,OFF-0146,2022-10-31,True
FIR-002789,OFF-0146,2022-10-07,True
FIR-002790,OFF-0022,2022-10-16,True
FIR-002791,OFF-0084,2022-11-02,True
FIR-002792,OFF-0146,2022-11-02,True
FIR-002793,OFF-0022,2022-11-08,True
FIR-002794,OFF-0177,2022-11-14,True
FIR-002795,OFF-0084,2022-11-15,True
FIR-002796,OFF-0146,2022-12-15,True
FIR-002797,OFF-0146,2022-12-27,True
FIR-002798,OFF-0177,2022-12-24,True
FIR-002799,OFF-0177,2022-12-23,True
FIR-002800,OFF-0084,2023-01-14,True
FIR-002801,OFF-0022,2023-01-09,True
FIR-002802,OFF-0177,2023-01-01,True
FIR-002803,OFF-0022,2023-01-28,True
FIR-002804,OFF-0084,2023-02-23,True
FIR-002805,OFF-0177,2023-02-14,True
FIR-002806,OFF-0177,2023-02-18,True
FIR-002807,OFF-0084,2023-02-08,True
FIR-002808,OFF-0146,2023-03-01,True
FIR-002809,OFF-0177,2023-03-02,True
FIR-002810,OFF-0177,2023-03-14,True
FIR-002811,OFF-0146,2023-03-31,True
FIR-002812,OFF-0177,2023-04-05,True
FIR-002813,OFF-0022,2023-04-20,True
FIR-002814,OFF-0084,2023-04-08,True
FIR-002815,OFF-0022,2023-04-27,True
FIR-002816,OFF-0177,2023-05-20,True
FIR-002817,OFF-0146,2023-05-30,True
FIR-002818,OFF-0146,2023-05-29,True
FIR-002819,OFF-0084,2023-05-06,True
FIR-002820,OFF-0022,2023-06-27,True
FIR-002821,OFF-0022,2023-06-09,True
FIR-002822,OFF-0022,2023-06-16,True
FIR-002823,OFF-0146,2023-06-18,True
FIR-002824,OFF-0084,2023-07-31,True
FIR-002825,OFF-0022,2023-07-23,True
FIR-002826,OFF-0177,2023-07-05,True
FIR-002827,OFF-0022,2023-07-18,True
FIR-002828,OFF-0146,2023-08-28,True
FIR-002829,OFF-0177,2023-08-22,True
FIR-002830,OFF-0177,2023-08-08,True
FIR-002831,OFF-0177,2023-08-24,True
FIR-002832,OFF-0146,2023-08-12,True
FIR-002833,OFF-0177,2023-09-29,True
FIR-002834,OFF-0022,2023-09-12,True
FIR-002835,OFF-0084,2023-09-25,True
FIR-002836,OFF-0146,2023-09-14,True
FIR-002837,OFF-0022,2023-09-19,True
FIR-002838,OFF-0022,2023-10-20,True
FIR-002839,OFF-0084,2023-10-19,True
FIR-002840,OFF-0084,2023-10-05,True
FIR-002841,OFF-0022,2023-10-11,True
FIR-002842,OFF-0022,2023-10-25,True
FIR-002843,OFF-0146,2023-11-11,True
FIR-002844,OFF-0084,2023-11-30,True
FIR-002845,OFF-0084,2023-11-21,True
FIR-002846,OFF-0146,2023-11-21,True
FIR-002847,OFF-0084,2023-11-20,True
FIR-002848,OFF-0146,2023-12-06,True
FIR-002849,OFF-0177,2023-12-01,True
FIR-002850,OFF-0177,2023-12-11,True
FIR-002851,OFF-0146,2023-12-03,True
FIR-002852,OFF-0146,2024-01-21,True
FIR-002853,OFF-0146,2024-01-28,True
FIR-002854,OFF-0146,2024-01-23,True
FIR-002855,OFF-0022,2024-01-23,True
FIR-002856,OFF-0146,2024-02-24,True
FIR-002857,OFF-0146,2024-02-18,True
FIR-002858,OFF-0146,2024-02-16,True
FIR-002859,OFF-0146,2024-02-17,True
FIR-002860,OFF-0022,2024-03-03,True
FIR-002861,OFF-0177,2024-03-25,True
FIR-002862,OFF-0022,2024-03-07,True
FIR-002863,OFF-0146,2024-03-08,True
FIR-002864,OFF-0084,2024-04-03,True
FIR-002865,OFF-0177,2024-04-12,True
FIR-002866,OFF-0146,2024-04-29,True
FIR-002867,OFF-0146,2024-04-16,True
FIR-002868,OFF-0146,2024-05-25,True
FIR-002869,OFF-0022,2024-05-14,True
FIR-002870,OFF-0177,2024-05-13,True
FIR-002871,OFF-0022,2024-05-03,True
FIR-002872,OFF-0084,2024-06-28,True
FIR-002873,OFF-0177,2024-06-18,True
FIR-002874,OFF-0022,2024-06-12,True
FIR-002875,OFF-0146,2024-06-05,True
FIR-002876,OFF-0146,2024-07-09,True
FIR-002877,OFF-0022,2024-07-12,True
FIR-002878,OFF-0146,2024-07-31,True
FIR-002879,OFF-0084,2024-07-14,True
FIR-002880,OFF-0022,2024-08-08,True
FIR-002881,OFF-0022,2024-08-02,True
FIR-002882,OFF-0084,2024-08-25,True
FIR-002883,OFF-0022,2024-08-07,True
FIR-002884,OFF-0177,2024-08-16,True
FIR-002885,OFF-0177,2024-09-27,True
FIR-002886,OFF-0177,2024-09-04,True
FIR-002887,OFF-0084,2024-09-05,True
FIR-002888,OFF-0022,2024-09-13,True
FIR-002889,OFF-0022,2024-09-14,True
FIR-002890,OFF-0146,2024-10-28,True
FIR-002891,OFF-0084,2024-10-01,True
FIR-002892,OFF-0022,2024-10-23,True
FIR-002893,OFF-0084,2024-10-18,True
FIR-002894,OFF-0084,2024-10-24,True
FIR-002895,OFF-0084,2024-11-29,True
FIR-002896,OFF-0084,2024-11-09,True
FIR-002897,OFF-0177,2024-11-25,True
FIR-002898,OFF-0177,2024-11-30,True
FIR-002899,OFF-0177,2024-11-19,True
FIR-002900,OFF-0022,2024-12-04,True
FIR-002901,OFF-0146,2024-12-06,True
FIR-002902,OFF-0084,2024-12-13,True
FIR-002903,OFF-0177,2024-12-23,True
FIR-002904,OFF-0084,2025-01-19,True
FIR-002905,OFF-0146,2025-01-20,True
FIR-002906,OFF-0084,2025-01-01,True
FIR-002907,OFF-0146,2025-01-14,True
FIR-002908,OFF-0022,2025-02-23,True
FIR-002909,OFF-0084,2025-02-17,True
FIR-002910,OFF-0177,2025-02-07,True
FIR-002911,OFF-0022,2025-02-22,True
FIR-002912,OFF-0084,2025-03-20,True
FIR-002913,OFF-0084,2025-03-26,True
FIR-002914,OFF-0146,2025-03-24,True
FIR-002915,OFF-0084,2025-03-04,True
FIR-002916,OFF-0084,2025-04-28,True
FIR-002917,OFF-0084,2025-04-26,True
FIR-002918,OFF-0146,2025-04-15,True
FIR-002919,OFF-0146,2025-04-19,True
FIR-002920,OFF-0022,2025-05-08,True
FIR-002921,OFF-0146,2025-05-24,True
FIR-002922,OFF-0022,2025-05-24,True
FIR-002923,OFF-0177,2025-05-14,True
FIR-002924,OFF-0084,2025-06-02,True
FIR-002925,OFF-0177,2025-06-23,True
FIR-002926,OFF-0146,2025-06-05,True
FIR-002927,OFF-0084,2025-06-05,True
FIR-002928,OFF-0084,2025-07-25,True
FIR-002929,OFF-0022,2025-07-18,True
FIR-002930,OFF-0084,2025-07-05,True
FIR-002931,OFF-0022,2025-07-01,True
FIR-002932,OFF-0022,2025-08-26,True
FIR-002933,OFF-0146,2025-08-12,True
FIR-002934,OFF-0146,2025-08-13,True
FIR-002935,OFF-0146,2025-08-15,True
FIR-002936,OFF-0146,2025-08-28,True
FIR-002937,OFF-0146,2025-09-19,True
FIR-002938,OFF-0022,2025-09-14,True
FIR-002939,OFF-0084,2025-09-12,True
FIR-002940,OFF-0146,2025-09-23,True
FIR-002941,OFF-0177,2025-09-18,True
FIR-002942,OFF-0022,2025-10-08,True
FIR-002943,OFF-0022,2025-10-15,True
FIR-002944,OFF-0022,2025-10-30,True
FIR-002945,OFF-0177,2025-10-31,True
FIR-002946,OFF-0022,2025-10-03,True
FIR-002947,OFF-0022,2025-11-06,True
FIR-002948,OFF-0177,2025-11-12,True
FIR-002949,OFF-0022,2025-11-02,True
FIR-002950,OFF-0084,2025-11-22,True
FIR-002951,OFF-0177,2025-11-23,True
FIR-002952,OFF-0177,2025-12-15,True
FIR-002953,OFF-0177,2025-12-03,True
FIR-002954,OFF-0084,2025-12-13,True
FIR-002955,OFF-0022,2025-12-17,True
FIR-002956,OFF-0085,2021-01-02,True
FIR-002957,OFF-0023,2021-02-18,True
FIR-002958,OFF-0085,2021-03-23,True
FIR-002959,OFF-0116,2021-04-05,True
FIR-002960,OFF-0023,2021-05-31,True
FIR-002961,OFF-0116,2021-06-27,True
FIR-002962,OFF-0054,2021-07-05,True
FIR-002963,OFF-0116,2021-08-16,True
FIR-002964,OFF-0054,2021-08-09,True
FIR-002965,OFF-0023,2021-09-08,True
FIR-002966,OFF-0085,2021-09-23,True
FIR-002967,OFF-0023,2021-10-10,True
FIR-002968,OFF-0054,2021-10-19,True
FIR-002969,OFF-0054,2021-11-30,True
FIR-002970,OFF-0085,2021-11-02,True
FIR-002971,OFF-0023,2021-12-03,True
FIR-002972,OFF-0085,2021-12-09,True
FIR-002973,OFF-0085,2022-01-19,True
FIR-002974,OFF-0023,2022-02-18,True
FIR-002975,OFF-0023,2022-03-12,True
FIR-002976,OFF-0054,2022-04-06,True
FIR-002977,OFF-0023,2022-05-08,True
FIR-002978,OFF-0116,2022-06-28,True
FIR-002979,OFF-0085,2022-07-02,True
FIR-002980,OFF-0116,2022-08-26,True
FIR-002981,OFF-0054,2022-08-12,True
FIR-002982,OFF-0085,2022-09-09,True
FIR-002983,OFF-0054,2022-09-14,True
FIR-002984,OFF-0116,2022-10-15,True
FIR-002985,OFF-0023,2022-10-13,True
FIR-002986,OFF-0085,2022-11-04,True
FIR-002987,OFF-0085,2022-11-06,True
FIR-002988,OFF-0085,2022-12-27,True
FIR-002989,OFF-0023,2022-12-03,True
FIR-002990,OFF-0023,2023-01-01,True
FIR-002991,OFF-0054,2023-02-28,True
FIR-002992,OFF-0023,2023-03-03,True
FIR-002993,OFF-0085,2023-04-27,True
FIR-002994,OFF-0054,2023-05-02,True
FIR-002995,OFF-0023,2023-06-06,True
FIR-002996,OFF-0054,2023-07-23,True
FIR-002997,OFF-0116,2023-08-14,True
FIR-002998,OFF-0116,2023-08-08,True
FIR-002999,OFF-0116,2023-09-09,True
FIR-003000,OFF-0116,2023-09-06,True
FIR-003001,OFF-0116,2023-10-29,True
FIR-003002,OFF-0085,2023-10-19,True
FIR-003003,OFF-0116,2023-11-24,True
FIR-003004,OFF-0085,2023-11-03,True
FIR-003005,OFF-0116,2023-12-11,True
FIR-003006,OFF-0054,2023-12-01,True
FIR-003007,OFF-0116,2024-01-24,True
FIR-003008,OFF-0054,2024-02-17,True
FIR-003009,OFF-0054,2024-03-11,True
FIR-003010,OFF-0054,2024-04-09,True
FIR-003011,OFF-0023,2024-05-07,True
FIR-003012,OFF-0085,2024-06-04,True
FIR-003013,OFF-0023,2024-07-30,True
FIR-003014,OFF-0116,2024-08-11,True
FIR-003015,OFF-0085,2024-08-17,True
FIR-003016,OFF-0054,2024-09-24,True
FIR-003017,OFF-0023,2024-09-22,True
FIR-003018,OFF-0023,2024-10-02,True
FIR-003019,OFF-0116,2024-10-25,True
FIR-003020,OFF-0023,2024-11-29,True
FIR-003021,OFF-0023,2024-11-26,True
FIR-003022,OFF-0085,2024-12-03,True
FIR-003023,OFF-0116,2024-12-16,True
FIR-003024,OFF-0023,2025-01-28,True
FIR-003025,OFF-0116,2025-02-19,True
FIR-003026,OFF-0023,2025-03-09,True
FIR-003027,OFF-0054,2025-04-19,True
FIR-003028,OFF-0116,2025-05-23,True
FIR-003029,OFF-0054,2025-06-01,True
FIR-003030,OFF-0054,2025-07-31,True
FIR-003031,OFF-0085,2025-08-18,True
FIR-003032,OFF-0116,2025-08-09,True
FIR-003033,OFF-0116,2025-09-25,True
FIR-003034,OFF-0054,2025-09-23,True
FIR-003035,OFF-0023,2025-10-30,True
FIR-003036,OFF-0085,2025-10-25,True
FIR-003037,OFF-0116,2025-11-18,True
FIR-003038,OFF-0085,2025-11-06,True
FIR-003039,OFF-0054,2025-12-26,True
FIR-003040,OFF-0085,2025-12-22,True
FIR-003041,OFF-0024,2021-01-06,True
FIR-003042,OFF-0179,2021-02-19,True
FIR-003043,OFF-0179,2021-03-07,True
FIR-003044,OFF-0055,2021-04-04,True
FIR-003045,OFF-0055,2021-05-04,True
FIR-003046,OFF-0055,2021-06-24,True
FIR-003047,OFF-0117,2021-07-06,True
FIR-003048,OFF-0055,2021-08-30,True
FIR-003049,OFF-0179,2021-08-11,True
FIR-003050,OFF-0148,2021-09-27,True
FIR-003051,OFF-0179,2021-09-10,True
FIR-003052,OFF-0148,2021-10-09,True
FIR-003053,OFF-0117,2021-10-03,True
FIR-003054,OFF-0148,2021-11-15,True
FIR-003055,OFF-0148,2021-11-07,True
FIR-003056,OFF-0055,2021-12-08,True
FIR-003057,OFF-0055,2021-12-02,True
FIR-003058,OFF-0055,2022-01-04,True
FIR-003059,OFF-0148,2022-02-17,True
FIR-003060,OFF-0055,2022-03-03,True
FIR-003061,OFF-0117,2022-04-09,True
FIR-003062,OFF-0179,2022-05-07,True
FIR-003063,OFF-0055,2022-06-18,True
FIR-003064,OFF-0179,2022-07-20,True
FIR-003065,OFF-0055,2022-08-20,True
FIR-003066,OFF-0024,2022-08-07,True
FIR-003067,OFF-0055,2022-09-28,True
FIR-003068,OFF-0055,2022-09-22,True
FIR-003069,OFF-0055,2022-10-31,True
FIR-003070,OFF-0117,2022-10-07,True
FIR-003071,OFF-0024,2022-11-20,True
FIR-003072,OFF-0148,2022-11-23,True
FIR-003073,OFF-0024,2022-12-26,True
FIR-003074,OFF-0179,2022-12-15,True
FIR-003075,OFF-0148,2023-01-06,True
FIR-003076,OFF-0179,2023-02-19,True
FIR-003077,OFF-0117,2023-03-06,True
FIR-003078,OFF-0148,2023-04-22,True
FIR-003079,OFF-0024,2023-05-02,True
FIR-003080,OFF-0117,2023-06-27,True
FIR-003081,OFF-0148,2023-07-19,True
FIR-003082,OFF-0179,2023-08-25,True
FIR-003083,OFF-0055,2023-08-13,True
FIR-003084,OFF-0148,2023-09-30,True
FIR-003085,OFF-0117,2023-09-13,True
FIR-003086,OFF-0117,2023-10-14,True
FIR-003087,OFF-0024,2023-10-26,True
FIR-003088,OFF-0117,2023-11-02,True
FIR-003089,OFF-0148,2023-11-02,True
FIR-003090,OFF-0179,2023-12-17,True
FIR-003091,OFF-0117,2023-12-05,True
FIR-003092,OFF-0179,2024-01-26,True
FIR-003093,OFF-0055,2024-02-13,True
FIR-003094,OFF-0148,2024-03-10,True
FIR-003095,OFF-0024,2024-04-24,True
FIR-003096,OFF-0148,2024-05-15,True
FIR-003097,OFF-0179,2024-06-14,True
FIR-003098,OFF-0024,2024-07-05,True
FIR-003099,OFF-0055,2024-08-12,True
FIR-003100,OFF-0117,2024-08-07,True
FIR-003101,OFF-0055,2024-09-25,True
FIR-003102,OFF-0179,2024-09-05,True
FIR-003103,OFF-0024,2024-10-02,True
FIR-003104,OFF-0055,2024-10-09,True
FIR-003105,OFF-0117,2024-11-22,True
FIR-003106,OFF-0179,2024-11-08,True
FIR-003107,OFF-0024,2024-12-14,True
FIR-003108,OFF-0055,2024-12-31,True
FIR-003109,OFF-0117,2025-01-21,True
FIR-003110,OFF-0148,2025-02-24,True
FIR-003111,OFF-0055,2025-03-20,True
FIR-003112,OFF-0024,2025-04-24,True
FIR-003113,OFF-0179,2025-05-20,True
FIR-003114,OFF-0148,2025-06-14,True
FIR-003115,OFF-0117,2025-07-04,True
FIR-003116,OFF-0148,2025-08-12,True
FIR-003117,OFF-0148,2025-08-07,True
FIR-003118,OFF-0024,2025-09-29,True
FIR-003119,OFF-0117,2025-09-02,True
FIR-003120,OFF-0117,2025-10-08,True
FIR-003121,OFF-0024,2025-10-30,True
FIR-003122,OFF-0117,2025-11-09,True
FIR-003123,OFF-0055,2025-11-20,True
FIR-003124,OFF-0117,2025-12-24,True
FIR-003125,OFF-0024,2025-12-25,True
FIR-003126,OFF-0087,2021-01-25,True
FIR-003127,OFF-0056,2021-02-01,True
FIR-003128,OFF-0180,2021-03-19,True
FIR-003129,OFF-0180,2021-04-18,True
FIR-003130,OFF-0118,2021-05-17,True
FIR-003131,OFF-0087,2021-06-01,True
FIR-003132,OFF-0118,2021-07-18,True
FIR-003133,OFF-0056,2021-08-09,True
FIR-003134,OFF-0118,2021-08-30,True
FIR-003135,OFF-0025,2021-09-04,True
FIR-003136,OFF-0118,2021-09-30,True
FIR-003137,OFF-0025,2021-10-06,True
FIR-003138,OFF-0087,2021-10-31,True
FIR-003139,OFF-0118,2021-11-06,True
FIR-003140,OFF-0087,2021-11-28,True
FIR-003141,OFF-0056,2021-12-26,True
FIR-003142,OFF-0025,2021-12-16,True
FIR-003143,OFF-0180,2022-01-21,True
FIR-003144,OFF-0025,2022-02-28,True
FIR-003145,OFF-0118,2022-03-17,True
FIR-003146,OFF-0056,2022-04-07,True
FIR-003147,OFF-0087,2022-05-13,True
FIR-003148,OFF-0118,2022-06-03,True
FIR-003149,OFF-0118,2022-07-15,True
FIR-003150,OFF-0118,2022-08-13,True
FIR-003151,OFF-0180,2022-08-30,True
FIR-003152,OFF-0025,2022-09-20,True
FIR-003153,OFF-0087,2022-09-15,True
FIR-003154,OFF-0180,2022-10-01,True
FIR-003155,OFF-0056,2022-10-06,True
FIR-003156,OFF-0025,2022-11-19,True
FIR-003157,OFF-0056,2022-11-17,True
FIR-003158,OFF-0149,2022-12-02,True
FIR-003159,OFF-0180,2022-12-10,True
FIR-003160,OFF-0118,2023-01-25,True
FIR-003161,OFF-0149,2023-02-14,True
FIR-003162,OFF-0056,2023-03-25,True
FIR-003163,OFF-0118,2023-04-12,True
FIR-003164,OFF-0087,2023-05-26,True
FIR-003165,OFF-0118,2023-06-22,True
FIR-003166,OFF-0118,2023-07-10,True
FIR-003167,OFF-0118,2023-08-28,True
FIR-003168,OFF-0180,2023-08-13,True
FIR-003169,OFF-0149,2023-09-22,True
FIR-003170,OFF-0056,2023-09-22,True
FIR-003171,OFF-0118,2023-10-27,True
FIR-003172,OFF-0118,2023-10-20,True
FIR-003173,OFF-0180,2023-11-20,True
FIR-003174,OFF-0118,2023-11-06,True
FIR-003175,OFF-0056,2023-12-14,True
FIR-003176,OFF-0087,2023-12-21,True
FIR-003177,OFF-0180,2024-01-10,True
FIR-003178,OFF-0056,2024-02-19,True
FIR-003179,OFF-0087,2024-03-23,True
FIR-003180,OFF-0056,2024-04-18,True
FIR-003181,OFF-0118,2024-05-26,True
FIR-003182,OFF-0149,2024-06-29,True
FIR-003183,OFF-0087,2024-07-20,True
FIR-003184,OFF-0180,2024-08-05,True
FIR-003185,OFF-0025,2024-08-09,True
FIR-003186,OFF-0056,2024-09-21,True
FIR-003187,OFF-0149,2024-09-17,True
FIR-003188,OFF-0180,2024-10-15,True
FIR-003189,OFF-0118,2024-10-31,True
FIR-003190,OFF-0180,2024-11-19,True
FIR-003191,OFF-0118,2024-11-29,True
FIR-003192,OFF-0025,2024-12-08,True
FIR-003193,OFF-0056,2024-12-04,True
FIR-003194,OFF-0180,2025-01-18,True
FIR-003195,OFF-0149,2025-02-08,True
FIR-003196,OFF-0056,2025-03-25,True
FIR-003197,OFF-0118,2025-04-12,True
FIR-003198,OFF-0025,2025-05-30,True
FIR-003199,OFF-0056,2025-06-10,True
FIR-003200,OFF-0087,2025-07-22,True
FIR-003201,OFF-0180,2025-08-12,True
FIR-003202,OFF-0149,2025-08-09,True
FIR-003203,OFF-0149,2025-09-23,True
FIR-003204,OFF-0149,2025-09-24,True
FIR-003205,OFF-0118,2025-10-23,True
FIR-003206,OFF-0118,2025-10-03,True
FIR-003207,OFF-0149,2025-11-05,True
FIR-003208,OFF-0149,2025-11-09,True
FIR-003209,OFF-0149,2025-12-14,True
FIR-003210,OFF-0087,2025-12-24,True
FIR-003211,OFF-0026,2021-01-12,True
FIR-003212,OFF-0119,2021-02-14,True
FIR-003213,OFF-0026,2021-03-27,True
FIR-003214,OFF-0150,2021-04-21,True
FIR-003215,OFF-0026,2021-05-25,True
FIR-003216,OFF-0057,2021-06-22,True
FIR-003217,OFF-0150,2021-07-30,True
FIR-003218,OFF-0119,2021-08-10,True
FIR-003219,OFF-0150,2021-08-06,True
FIR-003220,OFF-0026,2021-09-11,True
FIR-003221,OFF-0026,2021-09-06,True
FIR-003222,OFF-0119,2021-10-14,True
FIR-003223,OFF-0026,2021-10-12,True
FIR-003224,OFF-0150,2021-11-04,True
FIR-003225,OFF-0150,2021-11-27,True
FIR-003226,OFF-0057,2021-12-05,True
FIR-003227,OFF-0057,2021-12-14,True
FIR-003228,OFF-0119,2022-01-03,True
FIR-003229,OFF-0150,2022-02-20,True
FIR-003230,OFF-0119,2022-03-26,True
FIR-003231,OFF-0026,2022-04-12,True
FIR-003232,OFF-0026,2022-05-15,True
FIR-003233,OFF-0150,2022-06-21,True
FIR-003234,OFF-0057,2022-07-24,True
FIR-003235,OFF-0119,2022-08-08,True
FIR-003236,OFF-0150,2022-08-15,True
FIR-003237,OFF-0026,2022-09-15,True
FIR-003238,OFF-0150,2022-09-10,True
FIR-003239,OFF-0119,2022-10-02,True
FIR-003240,OFF-0150,2022-10-30,True
FIR-003241,OFF-0057,2022-11-19,True
FIR-003242,OFF-0150,2022-11-27,True
FIR-003243,OFF-0119,2022-12-17,True
FIR-003244,OFF-0026,2022-12-20,True
FIR-003245,OFF-0057,2023-01-05,True
FIR-003246,OFF-0026,2023-02-08,True
FIR-003247,OFF-0119,2023-03-15,True
FIR-003248,OFF-0119,2023-04-05,True
FIR-003249,OFF-0026,2023-05-13,True
FIR-003250,OFF-0119,2023-06-20,True
FIR-003251,OFF-0057,2023-07-12,True
FIR-003252,OFF-0026,2023-08-17,True
FIR-003253,OFF-0150,2023-08-26,True
FIR-003254,OFF-0150,2023-09-28,True
FIR-003255,OFF-0119,2023-09-20,True
FIR-003256,OFF-0150,2023-10-23,True
FIR-003257,OFF-0150,2023-10-16,True
FIR-003258,OFF-0026,2023-11-25,True
FIR-003259,OFF-0026,2023-11-25,True
FIR-003260,OFF-0150,2023-12-04,True
FIR-003261,OFF-0150,2023-12-25,True
FIR-003262,OFF-0057,2024-01-08,True
FIR-003263,OFF-0026,2024-02-15,True
FIR-003264,OFF-0057,2024-03-24,True
FIR-003265,OFF-0057,2024-04-01,True
FIR-003266,OFF-0057,2024-05-17,True
FIR-003267,OFF-0150,2024-06-02,True
FIR-003268,OFF-0057,2024-07-07,True
FIR-003269,OFF-0150,2024-08-11,True
FIR-003270,OFF-0026,2024-08-31,True
FIR-003271,OFF-0150,2024-09-10,True
FIR-003272,OFF-0119,2024-09-05,True
FIR-003273,OFF-0057,2024-10-08,True
FIR-003274,OFF-0026,2024-10-31,True
FIR-003275,OFF-0057,2024-11-17,True
FIR-003276,OFF-0150,2024-11-21,True
FIR-003277,OFF-0119,2024-12-14,True
FIR-003278,OFF-0150,2024-12-06,True
FIR-003279,OFF-0057,2025-01-17,True
FIR-003280,OFF-0057,2025-02-02,True
FIR-003281,OFF-0119,2025-03-08,True
FIR-003282,OFF-0119,2025-04-25,True
FIR-003283,OFF-0057,2025-05-10,True
FIR-003284,OFF-0119,2025-06-21,True
FIR-003285,OFF-0026,2025-07-24,True
FIR-003286,OFF-0057,2025-08-10,True
FIR-003287,OFF-0026,2025-08-23,True
FIR-003288,OFF-0119,2025-09-16,True
FIR-003289,OFF-0119,2025-09-26,True
FIR-003290,OFF-0150,2025-10-04,True
FIR-003291,OFF-0057,2025-10-22,True
FIR-003292,OFF-0119,2025-11-24,True
FIR-003293,OFF-0119,2025-11-28,True
FIR-003294,OFF-0057,2025-12-14,True
FIR-003295,OFF-0119,2025-12-13,True
FIR-003296,OFF-0027,2021-01-18,True
FIR-003297,OFF-0058,2021-02-05,True
FIR-003298,OFF-0027,2021-03-10,True
FIR-003299,OFF-0027,2021-04-06,True
FIR-003300,OFF-0058,2021-05-27,True
FIR-003301,OFF-0058,2021-06-15,True
FIR-003302,OFF-0027,2021-07-14,True
FIR-003303,OFF-0151,2021-08-29,True
FIR-003304,OFF-0027,2021-08-11,True
FIR-003305,OFF-0151,2021-09-15,True
FIR-003306,OFF-0058,2021-09-23,True
FIR-003307,OFF-0151,2021-10-02,True
FIR-003308,OFF-0058,2021-10-20,True
FIR-003309,OFF-0058,2021-11-15,True
FIR-003310,OFF-0027,2021-11-29,True
FIR-003311,OFF-0058,2021-12-03,True
FIR-003312,OFF-0151,2021-12-08,True
FIR-003313,OFF-0151,2022-01-19,True
FIR-003314,OFF-0027,2022-02-02,True
FIR-003315,OFF-0151,2022-03-03,True
FIR-003316,OFF-0058,2022-04-05,True
FIR-003317,OFF-0151,2022-05-07,True
FIR-003318,OFF-0027,2022-06-25,True
FIR-003319,OFF-0151,2022-07-21,True
FIR-003320,OFF-0058,2022-08-31,True
FIR-003321,OFF-0027,2022-08-14,True
FIR-003322,OFF-0151,2022-09-17,True
FIR-003323,OFF-0151,2022-09-02,True
FIR-003324,OFF-0151,2022-10-25,True
FIR-003325,OFF-0151,2022-10-14,True
FIR-003326,OFF-0027,2022-11-03,True
FIR-003327,OFF-0058,2022-11-27,True
FIR-003328,OFF-0151,2022-12-08,True
FIR-003329,OFF-0151,2022-12-21,True
FIR-003330,OFF-0151,2023-01-20,True
FIR-003331,OFF-0027,2023-02-10,True
FIR-003332,OFF-0027,2023-03-31,True
FIR-003333,OFF-0027,2023-04-09,True
FIR-003334,OFF-0058,2023-05-10,True
FIR-003335,OFF-0058,2023-06-11,True
FIR-003336,OFF-0027,2023-07-10,True
FIR-003337,OFF-0027,2023-08-16,True
FIR-003338,OFF-0027,2023-08-01,True
FIR-003339,OFF-0027,2023-09-16,True
FIR-003340,OFF-0058,2023-09-02,True
FIR-003341,OFF-0151,2023-10-02,True
FIR-003342,OFF-0151,2023-10-30,True
FIR-003343,OFF-0058,2023-11-30,True
FIR-003344,OFF-0058,2023-11-19,True
FIR-003345,OFF-0151,2023-12-13,True
FIR-003346,OFF-0027,2023-12-26,True
FIR-003347,OFF-0027,2024-01-20,True
FIR-003348,OFF-0151,2024-02-03,True
FIR-003349,OFF-0151,2024-03-06,True
FIR-003350,OFF-0151,2024-04-23,True
FIR-003351,OFF-0151,2024-05-17,True
FIR-003352,OFF-0027,2024-06-05,True
FIR-003353,OFF-0151,2024-07-10,True
FIR-003354,OFF-0027,2024-08-30,True
FIR-003355,OFF-0058,2024-08-10,True
FIR-003356,OFF-0151,2024-09-23,True
FIR-003357,OFF-0151,2024-09-05,True
FIR-003358,OFF-0151,2024-10-18,True
FIR-003359,OFF-0058,2024-10-24,True
FIR-003360,OFF-0058,2024-11-25,True
FIR-003361,OFF-0058,2024-11-07,True
FIR-003362,OFF-0151,2024-12-15,True
FIR-003363,OFF-0151,2024-12-02,True
FIR-003364,OFF-0151,2025-01-30,True
FIR-003365,OFF-0027,2025-02-16,True
FIR-003366,OFF-0151,2025-03-04,True
FIR-003367,OFF-0058,2025-04-24,True
FIR-003368,OFF-0151,2025-05-09,True
FIR-003369,OFF-0027,2025-06-13,True
FIR-003370,OFF-0058,2025-07-01,True
FIR-003371,OFF-0058,2025-08-23,True
FIR-003372,OFF-0151,2025-08-11,True
FIR-003373,OFF-0151,2025-09-12,True
FIR-003374,OFF-0151,2025-09-23,True
FIR-003375,OFF-0027,2025-10-07,True
FIR-003376,OFF-0058,2025-10-16,True
FIR-003377,OFF-0027,2025-11-25,True
FIR-003378,OFF-0151,2025-11-02,True
FIR-003379,OFF-0027,2025-12-19,True
FIR-003380,OFF-0058,2025-12-20,True
FIR-003381,OFF-0059,2021-01-06,True
FIR-003382,OFF-0059,2021-02-21,True
FIR-003383,OFF-0059,2021-03-18,True
FIR-003384,OFF-0121,2021-04-17,True
FIR-003385,OFF-0121,2021-05-22,True
FIR-003386,OFF-0090,2021-06-14,True
FIR-003387,OFF-0090,2021-07-21,True
FIR-003388,OFF-0059,2021-08-21,True
FIR-003389,OFF-0090,2021-08-16,True
FIR-003390,OFF-0121,2021-09-25,True
FIR-003391,OFF-0090,2021-09-10,True
FIR-003392,OFF-0059,2021-10-08,True
FIR-003393,OFF-0028,2021-10-21,True
FIR-003394,OFF-0059,2021-11-03,True
FIR-003395,OFF-0090,2021-11-14,True
FIR-003396,OFF-0059,2021-12-27,True
FIR-003397,OFF-0121,2021-12-20,True
FIR-003398,OFF-0121,2022-01-11,True
FIR-003399,OFF-0090,2022-02-25,True
FIR-003400,OFF-0090,2022-03-10,True
FIR-003401,OFF-0121,2022-04-06,True
FIR-003402,OFF-0121,2022-05-11,True
FIR-003403,OFF-0028,2022-06-02,True
FIR-003404,OFF-0028,2022-07-15,True
FIR-003405,OFF-0090,2022-08-29,True
FIR-003406,OFF-0090,2022-08-12,True
FIR-003407,OFF-0121,2022-09-06,True
FIR-003408,OFF-0028,2022-09-27,True
FIR-003409,OFF-0121,2022-10-18,True
FIR-003410,OFF-0028,2022-10-07,True
FIR-003411,OFF-0121,2022-11-25,True
FIR-003412,OFF-0090,2022-11-09,True
FIR-003413,OFF-0028,2022-12-28,True
FIR-003414,OFF-0090,2022-12-30,True
FIR-003415,OFF-0121,2023-01-07,True
FIR-003416,OFF-0121,2023-02-26,True
FIR-003417,OFF-0121,2023-03-15,True
FIR-003418,OFF-0121,2023-04-09,True
FIR-003419,OFF-0028,2023-05-31,True
FIR-003420,OFF-0028,2023-06-17,True
FIR-003421,OFF-0121,2023-07-22,True
FIR-003422,OFF-0059,2023-08-16,True
FIR-003423,OFF-0121,2023-08-29,True
FIR-003424,OFF-0028,2023-09-17,True
FIR-003425,OFF-0090,2023-09-28,True
FIR-003426,OFF-0121,2023-10-29,True
FIR-003427,OFF-0059,2023-10-13,True
FIR-003428,OFF-0028,2023-11-14,True
FIR-003429,OFF-0121,2023-11-04,True
FIR-003430,OFF-0090,2023-12-30,True
FIR-003431,OFF-0028,2023-12-01,True
FIR-003432,OFF-0059,2024-01-15,True
FIR-003433,OFF-0121,2024-02-20,True
FIR-003434,OFF-0121,2024-03-06,True
FIR-003435,OFF-0059,2024-04-07,True
FIR-003436,OFF-0121,2024-05-28,True
FIR-003437,OFF-0059,2024-06-30,True
FIR-003438,OFF-0028,2024-07-22,True
FIR-003439,OFF-0028,2024-08-12,True
FIR-003440,OFF-0121,2024-08-24,True
FIR-003441,OFF-0090,2024-09-29,True
FIR-003442,OFF-0121,2024-09-19,True
FIR-003443,OFF-0090,2024-10-02,True
FIR-003444,OFF-0059,2024-10-06,True
FIR-003445,OFF-0028,2024-11-20,True
FIR-003446,OFF-0121,2024-11-26,True
FIR-003447,OFF-0090,2024-12-21,True
FIR-003448,OFF-0090,2024-12-28,True
FIR-003449,OFF-0121,2025-01-13,True
FIR-003450,OFF-0090,2025-02-17,True
FIR-003451,OFF-0090,2025-03-16,True
FIR-003452,OFF-0059,2025-04-22,True
FIR-003453,OFF-0121,2025-05-19,True
FIR-003454,OFF-0090,2025-06-14,True
FIR-003455,OFF-0090,2025-07-24,True
FIR-003456,OFF-0059,2025-08-09,True
FIR-003457,OFF-0028,2025-08-06,True
FIR-003458,OFF-0121,2025-09-26,True
FIR-003459,OFF-0090,2025-09-25,True
FIR-003460,OFF-0028,2025-10-12,True
FIR-003461,OFF-0090,2025-10-08,True
FIR-003462,OFF-0090,2025-11-10,True
FIR-003463,OFF-0121,2025-11-01,True
FIR-003464,OFF-0090,2025-12-11,True
FIR-003465,OFF-0090,2025-12-28,True
FIR-003466,OFF-0153,2021-01-18,True
FIR-003467,OFF-0153,2021-02-13,True
FIR-003468,OFF-0122,2021-03-14,True
FIR-003469,OFF-0060,2021-04-15,True
FIR-003470,OFF-0153,2021-05-24,True
FIR-003471,OFF-0060,2021-06-02,True
FIR-003472,OFF-0122,2021-07-06,True
FIR-003473,OFF-0153,2021-08-03,True
FIR-003474,OFF-0122,2021-08-28,True
FIR-003475,OFF-0153,2021-09-02,True
FIR-003476,OFF-0122,2021-09-02,True
FIR-003477,OFF-0153,2021-10-02,True
FIR-003478,OFF-0153,2021-10-30,True
FIR-003479,OFF-0122,2021-11-17,True
FIR-003480,OFF-0153,2021-11-09,True
FIR-003481,OFF-0060,2021-12-18,True
FIR-003482,OFF-0153,2021-12-17,True
FIR-003483,OFF-0060,2022-01-04,True
FIR-003484,OFF-0122,2022-02-10,True
FIR-003485,OFF-0122,2022-03-20,True
FIR-003486,OFF-0060,2022-04-22,True
FIR-003487,OFF-0060,2022-05-28,True
FIR-003488,OFF-0153,2022-06-07,True
FIR-003489,OFF-0060,2022-07-04,True
FIR-003490,OFF-0060,2022-08-29,True
FIR-003491,OFF-0153,2022-08-20,True
FIR-003492,OFF-0060,2022-09-01,True
FIR-003493,OFF-0060,2022-09-30,True
FIR-003494,OFF-0122,2022-10-19,True
FIR-003495,OFF-0122,2022-10-03,True
FIR-003496,OFF-0060,2022-11-03,True
FIR-003497,OFF-0153,2022-11-18,True
FIR-003498,OFF-0060,2022-12-02,True
FIR-003499,OFF-0122,2022-12-27,True
FIR-003500,OFF-0153,2023-01-07,True
FIR-003501,OFF-0153,2023-02-07,True
FIR-003502,OFF-0153,2023-03-31,True
FIR-003503,OFF-0122,2023-04-21,True
FIR-003504,OFF-0153,2023-05-08,True
FIR-003505,OFF-0122,2023-06-29,True
FIR-003506,OFF-0060,2023-07-14,True
FIR-003507,OFF-0153,2023-08-03,True
FIR-003508,OFF-0122,2023-08-13,True
FIR-003509,OFF-0122,2023-09-05,True
FIR-003510,OFF-0153,2023-09-04,True
FIR-003511,OFF-0122,2023-10-23,True
FIR-003512,OFF-0153,2023-10-20,True
FIR-003513,OFF-0153,2023-11-29,True
FIR-003514,OFF-0122,2023-11-28,True
FIR-003515,OFF-0122,2023-12-10,True
FIR-003516,OFF-0153,2023-12-25,True
FIR-003517,OFF-0122,2024-01-26,True
FIR-003518,OFF-0122,2024-02-21,True
FIR-003519,OFF-0122,2024-03-03,True
FIR-003520,OFF-0060,2024-04-17,True
FIR-003521,OFF-0153,2024-05-17,True
FIR-003522,OFF-0060,2024-06-01,True
FIR-003523,OFF-0153,2024-07-26,True
FIR-003524,OFF-0122,2024-08-12,True
FIR-003525,OFF-0122,2024-08-16,True
FIR-003526,OFF-0060,2024-09-19,True
FIR-003527,OFF-0122,2024-09-28,True
FIR-003528,OFF-0060,2024-10-07,True
FIR-003529,OFF-0153,2024-10-30,True
FIR-003530,OFF-0122,2024-11-14,True
FIR-003531,OFF-0060,2024-11-08,True
FIR-003532,OFF-0153,2024-12-06,True
FIR-003533,OFF-0153,2024-12-19,True
FIR-003534,OFF-0153,2025-01-21,True
FIR-003535,OFF-0153,2025-02-08,True
FIR-003536,OFF-0122,2025-03-24,True
FIR-003537,OFF-0153,2025-04-12,True
FIR-003538,OFF-0122,2025-05-20,True
FIR-003539,OFF-0060,2025-06-02,True
FIR-003540,OFF-0060,2025-07-06,True
FIR-003541,OFF-0122,2025-08-19,True
FIR-003542,OFF-0122,2025-08-18,True
FIR-003543,OFF-0122,2025-09-25,True
FIR-003544,OFF-0060,2025-09-12,True
FIR-003545,OFF-0122,2025-10-18,True
FIR-003546,OFF-0122,2025-10-05,True
FIR-003547,OFF-0060,2025-11-25,True
FIR-003548,OFF-0122,2025-11-29,True
FIR-003549,OFF-0060,2025-12-11,True
FIR-003550,OFF-0060,2025-12-15,True
FIR-003551,OFF-0030,2021-01-29,True
FIR-003552,OFF-0030,2021-02-11,True
FIR-003553,OFF-0030,2021-03-13,True
FIR-003554,OFF-0154,2021-04-12,True
FIR-003555,OFF-0092,2021-05-27,True
FIR-003556,OFF-0154,2021-06-01,True
FIR-003557,OFF-0154,2021-07-13,True
FIR-003558,OFF-0154,2021-08-14,True
FIR-003559,OFF-0154,2021-08-04,True
FIR-003560,OFF-0092,2021-09-26,True
FIR-003561,OFF-0154,2021-09-29,True
FIR-003562,OFF-0092,2021-10-19,True
FIR-003563,OFF-0092,2021-10-09,True
FIR-003564,OFF-0092,2021-11-13,True
FIR-003565,OFF-0092,2021-11-30,True
FIR-003566,OFF-0154,2021-12-19,True
FIR-003567,OFF-0092,2021-12-23,True
FIR-003568,OFF-0154,2022-01-21,True
FIR-003569,OFF-0092,2022-02-03,True
FIR-003570,OFF-0030,2022-03-18,True
FIR-003571,OFF-0154,2022-04-20,True
FIR-003572,OFF-0092,2022-05-01,True
FIR-003573,OFF-0123,2022-06-12,True
FIR-003574,OFF-0092,2022-07-15,True
FIR-003575,OFF-0154,2022-08-27,True
FIR-003576,OFF-0030,2022-08-09,True
FIR-003577,OFF-0092,2022-09-15,True
FIR-003578,OFF-0030,2022-09-27,True
FIR-003579,OFF-0030,2022-10-23,True
FIR-003580,OFF-0154,2022-10-27,True
FIR-003581,OFF-0154,2022-11-26,True
FIR-003582,OFF-0154,2022-11-14,True
FIR-003583,OFF-0092,2022-12-31,True
FIR-003584,OFF-0154,2022-12-08,True
FIR-003585,OFF-0154,2023-01-15,True
FIR-003586,OFF-0030,2023-02-12,True
FIR-003587,OFF-0123,2023-03-08,True
FIR-003588,OFF-0154,2023-04-11,True
FIR-003589,OFF-0030,2023-05-01,True
FIR-003590,OFF-0123,2023-06-14,True
FIR-003591,OFF-0154,2023-07-29,True
FIR-003592,OFF-0030,2023-08-07,True
FIR-003593,OFF-0030,2023-08-29,True
FIR-003594,OFF-0092,2023-09-03,True
FIR-003595,OFF-0092,2023-09-04,True
FIR-003596,OFF-0123,2023-10-04,True
FIR-003597,OFF-0123,2023-10-26,True
FIR-003598,OFF-0123,2023-11-27,True
FIR-003599,OFF-0030,2023-11-13,True
FIR-003600,OFF-0154,2023-12-13,True
FIR-003601,OFF-0123,2023-12-26,True
FIR-003602,OFF-0154,2024-01-16,True
FIR-003603,OFF-0030,2024-02-10,True
FIR-003604,OFF-0154,2024-03-27,True
FIR-003605,OFF-0030,2024-04-03,True
FIR-003606,OFF-0123,2024-05-09,True
FIR-003607,OFF-0030,2024-06-06,True
FIR-003608,OFF-0030,2024-07-12,True
FIR-003609,OFF-0154,2024-08-24,True
FIR-003610,OFF-0154,2024-08-30,True
FIR-003611,OFF-0123,2024-09-03,True
FIR-003612,OFF-0092,2024-09-18,True
FIR-003613,OFF-0123,2024-10-09,True
FIR-003614,OFF-0092,2024-10-30,True
FIR-003615,OFF-0030,2024-11-08,True
FIR-003616,OFF-0030,2024-11-23,True
FIR-003617,OFF-0123,2024-12-23,True
FIR-003618,OFF-0123,2024-12-24,True
FIR-003619,OFF-0123,2025-01-21,True
FIR-003620,OFF-0154,2025-02-21,True
FIR-003621,OFF-0154,2025-03-13,True
FIR-003622,OFF-0123,2025-04-09,True
FIR-003623,OFF-0092,2025-05-09,True
FIR-003624,OFF-0092,2025-06-27,True
FIR-003625,OFF-0092,2025-07-31,True
FIR-003626,OFF-0092,2025-08-14,True
FIR-003627,OFF-0030,2025-08-19,True
FIR-003628,OFF-0030,2025-09-18,True
FIR-003629,OFF-0154,2025-09-08,True
FIR-003630,OFF-0123,2025-10-21,True
FIR-003631,OFF-0154,2025-10-20,True
FIR-003632,OFF-0154,2025-11-13,True
FIR-003633,OFF-0123,2025-11-01,True
FIR-003634,OFF-0030,2025-12-28,True
FIR-003635,OFF-0123,2025-12-07,True
FIR-003636,OFF-0093,2021-01-30,True
FIR-003637,OFF-0062,2021-02-08,True
FIR-003638,OFF-0031,2021-03-11,True
FIR-003639,OFF-0031,2021-04-07,True
FIR-003640,OFF-0031,2021-05-11,True
FIR-003641,OFF-0062,2021-06-06,True
FIR-003642,OFF-0093,2021-07-27,True
FIR-003643,OFF-0062,2021-08-18,True
FIR-003644,OFF-0031,2021-08-18,True
FIR-003645,OFF-0155,2021-09-15,True
FIR-003646,OFF-0155,2021-09-30,True
FIR-003647,OFF-0062,2021-10-13,True
FIR-003648,OFF-0031,2021-10-15,True
FIR-003649,OFF-0155,2021-11-18,True
FIR-003650,OFF-0031,2021-11-03,True
FIR-003651,OFF-0093,2021-12-28,True
FIR-003652,OFF-0155,2021-12-23,True
FIR-003653,OFF-0155,2022-01-01,True
FIR-003654,OFF-0155,2022-02-27,True
FIR-003655,OFF-0031,2022-03-26,True
FIR-003656,OFF-0031,2022-04-01,True
FIR-003657,OFF-0155,2022-05-22,True
FIR-003658,OFF-0155,2022-06-21,True
FIR-003659,OFF-0062,2022-07-31,True
FIR-003660,OFF-0031,2022-08-12,True
FIR-003661,OFF-0031,2022-08-12,True
FIR-003662,OFF-0155,2022-09-27,True
FIR-003663,OFF-0155,2022-09-23,True
FIR-003664,OFF-0031,2022-10-09,True
FIR-003665,OFF-0062,2022-10-10,True
FIR-003666,OFF-0062,2022-11-17,True
FIR-003667,OFF-0031,2022-11-29,True
FIR-003668,OFF-0093,2022-12-30,True
FIR-003669,OFF-0155,2022-12-22,True
FIR-003670,OFF-0093,2023-01-25,True
FIR-003671,OFF-0062,2023-02-24,True
FIR-003672,OFF-0155,2023-03-20,True
FIR-003673,OFF-0093,2023-04-19,True
FIR-003674,OFF-0031,2023-05-14,True
FIR-003675,OFF-0031,2023-06-26,True
FIR-003676,OFF-0155,2023-07-18,True
FIR-003677,OFF-0155,2023-08-13,True
FIR-003678,OFF-0093,2023-08-13,True
FIR-003679,OFF-0031,2023-09-05,True
FIR-003680,OFF-0062,2023-09-01,True
FIR-003681,OFF-0155,2023-10-02,True
FIR-003682,OFF-0155,2023-10-02,True
FIR-003683,OFF-0062,2023-11-03,True
FIR-003684,OFF-0062,2023-11-09,True
FIR-003685,OFF-0062,2023-12-13,True
FIR-003686,OFF-0031,2023-12-11,True
FIR-003687,OFF-0155,2024-01-15,True
FIR-003688,OFF-0031,2024-02-12,True
FIR-003689,OFF-0031,2024-03-30,True
FIR-003690,OFF-0062,2024-04-27,True
FIR-003691,OFF-0031,2024-05-21,True
FIR-003692,OFF-0062,2024-06-15,True
FIR-003693,OFF-0031,2024-07-24,True
FIR-003694,OFF-0093,2024-08-16,True
FIR-003695,OFF-0031,2024-08-31,True
FIR-003696,OFF-0155,2024-09-11,True
FIR-003697,OFF-0062,2024-09-17,True
FIR-003698,OFF-0093,2024-10-22,True
FIR-003699,OFF-0155,2024-10-20,True
FIR-003700,OFF-0062,2024-11-17,True
FIR-003701,OFF-0093,2024-11-08,True
FIR-003702,OFF-0031,2024-12-09,True
FIR-003703,OFF-0093,2024-12-14,True
FIR-003704,OFF-0155,2025-01-25,True
FIR-003705,OFF-0031,2025-02-05,True
FIR-003706,OFF-0062,2025-03-08,True
FIR-003707,OFF-0093,2025-04-26,True
FIR-003708,OFF-0155,2025-05-20,True
FIR-003709,OFF-0093,2025-06-22,True
FIR-003710,OFF-0031,2025-07-14,True
FIR-003711,OFF-0155,2025-08-07,True
FIR-003712,OFF-0093,2025-08-03,True
FIR-003713,OFF-0062,2025-09-27,True
FIR-003714,OFF-0093,2025-09-22,True
FIR-003715,OFF-0093,2025-10-13,True
FIR-003716,OFF-0093,2025-10-15,True
FIR-003717,OFF-0031,2025-11-17,True
FIR-003718,OFF-0155,2025-11-08,True
FIR-003719,OFF-0093,2025-12-23,True
FIR-003720,OFF-0155,2025-12-10,True
