fir_id_1,fir_id_2,link_type,link_confidence
FIR-000009,FIR-000012,series_crime,0.72
FIR-000009,FIR-000016,series_crime,0.64
FIR-000012,FIR-000016,series_crime,0.89
FIR-000035,FIR-000038,series_crime,0.62
FIR-000080,FIR-000084,series_crime,0.61
FIR-000021,FIR-000025,series_crime,0.88
FIR-000021,FIR-000026,series_crime,0.7
FIR-000021,FIR-000027,series_crime,0.66
FIR-000025,FIR-000026,series_crime,0.9
FIR-000025,FIR-000027,series_crime,0.85
FIR-000026,FIR-000027,series_crime,0.85
FIR-000044,FIR-000043,series_crime,0.61
FIR-000043,FIR-000049,series_crime,0.92
FIR-000055,FIR-000060,series_crime,0.63
FIR-000079,FIR-000085,series_crime,0.81
FIR-000093,FIR-000095,series_crime,0.85
FIR-000093,FIR-000100,series_crime,0.64
FIR-000093,FIR-000099,series_crime,0.78
FIR-000095,FIR-000100,series_crime,0.78
FIR-000095,FIR-000099,series_crime,0.73
FIR-000100,FIR-000099,series_crime,0.64
FIR-000090,FIR-000092,series_crime,0.94
FIR-000114,FIR-000116,series_crime,0.62
FIR-000005,FIR-000007,series_crime,0.91
FIR-000005,FIR-000008,series_crime,0.93
FIR-000007,FIR-000008,series_crime,0.71
FIR-000017,FIR-000024,series_crime,0.83
FIR-000037,FIR-000042,series_crime,0.71
FIR-000068,FIR-000069,series_crime,0.66
FIR-000068,FIR-000073,series_crime,0.66
FIR-000069,FIR-000073,series_crime,0.9
FIR-000073,FIR-000075,series_crime,0.62
FIR-000088,FIR-000091,series_crime,0.63
FIR-000032,FIR-000033,series_crime,0.94
FIR-000045,FIR-000052,series_crime,0.92
FIR-000072,FIR-000077,series_crime,0.76
FIR-000077,FIR-000082,series_crime,0.87
FIR-000010,FIR-000011,series_crime,0.72
FIR-000010,FIR-000013,series_crime,0.95
FIR-000011,FIR-000013,series_crime,0.66
FIR-000028,FIR-000029,series_crime,0.76
FIR-000029,FIR-000036,series_crime,0.61
FIR-000053,FIR-000056,series_crime,0.8
FIR-000067,FIR-000070,series_crime,0.81
FIR-000067,FIR-000071,series_crime,0.69
FIR-000070,FIR-000071,series_crime,0.6
FIR-000112,FIR-000113,series_crime,0.82
FIR-000112,FIR-000117,series_crime,0.63
FIR-000113,FIR-000117,series_crime,0.81
FIR-000113,FIR-000119,series_crime,0.68
FIR-000117,FIR-000119,series_crime,0.92
FIR-000015,FIR-000020,series_crime,0.94
FIR-000015,FIR-000019,series_crime,0.81
FIR-000015,FIR-000022,series_crime,0.61
FIR-000020,FIR-000019,series_crime,0.73
FIR-000020,FIR-000022,series_crime,0.71
FIR-000019,FIR-000022,series_crime,0.69
FIR-000031,FIR-000034,series_crime,0.85
FIR-000034,FIR-000040,series_crime,0.78
FIR-000040,FIR-000041,series_crime,0.95
FIR-000041,FIR-000048,series_crime,0.88
FIR-000048,FIR-000047,series_crime,0.71
FIR-000048,FIR-000050,series_crime,0.74
FIR-000048,FIR-000054,series_crime,0.61
FIR-000047,FIR-000050,series_crime,0.72
FIR-000047,FIR-000054,series_crime,0.68
FIR-000050,FIR-000054,series_crime,0.94
FIR-000054,FIR-000058,series_crime,0.79
FIR-000058,FIR-000061,series_crime,0.68
FIR-000058,FIR-000063,series_crime,0.93
FIR-000058,FIR-000064,series_crime,0.62
FIR-000061,FIR-000063,series_crime,0.66
FIR-000061,FIR-000064,series_crime,0.72
FIR-000063,FIR-000064,series_crime,0.68
FIR-000076,FIR-000078,series_crime,0.75
FIR-000078,FIR-000081,series_crime,0.66
FIR-000078,FIR-000083,series_crime,0.92
FIR-000081,FIR-000083,series_crime,0.77
FIR-000081,FIR-000086,series_crime,0.94
FIR-000083,FIR-000086,series_crime,0.86
FIR-000083,FIR-000087,series_crime,0.72
FIR-000086,FIR-000087,series_crime,0.87
FIR-000096,FIR-000097,series_crime,0.84
FIR-000097,FIR-000104,series_crime,0.93
FIR-000104,FIR-000106,series_crime,0.83
FIR-000104,FIR-000108,series_crime,0.71
FIR-000104,FIR-000110,series_crime,0.72
FIR-000106,FIR-000108,series_crime,0.88
FIR-000106,FIR-000110,series_crime,0.87
FIR-000106,FIR-000111,series_crime,0.8
FIR-000108,FIR-000110,series_crime,0.62
FIR-000108,FIR-000111,series_crime,0.77
FIR-000110,FIR-000111,series_crime,0.67
FIR-000111,FIR-000115,series_crime,0.86
FIR-000115,FIR-000118,series_crime,0.67
FIR-000115,FIR-000120,series_crime,0.83
FIR-000118,FIR-000120,series_crime,0.93
FIR-000128,FIR-000130,series_crime,0.69
FIR-000128,FIR-000134,series_crime,0.61
FIR-000130,FIR-000134,series_crime,0.82
FIR-000134,FIR-000138,series_crime,0.82
FIR-000138,FIR-000140,series_crime,0.73
FIR-000152,FIR-000154,series_crime,0.93
FIR-000154,FIR-000157,series_crime,0.78
FIR-000154,FIR-000158,series_crime,0.63
FIR-000157,FIR-000158,series_crime,0.79
FIR-000157,FIR-000160,series_crime,0.72
FIR-000158,FIR-000160,series_crime,0.77
FIR-000166,FIR-000169,series_crime,0.76
FIR-000181,FIR-000187,series_crime,0.61
FIR-000187,FIR-000192,series_crime,0.9
FIR-000187,FIR-000193,series_crime,0.73
FIR-000192,FIR-000193,series_crime,0.75
FIR-000192,FIR-000195,series_crime,0.91
FIR-000193,FIR-000195,series_crime,0.92
FIR-000195,FIR-000202,series_crime,0.95
FIR-000215,FIR-000219,series_crime,0.76
FIR-000234,FIR-000236,series_crime,0.62
FIR-000234,FIR-000235,series_crime,0.88
FIR-000234,FIR-000238,series_crime,0.74
FIR-000236,FIR-000235,series_crime,0.93
FIR-000236,FIR-000238,series_crime,0.7
FIR-000235,FIR-000238,series_crime,0.87
FIR-000122,FIR-000123,series_crime,0.61
FIR-000159,FIR-000164,series_crime,0.61
FIR-000173,FIR-000174,series_crime,0.67
FIR-000173,FIR-000175,series_crime,0.85
FIR-000174,FIR-000175,series_crime,0.72
FIR-000175,FIR-000179,series_crime,0.8
FIR-000191,FIR-000194,series_crime,0.79
FIR-000191,FIR-000196,series_crime,0.9
FIR-000194,FIR-000196,series_crime,0.62
FIR-000194,FIR-000198,series_crime,0.82
FIR-000196,FIR-000198,series_crime,0.94
FIR-000196,FIR-000200,series_crime,0.79
FIR-000198,FIR-000200,series_crime,0.6
FIR-000198,FIR-000201,series_crime,0.76
FIR-000200,FIR-000201,series_crime,0.9
FIR-000208,FIR-000210,series_crime,0.9
FIR-000208,FIR-000212,series_crime,0.73
FIR-000208,FIR-000211,series_crime,0.64
FIR-000210,FIR-000212,series_crime,0.91
FIR-000210,FIR-000211,series_crime,0.81
FIR-000212,FIR-000211,series_crime,0.62
FIR-000218,FIR-000217,series_crime,0.78
FIR-000218,FIR-000220,series_crime,0.69
FIR-000217,FIR-000220,series_crime,0.85
FIR-000124,FIR-000125,series_crime,0.71
FIR-000170,FIR-000176,series_crime,0.62
FIR-000176,FIR-000177,series_crime,0.75
FIR-000176,FIR-000180,series_crime,0.94
FIR-000177,FIR-000180,series_crime,0.63
FIR-000207,FIR-000209,series_crime,0.7
FIR-000223,FIR-000230,series_crime,0.71
FIR-000230,FIR-000233,series_crime,0.87
FIR-000233,FIR-000240,series_crime,0.69
FIR-000240,FIR-000239,series_crime,0.74
FIR-000161,FIR-000168,series_crime,0.81
FIR-000216,FIR-000221,series_crime,0.74
FIR-000127,FIR-000131,series_crime,0.66
FIR-000131,FIR-000137,series_crime,0.87
FIR-000129,FIR-000133,series_crime,0.81
FIR-000133,FIR-000135,series_crime,0.72
FIR-000135,FIR-000142,series_crime,0.8
FIR-000148,FIR-000150,series_crime,0.84
FIR-000150,FIR-000155,series_crime,0.64
FIR-000150,FIR-000156,series_crime,0.89
FIR-000155,FIR-000156,series_crime,0.79
FIR-000165,FIR-000167,series_crime,0.92
FIR-000165,FIR-000172,series_crime,0.67
FIR-000167,FIR-000172,series_crime,0.92
FIR-000197,FIR-000199,series_crime,0.91
FIR-000197,FIR-000204,series_crime,0.83
FIR-000199,FIR-000204,series_crime,0.93
FIR-000204,FIR-000205,series_crime,0.71
FIR-000222,FIR-000224,series_crime,0.72
FIR-000183,FIR-000185,series_crime,0.66
FIR-000185,FIR-000190,series_crime,0.86
FIR-000227,FIR-000229,series_crime,0.9
FIR-000151,FIR-000153,series_crime,0.66
FIR-000241,FIR-000242,series_crime,0.76
FIR-000249,FIR-000252,series_crime,0.95
FIR-000307,FIR-000309,series_crime,0.76
FIR-000319,FIR-000326,series_crime,0.67
FIR-000326,FIR-000327,series_crime,0.79
FIR-000326,FIR-000328,series_crime,0.81
FIR-000327,FIR-000328,series_crime,0.89
FIR-000327,FIR-000332,series_crime,0.74
FIR-000328,FIR-000332,series_crime,0.92
FIR-000332,FIR-000336,series_crime,0.74
FIR-000243,FIR-000244,series_crime,0.62
FIR-000243,FIR-000246,series_crime,0.67
FIR-000244,FIR-000246,series_crime,0.64
FIR-000246,FIR-000250,series_crime,0.89
FIR-000258,FIR-000263,series_crime,0.95
FIR-000263,FIR-000270,series_crime,0.87
FIR-000270,FIR-000271,series_crime,0.82
FIR-000270,FIR-000274,series_crime,0.78
FIR-000271,FIR-000274,series_crime,0.62
FIR-000271,FIR-000278,series_crime,0.93
FIR-000274,FIR-000278,series_crime,0.77
FIR-000278,FIR-000282,series_crime,0.81
FIR-000278,FIR-000281,series_crime,0.76
FIR-000282,FIR-000281,series_crime,0.85
FIR-000282,FIR-000283,series_crime,0.82
FIR-000282,FIR-000285,series_crime,0.8
FIR-000281,FIR-000283,series_crime,0.8
FIR-000281,FIR-000285,series_crime,0.68
FIR-000283,FIR-000285,series_crime,0.8
FIR-000351,FIR-000352,series_crime,0.92
FIR-000351,FIR-000355,series_crime,0.76
FIR-000351,FIR-000356,series_crime,0.77
FIR-000352,FIR-000355,series_crime,0.89
FIR-000352,FIR-000356,series_crime,0.79
FIR-000355,FIR-000356,series_crime,0.62
FIR-000257,FIR-000261,series_crime,0.88
FIR-000261,FIR-000265,series_crime,0.81
FIR-000261,FIR-000266,series_crime,0.6
FIR-000265,FIR-000266,series_crime,0.75
FIR-000294,FIR-000298,series_crime,0.67
FIR-000294,FIR-000297,series_crime,0.72
FIR-000298,FIR-000297,series_crime,0.8
FIR-000315,FIR-000321,series_crime,0.87
FIR-000321,FIR-000325,series_crime,0.74
FIR-000338,FIR-000337,series_crime,0.73
FIR-000267,FIR-000269,series_crime,0.74
FIR-000323,FIR-000330,series_crime,0.72
FIR-000323,FIR-000329,series_crime,0.92
FIR-000330,FIR-000329,series_crime,0.6
FIR-000330,FIR-000334,series_crime,0.78
FIR-000330,FIR-000333,series_crime,0.61
FIR-000329,FIR-000334,series_crime,0.88
FIR-000329,FIR-000333,series_crime,0.66
FIR-000334,FIR-000333,series_crime,0.73
FIR-000340,FIR-000344,series_crime,0.73
FIR-000291,FIR-000296,series_crime,0.65
FIR-000296,FIR-000300,series_crime,0.78
FIR-000346,FIR-000348,series_crime,0.87
FIR-000348,FIR-000354,series_crime,0.81
FIR-000354,FIR-000359,series_crime,0.67
FIR-000253,FIR-000255,series_crime,0.82
FIR-000253,FIR-000256,series_crime,0.69
FIR-000255,FIR-000256,series_crime,0.75
FIR-000279,FIR-000284,series_crime,0.6
FIR-000289,FIR-000295,series_crime,0.91
FIR-000295,FIR-000302,series_crime,0.8
FIR-000302,FIR-000303,series_crime,0.66
FIR-000314,FIR-000313,series_crime,0.69
FIR-000314,FIR-000318,series_crime,0.64
FIR-000313,FIR-000318,series_crime,0.94
FIR-000341,FIR-000343,series_crime,0.87
FIR-000349,FIR-000350,series_crime,0.64
FIR-000260,FIR-000262,series_crime,0.76
FIR-000262,FIR-000268,series_crime,0.65
FIR-000277,FIR-000280,series_crime,0.93
FIR-000287,FIR-000290,series_crime,0.8
FIR-000322,FIR-000324,series_crime,0.75
FIR-000304,FIR-000308,series_crime,0.68
FIR-000362,FIR-000363,series_crime,0.8
FIR-000363,FIR-000368,series_crime,0.61
FIR-000368,FIR-000372,series_crime,0.92
FIR-000372,FIR-000373,series_crime,0.88
FIR-000372,FIR-000374,series_crime,0.67
FIR-000373,FIR-000374,series_crime,0.62
FIR-000381,FIR-000383,series_crime,0.84
FIR-000381,FIR-000388,series_crime,0.66
FIR-000381,FIR-000387,series_crime,0.64
FIR-000383,FIR-000388,series_crime,0.9
FIR-000383,FIR-000387,series_crime,0.94
FIR-000388,FIR-000387,series_crime,0.7
FIR-000393,FIR-000396,series_crime,0.61
FIR-000393,FIR-000398,series_crime,0.78
FIR-000396,FIR-000398,series_crime,0.86
FIR-000396,FIR-000400,series_crime,0.71
FIR-000398,FIR-000400,series_crime,0.66
FIR-000408,FIR-000412,series_crime,0.63
FIR-000408,FIR-000414,series_crime,0.87
FIR-000412,FIR-000414,series_crime,0.94
FIR-000428,FIR-000429,series_crime,0.86
FIR-000445,FIR-000446,series_crime,0.86
FIR-000445,FIR-000448,series_crime,0.85
FIR-000446,FIR-000448,series_crime,0.89
FIR-000465,FIR-000466,series_crime,0.64
FIR-000476,FIR-000478,series_crime,0.72
FIR-000476,FIR-000479,series_crime,0.73
FIR-000478,FIR-000479,series_crime,0.62
FIR-000377,FIR-000379,series_crime,0.89
FIR-000403,FIR-000407,series_crime,0.63
FIR-000407,FIR-000411,series_crime,0.94
FIR-000411,FIR-000416,series_crime,0.85
FIR-000435,FIR-000437,series_crime,0.61
FIR-000467,FIR-000470,series_crime,0.77
FIR-000467,FIR-000473,series_crime,0.79
FIR-000470,FIR-000473,series_crime,0.68
FIR-000365,FIR-000366,series_crime,0.78
FIR-000384,FIR-000386,series_crime,0.75
FIR-000386,FIR-000391,series_crime,0.65
FIR-000391,FIR-000397,series_crime,0.62
FIR-000397,FIR-000402,series_crime,0.65
FIR-000441,FIR-000443,series_crime,0.65
FIR-000441,FIR-000447,series_crime,0.94
FIR-000443,FIR-000447,series_crime,0.91
FIR-000443,FIR-000449,series_crime,0.92
FIR-000447,FIR-000449,series_crime,0.88
FIR-000447,FIR-000451,series_crime,0.74
FIR-000449,FIR-000451,series_crime,0.9
FIR-000449,FIR-000453,series_crime,0.62
FIR-000451,FIR-000453,series_crime,0.83
FIR-000451,FIR-000457,series_crime,0.84
FIR-000453,FIR-000457,series_crime,0.75
FIR-000471,FIR-000475,series_crime,0.77
FIR-000471,FIR-000477,series_crime,0.73
FIR-000475,FIR-000477,series_crime,0.88
FIR-000375,FIR-000378,series_crime,0.71
FIR-000378,FIR-000382,series_crime,0.76
FIR-000390,FIR-000389,series_crime,0.86
FIR-000390,FIR-000392,series_crime,0.78
FIR-000390,FIR-000394,series_crime,0.91
FIR-000389,FIR-000392,series_crime,0.87
FIR-000389,FIR-000394,series_crime,0.76
FIR-000392,FIR-000394,series_crime,0.73
FIR-000418,FIR-000423,series_crime,0.88
FIR-000423,FIR-000426,series_crime,0.75
FIR-000460,FIR-000463,series_crime,0.81
FIR-000415,FIR-000417,series_crime,0.69
FIR-000415,FIR-000419,series_crime,0.72
FIR-000415,FIR-000420,series_crime,0.88
FIR-000417,FIR-000419,series_crime,0.76
FIR-000417,FIR-000420,series_crime,0.85
FIR-000419,FIR-000420,series_crime,0.85
FIR-000452,FIR-000455,series_crime,0.69
FIR-000468,FIR-000474,series_crime,0.84
FIR-000395,FIR-000401,series_crime,0.9
FIR-000401,FIR-000406,series_crime,0.83
FIR-000425,FIR-000430,series_crime,0.64
FIR-000430,FIR-000432,series_crime,0.72
FIR-000430,FIR-000433,series_crime,0.64
FIR-000432,FIR-000433,series_crime,0.91
FIR-000432,FIR-000436,series_crime,0.95
FIR-000433,FIR-000436,series_crime,0.8
FIR-000399,FIR-000404,series_crime,0.88
FIR-000399,FIR-000405,series_crime,0.78
FIR-000404,FIR-000405,series_crime,0.63
FIR-000404,FIR-000409,series_crime,0.68
FIR-000405,FIR-000409,series_crime,0.9
FIR-000461,FIR-000464,series_crime,0.62
FIR-000493,FIR-000494,series_crime,0.82
FIR-000493,FIR-000500,series_crime,0.81
FIR-000494,FIR-000500,series_crime,0.67
FIR-000526,FIR-000530,series_crime,0.87
FIR-000526,FIR-000534,series_crime,0.75
FIR-000530,FIR-000534,series_crime,0.64
FIR-000551,FIR-000552,series_crime,0.94
FIR-000614,FIR-000621,series_crime,0.73
FIR-000614,FIR-000622,series_crime,0.94
FIR-000621,FIR-000622,series_crime,0.63
FIR-000637,FIR-000649,series_crime,0.87
FIR-000649,FIR-000650,series_crime,0.91
FIR-000649,FIR-000660,series_crime,0.89
FIR-000650,FIR-000660,series_crime,0.88
FIR-000699,FIR-000701,series_crime,0.89
FIR-000699,FIR-000707,series_crime,0.94
FIR-000701,FIR-000707,series_crime,0.75
FIR-000707,FIR-000719,series_crime,0.83
FIR-000739,FIR-000740,series_crime,0.76
FIR-000482,FIR-000486,series_crime,0.65
FIR-000482,FIR-000485,series_crime,0.72
FIR-000482,FIR-000489,series_crime,0.84
FIR-000482,FIR-000492,series_crime,0.91
FIR-000486,FIR-000485,series_crime,0.72
FIR-000486,FIR-000489,series_crime,0.69
FIR-000486,FIR-000492,series_crime,0.67
FIR-000486,FIR-000496,series_crime,0.64
FIR-000486,FIR-000499,series_crime,0.83
FIR-000485,FIR-000489,series_crime,0.93
FIR-000485,FIR-000492,series_crime,0.66
FIR-000485,FIR-000496,series_crime,0.89
FIR-000485,FIR-000499,series_crime,0.75
FIR-000489,FIR-000492,series_crime,0.93
FIR-000489,FIR-000496,series_crime,0.87
FIR-000489,FIR-000499,series_crime,0.93
FIR-000492,FIR-000496,series_crime,0.69
FIR-000492,FIR-000499,series_crime,0.83
FIR-000496,FIR-000499,series_crime,0.71
FIR-000512,FIR-000522,series_crime,0.7
FIR-000512,FIR-000525,series_crime,0.66
FIR-000522,FIR-000525,series_crime,0.78
FIR-000522,FIR-000527,series_crime,0.72
FIR-000525,FIR-000527,series_crime,0.94
FIR-000525,FIR-000535,series_crime,0.71
FIR-000527,FIR-000535,series_crime,0.81
FIR-000527,FIR-000539,series_crime,0.63
FIR-000527,FIR-000540,series_crime,0.78
FIR-000535,FIR-000539,series_crime,0.76
FIR-000535,FIR-000540,series_crime,0.77
FIR-000535,FIR-000543,series_crime,0.89
FIR-000539,FIR-000540,series_crime,0.73
FIR-000539,FIR-000543,series_crime,0.84
FIR-000539,FIR-000545,series_crime,0.71
FIR-000540,FIR-000543,series_crime,0.8
FIR-000540,FIR-000545,series_crime,0.89
FIR-000543,FIR-000545,series_crime,0.89
FIR-000543,FIR-000549,series_crime,0.78
FIR-000543,FIR-000556,series_crime,0.79
FIR-000543,FIR-000555,series_crime,0.87
FIR-000545,FIR-000549,series_crime,0.67
FIR-000545,FIR-000556,series_crime,0.62
FIR-000545,FIR-000555,series_crime,0.76
FIR-000545,FIR-000560,series_crime,0.86
FIR-000549,FIR-000556,series_crime,0.79
FIR-000549,FIR-000555,series_crime,0.84
FIR-000549,FIR-000560,series_crime,0.72
FIR-000549,FIR-000562,series_crime,0.7
FIR-000556,FIR-000555,series_crime,0.76
FIR-000556,FIR-000560,series_crime,0.64
FIR-000556,FIR-000562,series_crime,0.65
FIR-000555,FIR-000560,series_crime,0.74
FIR-000555,FIR-000562,series_crime,0.81
FIR-000560,FIR-000562,series_crime,0.66
FIR-000562,FIR-000575,series_crime,0.81
FIR-000562,FIR-000577,series_crime,0.83
FIR-000575,FIR-000577,series_crime,0.65
FIR-000575,FIR-000586,series_crime,0.8
FIR-000577,FIR-000586,series_crime,0.76
FIR-000586,FIR-000592,series_crime,0.63
FIR-000586,FIR-000591,series_crime,0.81
FIR-000592,FIR-000591,series_crime,0.84
FIR-000592,FIR-000603,series_crime,0.71
FIR-000591,FIR-000603,series_crime,0.79
FIR-000591,FIR-000602,series_crime,0.77
FIR-000603,FIR-000602,series_crime,0.84
FIR-000613,FIR-000619,series_crime,0.62
FIR-000642,FIR-000644,series_crime,0.68
FIR-000664,FIR-000663,series_crime,0.61
FIR-000664,FIR-000667,series_crime,0.82
FIR-000664,FIR-000671,series_crime,0.92
FIR-000663,FIR-000667,series_crime,0.65
FIR-000663,FIR-000671,series_crime,0.73
FIR-000663,FIR-000679,series_crime,0.63
FIR-000663,FIR-000678,series_crime,0.64
FIR-000667,FIR-000671,series_crime,0.71
FIR-000667,FIR-000679,series_crime,0.77
FIR-000667,FIR-000678,series_crime,0.79
FIR-000671,FIR-000679,series_crime,0.65
FIR-000671,FIR-000678,series_crime,0.74
FIR-000671,FIR-000684,series_crime,0.65
FIR-000679,FIR-000678,series_crime,0.9
FIR-000679,FIR-000684,series_crime,0.64
FIR-000679,FIR-000686,series_crime,0.6
FIR-000678,FIR-000684,series_crime,0.79
FIR-000678,FIR-000686,series_crime,0.74
FIR-000684,FIR-000686,series_crime,0.89
FIR-000684,FIR-000692,series_crime,0.91
FIR-000684,FIR-000694,series_crime,0.73
FIR-000686,FIR-000692,series_crime,0.75
FIR-000686,FIR-000694,series_crime,0.79
FIR-000686,FIR-000697,series_crime,0.61
FIR-000692,FIR-000694,series_crime,0.66
FIR-000692,FIR-000697,series_crime,0.85
FIR-000692,FIR-000698,series_crime,0.93
FIR-000694,FIR-000697,series_crime,0.63
FIR-000694,FIR-000698,series_crime,0.62
FIR-000694,FIR-000705,series_crime,0.89
FIR-000697,FIR-000698,series_crime,0.69
FIR-000697,FIR-000705,series_crime,0.93
FIR-000697,FIR-000712,series_crime,0.67
FIR-000698,FIR-000705,series_crime,0.7
FIR-000698,FIR-000712,series_crime,0.75
FIR-000698,FIR-000710,series_crime,0.94
FIR-000705,FIR-000712,series_crime,0.66
FIR-000705,FIR-000710,series_crime,0.63
FIR-000712,FIR-000710,series_crime,0.66
FIR-000712,FIR-000718,series_crime,0.81
FIR-000710,FIR-000718,series_crime,0.86
FIR-000718,FIR-000726,series_crime,0.76
FIR-000718,FIR-000727,series_crime,0.82
FIR-000718,FIR-000728,series_crime,0.71
FIR-000726,FIR-000727,series_crime,0.71
FIR-000726,FIR-000728,series_crime,0.77
FIR-000726,FIR-000733,series_crime,0.9
FIR-000726,FIR-000738,series_crime,0.86
FIR-000727,FIR-000728,series_crime,0.83
FIR-000727,FIR-000733,series_crime,0.64
FIR-000727,FIR-000738,series_crime,0.69
FIR-000728,FIR-000733,series_crime,0.92
FIR-000728,FIR-000738,series_crime,0.62
FIR-000733,FIR-000738,series_crime,0.94
FIR-000495,FIR-000502,series_crime,0.63
FIR-000495,FIR-000501,series_crime,0.8
FIR-000502,FIR-000501,series_crime,0.73
FIR-000501,FIR-000517,series_crime,0.92
FIR-000517,FIR-000528,series_crime,0.88
FIR-000528,FIR-000533,series_crime,0.9
FIR-000528,FIR-000536,series_crime,0.91
FIR-000533,FIR-000536,series_crime,0.66
FIR-000533,FIR-000546,series_crime,0.88
FIR-000536,FIR-000546,series_crime,0.66
FIR-000558,FIR-000559,series_crime,0.76
FIR-000558,FIR-000564,series_crime,0.77
FIR-000558,FIR-000561,series_crime,0.66
FIR-000558,FIR-000570,series_crime,0.87
FIR-000559,FIR-000564,series_crime,0.77
FIR-000559,FIR-000561,series_crime,0.93
FIR-000559,FIR-000570,series_crime,0.87
FIR-000559,FIR-000573,series_crime,0.83
FIR-000564,FIR-000561,series_crime,0.68
FIR-000564,FIR-000570,series_crime,0.73
FIR-000564,FIR-000573,series_crime,0.88
FIR-000564,FIR-000571,series_crime,0.85
FIR-000561,FIR-000570,series_crime,0.67
FIR-000561,FIR-000573,series_crime,0.74
FIR-000561,FIR-000571,series_crime,0.86
FIR-000561,FIR-000578,series_crime,0.81
FIR-000570,FIR-000573,series_crime,0.89
FIR-000570,FIR-000571,series_crime,0.7
FIR-000570,FIR-000578,series_crime,0.65
FIR-000573,FIR-000571,series_crime,0.8
FIR-000573,FIR-000578,series_crime,0.75
FIR-000571,FIR-000578,series_crime,0.77
FIR-000571,FIR-000587,series_crime,0.7
FIR-000571,FIR-000585,series_crime,0.67
FIR-000578,FIR-000587,series_crime,0.94
FIR-000578,FIR-000585,series_crime,0.72
FIR-000578,FIR-000589,series_crime,0.64
FIR-000587,FIR-000585,series_crime,0.92
FIR-000587,FIR-000589,series_crime,0.92
FIR-000587,FIR-000596,series_crime,0.93
FIR-000585,FIR-000589,series_crime,0.73
FIR-000585,FIR-000596,series_crime,0.8
FIR-000585,FIR-000598,series_crime,0.93
FIR-000589,FIR-000596,series_crime,0.79
FIR-000589,FIR-000598,series_crime,0.77
FIR-000596,FIR-000598,series_crime,0.95
FIR-000596,FIR-000605,series_crime,0.84
FIR-000596,FIR-000608,series_crime,0.61
FIR-000598,FIR-000605,series_crime,0.62
FIR-000598,FIR-000608,series_crime,0.86
FIR-000605,FIR-000608,series_crime,0.91
FIR-000605,FIR-000611,series_crime,0.63
FIR-000605,FIR-000616,series_crime,0.77
FIR-000605,FIR-000617,series_crime,0.77
FIR-000608,FIR-000611,series_crime,0.73
FIR-000608,FIR-000616,series_crime,0.81
FIR-000608,FIR-000617,series_crime,0.94
FIR-000611,FIR-000616,series_crime,0.89
FIR-000611,FIR-000617,series_crime,0.7
FIR-000611,FIR-000626,series_crime,0.66
FIR-000611,FIR-000627,series_crime,0.93
FIR-000611,FIR-000623,series_crime,0.67
FIR-000616,FIR-000617,series_crime,0.73
FIR-000616,FIR-000626,series_crime,0.93
FIR-000616,FIR-000627,series_crime,0.66
FIR-000616,FIR-000623,series_crime,0.77
FIR-000617,FIR-000626,series_crime,0.92
FIR-000617,FIR-000627,series_crime,0.71
FIR-000617,FIR-000623,series_crime,0.8
FIR-000626,FIR-000627,series_crime,0.83
FIR-000626,FIR-000623,series_crime,0.73
FIR-000627,FIR-000623,series_crime,0.71
FIR-000638,FIR-000643,series_crime,0.94
FIR-000643,FIR-000656,series_crime,0.85
FIR-000656,FIR-000653,series_crime,0.95
FIR-000656,FIR-000661,series_crime,0.76
FIR-000653,FIR-000661,series_crime,0.64
FIR-000653,FIR-000669,series_crime,0.62
FIR-000661,FIR-000669,series_crime,0.75
FIR-000661,FIR-000675,series_crime,0.94
FIR-000669,FIR-000675,series_crime,0.63
FIR-000675,FIR-000680,series_crime,0.79
FIR-000704,FIR-000711,series_crime,0.79
FIR-000711,FIR-000714,series_crime,0.73
FIR-000732,FIR-000736,series_crime,0.8
FIR-000498,FIR-000503,series_crime,0.69
FIR-000498,FIR-000504,series_crime,0.69
FIR-000503,FIR-000504,series_crime,0.82
FIR-000503,FIR-000510,series_crime,0.77
FIR-000504,FIR-000510,series_crime,0.75
FIR-000510,FIR-000518,series_crime,0.84
FIR-000510,FIR-000519,series_crime,0.94
FIR-000518,FIR-000519,series_crime,0.67
FIR-000518,FIR-000524,series_crime,0.93
FIR-000519,FIR-000524,series_crime,0.8
FIR-000538,FIR-000541,series_crime,0.79
FIR-000557,FIR-000568,series_crime,0.8
FIR-000568,FIR-000579,series_crime,0.79
FIR-000568,FIR-000583,series_crime,0.85
FIR-000579,FIR-000583,series_crime,0.72
FIR-000583,FIR-000594,series_crime,0.8
FIR-000609,FIR-000615,series_crime,0.73
FIR-000634,FIR-000640,series_crime,0.79
FIR-000634,FIR-000641,series_crime,0.93
FIR-000640,FIR-000641,series_crime,0.8
FIR-000640,FIR-000645,series_crime,0.83
FIR-000640,FIR-000647,series_crime,0.85
FIR-000641,FIR-000645,series_crime,0.78
FIR-000641,FIR-000647,series_crime,0.7
FIR-000645,FIR-000647,series_crime,0.89
FIR-000662,FIR-000672,series_crime,0.84
FIR-000662,FIR-000677,series_crime,0.91
FIR-000672,FIR-000677,series_crime,0.64
FIR-000672,FIR-000683,series_crime,0.9
FIR-000677,FIR-000683,series_crime,0.78
FIR-000683,FIR-000689,series_crime,0.89
FIR-000683,FIR-000695,series_crime,0.85
FIR-000689,FIR-000695,series_crime,0.74
FIR-000695,FIR-000702,series_crime,0.62
FIR-000702,FIR-000715,series_crime,0.61
FIR-000715,FIR-000717,series_crime,0.64
FIR-000715,FIR-000724,series_crime,0.75
FIR-000715,FIR-000729,series_crime,0.68
FIR-000717,FIR-000724,series_crime,0.88
FIR-000717,FIR-000729,series_crime,0.77
FIR-000724,FIR-000729,series_crime,0.78
FIR-000487,FIR-000491,series_crime,0.61
FIR-000507,FIR-000508,series_crime,0.84
FIR-000507,FIR-000513,series_crime,0.69
FIR-000507,FIR-000511,series_crime,0.9
FIR-000507,FIR-000509,series_crime,0.93
FIR-000507,FIR-000515,series_crime,0.75
FIR-000507,FIR-000523,series_crime,0.62
FIR-000508,FIR-000513,series_crime,0.73
FIR-000508,FIR-000511,series_crime,0.8
FIR-000508,FIR-000509,series_crime,0.65
FIR-000508,FIR-000515,series_crime,0.62
FIR-000508,FIR-000523,series_crime,0.69
FIR-000513,FIR-000511,series_crime,0.62
FIR-000513,FIR-000509,series_crime,0.7
FIR-000513,FIR-000515,series_crime,0.7
FIR-000513,FIR-000523,series_crime,0.78
FIR-000511,FIR-000509,series_crime,0.71
FIR-000511,FIR-000515,series_crime,0.95
FIR-000511,FIR-000523,series_crime,0.61
FIR-000509,FIR-000515,series_crime,0.64
FIR-000509,FIR-000523,series_crime,0.72
FIR-000515,FIR-000523,series_crime,0.66
FIR-000523,FIR-000529,series_crime,0.71
FIR-000523,FIR-000532,series_crime,0.84
FIR-000529,FIR-000532,series_crime,0.6
FIR-000542,FIR-000547,series_crime,0.76
FIR-000542,FIR-000548,series_crime,0.73
FIR-000547,FIR-000548,series_crime,0.7
FIR-000565,FIR-000572,series_crime,0.83
FIR-000565,FIR-000574,series_crime,0.71
FIR-000572,FIR-000574,series_crime,0.79
FIR-000572,FIR-000582,series_crime,0.7
FIR-000572,FIR-000584,series_crime,0.65
FIR-000574,FIR-000582,series_crime,0.77
FIR-000574,FIR-000584,series_crime,0.77
FIR-000582,FIR-000584,series_crime,0.63
FIR-000582,FIR-000590,series_crime,0.88
FIR-000584,FIR-000590,series_crime,0.73
FIR-000620,FIR-000624,series_crime,0.67
FIR-000620,FIR-000630,series_crime,0.91
FIR-000624,FIR-000630,series_crime,0.77
FIR-000624,FIR-000633,series_crime,0.92
FIR-000624,FIR-000639,series_crime,0.83
FIR-000630,FIR-000633,series_crime,0.68
FIR-000630,FIR-000639,series_crime,0.81
FIR-000633,FIR-000639,series_crime,0.81
FIR-000633,FIR-000648,series_crime,0.92
FIR-000639,FIR-000648,series_crime,0.89
FIR-000648,FIR-000659,series_crime,0.78
FIR-000659,FIR-000657,series_crime,0.64
FIR-000682,FIR-000685,series_crime,0.92
FIR-000682,FIR-000691,series_crime,0.83
FIR-000685,FIR-000691,series_crime,0.94
FIR-000706,FIR-000713,series_crime,0.7
FIR-000713,FIR-000720,series_crime,0.83
FIR-000713,FIR-000722,series_crime,0.62
FIR-000720,FIR-000722,series_crime,0.87
FIR-000720,FIR-000731,series_crime,0.69
FIR-000720,FIR-000735,series_crime,0.86
FIR-000722,FIR-000731,series_crime,0.74
FIR-000722,FIR-000735,series_crime,0.79
FIR-000731,FIR-000735,series_crime,0.85
FIR-000488,FIR-000497,series_crime,0.69
FIR-000497,FIR-000506,series_crime,0.66
FIR-000506,FIR-000516,series_crime,0.68
FIR-000506,FIR-000514,series_crime,0.77
FIR-000506,FIR-000520,series_crime,0.61
FIR-000506,FIR-000521,series_crime,0.85
FIR-000516,FIR-000514,series_crime,0.9
FIR-000516,FIR-000520,series_crime,0.71
FIR-000516,FIR-000521,series_crime,0.77
FIR-000514,FIR-000520,series_crime,0.65
FIR-000514,FIR-000521,series_crime,0.7
FIR-000520,FIR-000521,series_crime,0.92
FIR-000554,FIR-000566,series_crime,0.7
FIR-000554,FIR-000569,series_crime,0.77
FIR-000566,FIR-000569,series_crime,0.9
FIR-000612,FIR-000618,series_crime,0.66
FIR-000612,FIR-000625,series_crime,0.75
FIR-000618,FIR-000625,series_crime,0.93
FIR-000618,FIR-000629,series_crime,0.65
FIR-000618,FIR-000628,series_crime,0.9
FIR-000625,FIR-000629,series_crime,0.82
FIR-000625,FIR-000628,series_crime,0.68
FIR-000629,FIR-000628,series_crime,0.86
FIR-000655,FIR-000665,series_crime,0.66
FIR-000655,FIR-000666,series_crime,0.73
FIR-000665,FIR-000666,series_crime,0.87
FIR-000665,FIR-000668,series_crime,0.92
FIR-000665,FIR-000670,series_crime,0.84
FIR-000665,FIR-000674,series_crime,0.66
FIR-000666,FIR-000668,series_crime,0.65
FIR-000666,FIR-000670,series_crime,0.76
FIR-000666,FIR-000674,series_crime,0.73
FIR-000668,FIR-000670,series_crime,0.77
FIR-000668,FIR-000674,series_crime,0.91
FIR-000670,FIR-000674,series_crime,0.95
FIR-000670,FIR-000681,series_crime,0.72
FIR-000670,FIR-000687,series_crime,0.67
FIR-000674,FIR-000681,series_crime,0.84
FIR-000674,FIR-000687,series_crime,0.84
FIR-000681,FIR-000687,series_crime,0.63
FIR-000681,FIR-000688,series_crime,0.76
FIR-000687,FIR-000688,series_crime,0.61
FIR-000700,FIR-000703,series_crime,0.88
FIR-000700,FIR-000709,series_crime,0.78
FIR-000703,FIR-000709,series_crime,0.91
FIR-000709,FIR-000721,series_crime,0.63
FIR-000709,FIR-000725,series_crime,0.88
FIR-000721,FIR-000725,series_crime,0.86
FIR-000721,FIR-000730,series_crime,0.85
FIR-000721,FIR-000734,series_crime,0.8
FIR-000725,FIR-000730,series_crime,0.95
FIR-000725,FIR-000734,series_crime,0.65
FIR-000730,FIR-000734,series_crime,0.86
FIR-000567,FIR-000576,series_crime,0.9
FIR-000576,FIR-000588,series_crime,0.65
FIR-000588,FIR-000595,series_crime,0.64
FIR-000588,FIR-000593,series_crime,0.9
FIR-000595,FIR-000593,series_crime,0.81
FIR-000593,FIR-000607,series_crime,0.94
FIR-000607,FIR-000606,series_crime,0.72
FIR-000631,FIR-000635,series_crime,0.81
FIR-000652,FIR-000658,series_crime,0.73
FIR-000690,FIR-000696,series_crime,0.65
FIR-000690,FIR-000693,series_crime,0.84
FIR-000696,FIR-000693,series_crime,0.68
FIR-000716,FIR-000723,series_crime,0.61
FIR-000723,FIR-000737,series_crime,0.82
FIR-000599,FIR-000600,series_crime,0.81
FIR-000632,FIR-000636,series_crime,0.87
FIR-000636,FIR-000646,series_crime,0.82
FIR-000646,FIR-000651,series_crime,0.61
FIR-000646,FIR-000654,series_crime,0.61
FIR-000651,FIR-000654,series_crime,0.88
FIR-000604,FIR-000610,series_crime,0.66
FIR-000791,FIR-000798,series_crime,0.68
FIR-000750,FIR-000749,series_crime,0.75
FIR-000750,FIR-000753,series_crime,0.79
FIR-000749,FIR-000753,series_crime,0.89
FIR-000769,FIR-000770,series_crime,0.7
FIR-000769,FIR-000775,series_crime,0.72
FIR-000770,FIR-000775,series_crime,0.69
FIR-000775,FIR-000778,series_crime,0.86
FIR-000775,FIR-000777,series_crime,0.71
FIR-000778,FIR-000777,series_crime,0.7
FIR-000788,FIR-000787,series_crime,0.71
FIR-000803,FIR-000810,series_crime,0.87
FIR-000820,FIR-000824,series_crime,0.81
FIR-000824,FIR-000827,series_crime,0.83
FIR-000824,FIR-000828,series_crime,0.92
FIR-000827,FIR-000828,series_crime,0.77
FIR-000827,FIR-000832,series_crime,0.75
FIR-000827,FIR-000834,series_crime,0.67
FIR-000828,FIR-000832,series_crime,0.88
FIR-000828,FIR-000834,series_crime,0.67
FIR-000832,FIR-000834,series_crime,0.88
FIR-000832,FIR-000835,series_crime,0.79
FIR-000834,FIR-000835,series_crime,0.67
FIR-000843,FIR-000847,series_crime,0.84
FIR-000847,FIR-000851,series_crime,0.73
FIR-000743,FIR-000746,series_crime,0.84
FIR-000743,FIR-000748,series_crime,0.82
FIR-000746,FIR-000748,series_crime,0.9
FIR-000814,FIR-000818,series_crime,0.9
FIR-000849,FIR-000854,series_crime,0.77
FIR-000854,FIR-000855,series_crime,0.72
FIR-000773,FIR-000776,series_crime,0.68
FIR-000792,FIR-000796,series_crime,0.81
FIR-000796,FIR-000800,series_crime,0.94
FIR-000807,FIR-000809,series_crime,0.63
FIR-000807,FIR-000813,series_crime,0.9
FIR-000809,FIR-000813,series_crime,0.94
FIR-000821,FIR-000822,series_crime,0.72
FIR-000839,FIR-000846,series_crime,0.64
FIR-000762,FIR-000761,series_crime,0.9
FIR-000762,FIR-000767,series_crime,0.75
FIR-000761,FIR-000767,series_crime,0.72
FIR-000761,FIR-000768,series_crime,0.73
FIR-000767,FIR-000768,series_crime,0.86
FIR-000793,FIR-000797,series_crime,0.73
FIR-000797,FIR-000801,series_crime,0.92
FIR-000797,FIR-000804,series_crime,0.89
FIR-000801,FIR-000804,series_crime,0.61
FIR-000756,FIR-000758,series_crime,0.77
FIR-000756,FIR-000759,series_crime,0.89
FIR-000758,FIR-000759,series_crime,0.77
FIR-000811,FIR-000815,series_crime,0.73
FIR-000850,FIR-000856,series_crime,0.83
FIR-000856,FIR-000858,series_crime,0.83
FIR-000751,FIR-000752,series_crime,0.68
FIR-000751,FIR-000755,series_crime,0.68
FIR-000752,FIR-000755,series_crime,0.92
FIR-000755,FIR-000760,series_crime,0.68
FIR-000760,FIR-000766,series_crime,0.74
FIR-000766,FIR-000765,series_crime,0.87
FIR-000766,FIR-000771,series_crime,0.83
FIR-000765,FIR-000771,series_crime,0.73
FIR-000771,FIR-000774,series_crime,0.61
FIR-000774,FIR-000779,series_crime,0.67
FIR-000779,FIR-000780,series_crime,0.87
FIR-000779,FIR-000781,series_crime,0.71
FIR-000780,FIR-000781,series_crime,0.87
FIR-000780,FIR-000786,series_crime,0.62
FIR-000781,FIR-000786,series_crime,0.86
FIR-000786,FIR-000790,series_crime,0.86
FIR-000790,FIR-000794,series_crime,0.63
FIR-000802,FIR-000805,series_crime,0.91
FIR-000805,FIR-000808,series_crime,0.75
FIR-000816,FIR-000817,series_crime,0.89
FIR-000816,FIR-000819,series_crime,0.65
FIR-000817,FIR-000819,series_crime,0.93
FIR-000833,FIR-000837,series_crime,0.82
FIR-000837,FIR-000840,series_crime,0.64
FIR-000840,FIR-000845,series_crime,0.61
FIR-000845,FIR-000852,series_crime,0.94
FIR-000826,FIR-000830,series_crime,0.76
FIR-000836,FIR-000842,series_crime,0.94
FIR-000836,FIR-000841,series_crime,0.79
FIR-000842,FIR-000841,series_crime,0.66
FIR-000861,FIR-000862,series_crime,0.64
FIR-000861,FIR-000864,series_crime,0.75
FIR-000862,FIR-000864,series_crime,0.94
FIR-000871,FIR-000873,series_crime,0.94
FIR-000879,FIR-000881,series_crime,0.74
FIR-000879,FIR-000884,series_crime,0.74
FIR-000879,FIR-000883,series_crime,0.94
FIR-000881,FIR-000884,series_crime,0.95
FIR-000881,FIR-000883,series_crime,0.84
FIR-000884,FIR-000883,series_crime,0.82
FIR-000892,FIR-000891,series_crime,0.75
FIR-000904,FIR-000906,series_crime,0.6
FIR-000904,FIR-000907,series_crime,0.77
FIR-000906,FIR-000907,series_crime,0.82
FIR-000907,FIR-000911,series_crime,0.94
FIR-000907,FIR-000914,series_crime,0.88
FIR-000911,FIR-000914,series_crime,0.79
FIR-000911,FIR-000915,series_crime,0.79
FIR-000914,FIR-000915,series_crime,0.88
FIR-000914,FIR-000917,series_crime,0.92
FIR-000915,FIR-000917,series_crime,0.86
FIR-000917,FIR-000923,series_crime,0.78
FIR-000931,FIR-000932,series_crime,0.76
FIR-000931,FIR-000935,series_crime,0.93
FIR-000932,FIR-000935,series_crime,0.8
FIR-000941,FIR-000945,series_crime,0.63
FIR-000941,FIR-000947,series_crime,0.66
FIR-000945,FIR-000947,series_crime,0.8
FIR-000947,FIR-000951,series_crime,0.72
FIR-000951,FIR-000953,series_crime,0.87
FIR-000969,FIR-000971,series_crime,0.63
FIR-000971,FIR-000978,series_crime,0.94
FIR-000978,FIR-000979,series_crime,0.65
FIR-000863,FIR-000868,series_crime,0.93
FIR-000876,FIR-000877,series_crime,0.71
FIR-000877,FIR-000882,series_crime,0.83
FIR-000889,FIR-000894,series_crime,0.78
FIR-000894,FIR-000900,series_crime,0.67
FIR-000900,FIR-000901,series_crime,0.6
FIR-000952,FIR-000955,series_crime,0.8
FIR-000952,FIR-000957,series_crime,0.65
FIR-000955,FIR-000957,series_crime,0.76
FIR-000957,FIR-000962,series_crime,0.67
FIR-000962,FIR-000967,series_crime,0.82
FIR-000967,FIR-000968,series_crime,0.74
FIR-000977,FIR-000980,series_crime,0.7
FIR-000865,FIR-000867,series_crime,0.78
FIR-000867,FIR-000874,series_crime,0.74
FIR-000909,FIR-000912,series_crime,0.91
FIR-000912,FIR-000918,series_crime,0.83
FIR-000925,FIR-000929,series_crime,0.62
FIR-000929,FIR-000933,series_crime,0.92
FIR-000933,FIR-000937,series_crime,0.9
FIR-000972,FIR-000976,series_crime,0.85
FIR-000896,FIR-000895,series_crime,0.86
FIR-000905,FIR-000908,series_crime,0.9
FIR-000963,FIR-000965,series_crime,0.89
FIR-000875,FIR-000880,series_crime,0.87
FIR-000920,FIR-000924,series_crime,0.67
FIR-000954,FIR-000956,series_crime,0.68
FIR-000954,FIR-000958,series_crime,0.84
FIR-000954,FIR-000960,series_crime,0.74
FIR-000956,FIR-000958,series_crime,0.89
FIR-000956,FIR-000960,series_crime,0.81
FIR-000958,FIR-000960,series_crime,0.89
FIR-000974,FIR-000973,series_crime,0.83
FIR-000872,FIR-000878,series_crime,0.73
FIR-000885,FIR-000888,series_crime,0.71
FIR-000898,FIR-000897,series_crime,0.84
FIR-000927,FIR-000930,series_crime,0.64
FIR-000940,FIR-000942,series_crime,0.63
FIR-000940,FIR-000943,series_crime,0.63
FIR-000942,FIR-000943,series_crime,0.86
FIR-000943,FIR-000948,series_crime,0.7
FIR-000916,FIR-000919,series_crime,0.85
FIR-000946,FIR-000950,series_crime,0.83
FIR-000936,FIR-000938,series_crime,0.69
FIR-000989,FIR-000991,series_crime,0.74
FIR-000989,FIR-000996,series_crime,0.72
FIR-000991,FIR-000996,series_crime,0.91
FIR-000996,FIR-000998,series_crime,0.67
FIR-000996,FIR-000997,series_crime,0.75
FIR-000996,FIR-000999,series_crime,0.73
FIR-000996,FIR-001001,series_crime,0.93
FIR-000998,FIR-000997,series_crime,0.77
FIR-000998,FIR-000999,series_crime,0.65
FIR-000998,FIR-001001,series_crime,0.8
FIR-000997,FIR-000999,series_crime,0.62
FIR-000997,FIR-001001,series_crime,0.61
FIR-000999,FIR-001001,series_crime,0.7
FIR-001008,FIR-001010,series_crime,0.6
FIR-001008,FIR-001011,series_crime,0.67
FIR-001010,FIR-001011,series_crime,0.75
FIR-001025,FIR-001028,series_crime,0.86
FIR-001088,FIR-001087,series_crime,0.89
FIR-000982,FIR-000983,series_crime,0.78
FIR-000982,FIR-000986,series_crime,0.9
FIR-000982,FIR-000985,series_crime,0.71
FIR-000983,FIR-000986,series_crime,0.93
FIR-000983,FIR-000985,series_crime,0.67
FIR-000986,FIR-000985,series_crime,0.8
FIR-001038,FIR-001042,series_crime,0.67
FIR-001060,FIR-001061,series_crime,0.94
FIR-001060,FIR-001066,series_crime,0.82
FIR-001061,FIR-001066,series_crime,0.69
FIR-001066,FIR-001070,series_crime,0.91
FIR-001070,FIR-001072,series_crime,0.89
FIR-000992,FIR-000994,series_crime,0.94
FIR-000994,FIR-001000,series_crime,0.67
FIR-001000,FIR-001002,series_crime,0.78
FIR-001000,FIR-001003,series_crime,0.83
FIR-001000,FIR-001004,series_crime,0.81
FIR-001002,FIR-001003,series_crime,0.64
FIR-001002,FIR-001004,series_crime,0.66
FIR-001003,FIR-001004,series_crime,0.85
FIR-001020,FIR-001019,series_crime,0.71
FIR-001020,FIR-001022,series_crime,0.91
FIR-001019,FIR-001022,series_crime,0.7
FIR-001022,FIR-001027,series_crime,0.78
FIR-001027,FIR-001030,series_crime,0.89
FIR-001037,FIR-001039,series_crime,0.65
FIR-001037,FIR-001044,series_crime,0.86
FIR-001039,FIR-001044,series_crime,0.64
FIR-001044,FIR-001048,series_crime,0.61
FIR-001048,FIR-001050,series_crime,0.63
FIR-001048,FIR-001052,series_crime,0.83
FIR-001050,FIR-001052,series_crime,0.82
FIR-001059,FIR-001062,series_crime,0.77
FIR-001059,FIR-001063,series_crime,0.86
FIR-001062,FIR-001063,series_crime,0.89
FIR-001063,FIR-001068,series_crime,0.82
FIR-001077,FIR-001083,series_crime,0.93
FIR-001094,FIR-001095,series_crime,0.85
FIR-001094,FIR-001098,series_crime,0.66
FIR-001095,FIR-001098,series_crime,0.64
FIR-001095,FIR-001099,series_crime,0.86
FIR-001095,FIR-001100,series_crime,0.82
FIR-001098,FIR-001099,series_crime,0.61
FIR-001098,FIR-001100,series_crime,0.94
FIR-001099,FIR-001100,series_crime,0.86
FIR-001007,FIR-001013,series_crime,0.6
FIR-001013,FIR-001017,series_crime,0.75
FIR-001056,FIR-001058,series_crime,0.62
FIR-001058,FIR-001064,series_crime,0.86
FIR-001032,FIR-001033,series_crime,0.77
FIR-001076,FIR-001082,series_crime,0.78
FIR-001082,FIR-001084,series_crime,0.8
FIR-001084,FIR-001089,series_crime,0.84
FIR-001089,FIR-001091,series_crime,0.7
FIR-001073,FIR-001075,series_crime,0.84
FIR-001073,FIR-001078,series_crime,0.65
FIR-001073,FIR-001079,series_crime,0.61
FIR-001075,FIR-001078,series_crime,0.75
FIR-001075,FIR-001079,series_crime,0.9
FIR-001078,FIR-001079,series_crime,0.76
FIR-001078,FIR-001081,series_crime,0.84
FIR-001079,FIR-001081,series_crime,0.9
FIR-001079,FIR-001086,series_crime,0.75
FIR-001081,FIR-001086,series_crime,0.89
FIR-001092,FIR-001093,series_crime,0.64
FIR-001009,FIR-001015,series_crime,0.61
FIR-001029,FIR-001031,series_crime,0.81
FIR-001029,FIR-001035,series_crime,0.71
FIR-001031,FIR-001035,series_crime,0.67
FIR-001046,FIR-001049,series_crime,0.81
FIR-001049,FIR-001051,series_crime,0.9
FIR-001065,FIR-001069,series_crime,0.92
FIR-001085,FIR-001090,series_crime,0.82
FIR-001071,FIR-001074,series_crime,0.65
FIR-001118,FIR-001119,series_crime,0.92
FIR-001118,FIR-001120,series_crime,0.73
FIR-001119,FIR-001120,series_crime,0.86
FIR-001133,FIR-001140,series_crime,0.68
FIR-001140,FIR-001141,series_crime,0.77
FIR-001140,FIR-001144,series_crime,0.69
FIR-001141,FIR-001144,series_crime,0.9
FIR-001141,FIR-001145,series_crime,0.87
FIR-001144,FIR-001145,series_crime,0.66
FIR-001157,FIR-001159,series_crime,0.84
FIR-001159,FIR-001163,series_crime,0.6
FIR-001163,FIR-001166,series_crime,0.93
FIR-001166,FIR-001172,series_crime,0.88
FIR-001172,FIR-001175,series_crime,0.67
FIR-001175,FIR-001179,series_crime,0.89
FIR-001189,FIR-001191,series_crime,0.94
FIR-001191,FIR-001196,series_crime,0.76
FIR-001196,FIR-001201,series_crime,0.94
FIR-001201,FIR-001206,series_crime,0.61
FIR-001102,FIR-001104,series_crime,0.83
FIR-001111,FIR-001116,series_crime,0.92
FIR-001147,FIR-001153,series_crime,0.89
FIR-001173,FIR-001177,series_crime,0.92
FIR-001188,FIR-001190,series_crime,0.78
FIR-001190,FIR-001194,series_crime,0.63
FIR-001203,FIR-001209,series_crime,0.93
FIR-001103,FIR-001108,series_crime,0.87
FIR-001129,FIR-001130,series_crime,0.93
FIR-001160,FIR-001164,series_crime,0.94
FIR-001164,FIR-001170,series_crime,0.86
FIR-001178,FIR-001183,series_crime,0.91
FIR-001105,FIR-001107,series_crime,0.67
FIR-001113,FIR-001115,series_crime,0.75
FIR-001115,FIR-001122,series_crime,0.88
FIR-001122,FIR-001128,series_crime,0.63
FIR-001128,FIR-001131,series_crime,0.63
FIR-001138,FIR-001139,series_crime,0.85
FIR-001148,FIR-001150,series_crime,0.77
FIR-001148,FIR-001151,series_crime,0.86
FIR-001148,FIR-001154,series_crime,0.89
FIR-001150,FIR-001151,series_crime,0.73
FIR-001150,FIR-001154,series_crime,0.86
FIR-001150,FIR-001155,series_crime,0.92
FIR-001150,FIR-001156,series_crime,0.67
FIR-001151,FIR-001154,series_crime,0.66
FIR-001151,FIR-001155,series_crime,0.89
FIR-001151,FIR-001156,series_crime,0.83
FIR-001154,FIR-001155,series_crime,0.77
FIR-001154,FIR-001156,series_crime,0.79
FIR-001155,FIR-001156,series_crime,0.79
FIR-001185,FIR-001186,series_crime,0.74
FIR-001195,FIR-001198,series_crime,0.81
FIR-001195,FIR-001197,series_crime,0.76
FIR-001198,FIR-001197,series_crime,0.61
FIR-001165,FIR-001167,series_crime,0.89
FIR-001199,FIR-001200,series_crime,0.88
FIR-001200,FIR-001205,series_crime,0.82
FIR-001218,FIR-001220,series_crime,0.79
FIR-001112,FIR-001114,series_crime,0.6
FIR-001121,FIR-001123,series_crime,0.8
FIR-001169,FIR-001174,series_crime,0.89
FIR-001180,FIR-001184,series_crime,0.79
FIR-001212,FIR-001214,series_crime,0.64
FIR-001212,FIR-001215,series_crime,0.95
FIR-001214,FIR-001215,series_crime,0.67
FIR-001125,FIR-001126,series_crime,0.94
FIR-001125,FIR-001127,series_crime,0.84
FIR-001126,FIR-001127,series_crime,0.9
FIR-001137,FIR-001143,series_crime,0.9
FIR-001158,FIR-001162,series_crime,0.95
FIR-001162,FIR-001168,series_crime,0.79
FIR-001182,FIR-001181,series_crime,0.65
FIR-001202,FIR-001208,series_crime,0.7
FIR-001222,FIR-001228,series_crime,0.9
FIR-001228,FIR-001229,series_crime,0.83
FIR-001239,FIR-001245,series_crime,0.68
FIR-001260,FIR-001259,series_crime,0.7
FIR-001282,FIR-001285,series_crime,0.87
FIR-001282,FIR-001286,series_crime,0.65
FIR-001285,FIR-001286,series_crime,0.71
FIR-001285,FIR-001288,series_crime,0.61
FIR-001286,FIR-001288,series_crime,0.69
FIR-001305,FIR-001308,series_crime,0.7
FIR-001305,FIR-001310,series_crime,0.88
FIR-001308,FIR-001310,series_crime,0.67
FIR-001308,FIR-001311,series_crime,0.6
FIR-001310,FIR-001311,series_crime,0.73
FIR-001310,FIR-001314,series_crime,0.74
FIR-001310,FIR-001315,series_crime,0.72
FIR-001311,FIR-001314,series_crime,0.75
FIR-001311,FIR-001315,series_crime,0.75
FIR-001314,FIR-001315,series_crime,0.85
FIR-001280,FIR-001284,series_crime,0.74
FIR-001319,FIR-001320,series_crime,0.82
FIR-001224,FIR-001225,series_crime,0.65
FIR-001249,FIR-001252,series_crime,0.94
FIR-001264,FIR-001265,series_crime,0.77
FIR-001264,FIR-001266,series_crime,0.68
FIR-001265,FIR-001266,series_crime,0.66
FIR-001273,FIR-001275,series_crime,0.61
FIR-001296,FIR-001297,series_crime,0.71
FIR-001296,FIR-001299,series_crime,0.95
FIR-001297,FIR-001299,series_crime,0.79
FIR-001297,FIR-001301,series_crime,0.78
FIR-001299,FIR-001301,series_crime,0.8
FIR-001330,FIR-001331,series_crime,0.67
FIR-001236,FIR-001240,series_crime,0.94
FIR-001247,FIR-001248,series_crime,0.61
FIR-001247,FIR-001251,series_crime,0.85
FIR-001248,FIR-001251,series_crime,0.75
FIR-001251,FIR-001255,series_crime,0.74
FIR-001251,FIR-001256,series_crime,0.74
FIR-001255,FIR-001256,series_crime,0.93
FIR-001256,FIR-001261,series_crime,0.6
FIR-001261,FIR-001263,series_crime,0.93
FIR-001263,FIR-001268,series_crime,0.89
FIR-001268,FIR-001269,series_crime,0.74
FIR-001268,FIR-001271,series_crime,0.9
FIR-001269,FIR-001271,series_crime,0.79
FIR-001269,FIR-001274,series_crime,0.7
FIR-001271,FIR-001274,series_crime,0.8
FIR-001274,FIR-001278,series_crime,0.64
FIR-001274,FIR-001277,series_crime,0.82
FIR-001278,FIR-001277,series_crime,0.76
FIR-001278,FIR-001281,series_crime,0.91
FIR-001277,FIR-001281,series_crime,0.83
FIR-001289,FIR-001292,series_crime,0.95
FIR-001289,FIR-001293,series_crime,0.85
FIR-001292,FIR-001293,series_crime,0.64
FIR-001293,FIR-001300,series_crime,0.7
FIR-001312,FIR-001313,series_crime,0.93
FIR-001327,FIR-001332,series_crime,0.88
FIR-001332,FIR-001334,series_crime,0.73
FIR-001332,FIR-001333,series_crime,0.82
FIR-001334,FIR-001333,series_crime,0.79
FIR-001334,FIR-001339,series_crime,0.87
FIR-001333,FIR-001339,series_crime,0.81
FIR-001242,FIR-001246,series_crime,0.73
FIR-001232,FIR-001233,series_crime,0.71
FIR-001287,FIR-001290,series_crime,0.75
FIR-001290,FIR-001294,series_crime,0.66
FIR-001324,FIR-001329,series_crime,0.75
FIR-001238,FIR-001237,series_crime,0.81
FIR-001238,FIR-001241,series_crime,0.91
FIR-001237,FIR-001241,series_crime,0.94
FIR-001241,FIR-001243,series_crime,0.66
FIR-001243,FIR-001250,series_crime,0.93
FIR-001250,FIR-001254,series_crime,0.77
FIR-001250,FIR-001253,series_crime,0.93
FIR-001254,FIR-001253,series_crime,0.84
FIR-001254,FIR-001258,series_crime,0.74
FIR-001253,FIR-001258,series_crime,0.94
FIR-001258,FIR-001262,series_crime,0.7
FIR-001270,FIR-001272,series_crime,0.85
FIR-001304,FIR-001303,series_crime,0.66
FIR-001322,FIR-001321,series_crime,0.85
FIR-001322,FIR-001323,series_crime,0.88
FIR-001321,FIR-001323,series_crime,0.76
FIR-001321,FIR-001328,series_crime,0.69
FIR-001323,FIR-001328,series_crime,0.7
FIR-001335,FIR-001338,series_crime,0.76
FIR-001342,FIR-001341,series_crime,0.8
FIR-001358,FIR-001366,series_crime,0.66
FIR-001389,FIR-001398,series_crime,0.62
FIR-001409,FIR-001420,series_crime,0.67
FIR-001409,FIR-001417,series_crime,0.83
FIR-001409,FIR-001422,series_crime,0.78
FIR-001409,FIR-001425,series_crime,0.73
FIR-001420,FIR-001417,series_crime,0.92
FIR-001420,FIR-001422,series_crime,0.66
FIR-001420,FIR-001425,series_crime,0.86
FIR-001420,FIR-001426,series_crime,0.84
FIR-001417,FIR-001422,series_crime,0.63
FIR-001417,FIR-001425,series_crime,0.77
FIR-001417,FIR-001426,series_crime,0.84
FIR-001417,FIR-001431,series_crime,0.66
FIR-001422,FIR-001425,series_crime,0.86
FIR-001422,FIR-001426,series_crime,0.93
FIR-001422,FIR-001431,series_crime,0.75
FIR-001425,FIR-001426,series_crime,0.73
FIR-001425,FIR-001431,series_crime,0.93
FIR-001426,FIR-001431,series_crime,0.71
FIR-001446,FIR-001448,series_crime,0.62
FIR-001446,FIR-001450,series_crime,0.77
FIR-001446,FIR-001457,series_crime,0.62
FIR-001448,FIR-001450,series_crime,0.72
FIR-001448,FIR-001457,series_crime,0.9
FIR-001450,FIR-001457,series_crime,0.77
FIR-001457,FIR-001465,series_crime,0.73
FIR-001457,FIR-001472,series_crime,0.77
FIR-001465,FIR-001472,series_crime,0.8
FIR-001465,FIR-001477,series_crime,0.67
FIR-001472,FIR-001477,series_crime,0.62
FIR-001472,FIR-001480,series_crime,0.9
FIR-001477,FIR-001480,series_crime,0.65
FIR-001477,FIR-001489,series_crime,0.86
FIR-001480,FIR-001489,series_crime,0.67
FIR-001480,FIR-001491,series_crime,0.69
FIR-001489,FIR-001491,series_crime,0.67
FIR-001489,FIR-001499,series_crime,0.92
FIR-001491,FIR-001499,series_crime,0.77
FIR-001510,FIR-001513,series_crime,0.8
FIR-001510,FIR-001520,series_crime,0.61
FIR-001510,FIR-001518,series_crime,0.61
FIR-001513,FIR-001520,series_crime,0.63
FIR-001513,FIR-001518,series_crime,0.92
FIR-001520,FIR-001518,series_crime,0.89
FIR-001520,FIR-001529,series_crime,0.91
FIR-001520,FIR-001533,series_crime,0.66
FIR-001518,FIR-001529,series_crime,0.78
FIR-001518,FIR-001533,series_crime,0.71
FIR-001529,FIR-001533,series_crime,0.9
FIR-001529,FIR-001542,series_crime,0.81
FIR-001533,FIR-001542,series_crime,0.73
FIR-001563,FIR-001565,series_crime,0.6
FIR-001563,FIR-001568,series_crime,0.88
FIR-001563,FIR-001572,series_crime,0.89
FIR-001563,FIR-001569,series_crime,0.77
FIR-001565,FIR-001568,series_crime,0.8
FIR-001565,FIR-001572,series_crime,0.62
FIR-001565,FIR-001569,series_crime,0.67
FIR-001565,FIR-001575,series_crime,0.81
FIR-001565,FIR-001579,series_crime,0.73
FIR-001568,FIR-001572,series_crime,0.7
FIR-001568,FIR-001569,series_crime,0.79
FIR-001568,FIR-001575,series_crime,0.75
FIR-001568,FIR-001579,series_crime,0.76
FIR-001572,FIR-001569,series_crime,0.86
FIR-001572,FIR-001575,series_crime,0.69
FIR-001572,FIR-001579,series_crime,0.94
FIR-001569,FIR-001575,series_crime,0.65
FIR-001569,FIR-001579,series_crime,0.81
FIR-001569,FIR-001585,series_crime,0.84
FIR-001575,FIR-001579,series_crime,0.61
FIR-001575,FIR-001585,series_crime,0.9
FIR-001575,FIR-001587,series_crime,0.87
FIR-001579,FIR-001585,series_crime,0.75
FIR-001579,FIR-001587,series_crime,0.62
FIR-001585,FIR-001587,series_crime,0.72
FIR-001343,FIR-001347,series_crime,0.65
FIR-001362,FIR-001368,series_crime,0.74
FIR-001362,FIR-001371,series_crime,0.9
FIR-001362,FIR-001375,series_crime,0.69
FIR-001368,FIR-001371,series_crime,0.77
FIR-001368,FIR-001375,series_crime,0.67
FIR-001368,FIR-001379,series_crime,0.61
FIR-001371,FIR-001375,series_crime,0.66
FIR-001371,FIR-001379,series_crime,0.83
FIR-001371,FIR-001388,series_crime,0.88
FIR-001371,FIR-001387,series_crime,0.64
FIR-001375,FIR-001379,series_crime,0.65
FIR-001375,FIR-001388,series_crime,0.79
FIR-001375,FIR-001387,series_crime,0.75
FIR-001379,FIR-001388,series_crime,0.88
FIR-001379,FIR-001387,series_crime,0.79
FIR-001388,FIR-001387,series_crime,0.88
FIR-001388,FIR-001399,series_crime,0.87
FIR-001387,FIR-001399,series_crime,0.6
FIR-001399,FIR-001405,series_crime,0.79
FIR-001462,FIR-001467,series_crime,0.69
FIR-001462,FIR-001470,series_crime,0.72
FIR-001467,FIR-001470,series_crime,0.74
FIR-001492,FIR-001497,series_crime,0.81
FIR-001492,FIR-001498,series_crime,0.88
FIR-001497,FIR-001498,series_crime,0.82
FIR-001497,FIR-001509,series_crime,0.74
FIR-001498,FIR-001509,series_crime,0.83
FIR-001523,FIR-001522,series_crime,0.78
FIR-001523,FIR-001527,series_crime,0.83
FIR-001522,FIR-001527,series_crime,0.67
FIR-001548,FIR-001550,series_crime,0.91
FIR-001548,FIR-001551,series_crime,0.89
FIR-001550,FIR-001551,series_crime,0.93
FIR-001550,FIR-001557,series_crime,0.93
FIR-001551,FIR-001557,series_crime,0.94
FIR-001573,FIR-001580,series_crime,0.83
FIR-001344,FIR-001352,series_crime,0.75
FIR-001344,FIR-001350,series_crime,0.94
FIR-001344,FIR-001351,series_crime,0.65
FIR-001352,FIR-001350,series_crime,0.67
FIR-001352,FIR-001351,series_crime,0.94
FIR-001350,FIR-001351,series_crime,0.62
FIR-001361,FIR-001367,series_crime,0.82
FIR-001361,FIR-001372,series_crime,0.61
FIR-001361,FIR-001369,series_crime,0.77
FIR-001361,FIR-001378,series_crime,0.76
FIR-001367,FIR-001372,series_crime,0.76
FIR-001367,FIR-001369,series_crime,0.92
FIR-001367,FIR-001378,series_crime,0.75
FIR-001367,FIR-001383,series_crime,0.79
FIR-001367,FIR-001380,series_crime,0.68
FIR-001367,FIR-001381,series_crime,0.75
FIR-001372,FIR-001369,series_crime,0.81
FIR-001372,FIR-001378,series_crime,0.75
FIR-001372,FIR-001383,series_crime,0.61
FIR-001372,FIR-001380,series_crime,0.85
FIR-001372,FIR-001381,series_crime,0.6
FIR-001369,FIR-001378,series_crime,0.91
FIR-001369,FIR-001383,series_crime,0.83
FIR-001369,FIR-001380,series_crime,0.61
FIR-001369,FIR-001381,series_crime,0.72
FIR-001369,FIR-001384,series_crime,0.81
FIR-001378,FIR-001383,series_crime,0.68
FIR-001378,FIR-001380,series_crime,0.62
FIR-001378,FIR-001381,series_crime,0.8
FIR-001378,FIR-001384,series_crime,0.8
FIR-001378,FIR-001391,series_crime,0.67
FIR-001383,FIR-001380,series_crime,0.7
FIR-001383,FIR-001381,series_crime,0.81
FIR-001383,FIR-001384,series_crime,0.81
FIR-001383,FIR-001391,series_crime,0.83
FIR-001383,FIR-001390,series_crime,0.74
FIR-001380,FIR-001381,series_crime,0.73
FIR-001380,FIR-001384,series_crime,0.62
FIR-001380,FIR-001391,series_crime,0.88
FIR-001380,FIR-001390,series_crime,0.75
FIR-001381,FIR-001384,series_crime,0.84
FIR-001381,FIR-001391,series_crime,0.91
FIR-001381,FIR-001390,series_crime,0.75
FIR-001384,FIR-001391,series_crime,0.66
FIR-001384,FIR-001390,series_crime,0.93
FIR-001384,FIR-001400,series_crime,0.72
FIR-001391,FIR-001390,series_crime,0.72
FIR-001391,FIR-001400,series_crime,0.91
FIR-001390,FIR-001400,series_crime,0.91
FIR-001390,FIR-001401,series_crime,0.64
FIR-001400,FIR-001401,series_crime,0.92
FIR-001437,FIR-001436,series_crime,0.85
FIR-001437,FIR-001445,series_crime,0.95
FIR-001436,FIR-001445,series_crime,0.94
FIR-001436,FIR-001449,series_crime,0.62
FIR-001445,FIR-001449,series_crime,0.82
FIR-001445,FIR-001454,series_crime,0.81
FIR-001449,FIR-001454,series_crime,0.75
FIR-001454,FIR-001468,series_crime,0.61
FIR-001468,FIR-001476,series_crime,0.75
FIR-001468,FIR-001482,series_crime,0.69
FIR-001476,FIR-001482,series_crime,0.8
FIR-001476,FIR-001478,series_crime,0.63
FIR-001476,FIR-001483,series_crime,0.86
FIR-001482,FIR-001478,series_crime,0.91
FIR-001482,FIR-001483,series_crime,0.63
FIR-001478,FIR-001483,series_crime,0.75
FIR-001478,FIR-001496,series_crime,0.68
FIR-001483,FIR-001496,series_crime,0.69
FIR-001496,FIR-001502,series_crime,0.91
FIR-001496,FIR-001505,series_crime,0.67
FIR-001502,FIR-001505,series_crime,0.73
FIR-001519,FIR-001521,series_crime,0.7
FIR-001521,FIR-001532,series_crime,0.88
FIR-001521,FIR-001534,series_crime,0.66
FIR-001532,FIR-001534,series_crime,0.61
FIR-001532,FIR-001535,series_crime,0.83
FIR-001532,FIR-001544,series_crime,0.67
FIR-001532,FIR-001545,series_crime,0.86
FIR-001532,FIR-001546,series_crime,0.74
FIR-001534,FIR-001535,series_crime,0.7
FIR-001534,FIR-001544,series_crime,0.89
FIR-001534,FIR-001545,series_crime,0.87
FIR-001534,FIR-001546,series_crime,0.63
FIR-001535,FIR-001544,series_crime,0.71
FIR-001535,FIR-001545,series_crime,0.94
FIR-001535,FIR-001546,series_crime,0.75
FIR-001535,FIR-001552,series_crime,0.63
FIR-001544,FIR-001545,series_crime,0.71
FIR-001544,FIR-001546,series_crime,0.66
FIR-001544,FIR-001552,series_crime,0.78
FIR-001544,FIR-001555,series_crime,0.79
FIR-001545,FIR-001546,series_crime,0.71
FIR-001545,FIR-001552,series_crime,0.93
FIR-001545,FIR-001555,series_crime,0.64
FIR-001545,FIR-001556,series_crime,0.74
FIR-001546,FIR-001552,series_crime,0.71
FIR-001546,FIR-001555,series_crime,0.86
FIR-001546,FIR-001556,series_crime,0.82
FIR-001552,FIR-001555,series_crime,0.84
FIR-001552,FIR-001556,series_crime,0.81
FIR-001552,FIR-001558,series_crime,0.8
FIR-001552,FIR-001561,series_crime,0.75
FIR-001555,FIR-001556,series_crime,0.84
FIR-001555,FIR-001558,series_crime,0.81
FIR-001555,FIR-001561,series_crime,0.84
FIR-001556,FIR-001558,series_crime,0.75
FIR-001556,FIR-001561,series_crime,0.83
FIR-001558,FIR-001561,series_crime,0.95
FIR-001583,FIR-001590,series_crime,0.94
FIR-001345,FIR-001348,series_crime,0.63
FIR-001345,FIR-001355,series_crime,0.72
FIR-001348,FIR-001355,series_crime,0.9
FIR-001348,FIR-001360,series_crime,0.74
FIR-001355,FIR-001360,series_crime,0.65
FIR-001377,FIR-001382,series_crime,0.82
FIR-001377,FIR-001392,series_crime,0.85
FIR-001382,FIR-001392,series_crime,0.93
FIR-001412,FIR-001410,series_crime,0.69
FIR-001412,FIR-001419,series_crime,0.79
FIR-001412,FIR-001424,series_crime,0.91
FIR-001410,FIR-001419,series_crime,0.75
FIR-001410,FIR-001424,series_crime,0.71
FIR-001419,FIR-001424,series_crime,0.62
FIR-001424,FIR-001432,series_crime,0.74
FIR-001432,FIR-001440,series_crime,0.72
FIR-001432,FIR-001442,series_crime,0.74
FIR-001440,FIR-001442,series_crime,0.72
FIR-001442,FIR-001453,series_crime,0.94
FIR-001453,FIR-001463,series_crime,0.88
FIR-001463,FIR-001466,series_crime,0.87
FIR-001463,FIR-001469,series_crime,0.83
FIR-001463,FIR-001471,series_crime,0.66
FIR-001466,FIR-001469,series_crime,0.64
FIR-001466,FIR-001471,series_crime,0.8
FIR-001466,FIR-001475,series_crime,0.76
FIR-001466,FIR-001481,series_crime,0.76
FIR-001466,FIR-001479,series_crime,0.87
FIR-001469,FIR-001471,series_crime,0.84
FIR-001469,FIR-001475,series_crime,0.71
FIR-001469,FIR-001481,series_crime,0.83
FIR-001469,FIR-001479,series_crime,0.6
FIR-001471,FIR-001475,series_crime,0.71
FIR-001471,FIR-001481,series_crime,0.79
FIR-001471,FIR-001479,series_crime,0.83
FIR-001475,FIR-001481,series_crime,0.63
FIR-001475,FIR-001479,series_crime,0.72
FIR-001481,FIR-001479,series_crime,0.62
FIR-001493,FIR-001503,series_crime,0.71
FIR-001493,FIR-001501,series_crime,0.74
FIR-001493,FIR-001508,series_crime,0.72
FIR-001493,FIR-001507,series_crime,0.95
FIR-001503,FIR-001501,series_crime,0.72
FIR-001503,FIR-001508,series_crime,0.65
FIR-001503,FIR-001507,series_crime,0.73
FIR-001503,FIR-001512,series_crime,0.75
FIR-001503,FIR-001514,series_crime,0.88
FIR-001501,FIR-001508,series_crime,0.65
FIR-001501,FIR-001507,series_crime,0.85
FIR-001501,FIR-001512,series_crime,0.61
FIR-001501,FIR-001514,series_crime,0.73
FIR-001508,FIR-001507,series_crime,0.64
FIR-001508,FIR-001512,series_crime,0.88
FIR-001508,FIR-001514,series_crime,0.9
FIR-001507,FIR-001512,series_crime,0.66
FIR-001507,FIR-001514,series_crime,0.65
FIR-001512,FIR-001514,series_crime,0.78
FIR-001525,FIR-001530,series_crime,0.94
FIR-001525,FIR-001537,series_crime,0.7
FIR-001525,FIR-001538,series_crime,0.7
FIR-001525,FIR-001540,series_crime,0.81
FIR-001530,FIR-001537,series_crime,0.78
FIR-001530,FIR-001538,series_crime,0.91
FIR-001530,FIR-001540,series_crime,0.67
FIR-001537,FIR-001538,series_crime,0.94
FIR-001537,FIR-001540,series_crime,0.63
FIR-001538,FIR-001540,series_crime,0.7
FIR-001571,FIR-001574,series_crime,0.87
FIR-001574,FIR-001586,series_crime,0.61
FIR-001574,FIR-001589,series_crime,0.7
FIR-001586,FIR-001589,series_crime,0.86
FIR-001586,FIR-001599,series_crime,0.68
FIR-001586,FIR-001598,series_crime,0.72
FIR-001589,FIR-001599,series_crime,0.79
FIR-001589,FIR-001598,series_crime,0.61
FIR-001599,FIR-001598,series_crime,0.61
FIR-001346,FIR-001349,series_crime,0.82
FIR-001349,FIR-001359,series_crime,0.65
FIR-001349,FIR-001364,series_crime,0.88
FIR-001359,FIR-001364,series_crime,0.93
FIR-001359,FIR-001365,series_crime,0.65
FIR-001364,FIR-001365,series_crime,0.63
FIR-001393,FIR-001397,series_crime,0.64
FIR-001393,FIR-001404,series_crime,0.64
FIR-001397,FIR-001404,series_crime,0.65
FIR-001404,FIR-001416,series_crime,0.94
FIR-001416,FIR-001414,series_crime,0.81
FIR-001414,FIR-001430,series_crime,0.94
FIR-001430,FIR-001438,series_crime,0.72
FIR-001430,FIR-001439,series_crime,0.78
FIR-001430,FIR-001443,series_crime,0.86
FIR-001438,FIR-001439,series_crime,0.7
FIR-001438,FIR-001443,series_crime,0.8
FIR-001439,FIR-001443,series_crime,0.67
FIR-001549,FIR-001560,series_crime,0.74
FIR-001353,FIR-001357,series_crime,0.82
FIR-001357,FIR-001373,series_crime,0.92
FIR-001413,FIR-001415,series_crime,0.73
FIR-001413,FIR-001428,series_crime,0.9
FIR-001415,FIR-001428,series_crime,0.84
FIR-001452,FIR-001459,series_crime,0.63
FIR-001485,FIR-001494,series_crime,0.68
FIR-001524,FIR-001526,series_crime,0.84
FIR-001524,FIR-001528,series_crime,0.8
FIR-001526,FIR-001528,series_crime,0.75
FIR-001528,FIR-001543,series_crime,0.76
FIR-001543,FIR-001553,series_crime,0.62
FIR-001354,FIR-001356,series_crime,0.78
FIR-001376,FIR-001374,series_crime,0.82
FIR-001376,FIR-001385,series_crime,0.93
FIR-001376,FIR-001386,series_crime,0.93
FIR-001374,FIR-001385,series_crime,0.64
FIR-001374,FIR-001386,series_crime,0.81
FIR-001385,FIR-001386,series_crime,0.68
FIR-001385,FIR-001394,series_crime,0.93
FIR-001385,FIR-001395,series_crime,0.66
FIR-001386,FIR-001394,series_crime,0.66
FIR-001386,FIR-001395,series_crime,0.82
FIR-001394,FIR-001395,series_crime,0.64
FIR-001394,FIR-001403,series_crime,0.62
FIR-001394,FIR-001407,series_crime,0.93
FIR-001394,FIR-001406,series_crime,0.9
FIR-001394,FIR-001408,series_crime,0.63
FIR-001395,FIR-001403,series_crime,0.73
FIR-001395,FIR-001407,series_crime,0.94
FIR-001395,FIR-001406,series_crime,0.77
FIR-001395,FIR-001408,series_crime,0.91
FIR-001403,FIR-001407,series_crime,0.84
FIR-001403,FIR-001406,series_crime,0.82
FIR-001403,FIR-001408,series_crime,0.9
FIR-001403,FIR-001411,series_crime,0.6
FIR-001407,FIR-001406,series_crime,0.9
FIR-001407,FIR-001408,series_crime,0.86
FIR-001407,FIR-001411,series_crime,0.84
FIR-001406,FIR-001408,series_crime,0.87
FIR-001406,FIR-001411,series_crime,0.83
FIR-001408,FIR-001411,series_crime,0.93
FIR-001423,FIR-001429,series_crime,0.95
FIR-001423,FIR-001427,series_crime,0.63
FIR-001423,FIR-001434,series_crime,0.9
FIR-001423,FIR-001435,series_crime,0.93
FIR-001429,FIR-001427,series_crime,0.61
FIR-001429,FIR-001434,series_crime,0.83
FIR-001429,FIR-001435,series_crime,0.71
FIR-001427,FIR-001434,series_crime,0.68
FIR-001427,FIR-001435,series_crime,0.72
FIR-001427,FIR-001441,series_crime,0.88
FIR-001427,FIR-001444,series_crime,0.69
FIR-001434,FIR-001435,series_crime,0.85
FIR-001434,FIR-001441,series_crime,0.92
FIR-001434,FIR-001444,series_crime,0.7
FIR-001435,FIR-001441,series_crime,0.89
FIR-001435,FIR-001444,series_crime,0.63
FIR-001441,FIR-001444,series_crime,0.65
FIR-001441,FIR-001451,series_crime,0.81
FIR-001441,FIR-001456,series_crime,0.87
FIR-001444,FIR-001451,series_crime,0.67
FIR-001444,FIR-001456,series_crime,0.76
FIR-001451,FIR-001456,series_crime,0.78
FIR-001451,FIR-001458,series_crime,0.78
FIR-001451,FIR-001464,series_crime,0.67
FIR-001456,FIR-001458,series_crime,0.6
FIR-001456,FIR-001464,series_crime,0.7
FIR-001456,FIR-001461,series_crime,0.91
FIR-001458,FIR-001464,series_crime,0.69
FIR-001458,FIR-001461,series_crime,0.95
FIR-001464,FIR-001461,series_crime,0.76
FIR-001461,FIR-001473,series_crime,0.89
FIR-001461,FIR-001474,series_crime,0.66
FIR-001473,FIR-001474,series_crime,0.68
FIR-001473,FIR-001486,series_crime,0.91
FIR-001473,FIR-001487,series_crime,0.8
FIR-001473,FIR-001484,series_crime,0.62
FIR-001474,FIR-001486,series_crime,0.86
FIR-001474,FIR-001487,series_crime,0.79
FIR-001474,FIR-001484,series_crime,0.91
FIR-001486,FIR-001487,series_crime,0.62
FIR-001486,FIR-001484,series_crime,0.87
FIR-001486,FIR-001488,series_crime,0.82
FIR-001486,FIR-001495,series_crime,0.81
FIR-001487,FIR-001484,series_crime,0.82
FIR-001487,FIR-001488,series_crime,0.67
FIR-001487,FIR-001495,series_crime,0.86
FIR-001484,FIR-001488,series_crime,0.65
FIR-001484,FIR-001495,series_crime,0.7
FIR-001488,FIR-001495,series_crime,0.63
FIR-001488,FIR-001504,series_crime,0.73
FIR-001495,FIR-001504,series_crime,0.89
FIR-001504,FIR-001506,series_crime,0.93
FIR-001504,FIR-001511,series_crime,0.63
FIR-001506,FIR-001511,series_crime,0.75
FIR-001506,FIR-001515,series_crime,0.88
FIR-001511,FIR-001515,series_crime,0.93
FIR-001511,FIR-001517,series_crime,0.76
FIR-001515,FIR-001517,series_crime,0.94
FIR-001536,FIR-001539,series_crime,0.92
FIR-001536,FIR-001547,series_crime,0.64
FIR-001539,FIR-001547,series_crime,0.8
FIR-001547,FIR-001554,series_crime,0.91
FIR-001554,FIR-001562,series_crime,0.82
FIR-001554,FIR-001564,series_crime,0.82
FIR-001562,FIR-001564,series_crime,0.61
FIR-001562,FIR-001566,series_crime,0.77
FIR-001562,FIR-001570,series_crime,0.63
FIR-001564,FIR-001566,series_crime,0.93
FIR-001564,FIR-001570,series_crime,0.79
FIR-001566,FIR-001570,series_crime,0.95
FIR-001566,FIR-001578,series_crime,0.75
FIR-001570,FIR-001578,series_crime,0.92
FIR-001570,FIR-001581,series_crime,0.72
FIR-001578,FIR-001581,series_crime,0.62
FIR-001578,FIR-001582,series_crime,0.72
FIR-001578,FIR-001584,series_crime,0.73
FIR-001578,FIR-001591,series_crime,0.73
FIR-001578,FIR-001588,series_crime,0.7
FIR-001578,FIR-001596,series_crime,0.91
FIR-001581,FIR-001582,series_crime,0.61
FIR-001581,FIR-001584,series_crime,0.88
FIR-001581,FIR-001591,series_crime,0.75
FIR-001581,FIR-001588,series_crime,0.91
FIR-001581,FIR-001596,series_crime,0.63
FIR-001581,FIR-001593,series_crime,0.62
FIR-001582,FIR-001584,series_crime,0.65
FIR-001582,FIR-001591,series_crime,0.76
FIR-001582,FIR-001588,series_crime,0.71
FIR-001582,FIR-001596,series_crime,0.84
FIR-001582,FIR-001593,series_crime,0.9
FIR-001582,FIR-001592,series_crime,0.93
FIR-001582,FIR-001594,series_crime,0.69
FIR-001584,FIR-001591,series_crime,0.67
FIR-001584,FIR-001588,series_crime,0.63
FIR-001584,FIR-001596,series_crime,0.82
FIR-001584,FIR-001593,series_crime,0.83
FIR-001584,FIR-001592,series_crime,0.63
FIR-001584,FIR-001594,series_crime,0.63
FIR-001591,FIR-001588,series_crime,0.74
FIR-001591,FIR-001596,series_crime,0.78
FIR-001591,FIR-001593,series_crime,0.91
FIR-001591,FIR-001592,series_crime,0.87
FIR-001591,FIR-001594,series_crime,0.92
FIR-001588,FIR-001596,series_crime,0.83
FIR-001588,FIR-001593,series_crime,0.64
FIR-001588,FIR-001592,series_crime,0.73
FIR-001588,FIR-001594,series_crime,0.66
FIR-001596,FIR-001593,series_crime,0.93
FIR-001596,FIR-001592,series_crime,0.62
FIR-001596,FIR-001594,series_crime,0.61
FIR-001593,FIR-001592,series_crime,0.7
FIR-001593,FIR-001594,series_crime,0.93
FIR-001592,FIR-001594,series_crime,0.81
FIR-001363,FIR-001370,series_crime,0.65
FIR-001490,FIR-001500,series_crime,0.8
FIR-001447,FIR-001460,series_crime,0.74
FIR-001602,FIR-001601,series_crime,0.9
FIR-001602,FIR-001604,series_crime,0.82
FIR-001602,FIR-001606,series_crime,0.74
FIR-001601,FIR-001604,series_crime,0.64
FIR-001601,FIR-001606,series_crime,0.89
FIR-001604,FIR-001606,series_crime,0.87
FIR-001628,FIR-001633,series_crime,0.64
FIR-001633,FIR-001637,series_crime,0.73
FIR-001633,FIR-001638,series_crime,0.61
FIR-001637,FIR-001638,series_crime,0.62
FIR-001660,FIR-001662,series_crime,0.89
FIR-001660,FIR-001663,series_crime,0.9
FIR-001662,FIR-001663,series_crime,0.65
FIR-001693,FIR-001696,series_crime,0.93
FIR-001705,FIR-001707,series_crime,0.88
FIR-001715,FIR-001717,series_crime,0.68
FIR-001605,FIR-001609,series_crime,0.79
FIR-001605,FIR-001610,series_crime,0.84
FIR-001609,FIR-001610,series_crime,0.74
FIR-001627,FIR-001629,series_crime,0.73
FIR-001648,FIR-001652,series_crime,0.91
FIR-001648,FIR-001654,series_crime,0.77
FIR-001652,FIR-001654,series_crime,0.64
FIR-001674,FIR-001673,series_crime,0.72
FIR-001681,FIR-001684,series_crime,0.93
FIR-001684,FIR-001689,series_crime,0.77
FIR-001700,FIR-001699,series_crime,0.8
FIR-001700,FIR-001703,series_crime,0.67
FIR-001699,FIR-001703,series_crime,0.62
FIR-001703,FIR-001710,series_crime,0.68
FIR-001710,FIR-001711,series_crime,0.75
FIR-001711,FIR-001716,series_crime,0.71
FIR-001711,FIR-001718,series_crime,0.76
FIR-001716,FIR-001718,series_crime,0.94
FIR-001607,FIR-001608,series_crime,0.94
FIR-001607,FIR-001611,series_crime,0.92
FIR-001607,FIR-001612,series_crime,0.83
FIR-001607,FIR-001613,series_crime,0.82
FIR-001608,FIR-001611,series_crime,0.85
FIR-001608,FIR-001612,series_crime,0.83
FIR-001608,FIR-001613,series_crime,0.83
FIR-001611,FIR-001612,series_crime,0.65
FIR-001611,FIR-001613,series_crime,0.77
FIR-001612,FIR-001613,series_crime,0.72
FIR-001612,FIR-001618,series_crime,0.81
FIR-001613,FIR-001618,series_crime,0.85
FIR-001613,FIR-001620,series_crime,0.74
FIR-001618,FIR-001620,series_crime,0.67
FIR-001618,FIR-001621,series_crime,0.81
FIR-001620,FIR-001621,series_crime,0.68
FIR-001621,FIR-001624,series_crime,0.65
FIR-001640,FIR-001642,series_crime,0.64
FIR-001649,FIR-001653,series_crime,0.73
FIR-001685,FIR-001691,series_crime,0.83
FIR-001617,FIR-001623,series_crime,0.62
FIR-001687,FIR-001690,series_crime,0.81
FIR-001632,FIR-001634,series_crime,0.94
FIR-001632,FIR-001635,series_crime,0.64
FIR-001634,FIR-001635,series_crime,0.82
FIR-001635,FIR-001639,series_crime,0.81
FIR-001639,FIR-001641,series_crime,0.66
FIR-001639,FIR-001645,series_crime,0.85
FIR-001639,FIR-001646,series_crime,0.7
FIR-001641,FIR-001645,series_crime,0.92
FIR-001641,FIR-001646,series_crime,0.75
FIR-001645,FIR-001646,series_crime,0.68
FIR-001666,FIR-001665,series_crime,0.63
FIR-001666,FIR-001667,series_crime,0.6
FIR-001665,FIR-001667,series_crime,0.91
FIR-001678,FIR-001682,series_crime,0.92
FIR-001678,FIR-001683,series_crime,0.61
FIR-001682,FIR-001683,series_crime,0.76
FIR-001682,FIR-001688,series_crime,0.84
FIR-001683,FIR-001688,series_crime,0.62
FIR-001694,FIR-001695,series_crime,0.81
FIR-001701,FIR-001706,series_crime,0.66
FIR-001706,FIR-001709,series_crime,0.93
FIR-001709,FIR-001713,series_crime,0.69
FIR-001713,FIR-001720,series_crime,0.72
FIR-001720,FIR-001719,series_crime,0.84
FIR-001643,FIR-001647,series_crime,0.68
FIR-001656,FIR-001657,series_crime,0.77
FIR-001656,FIR-001661,series_crime,0.73
FIR-001657,FIR-001661,series_crime,0.92
FIR-001657,FIR-001664,series_crime,0.73
FIR-001661,FIR-001664,series_crime,0.78
FIR-001686,FIR-001692,series_crime,0.71
FIR-001692,FIR-001698,series_crime,0.69
FIR-001747,FIR-001759,series_crime,0.85
FIR-001759,FIR-001772,series_crime,0.9
FIR-001834,FIR-001835,series_crime,0.79
FIR-001834,FIR-001838,series_crime,0.64
FIR-001835,FIR-001838,series_crime,0.75
FIR-001855,FIR-001860,series_crime,0.66
FIR-001904,FIR-001914,series_crime,0.67
FIR-001914,FIR-001918,series_crime,0.89
FIR-001939,FIR-001937,series_crime,0.84
FIR-001958,FIR-001964,series_crime,0.6
FIR-001964,FIR-001980,series_crime,0.9
FIR-001722,FIR-001723,series_crime,0.68
FIR-001722,FIR-001725,series_crime,0.67
FIR-001722,FIR-001736,series_crime,0.87
FIR-001722,FIR-001734,series_crime,0.84
FIR-001723,FIR-001725,series_crime,0.89
FIR-001723,FIR-001736,series_crime,0.77
FIR-001723,FIR-001734,series_crime,0.86
FIR-001725,FIR-001736,series_crime,0.61
FIR-001725,FIR-001734,series_crime,0.62
FIR-001725,FIR-001739,series_crime,0.62
FIR-001725,FIR-001740,series_crime,0.79
FIR-001736,FIR-001734,series_crime,0.94
FIR-001736,FIR-001739,series_crime,0.6
FIR-001736,FIR-001740,series_crime,0.86
FIR-001736,FIR-001738,series_crime,0.76
FIR-001734,FIR-001739,series_crime,0.91
FIR-001734,FIR-001740,series_crime,0.79
FIR-001734,FIR-001738,series_crime,0.67
FIR-001739,FIR-001740,series_crime,0.75
FIR-001739,FIR-001738,series_crime,0.66
FIR-001739,FIR-001751,series_crime,0.62
FIR-001740,FIR-001738,series_crime,0.84
FIR-001740,FIR-001751,series_crime,0.85
FIR-001738,FIR-001751,series_crime,0.74
FIR-001751,FIR-001755,series_crime,0.92
FIR-001751,FIR-001762,series_crime,0.89
FIR-001755,FIR-001762,series_crime,0.94
FIR-001755,FIR-001765,series_crime,0.76
FIR-001755,FIR-001769,series_crime,0.91
FIR-001762,FIR-001765,series_crime,0.62
FIR-001762,FIR-001769,series_crime,0.91
FIR-001762,FIR-001775,series_crime,0.93
FIR-001765,FIR-001769,series_crime,0.95
FIR-001765,FIR-001775,series_crime,0.9
FIR-001769,FIR-001775,series_crime,0.93
FIR-001769,FIR-001779,series_crime,0.81
FIR-001769,FIR-001781,series_crime,0.76
FIR-001775,FIR-001779,series_crime,0.9
FIR-001775,FIR-001781,series_crime,0.66
FIR-001779,FIR-001781,series_crime,0.71
FIR-001779,FIR-001788,series_crime,0.93
FIR-001779,FIR-001791,series_crime,0.7
FIR-001781,FIR-001788,series_crime,0.81
FIR-001781,FIR-001791,series_crime,0.62
FIR-001788,FIR-001791,series_crime,0.95
FIR-001788,FIR-001798,series_crime,0.72
FIR-001788,FIR-001800,series_crime,0.82
FIR-001791,FIR-001798,series_crime,0.84
FIR-001791,FIR-001800,series_crime,0.72
FIR-001798,FIR-001800,series_crime,0.87
FIR-001798,FIR-001805,series_crime,0.89
FIR-001800,FIR-001805,series_crime,0.8
FIR-001805,FIR-001814,series_crime,0.7
FIR-001805,FIR-001813,series_crime,0.69
FIR-001805,FIR-001818,series_crime,0.62
FIR-001814,FIR-001813,series_crime,0.92
FIR-001814,FIR-001818,series_crime,0.91
FIR-001814,FIR-001822,series_crime,0.79
FIR-001813,FIR-001818,series_crime,0.74
FIR-001813,FIR-001822,series_crime,0.93
FIR-001818,FIR-001822,series_crime,0.78
FIR-001837,FIR-001842,series_crime,0.9
FIR-001837,FIR-001846,series_crime,0.92
FIR-001842,FIR-001846,series_crime,0.89
FIR-001842,FIR-001856,series_crime,0.76
FIR-001846,FIR-001856,series_crime,0.66
FIR-001846,FIR-001853,series_crime,0.69
FIR-001846,FIR-001862,series_crime,0.9
FIR-001846,FIR-001858,series_crime,0.66
FIR-001856,FIR-001853,series_crime,0.79
FIR-001856,FIR-001862,series_crime,0.89
FIR-001856,FIR-001858,series_crime,0.85
FIR-001853,FIR-001862,series_crime,0.88
FIR-001853,FIR-001858,series_crime,0.7
FIR-001862,FIR-001858,series_crime,0.88
FIR-001862,FIR-001873,series_crime,0.65
FIR-001858,FIR-001873,series_crime,0.61
FIR-001858,FIR-001875,series_crime,0.78
FIR-001873,FIR-001875,series_crime,0.8
FIR-001873,FIR-001880,series_crime,0.93
FIR-001873,FIR-001877,series_crime,0.63
FIR-001873,FIR-001884,series_crime,0.66
FIR-001873,FIR-001882,series_crime,0.94
FIR-001875,FIR-001880,series_crime,0.8
FIR-001875,FIR-001877,series_crime,0.67
FIR-001875,FIR-001884,series_crime,0.75
FIR-001875,FIR-001882,series_crime,0.94
FIR-001880,FIR-001877,series_crime,0.95
FIR-001880,FIR-001884,series_crime,0.94
FIR-001880,FIR-001882,series_crime,0.64
FIR-001877,FIR-001884,series_crime,0.65
FIR-001877,FIR-001882,series_crime,0.91
FIR-001877,FIR-001891,series_crime,0.69
FIR-001884,FIR-001882,series_crime,0.7
FIR-001884,FIR-001891,series_crime,0.71
FIR-001884,FIR-001895,series_crime,0.65
FIR-001882,FIR-001891,series_crime,0.84
FIR-001882,FIR-001895,series_crime,0.62
FIR-001891,FIR-001895,series_crime,0.91
FIR-001891,FIR-001900,series_crime,0.71
FIR-001891,FIR-001902,series_crime,0.64
FIR-001895,FIR-001900,series_crime,0.89
FIR-001895,FIR-001902,series_crime,0.89
FIR-001900,FIR-001902,series_crime,0.69
FIR-001900,FIR-001908,series_crime,0.82
FIR-001902,FIR-001908,series_crime,0.63
FIR-001902,FIR-001910,series_crime,0.66
FIR-001902,FIR-001911,series_crime,0.78
FIR-001908,FIR-001910,series_crime,0.65
FIR-001908,FIR-001911,series_crime,0.8
FIR-001908,FIR-001919,series_crime,0.89
FIR-001908,FIR-001923,series_crime,0.64
FIR-001910,FIR-001911,series_crime,0.81
FIR-001910,FIR-001919,series_crime,0.75
FIR-001910,FIR-001923,series_crime,0.85
FIR-001911,FIR-001919,series_crime,0.85
FIR-001911,FIR-001923,series_crime,0.61
FIR-001919,FIR-001923,series_crime,0.88
FIR-001919,FIR-001928,series_crime,0.91
FIR-001919,FIR-001931,series_crime,0.82
FIR-001923,FIR-001928,series_crime,0.63
FIR-001923,FIR-001931,series_crime,0.74
FIR-001928,FIR-001931,series_crime,0.9
FIR-001928,FIR-001940,series_crime,0.68
FIR-001931,FIR-001940,series_crime,0.7
FIR-001940,FIR-001943,series_crime,0.76
FIR-001940,FIR-001946,series_crime,0.8
FIR-001940,FIR-001948,series_crime,0.76
FIR-001943,FIR-001946,series_crime,0.74
FIR-001943,FIR-001948,series_crime,0.81
FIR-001943,FIR-001952,series_crime,0.77
FIR-001946,FIR-001948,series_crime,0.86
FIR-001946,FIR-001952,series_crime,0.74
FIR-001946,FIR-001954,series_crime,0.81
FIR-001946,FIR-001953,series_crime,0.92
FIR-001946,FIR-001957,series_crime,0.84
FIR-001948,FIR-001952,series_crime,0.76
FIR-001948,FIR-001954,series_crime,0.64
FIR-001948,FIR-001953,series_crime,0.87
FIR-001948,FIR-001957,series_crime,0.91
FIR-001948,FIR-001959,series_crime,0.9
FIR-001952,FIR-001954,series_crime,0.66
FIR-001952,FIR-001953,series_crime,0.83
FIR-001952,FIR-001957,series_crime,0.85
FIR-001952,FIR-001959,series_crime,0.93
FIR-001952,FIR-001961,series_crime,0.77
FIR-001952,FIR-001963,series_crime,0.87
FIR-001954,FIR-001953,series_crime,0.85
FIR-001954,FIR-001957,series_crime,0.62
FIR-001954,FIR-001959,series_crime,0.86
FIR-001954,FIR-001961,series_crime,0.83
FIR-001954,FIR-001963,series_crime,0.93
FIR-001954,FIR-001966,series_crime,0.74
FIR-001954,FIR-001965,series_crime,0.66
FIR-001953,FIR-001957,series_crime,0.77
FIR-001953,FIR-001959,series_crime,0.69
FIR-001953,FIR-001961,series_crime,0.73
FIR-001953,FIR-001963,series_crime,0.75
FIR-001953,FIR-001966,series_crime,0.74
FIR-001953,FIR-001965,series_crime,0.84
FIR-001957,FIR-001959,series_crime,0.73
FIR-001957,FIR-001961,series_crime,0.9
FIR-001957,FIR-001963,series_crime,0.76
FIR-001957,FIR-001966,series_crime,0.63
FIR-001957,FIR-001965,series_crime,0.63
FIR-001957,FIR-001968,series_crime,0.68
FIR-001959,FIR-001961,series_crime,0.7
FIR-001959,FIR-001963,series_crime,0.81
FIR-001959,FIR-001966,series_crime,0.71
FIR-001959,FIR-001965,series_crime,0.73
FIR-001959,FIR-001968,series_crime,0.7
FIR-001961,FIR-001963,series_crime,0.74
FIR-001961,FIR-001966,series_crime,0.93
FIR-001961,FIR-001965,series_crime,0.7
FIR-001961,FIR-001968,series_crime,0.95
FIR-001963,FIR-001966,series_crime,0.64
FIR-001963,FIR-001965,series_crime,0.66
FIR-001963,FIR-001968,series_crime,0.79
FIR-001966,FIR-001965,series_crime,0.91
FIR-001966,FIR-001968,series_crime,0.73
FIR-001966,FIR-001979,series_crime,0.74
FIR-001965,FIR-001968,series_crime,0.67
FIR-001965,FIR-001979,series_crime,0.78
FIR-001968,FIR-001979,series_crime,0.68
FIR-001724,FIR-001732,series_crime,0.68
FIR-001724,FIR-001729,series_crime,0.83
FIR-001732,FIR-001729,series_crime,0.65
FIR-001732,FIR-001735,series_crime,0.85
FIR-001729,FIR-001735,series_crime,0.85
FIR-001729,FIR-001742,series_crime,0.94
FIR-001735,FIR-001742,series_crime,0.6
FIR-001735,FIR-001745,series_crime,0.78
FIR-001742,FIR-001745,series_crime,0.7
FIR-001767,FIR-001764,series_crime,0.84
FIR-001767,FIR-001773,series_crime,0.83
FIR-001767,FIR-001774,series_crime,0.94
FIR-001767,FIR-001780,series_crime,0.61
FIR-001767,FIR-001778,series_crime,0.65
FIR-001767,FIR-001777,series_crime,0.88
FIR-001764,FIR-001773,series_crime,0.79
FIR-001764,FIR-001774,series_crime,0.9
FIR-001764,FIR-001780,series_crime,0.62
FIR-001764,FIR-001778,series_crime,0.85
FIR-001764,FIR-001777,series_crime,0.78
FIR-001773,FIR-001774,series_crime,0.82
FIR-001773,FIR-001780,series_crime,0.81
FIR-001773,FIR-001778,series_crime,0.64
FIR-001773,FIR-001777,series_crime,0.93
FIR-001773,FIR-001783,series_crime,0.93
FIR-001773,FIR-001787,series_crime,0.92
FIR-001773,FIR-001786,series_crime,0.79
FIR-001774,FIR-001780,series_crime,0.69
FIR-001774,FIR-001778,series_crime,0.63
FIR-001774,FIR-001777,series_crime,0.93
FIR-001774,FIR-001783,series_crime,0.95
FIR-001774,FIR-001787,series_crime,0.77
FIR-001774,FIR-001786,series_crime,0.84
FIR-001780,FIR-001778,series_crime,0.63
FIR-001780,FIR-001777,series_crime,0.86
FIR-001780,FIR-001783,series_crime,0.66
FIR-001780,FIR-001787,series_crime,0.71
FIR-001780,FIR-001786,series_crime,0.6
FIR-001778,FIR-001777,series_crime,0.82
FIR-001778,FIR-001783,series_crime,0.94
FIR-001778,FIR-001787,series_crime,0.94
FIR-001778,FIR-001786,series_crime,0.75
FIR-001778,FIR-001792,series_crime,0.9
FIR-001777,FIR-001783,series_crime,0.89
FIR-001777,FIR-001787,series_crime,0.67
FIR-001777,FIR-001786,series_crime,0.71
FIR-001777,FIR-001792,series_crime,0.88
FIR-001783,FIR-001787,series_crime,0.89
FIR-001783,FIR-001786,series_crime,0.89
FIR-001783,FIR-001792,series_crime,0.87
FIR-001783,FIR-001789,series_crime,0.89
FIR-001783,FIR-001790,series_crime,0.67
FIR-001783,FIR-001795,series_crime,0.66
FIR-001787,FIR-001786,series_crime,0.78
FIR-001787,FIR-001792,series_crime,0.63
FIR-001787,FIR-001789,series_crime,0.89
FIR-001787,FIR-001790,series_crime,0.86
FIR-001787,FIR-001795,series_crime,0.8
FIR-001786,FIR-001792,series_crime,0.89
FIR-001786,FIR-001789,series_crime,0.8
FIR-001786,FIR-001790,series_crime,0.93
FIR-001786,FIR-001795,series_crime,0.63
FIR-001792,FIR-001789,series_crime,0.64
FIR-001792,FIR-001790,series_crime,0.63
FIR-001792,FIR-001795,series_crime,0.61
FIR-001792,FIR-001803,series_crime,0.68
FIR-001789,FIR-001790,series_crime,0.75
FIR-001789,FIR-001795,series_crime,0.63
FIR-001789,FIR-001803,series_crime,0.86
FIR-001789,FIR-001801,series_crime,0.81
FIR-001789,FIR-001802,series_crime,0.74
FIR-001790,FIR-001795,series_crime,0.91
FIR-001790,FIR-001803,series_crime,0.8
FIR-001790,FIR-001801,series_crime,0.81
FIR-001790,FIR-001802,series_crime,0.94
FIR-001795,FIR-001803,series_crime,0.88
FIR-001795,FIR-001801,series_crime,0.81
FIR-001795,FIR-001802,series_crime,0.78
FIR-001795,FIR-001807,series_crime,0.73
FIR-001803,FIR-001801,series_crime,0.74
FIR-001803,FIR-001802,series_crime,0.77
FIR-001803,FIR-001807,series_crime,0.87
FIR-001803,FIR-001806,series_crime,0.62
FIR-001803,FIR-001812,series_crime,0.88
FIR-001801,FIR-001802,series_crime,0.66
FIR-001801,FIR-001807,series_crime,0.83
FIR-001801,FIR-001806,series_crime,0.73
FIR-001801,FIR-001812,series_crime,0.77
FIR-001802,FIR-001807,series_crime,0.62
FIR-001802,FIR-001806,series_crime,0.68
FIR-001802,FIR-001812,series_crime,0.66
FIR-001807,FIR-001806,series_crime,0.95
FIR-001807,FIR-001812,series_crime,0.64
FIR-001806,FIR-001812,series_crime,0.88
FIR-001812,FIR-001821,series_crime,0.76
FIR-001821,FIR-001827,series_crime,0.83
FIR-001821,FIR-001829,series_crime,0.92
FIR-001821,FIR-001833,series_crime,0.63
FIR-001827,FIR-001829,series_crime,0.72
FIR-001827,FIR-001833,series_crime,0.87
FIR-001827,FIR-001840,series_crime,0.88
FIR-001829,FIR-001833,series_crime,0.91
FIR-001829,FIR-001840,series_crime,0.94
FIR-001833,FIR-001840,series_crime,0.81
FIR-001840,FIR-001852,series_crime,0.74
FIR-001852,FIR-001857,series_crime,0.65
FIR-001857,FIR-001865,series_crime,0.68
FIR-001857,FIR-001866,series_crime,0.88
FIR-001857,FIR-001863,series_crime,0.77
FIR-001865,FIR-001866,series_crime,0.89
FIR-001865,FIR-001863,series_crime,0.94
FIR-001865,FIR-001871,series_crime,0.82
FIR-001865,FIR-001870,series_crime,0.79
FIR-001865,FIR-001872,series_crime,0.69
FIR-001866,FIR-001863,series_crime,0.75
FIR-001866,FIR-001871,series_crime,0.78
FIR-001866,FIR-001870,series_crime,0.86
FIR-001866,FIR-001872,series_crime,0.89
FIR-001863,FIR-001871,series_crime,0.78
FIR-001863,FIR-001870,series_crime,0.7
FIR-001863,FIR-001872,series_crime,0.71
FIR-001871,FIR-001870,series_crime,0.79
FIR-001871,FIR-001872,series_crime,0.92
FIR-001871,FIR-001881,series_crime,0.83
FIR-001870,FIR-001872,series_crime,0.64
FIR-001870,FIR-001881,series_crime,0.74
FIR-001872,FIR-001881,series_crime,0.64
FIR-001881,FIR-001886,series_crime,0.73
FIR-001881,FIR-001888,series_crime,0.89
FIR-001881,FIR-001896,series_crime,0.91
FIR-001886,FIR-001888,series_crime,0.76
FIR-001886,FIR-001896,series_crime,0.64
FIR-001886,FIR-001893,series_crime,0.69
FIR-001888,FIR-001896,series_crime,0.84
FIR-001888,FIR-001893,series_crime,0.94
FIR-001888,FIR-001897,series_crime,0.78
FIR-001896,FIR-001893,series_crime,0.77
FIR-001896,FIR-001897,series_crime,0.92
FIR-001896,FIR-001903,series_crime,0.84
FIR-001893,FIR-001897,series_crime,0.78
FIR-001893,FIR-001903,series_crime,0.9
FIR-001893,FIR-001907,series_crime,0.81
FIR-001893,FIR-001906,series_crime,0.89
FIR-001897,FIR-001903,series_crime,0.87
FIR-001897,FIR-001907,series_crime,0.92
FIR-001897,FIR-001906,series_crime,0.93
FIR-001897,FIR-001909,series_crime,0.79
FIR-001903,FIR-001907,series_crime,0.63
FIR-001903,FIR-001906,series_crime,0.86
FIR-001903,FIR-001909,series_crime,0.84
FIR-001907,FIR-001906,series_crime,0.81
FIR-001907,FIR-001909,series_crime,0.68
FIR-001907,FIR-001920,series_crime,0.85
FIR-001907,FIR-001921,series_crime,0.8
FIR-001906,FIR-001909,series_crime,0.8
FIR-001906,FIR-001920,series_crime,0.81
FIR-001906,FIR-001921,series_crime,0.91
FIR-001909,FIR-001920,series_crime,0.83
FIR-001909,FIR-001921,series_crime,0.67
FIR-001920,FIR-001921,series_crime,0.78
FIR-001920,FIR-001926,series_crime,0.92
FIR-001921,FIR-001926,series_crime,0.69
FIR-001926,FIR-001934,series_crime,0.64
FIR-001934,FIR-001941,series_crime,0.62
FIR-001941,FIR-001950,series_crime,0.92
FIR-001950,FIR-001956,series_crime,0.65
FIR-001956,FIR-001962,series_crime,0.88
FIR-001962,FIR-001975,series_crime,0.62
FIR-001962,FIR-001978,series_crime,0.6
FIR-001975,FIR-001978,series_crime,0.86
FIR-001726,FIR-001727,series_crime,0.85
FIR-001726,FIR-001733,series_crime,0.78
FIR-001727,FIR-001733,series_crime,0.65
FIR-001733,FIR-001744,series_crime,0.77
FIR-001744,FIR-001748,series_crime,0.73
FIR-001784,FIR-001793,series_crime,0.92
FIR-001793,FIR-001794,series_crime,0.67
FIR-001819,FIR-001816,series_crime,0.8
FIR-001819,FIR-001824,series_crime,0.8
FIR-001819,FIR-001823,series_crime,0.67
FIR-001816,FIR-001824,series_crime,0.77
FIR-001816,FIR-001823,series_crime,0.85
FIR-001824,FIR-001823,series_crime,0.82
FIR-001824,FIR-001836,series_crime,0.68
FIR-001823,FIR-001836,series_crime,0.88
FIR-001836,FIR-001839,series_crime,0.75
FIR-001836,FIR-001841,series_crime,0.9
FIR-001836,FIR-001843,series_crime,0.71
FIR-001839,FIR-001841,series_crime,0.94
FIR-001839,FIR-001843,series_crime,0.75
FIR-001839,FIR-001847,series_crime,0.75
FIR-001839,FIR-001849,series_crime,0.76
FIR-001839,FIR-001851,series_crime,0.67
FIR-001841,FIR-001843,series_crime,0.63
FIR-001841,FIR-001847,series_crime,0.92
FIR-001841,FIR-001849,series_crime,0.89
FIR-001841,FIR-001851,series_crime,0.72
FIR-001843,FIR-001847,series_crime,0.65
FIR-001843,FIR-001849,series_crime,0.84
FIR-001843,FIR-001851,series_crime,0.84
FIR-001847,FIR-001849,series_crime,0.68
FIR-001847,FIR-001851,series_crime,0.61
FIR-001849,FIR-001851,series_crime,0.92
FIR-001901,FIR-001916,series_crime,0.63
FIR-001916,FIR-001922,series_crime,0.86
FIR-001916,FIR-001927,series_crime,0.86
FIR-001916,FIR-001930,series_crime,0.65
FIR-001922,FIR-001927,series_crime,0.85
FIR-001922,FIR-001930,series_crime,0.74
FIR-001927,FIR-001930,series_crime,0.69
FIR-001949,FIR-001955,series_crime,0.78
FIR-001971,FIR-001969,series_crime,0.9
FIR-001971,FIR-001974,series_crime,0.71
FIR-001969,FIR-001974,series_crime,0.75
FIR-001754,FIR-001756,series_crime,0.82
FIR-001754,FIR-001758,series_crime,0.73
FIR-001754,FIR-001766,series_crime,0.95
FIR-001756,FIR-001758,series_crime,0.64
FIR-001756,FIR-001766,series_crime,0.63
FIR-001758,FIR-001766,series_crime,0.61
FIR-001799,FIR-001797,series_crime,0.74
FIR-001799,FIR-001804,series_crime,0.92
FIR-001799,FIR-001808,series_crime,0.62
FIR-001797,FIR-001804,series_crime,0.65
FIR-001797,FIR-001808,series_crime,0.85
FIR-001804,FIR-001808,series_crime,0.77
FIR-001861,FIR-001859,series_crime,0.82
FIR-001861,FIR-001869,series_crime,0.72
FIR-001859,FIR-001869,series_crime,0.67
FIR-001869,FIR-001876,series_crime,0.85
FIR-001869,FIR-001879,series_crime,0.9
FIR-001869,FIR-001883,series_crime,0.6
FIR-001876,FIR-001879,series_crime,0.81
FIR-001876,FIR-001883,series_crime,0.63
FIR-001879,FIR-001883,series_crime,0.69
FIR-001929,FIR-001935,series_crime,0.78
FIR-001929,FIR-001933,series_crime,0.74
FIR-001929,FIR-001938,series_crime,0.63
FIR-001935,FIR-001933,series_crime,0.91
FIR-001935,FIR-001938,series_crime,0.82
FIR-001933,FIR-001938,series_crime,0.9
FIR-001938,FIR-001951,series_crime,0.89
FIR-001976,FIR-001977,series_crime,0.73
FIR-001730,FIR-001741,series_crime,0.6
FIR-001741,FIR-001752,series_crime,0.67
FIR-001741,FIR-001749,series_crime,0.74
FIR-001741,FIR-001753,series_crime,0.68
FIR-001752,FIR-001749,series_crime,0.87
FIR-001752,FIR-001753,series_crime,0.75
FIR-001749,FIR-001753,series_crime,0.94
FIR-001770,FIR-001776,series_crime,0.77
FIR-001743,FIR-001746,series_crime,0.61
FIR-001760,FIR-001771,series_crime,0.95
FIR-001782,FIR-001796,series_crime,0.89
FIR-001810,FIR-001811,series_crime,0.7
FIR-001810,FIR-001817,series_crime,0.65
FIR-001810,FIR-001820,series_crime,0.66
FIR-001811,FIR-001817,series_crime,0.75
FIR-001811,FIR-001820,series_crime,0.94
FIR-001811,FIR-001825,series_crime,0.77
FIR-001811,FIR-001826,series_crime,0.7
FIR-001817,FIR-001820,series_crime,0.74
FIR-001817,FIR-001825,series_crime,0.85
FIR-001817,FIR-001826,series_crime,0.66
FIR-001817,FIR-001831,series_crime,0.9
FIR-001817,FIR-001832,series_crime,0.73
FIR-001820,FIR-001825,series_crime,0.84
FIR-001820,FIR-001826,series_crime,0.67
FIR-001820,FIR-001831,series_crime,0.76
FIR-001820,FIR-001832,series_crime,0.72
FIR-001820,FIR-001830,series_crime,0.86
FIR-001825,FIR-001826,series_crime,0.69
FIR-001825,FIR-001831,series_crime,0.72
FIR-001825,FIR-001832,series_crime,0.77
FIR-001825,FIR-001830,series_crime,0.84
FIR-001826,FIR-001831,series_crime,0.88
FIR-001826,FIR-001832,series_crime,0.67
FIR-001826,FIR-001830,series_crime,0.61
FIR-001831,FIR-001832,series_crime,0.82
FIR-001831,FIR-001830,series_crime,0.62
FIR-001832,FIR-001830,series_crime,0.86
FIR-001845,FIR-001854,series_crime,0.73
FIR-001874,FIR-001878,series_crime,0.61
FIR-001878,FIR-001889,series_crime,0.61
FIR-001889,FIR-001898,series_crime,0.76
FIR-001917,FIR-001915,series_crime,0.71
FIR-001917,FIR-001924,series_crime,0.73
FIR-001917,FIR-001925,series_crime,0.73
FIR-001917,FIR-001932,series_crime,0.81
FIR-001915,FIR-001924,series_crime,0.84
FIR-001915,FIR-001925,series_crime,0.7
FIR-001915,FIR-001932,series_crime,0.61
FIR-001924,FIR-001925,series_crime,0.79
FIR-001924,FIR-001932,series_crime,0.85
FIR-001924,FIR-001936,series_crime,0.89
FIR-001925,FIR-001932,series_crime,0.71
FIR-001925,FIR-001936,series_crime,0.9
FIR-001932,FIR-001936,series_crime,0.94
FIR-001945,FIR-001947,series_crime,0.83
FIR-001970,FIR-001972,series_crime,0.95
FIR-001970,FIR-001973,series_crime,0.61
FIR-001972,FIR-001973,series_crime,0.72
FIR-001890,FIR-001892,series_crime,0.94
FIR-001890,FIR-001894,series_crime,0.69
FIR-001892,FIR-001894,series_crime,0.8
FIR-001750,FIR-001757,series_crime,0.82
FIR-001750,FIR-001761,series_crime,0.9
FIR-001750,FIR-001768,series_crime,0.8
FIR-001757,FIR-001761,series_crime,0.63
FIR-001757,FIR-001768,series_crime,0.79
FIR-001761,FIR-001768,series_crime,0.64
FIR-001942,FIR-001944,series_crime,0.74
FIR-001989,FIR-001990,series_crime,0.66
FIR-002006,FIR-002008,series_crime,0.7
FIR-002016,FIR-002019,series_crime,0.91
FIR-002019,FIR-002021,series_crime,0.9
FIR-002057,FIR-002058,series_crime,0.87
FIR-002094,FIR-002093,series_crime,0.74
FIR-002094,FIR-002095,series_crime,0.7
FIR-002093,FIR-002095,series_crime,0.71
FIR-002047,FIR-002053,series_crime,0.81
FIR-002059,FIR-002061,series_crime,0.63
FIR-002061,FIR-002065,series_crime,0.93
FIR-002096,FIR-002098,series_crime,0.75
FIR-001984,FIR-001983,series_crime,0.62
FIR-001984,FIR-001988,series_crime,0.66
FIR-001984,FIR-001987,series_crime,0.65
FIR-001983,FIR-001988,series_crime,0.75
FIR-001983,FIR-001987,series_crime,0.94
FIR-001988,FIR-001987,series_crime,0.72
FIR-002011,FIR-002014,series_crime,0.85
FIR-002014,FIR-002020,series_crime,0.77
FIR-002020,FIR-002025,series_crime,0.81
FIR-002080,FIR-002084,series_crime,0.65
FIR-002084,FIR-002087,series_crime,0.73
FIR-002087,FIR-002089,series_crime,0.71
FIR-001985,FIR-001991,series_crime,0.9
FIR-001991,FIR-001992,series_crime,0.92
FIR-001991,FIR-001998,series_crime,0.86
FIR-001992,FIR-001998,series_crime,0.63
FIR-001998,FIR-001999,series_crime,0.76
FIR-001999,FIR-002004,series_crime,0.79
FIR-002004,FIR-002009,series_crime,0.83
FIR-002009,FIR-002012,series_crime,0.9
FIR-002009,FIR-002013,series_crime,0.78
FIR-002012,FIR-002013,series_crime,0.86
FIR-002012,FIR-002018,series_crime,0.79
FIR-002013,FIR-002018,series_crime,0.85
FIR-002024,FIR-002023,series_crime,0.74
FIR-002024,FIR-002027,series_crime,0.94
FIR-002024,FIR-002029,series_crime,0.83
FIR-002024,FIR-002030,series_crime,0.8
FIR-002023,FIR-002027,series_crime,0.64
FIR-002023,FIR-002029,series_crime,0.74
FIR-002023,FIR-002030,series_crime,0.65
FIR-002027,FIR-002029,series_crime,0.94
FIR-002027,FIR-002030,series_crime,0.89
FIR-002029,FIR-002030,series_crime,0.64
FIR-002029,FIR-002033,series_crime,0.63
FIR-002029,FIR-002034,series_crime,0.8
FIR-002030,FIR-002033,series_crime,0.89
FIR-002030,FIR-002034,series_crime,0.73
FIR-002033,FIR-002034,series_crime,0.76
FIR-002033,FIR-002036,series_crime,0.73
FIR-002033,FIR-002035,series_crime,0.7
FIR-002034,FIR-002036,series_crime,0.63
FIR-002034,FIR-002035,series_crime,0.92
FIR-002036,FIR-002035,series_crime,0.85
FIR-002043,FIR-002046,series_crime,0.77
FIR-002046,FIR-002049,series_crime,0.77
FIR-002049,FIR-002052,series_crime,0.84
FIR-002049,FIR-002054,series_crime,0.69
FIR-002052,FIR-002054,series_crime,0.92
FIR-002052,FIR-002056,series_crime,0.88
FIR-002054,FIR-002056,series_crime,0.79
FIR-002054,FIR-002060,series_crime,0.8
FIR-002056,FIR-002060,series_crime,0.83
FIR-002056,FIR-002062,series_crime,0.68
FIR-002060,FIR-002062,series_crime,0.81
FIR-002060,FIR-002064,series_crime,0.69
FIR-002062,FIR-002064,series_crime,0.79
FIR-002072,FIR-002071,series_crime,0.78
FIR-002072,FIR-002074,series_crime,0.74
FIR-002072,FIR-002073,series_crime,0.85
FIR-002071,FIR-002074,series_crime,0.78
FIR-002071,FIR-002073,series_crime,0.88
FIR-002074,FIR-002073,series_crime,0.68
FIR-002074,FIR-002077,series_crime,0.85
FIR-002073,FIR-002077,series_crime,0.71
FIR-002077,FIR-002079,series_crime,0.77
FIR-002088,FIR-002090,series_crime,0.7
FIR-002040,FIR-002041,series_crime,0.76
FIR-002063,FIR-002068,series_crime,0.81
FIR-002097,FIR-002099,series_crime,0.92
FIR-001995,FIR-002002,series_crime,0.81
FIR-001996,FIR-002000,series_crime,0.85
FIR-002000,FIR-002005,series_crime,0.93
FIR-002015,FIR-002022,series_crime,0.62
FIR-002038,FIR-002039,series_crime,0.72
FIR-002076,FIR-002075,series_crime,0.83
FIR-002076,FIR-002082,series_crime,0.89
FIR-002075,FIR-002082,series_crime,0.68
FIR-002044,FIR-002045,series_crime,0.72
FIR-002044,FIR-002048,series_crime,0.82
FIR-002045,FIR-002048,series_crime,0.85
FIR-002091,FIR-002092,series_crime,0.7
FIR-002102,FIR-002103,series_crime,0.66
FIR-002102,FIR-002105,series_crime,0.75
FIR-002103,FIR-002105,series_crime,0.74
FIR-002148,FIR-002149,series_crime,0.66
FIR-002148,FIR-002151,series_crime,0.83
FIR-002149,FIR-002151,series_crime,0.75
FIR-002158,FIR-002162,series_crime,0.91
FIR-002132,FIR-002134,series_crime,0.74
FIR-002132,FIR-002133,series_crime,0.87
FIR-002134,FIR-002133,series_crime,0.92
FIR-002139,FIR-002143,series_crime,0.62
FIR-002143,FIR-002145,series_crime,0.9
FIR-002143,FIR-002146,series_crime,0.81
FIR-002145,FIR-002146,series_crime,0.85
FIR-002154,FIR-002156,series_crime,0.78
FIR-002156,FIR-002160,series_crime,0.72
FIR-002160,FIR-002161,series_crime,0.71
FIR-002161,FIR-002165,series_crime,0.62
FIR-002176,FIR-002177,series_crime,0.63
FIR-002176,FIR-002181,series_crime,0.64
FIR-002177,FIR-002181,series_crime,0.65
FIR-002181,FIR-002184,series_crime,0.63
FIR-002181,FIR-002185,series_crime,0.61
FIR-002184,FIR-002185,series_crime,0.87
FIR-002107,FIR-002108,series_crime,0.91
FIR-002117,FIR-002116,series_crime,0.9
FIR-002117,FIR-002118,series_crime,0.72
FIR-002116,FIR-002118,series_crime,0.91
FIR-002118,FIR-002121,series_crime,0.69
FIR-002163,FIR-002166,series_crime,0.65
FIR-002163,FIR-002169,series_crime,0.94
FIR-002166,FIR-002169,series_crime,0.84
FIR-002110,FIR-002114,series_crime,0.83
FIR-002128,FIR-002130,series_crime,0.63
FIR-002138,FIR-002140,series_crime,0.7
FIR-002179,FIR-002178,series_crime,0.91
FIR-002111,FIR-002115,series_crime,0.71
FIR-002123,FIR-002126,series_crime,0.73
FIR-002157,FIR-002159,series_crime,0.91
FIR-002159,FIR-002164,series_crime,0.79
FIR-002209,FIR-002214,series_crime,0.74
FIR-002211,FIR-002217,series_crime,0.86
FIR-002227,FIR-002231,series_crime,0.78
FIR-002247,FIR-002246,series_crime,0.78
FIR-002247,FIR-002248,series_crime,0.88
FIR-002246,FIR-002248,series_crime,0.9
FIR-002264,FIR-002265,series_crime,0.61
FIR-002264,FIR-002266,series_crime,0.84
FIR-002264,FIR-002267,series_crime,0.92
FIR-002265,FIR-002266,series_crime,0.84
FIR-002265,FIR-002267,series_crime,0.65
FIR-002266,FIR-002267,series_crime,0.61
FIR-002224,FIR-002226,series_crime,0.85
FIR-002226,FIR-002229,series_crime,0.64
FIR-002236,FIR-002235,series_crime,0.86
FIR-002189,FIR-002192,series_crime,0.78
FIR-002199,FIR-002201,series_crime,0.73
FIR-002199,FIR-002204,series_crime,0.7
FIR-002201,FIR-002204,series_crime,0.86
FIR-002204,FIR-002207,series_crime,0.7
FIR-002210,FIR-002215,series_crime,0.63
FIR-002220,FIR-002221,series_crime,0.67
FIR-002220,FIR-002222,series_crime,0.65
FIR-002220,FIR-002223,series_crime,0.87
FIR-002221,FIR-002222,series_crime,0.64
FIR-002221,FIR-002223,series_crime,0.64
FIR-002222,FIR-002223,series_crime,0.67
FIR-002245,FIR-002251,series_crime,0.71
FIR-002251,FIR-002254,series_crime,0.8
FIR-002190,FIR-002193,series_crime,0.74
FIR-002193,FIR-002195,series_crime,0.68
FIR-002193,FIR-002197,series_crime,0.75
FIR-002195,FIR-002197,series_crime,0.61
FIR-002253,FIR-002252,series_crime,0.81
FIR-002253,FIR-002255,series_crime,0.73
FIR-002252,FIR-002255,series_crime,0.92
FIR-002194,FIR-002196,series_crime,0.72
FIR-002196,FIR-002200,series_crime,0.95
FIR-002230,FIR-002233,series_crime,0.8
FIR-002262,FIR-002261,series_crime,0.91
FIR-002261,FIR-002268,series_crime,0.95
FIR-002203,FIR-002205,series_crime,0.82
FIR-002234,FIR-002237,series_crime,0.81
FIR-002237,FIR-002239,series_crime,0.72
FIR-002239,FIR-002242,series_crime,0.88
FIR-002281,FIR-002283,series_crime,0.66
FIR-002314,FIR-002316,series_crime,0.74
FIR-002329,FIR-002333,series_crime,0.91
FIR-002329,FIR-002336,series_crime,0.87
FIR-002333,FIR-002336,series_crime,0.61
FIR-002344,FIR-002347,series_crime,0.62
FIR-002347,FIR-002353,series_crime,0.74
FIR-002353,FIR-002355,series_crime,0.78
FIR-002273,FIR-002274,series_crime,0.7
FIR-002273,FIR-002275,series_crime,0.9
FIR-002274,FIR-002275,series_crime,0.67
FIR-002285,FIR-002287,series_crime,0.87
FIR-002300,FIR-002301,series_crime,0.65
FIR-002324,FIR-002325,series_crime,0.82
FIR-002324,FIR-002326,series_crime,0.85
FIR-002325,FIR-002326,series_crime,0.91
FIR-002330,FIR-002331,series_crime,0.63
FIR-002331,FIR-002337,series_crime,0.63
FIR-002337,FIR-002338,series_crime,0.62
FIR-002337,FIR-002339,series_crime,0.89
FIR-002338,FIR-002339,series_crime,0.94
FIR-002276,FIR-002279,series_crime,0.66
FIR-002341,FIR-002343,series_crime,0.84
FIR-002343,FIR-002346,series_crime,0.8
FIR-002295,FIR-002299,series_crime,0.71
FIR-002299,FIR-002302,series_crime,0.87
FIR-002299,FIR-002303,series_crime,0.86
FIR-002302,FIR-002303,series_crime,0.75
FIR-002309,FIR-002310,series_crime,0.67
FIR-002332,FIR-002334,series_crime,0.63
FIR-002345,FIR-002348,series_crime,0.88
FIR-002348,FIR-002350,series_crime,0.6
FIR-002280,FIR-002282,series_crime,0.87
FIR-002280,FIR-002284,series_crime,0.67
FIR-002282,FIR-002284,series_crime,0.69
FIR-002284,FIR-002289,series_crime,0.82
FIR-002297,FIR-002298,series_crime,0.8
FIR-002349,FIR-002351,series_crime,0.65
FIR-002349,FIR-002352,series_crime,0.88
FIR-002351,FIR-002352,series_crime,0.95
FIR-002351,FIR-002354,series_crime,0.82
FIR-002352,FIR-002354,series_crime,0.92
FIR-002315,FIR-002319,series_crime,0.92
FIR-002378,FIR-002381,series_crime,0.87
FIR-002381,FIR-002385,series_crime,0.61
FIR-002389,FIR-002390,series_crime,0.84
FIR-002389,FIR-002392,series_crime,0.77
FIR-002390,FIR-002392,series_crime,0.9
FIR-002417,FIR-002419,series_crime,0.71
FIR-002417,FIR-002421,series_crime,0.92
FIR-002419,FIR-002421,series_crime,0.73
FIR-002419,FIR-002423,series_crime,0.88
FIR-002421,FIR-002423,series_crime,0.72
FIR-002423,FIR-002426,series_crime,0.65
FIR-002437,FIR-002440,series_crime,0.84
FIR-002359,FIR-002360,series_crime,0.8
FIR-002360,FIR-002363,series_crime,0.7
FIR-002363,FIR-002365,series_crime,0.75
FIR-002365,FIR-002371,series_crime,0.91
FIR-002383,FIR-002382,series_crime,0.9
FIR-002383,FIR-002387,series_crime,0.85
FIR-002382,FIR-002387,series_crime,0.62
FIR-002436,FIR-002438,series_crime,0.7
FIR-002361,FIR-002362,series_crime,0.72
FIR-002393,FIR-002395,series_crime,0.78
FIR-002364,FIR-002368,series_crime,0.73
FIR-002364,FIR-002369,series_crime,0.89
FIR-002368,FIR-002369,series_crime,0.9
FIR-002368,FIR-002373,series_crime,0.83
FIR-002369,FIR-002373,series_crime,0.6
FIR-002373,FIR-002376,series_crime,0.72
FIR-002396,FIR-002399,series_crime,0.81
FIR-002396,FIR-002402,series_crime,0.79
FIR-002399,FIR-002402,series_crime,0.89
FIR-002399,FIR-002401,series_crime,0.81
FIR-002399,FIR-002405,series_crime,0.81
FIR-002402,FIR-002401,series_crime,0.87
FIR-002402,FIR-002405,series_crime,0.62
FIR-002401,FIR-002405,series_crime,0.73
FIR-002401,FIR-002407,series_crime,0.9
FIR-002405,FIR-002407,series_crime,0.89
FIR-002416,FIR-002418,series_crime,0.74
FIR-002418,FIR-002422,series_crime,0.9
FIR-002422,FIR-002425,series_crime,0.74
FIR-002384,FIR-002388,series_crime,0.89
FIR-002410,FIR-002412,series_crime,0.85
FIR-002412,FIR-002415,series_crime,0.72
FIR-002431,FIR-002434,series_crime,0.63
FIR-002434,FIR-002439,series_crime,0.68
FIR-002497,FIR-002498,series_crime,0.73
FIR-002497,FIR-002500,series_crime,0.69
FIR-002498,FIR-002500,series_crime,0.78
FIR-002498,FIR-002501,series_crime,0.88
FIR-002500,FIR-002501,series_crime,0.68
FIR-002501,FIR-002505,series_crime,0.6
FIR-002505,FIR-002510,series_crime,0.93
FIR-002464,FIR-002465,series_crime,0.7
FIR-002464,FIR-002468,series_crime,0.77
FIR-002465,FIR-002468,series_crime,0.77
FIR-002516,FIR-002520,series_crime,0.83
FIR-002460,FIR-002461,series_crime,0.86
FIR-002489,FIR-002492,series_crime,0.79
FIR-002492,FIR-002495,series_crime,0.79
FIR-002518,FIR-002522,series_crime,0.9
FIR-002506,FIR-002509,series_crime,0.86
FIR-002514,FIR-002515,series_crime,0.75
FIR-002447,FIR-002450,series_crime,0.7
FIR-002450,FIR-002455,series_crime,0.62
FIR-002455,FIR-002458,series_crime,0.62
FIR-002455,FIR-002459,series_crime,0.95
FIR-002458,FIR-002459,series_crime,0.83
FIR-002479,FIR-002481,series_crime,0.62
FIR-002479,FIR-002482,series_crime,0.76
FIR-002481,FIR-002482,series_crime,0.65
FIR-002481,FIR-002485,series_crime,0.8
FIR-002482,FIR-002485,series_crime,0.86
FIR-002448,FIR-002449,series_crime,0.77
FIR-002448,FIR-002451,series_crime,0.66
FIR-002449,FIR-002451,series_crime,0.87
FIR-002449,FIR-002454,series_crime,0.78
FIR-002451,FIR-002454,series_crime,0.72
FIR-002451,FIR-002457,series_crime,0.72
FIR-002454,FIR-002457,series_crime,0.82
FIR-002454,FIR-002456,series_crime,0.61
FIR-002457,FIR-002456,series_crime,0.67
FIR-002467,FIR-002471,series_crime,0.67
FIR-002471,FIR-002473,series_crime,0.7
FIR-002471,FIR-002476,series_crime,0.8
FIR-002473,FIR-002476,series_crime,0.75
FIR-002487,FIR-002488,series_crime,0.91
FIR-002487,FIR-002490,series_crime,0.83
FIR-002488,FIR-002490,series_crime,0.62
FIR-002519,FIR-002521,series_crime,0.83
FIR-002538,FIR-002537,series_crime,0.93
FIR-002538,FIR-002543,series_crime,0.89
FIR-002537,FIR-002543,series_crime,0.94
FIR-002543,FIR-002545,series_crime,0.61
FIR-002563,FIR-002564,series_crime,0.91
FIR-002551,FIR-002557,series_crime,0.68
FIR-002557,FIR-002560,series_crime,0.68
FIR-002565,FIR-002568,series_crime,0.93
FIR-002568,FIR-002570,series_crime,0.88
FIR-002570,FIR-002575,series_crime,0.89
FIR-002582,FIR-002587,series_crime,0.94
FIR-002587,FIR-002593,series_crime,0.69
FIR-002528,FIR-002529,series_crime,0.77
FIR-002539,FIR-002542,series_crime,0.77
FIR-002542,FIR-002544,series_crime,0.62
FIR-002531,FIR-002533,series_crime,0.67
FIR-002549,FIR-002552,series_crime,0.91
FIR-002549,FIR-002554,series_crime,0.94
FIR-002552,FIR-002554,series_crime,0.67
FIR-002552,FIR-002555,series_crime,0.82
FIR-002552,FIR-002558,series_crime,0.92
FIR-002552,FIR-002559,series_crime,0.93
FIR-002554,FIR-002555,series_crime,0.78
FIR-002554,FIR-002558,series_crime,0.85
FIR-002554,FIR-002559,series_crime,0.73
FIR-002555,FIR-002558,series_crime,0.8
FIR-002555,FIR-002559,series_crime,0.84
FIR-002558,FIR-002559,series_crime,0.92
FIR-002574,FIR-002577,series_crime,0.69
FIR-002573,FIR-002576,series_crime,0.84
FIR-002586,FIR-002590,series_crime,0.94
FIR-002534,FIR-002536,series_crime,0.88
FIR-002550,FIR-002553,series_crime,0.65
FIR-002561,FIR-002562,series_crime,0.75
FIR-002581,FIR-002585,series_crime,0.88
FIR-002585,FIR-002588,series_crime,0.83
FIR-002588,FIR-002592,series_crime,0.72
FIR-002588,FIR-002594,series_crime,0.62
FIR-002592,FIR-002594,series_crime,0.93
FIR-002594,FIR-002596,series_crime,0.7
FIR-002607,FIR-002609,series_crime,0.85
FIR-002535,FIR-002541,series_crime,0.89
FIR-002606,FIR-002605,series_crime,0.61
FIR-002612,FIR-002614,series_crime,0.7
FIR-002623,FIR-002622,series_crime,0.86
FIR-002623,FIR-002626,series_crime,0.74
FIR-002622,FIR-002626,series_crime,0.75
FIR-002626,FIR-002628,series_crime,0.63
FIR-002632,FIR-002634,series_crime,0.78
FIR-002634,FIR-002636,series_crime,0.73
FIR-002672,FIR-002674,series_crime,0.9
FIR-002672,FIR-002675,series_crime,0.66
FIR-002674,FIR-002675,series_crime,0.65
FIR-002633,FIR-002638,series_crime,0.74
FIR-002638,FIR-002639,series_crime,0.94
FIR-002641,FIR-002643,series_crime,0.9
FIR-002616,FIR-002618,series_crime,0.92
FIR-002648,FIR-002650,series_crime,0.69
FIR-002656,FIR-002657,series_crime,0.62
FIR-002656,FIR-002658,series_crime,0.88
FIR-002657,FIR-002658,series_crime,0.65
FIR-002679,FIR-002681,series_crime,0.84
FIR-002619,FIR-002621,series_crime,0.7
FIR-002624,FIR-002627,series_crime,0.87
FIR-002637,FIR-002640,series_crime,0.63
FIR-002637,FIR-002642,series_crime,0.77
FIR-002640,FIR-002642,series_crime,0.73
FIR-002640,FIR-002645,series_crime,0.85
FIR-002642,FIR-002645,series_crime,0.75
FIR-002642,FIR-002646,series_crime,0.77
FIR-002645,FIR-002646,series_crime,0.64
FIR-002645,FIR-002647,series_crime,0.77
FIR-002646,FIR-002647,series_crime,0.7
FIR-002653,FIR-002655,series_crime,0.65
FIR-002655,FIR-002660,series_crime,0.62
FIR-002655,FIR-002661,series_crime,0.72
FIR-002660,FIR-002661,series_crime,0.64
FIR-002690,FIR-002693,series_crime,0.84
FIR-002690,FIR-002692,series_crime,0.9
FIR-002693,FIR-002692,series_crime,0.92
FIR-002629,FIR-002630,series_crime,0.66
FIR-002668,FIR-002669,series_crime,0.75
FIR-002668,FIR-002671,series_crime,0.81
FIR-002669,FIR-002671,series_crime,0.68
FIR-002671,FIR-002676,series_crime,0.6
FIR-002696,FIR-002704,series_crime,0.81
FIR-002704,FIR-002714,series_crime,0.61
FIR-002704,FIR-002713,series_crime,0.67
FIR-002714,FIR-002713,series_crime,0.82
FIR-002714,FIR-002716,series_crime,0.73
FIR-002714,FIR-002718,series_crime,0.64
FIR-002713,FIR-002716,series_crime,0.63
FIR-002713,FIR-002718,series_crime,0.88
FIR-002716,FIR-002718,series_crime,0.82
FIR-002716,FIR-002727,series_crime,0.8
FIR-002716,FIR-002728,series_crime,0.75
FIR-002718,FIR-002727,series_crime,0.79
FIR-002718,FIR-002728,series_crime,0.93
FIR-002727,FIR-002728,series_crime,0.75
FIR-002727,FIR-002734,series_crime,0.72
FIR-002728,FIR-002734,series_crime,0.7
FIR-002752,FIR-002755,series_crime,0.65
FIR-002752,FIR-002757,series_crime,0.6
FIR-002752,FIR-002756,series_crime,0.88
FIR-002755,FIR-002757,series_crime,0.9
FIR-002755,FIR-002756,series_crime,0.73
FIR-002757,FIR-002756,series_crime,0.76
FIR-002769,FIR-002775,series_crime,0.71
FIR-002769,FIR-002778,series_crime,0.76
FIR-002775,FIR-002778,series_crime,0.85
FIR-002775,FIR-002784,series_crime,0.61
FIR-002778,FIR-002784,series_crime,0.74
FIR-002778,FIR-002788,series_crime,0.95
FIR-002778,FIR-002792,series_crime,0.65
FIR-002784,FIR-002788,series_crime,0.74
FIR-002784,FIR-002792,series_crime,0.78
FIR-002784,FIR-002795,series_crime,0.73
FIR-002788,FIR-002792,series_crime,0.75
FIR-002788,FIR-002795,series_crime,0.93
FIR-002788,FIR-002798,series_crime,0.64
FIR-002788,FIR-002801,series_crime,0.62
FIR-002792,FIR-002795,series_crime,0.82
FIR-002792,FIR-002798,series_crime,0.63
FIR-002792,FIR-002801,series_crime,0.69
FIR-002795,FIR-002798,series_crime,0.86
FIR-002795,FIR-002801,series_crime,0.79
FIR-002798,FIR-002801,series_crime,0.63
FIR-002798,FIR-002809,series_crime,0.72
FIR-002801,FIR-002809,series_crime,0.7
FIR-002830,FIR-002841,series_crime,0.69
FIR-002854,FIR-002865,series_crime,0.77
FIR-002865,FIR-002870,series_crime,0.7
FIR-002865,FIR-002876,series_crime,0.72
FIR-002870,FIR-002876,series_crime,0.75
FIR-002924,FIR-002926,series_crime,0.66
FIR-002924,FIR-002927,series_crime,0.73
FIR-002924,FIR-002930,series_crime,0.8
FIR-002924,FIR-002935,series_crime,0.91
FIR-002926,FIR-002927,series_crime,0.77
FIR-002926,FIR-002930,series_crime,0.92
FIR-002926,FIR-002935,series_crime,0.66
FIR-002927,FIR-002930,series_crime,0.82
FIR-002927,FIR-002935,series_crime,0.76
FIR-002930,FIR-002935,series_crime,0.7
FIR-002930,FIR-002937,series_crime,0.83
FIR-002935,FIR-002937,series_crime,0.7
FIR-002697,FIR-002700,series_crime,0.78
FIR-002697,FIR-002706,series_crime,0.66
FIR-002700,FIR-002706,series_crime,0.89
FIR-002700,FIR-002709,series_crime,0.85
FIR-002706,FIR-002709,series_crime,0.78
FIR-002736,FIR-002739,series_crime,0.67
FIR-002736,FIR-002742,series_crime,0.65
FIR-002736,FIR-002746,series_crime,0.78
FIR-002736,FIR-002749,series_crime,0.7
FIR-002739,FIR-002742,series_crime,0.67
FIR-002739,FIR-002746,series_crime,0.64
FIR-002739,FIR-002749,series_crime,0.66
FIR-002742,FIR-002746,series_crime,0.8
FIR-002742,FIR-002749,series_crime,0.64
FIR-002746,FIR-002749,series_crime,0.82
FIR-002804,FIR-002810,series_crime,0.75
FIR-002820,FIR-002835,series_crime,0.62
FIR-002869,FIR-002883,series_crime,0.69
FIR-002883,FIR-002888,series_crime,0.6
FIR-002888,FIR-002895,series_crime,0.84
FIR-002919,FIR-002920,series_crime,0.87
FIR-002919,FIR-002929,series_crime,0.86
FIR-002920,FIR-002929,series_crime,0.86
FIR-002929,FIR-002941,series_crime,0.8
FIR-002941,FIR-002954,series_crime,0.92
FIR-002730,FIR-002735,series_crime,0.86
FIR-002730,FIR-002741,series_crime,0.79
FIR-002735,FIR-002741,series_crime,0.76
FIR-002786,FIR-002796,series_crime,0.62
FIR-002796,FIR-002806,series_crime,0.65
FIR-002840,FIR-002847,series_crime,0.93
FIR-002840,FIR-002844,series_crime,0.84
FIR-002847,FIR-002844,series_crime,0.79
FIR-002847,FIR-002858,series_crime,0.69
FIR-002844,FIR-002858,series_crime,0.88
FIR-002893,FIR-002901,series_crime,0.92
FIR-002901,FIR-002915,series_crime,0.76
FIR-002915,FIR-002921,series_crime,0.86
FIR-002921,FIR-002928,series_crime,0.69
FIR-002944,FIR-002945,series_crime,0.61
FIR-002699,FIR-002703,series_crime,0.62
FIR-002699,FIR-002702,series_crime,0.69
FIR-002699,FIR-002705,series_crime,0.94
FIR-002703,FIR-002702,series_crime,0.82
FIR-002703,FIR-002705,series_crime,0.94
FIR-002702,FIR-002705,series_crime,0.83
FIR-002702,FIR-002715,series_crime,0.64
FIR-002705,FIR-002715,series_crime,0.85
FIR-002705,FIR-002712,series_crime,0.75
FIR-002715,FIR-002712,series_crime,0.8
FIR-002731,FIR-002732,series_crime,0.67
FIR-002748,FIR-002751,series_crime,0.65
FIR-002748,FIR-002754,series_crime,0.66
FIR-002748,FIR-002758,series_crime,0.82
FIR-002748,FIR-002763,series_crime,0.87
FIR-002751,FIR-002754,series_crime,0.82
FIR-002751,FIR-002758,series_crime,0.73
FIR-002751,FIR-002763,series_crime,0.61
FIR-002754,FIR-002758,series_crime,0.93
FIR-002754,FIR-002763,series_crime,0.78
FIR-002758,FIR-002763,series_crime,0.91
FIR-002763,FIR-002770,series_crime,0.71
FIR-002770,FIR-002779,series_crime,0.75
FIR-002770,FIR-002783,series_crime,0.7
FIR-002779,FIR-002783,series_crime,0.82
FIR-002779,FIR-002782,series_crime,0.71
FIR-002779,FIR-002791,series_crime,0.85
FIR-002783,FIR-002782,series_crime,0.67
FIR-002783,FIR-002791,series_crime,0.9
FIR-002782,FIR-002791,series_crime,0.67
FIR-002791,FIR-002799,series_crime,0.77
FIR-002791,FIR-002797,series_crime,0.83
FIR-002791,FIR-002800,series_crime,0.87
FIR-002791,FIR-002803,series_crime,0.66
FIR-002799,FIR-002797,series_crime,0.74
FIR-002799,FIR-002800,series_crime,0.75
FIR-002799,FIR-002803,series_crime,0.73
FIR-002799,FIR-002805,series_crime,0.79
FIR-002797,FIR-002800,series_crime,0.68
FIR-002797,FIR-002803,series_crime,0.72
FIR-002797,FIR-002805,series_crime,0.7
FIR-002800,FIR-002803,series_crime,0.92
FIR-002800,FIR-002805,series_crime,0.85
FIR-002803,FIR-002805,series_crime,0.74
FIR-002803,FIR-002815,series_crime,0.74
FIR-002805,FIR-002815,series_crime,0.71
FIR-002815,FIR-002817,series_crime,0.68
FIR-002815,FIR-002822,series_crime,0.93
FIR-002815,FIR-002826,series_crime,0.91
FIR-002815,FIR-002825,series_crime,0.72
FIR-002817,FIR-002822,series_crime,0.78
FIR-002817,FIR-002826,series_crime,0.94
FIR-002817,FIR-002825,series_crime,0.81
FIR-002817,FIR-002824,series_crime,0.86
FIR-002817,FIR-002832,series_crime,0.9
FIR-002817,FIR-002829,series_crime,0.79
FIR-002817,FIR-002831,series_crime,0.87
FIR-002822,FIR-002826,series_crime,0.62
FIR-002822,FIR-002825,series_crime,0.93
FIR-002822,FIR-002824,series_crime,0.77
FIR-002822,FIR-002832,series_crime,0.84
FIR-002822,FIR-002829,series_crime,0.69
FIR-002822,FIR-002831,series_crime,0.86
FIR-002826,FIR-002825,series_crime,0.8
FIR-002826,FIR-002824,series_crime,0.87
FIR-002826,FIR-002832,series_crime,0.94
FIR-002826,FIR-002829,series_crime,0.72
FIR-002826,FIR-002831,series_crime,0.85
FIR-002825,FIR-002824,series_crime,0.87
FIR-002825,FIR-002832,series_crime,0.89
FIR-002825,FIR-002829,series_crime,0.64
FIR-002825,FIR-002831,series_crime,0.9
FIR-002825,FIR-002839,series_crime,0.89
FIR-002824,FIR-002832,series_crime,0.68
FIR-002824,FIR-002829,series_crime,0.62
FIR-002824,FIR-002831,series_crime,0.79
FIR-002824,FIR-002839,series_crime,0.67
FIR-002832,FIR-002829,series_crime,0.86
FIR-002832,FIR-002831,series_crime,0.92
FIR-002832,FIR-002839,series_crime,0.91
FIR-002829,FIR-002831,series_crime,0.64
FIR-002829,FIR-002839,series_crime,0.89
FIR-002831,FIR-002839,series_crime,0.75
FIR-002839,FIR-002849,series_crime,0.91
FIR-002839,FIR-002851,series_crime,0.92
FIR-002839,FIR-002850,series_crime,0.87
FIR-002849,FIR-002851,series_crime,0.83
FIR-002849,FIR-002850,series_crime,0.76
FIR-002849,FIR-002853,series_crime,0.65
FIR-002851,FIR-002850,series_crime,0.93
FIR-002851,FIR-002853,series_crime,0.87
FIR-002850,FIR-002853,series_crime,0.8
FIR-002850,FIR-002860,series_crime,0.67
FIR-002850,FIR-002863,series_crime,0.84
FIR-002853,FIR-002860,series_crime,0.82
FIR-002853,FIR-002863,series_crime,0.65
FIR-002860,FIR-002863,series_crime,0.82
FIR-002863,FIR-002875,series_crime,0.81
FIR-002875,FIR-002872,series_crime,0.82
FIR-002875,FIR-002878,series_crime,0.69
FIR-002875,FIR-002881,series_crime,0.94
FIR-002872,FIR-002878,series_crime,0.65
FIR-002872,FIR-002881,series_crime,0.71
FIR-002872,FIR-002887,series_crime,0.88
FIR-002878,FIR-002881,series_crime,0.83
FIR-002878,FIR-002887,series_crime,0.63
FIR-002881,FIR-002887,series_crime,0.95
FIR-002906,FIR-002910,series_crime,0.92
FIR-002906,FIR-002911,series_crime,0.7
FIR-002906,FIR-002912,series_crime,0.9
FIR-002910,FIR-002911,series_crime,0.91
FIR-002910,FIR-002912,series_crime,0.79
FIR-002910,FIR-002917,series_crime,0.83
FIR-002910,FIR-002916,series_crime,0.79
FIR-002911,FIR-002912,series_crime,0.63
FIR-002911,FIR-002917,series_crime,0.6
FIR-002911,FIR-002916,series_crime,0.69
FIR-002911,FIR-002923,series_crime,0.7
FIR-002912,FIR-002917,series_crime,0.7
FIR-002912,FIR-002916,series_crime,0.69
FIR-002912,FIR-002923,series_crime,0.92
FIR-002917,FIR-002916,series_crime,0.79
FIR-002917,FIR-002923,series_crime,0.62
FIR-002917,FIR-002931,series_crime,0.79
FIR-002916,FIR-002923,series_crime,0.73
FIR-002916,FIR-002931,series_crime,0.74
FIR-002923,FIR-002931,series_crime,0.78
FIR-002946,FIR-002947,series_crime,0.83
FIR-002946,FIR-002948,series_crime,0.71
FIR-002946,FIR-002953,series_crime,0.67
FIR-002947,FIR-002948,series_crime,0.69
FIR-002947,FIR-002953,series_crime,0.94
FIR-002948,FIR-002953,series_crime,0.65
FIR-002701,FIR-002707,series_crime,0.91
FIR-002719,FIR-002720,series_crime,0.68
FIR-002737,FIR-002744,series_crime,0.68
FIR-002737,FIR-002745,series_crime,0.82
FIR-002744,FIR-002745,series_crime,0.67
FIR-002760,FIR-002767,series_crime,0.7
FIR-002760,FIR-002772,series_crime,0.75
FIR-002767,FIR-002772,series_crime,0.72
FIR-002772,FIR-002781,series_crime,0.8
FIR-002781,FIR-002787,series_crime,0.71
FIR-002781,FIR-002790,series_crime,0.92
FIR-002787,FIR-002790,series_crime,0.84
FIR-002838,FIR-002842,series_crime,0.92
FIR-002838,FIR-002843,series_crime,0.92
FIR-002838,FIR-002845,series_crime,0.65
FIR-002842,FIR-002843,series_crime,0.73
FIR-002842,FIR-002845,series_crime,0.78
FIR-002843,FIR-002845,series_crime,0.78
FIR-002845,FIR-002859,series_crime,0.62
FIR-002845,FIR-002857,series_crime,0.92
FIR-002859,FIR-002857,series_crime,0.65
FIR-002859,FIR-002864,series_crime,0.76
FIR-002859,FIR-002866,series_crime,0.63
FIR-002857,FIR-002864,series_crime,0.66
FIR-002857,FIR-002866,series_crime,0.83
FIR-002864,FIR-002866,series_crime,0.84
FIR-002866,FIR-002879,series_crime,0.9
FIR-002879,FIR-002882,series_crime,0.91
FIR-002897,FIR-002903,series_crime,0.66
FIR-002897,FIR-002905,series_crime,0.81
FIR-002903,FIR-002905,series_crime,0.73
FIR-002905,FIR-002913,series_crime,0.67
FIR-002913,FIR-002922,series_crime,0.65
FIR-002936,FIR-002940,series_crime,0.81
FIR-002936,FIR-002942,series_crime,0.83
FIR-002936,FIR-002950,series_crime,0.75
FIR-002936,FIR-002951,series_crime,0.76
FIR-002940,FIR-002942,series_crime,0.91
FIR-002940,FIR-002950,series_crime,0.65
FIR-002940,FIR-002951,series_crime,0.88
FIR-002942,FIR-002950,series_crime,0.77
FIR-002942,FIR-002951,series_crime,0.62
FIR-002950,FIR-002951,series_crime,0.87
FIR-002708,FIR-002722,series_crime,0.6
FIR-002722,FIR-002729,series_crime,0.79
FIR-002722,FIR-002733,series_crime,0.62
FIR-002729,FIR-002733,series_crime,0.73
FIR-002780,FIR-002789,series_crime,0.92
FIR-002780,FIR-002793,series_crime,0.78
FIR-002789,FIR-002793,series_crime,0.65
FIR-002807,FIR-002819,series_crime,0.77
FIR-002834,FIR-002836,series_crime,0.84
FIR-002834,FIR-002833,series_crime,0.78
FIR-002836,FIR-002833,series_crime,0.81
FIR-002855,FIR-002856,series_crime,0.68
FIR-002855,FIR-002862,series_crime,0.62
FIR-002856,FIR-002862,series_crime,0.78
FIR-002886,FIR-002891,series_crime,0.72
FIR-002886,FIR-002890,series_crime,0.76
FIR-002886,FIR-002899,series_crime,0.89
FIR-002886,FIR-002898,series_crime,0.93
FIR-002891,FIR-002890,series_crime,0.67
FIR-002891,FIR-002899,series_crime,0.62
FIR-002891,FIR-002898,series_crime,0.72
FIR-002890,FIR-002899,series_crime,0.79
FIR-002890,FIR-002898,series_crime,0.92
FIR-002890,FIR-002907,series_crime,0.95
FIR-002899,FIR-002898,series_crime,0.74
FIR-002899,FIR-002907,series_crime,0.76
FIR-002898,FIR-002907,series_crime,0.6
FIR-002907,FIR-002914,series_crime,0.67
FIR-002933,FIR-002934,series_crime,0.77
FIR-002933,FIR-002943,series_crime,0.82
FIR-002934,FIR-002943,series_crime,0.67
FIR-002710,FIR-002711,series_crime,0.8
FIR-002710,FIR-002717,series_crime,0.74
FIR-002711,FIR-002717,series_crime,0.77
FIR-002717,FIR-002721,series_crime,0.65
FIR-002721,FIR-002738,series_crime,0.89
FIR-002738,FIR-002740,series_crime,0.67
FIR-002738,FIR-002743,series_crime,0.76
FIR-002738,FIR-002747,series_crime,0.64
FIR-002740,FIR-002743,series_crime,0.93
FIR-002740,FIR-002747,series_crime,0.92
FIR-002743,FIR-002747,series_crime,0.8
FIR-002747,FIR-002759,series_crime,0.84
FIR-002759,FIR-002764,series_crime,0.86
FIR-002764,FIR-002771,series_crime,0.89
FIR-002764,FIR-002768,series_crime,0.63
FIR-002764,FIR-002776,series_crime,0.67
FIR-002764,FIR-002777,series_crime,0.72
FIR-002771,FIR-002768,series_crime,0.78
FIR-002771,FIR-002776,series_crime,0.94
FIR-002771,FIR-002777,series_crime,0.67
FIR-002768,FIR-002776,series_crime,0.82
FIR-002768,FIR-002777,series_crime,0.94
FIR-002776,FIR-002777,series_crime,0.81
FIR-002776,FIR-002785,series_crime,0.76
FIR-002777,FIR-002785,series_crime,0.61
FIR-002813,FIR-002821,series_crime,0.79
FIR-002821,FIR-002828,series_crime,0.71
FIR-002848,FIR-002852,series_crime,0.75
FIR-002873,FIR-002877,series_crime,0.73
FIR-002873,FIR-002884,series_crime,0.82
FIR-002877,FIR-002884,series_crime,0.84
FIR-002884,FIR-002892,series_crime,0.74
FIR-002884,FIR-002894,series_crime,0.71
FIR-002884,FIR-002896,series_crime,0.69
FIR-002892,FIR-002894,series_crime,0.9
FIR-002892,FIR-002896,series_crime,0.88
FIR-002892,FIR-002904,series_crime,0.75
FIR-002894,FIR-002896,series_crime,0.82
FIR-002894,FIR-002904,series_crime,0.72
FIR-002896,FIR-002904,series_crime,0.86
FIR-002904,FIR-002908,series_crime,0.7
FIR-002904,FIR-002918,series_crime,0.78
FIR-002908,FIR-002918,series_crime,0.68
FIR-002918,FIR-002925,series_crime,0.78
FIR-002925,FIR-002938,series_crime,0.85
FIR-002938,FIR-002949,series_crime,0.79
FIR-002949,FIR-002952,series_crime,0.89
FIR-002949,FIR-002955,series_crime,0.92
FIR-002952,FIR-002955,series_crime,0.78
FIR-002723,FIR-002725,series_crime,0.85
FIR-002723,FIR-002724,series_crime,0.62
FIR-002725,FIR-002724,series_crime,0.87
FIR-002753,FIR-002761,series_crime,0.66
FIR-002812,FIR-002814,series_crime,0.75
FIR-002812,FIR-002816,series_crime,0.74
FIR-002814,FIR-002816,series_crime,0.7
FIR-002816,FIR-002827,series_crime,0.78
FIR-002827,FIR-002837,series_crime,0.9
FIR-002837,FIR-002846,series_crime,0.77
FIR-002861,FIR-002867,series_crime,0.72
FIR-002861,FIR-002868,series_crime,0.89
FIR-002867,FIR-002868,series_crime,0.94
FIR-002932,FIR-002939,series_crime,0.89
FIR-002762,FIR-002766,series_crime,0.89
FIR-002766,FIR-002774,series_crime,0.68
FIR-002808,FIR-002811,series_crime,0.94
FIR-002811,FIR-002823,series_crime,0.82
FIR-002871,FIR-002874,series_crime,0.87
FIR-002874,FIR-002880,series_crime,0.93
FIR-002880,FIR-002889,series_crime,0.71
FIR-002880,FIR-002885,series_crime,0.92
FIR-002889,FIR-002885,series_crime,0.61
FIR-002981,FIR-002983,series_crime,0.61
FIR-002981,FIR-002984,series_crime,0.9
FIR-002983,FIR-002984,series_crime,0.62
FIR-002984,FIR-002990,series_crime,0.8
FIR-002990,FIR-002992,series_crime,0.88
FIR-003000,FIR-002999,series_crime,0.92
FIR-003035,FIR-003038,series_crime,0.94
FIR-002996,FIR-002998,series_crime,0.77
FIR-002961,FIR-002964,series_crime,0.74
FIR-002976,FIR-002977,series_crime,0.83
FIR-002980,FIR-002987,series_crime,0.76
FIR-002987,FIR-002989,series_crime,0.78
FIR-002989,FIR-002991,series_crime,0.62
FIR-003004,FIR-003005,series_crime,0.67
FIR-003030,FIR-003033,series_crime,0.9
FIR-003033,FIR-003037,series_crime,0.65
FIR-003033,FIR-003040,series_crime,0.88
FIR-003037,FIR-003040,series_crime,0.89
FIR-003037,FIR-003039,series_crime,0.72
FIR-003040,FIR-003039,series_crime,0.92
FIR-002985,FIR-002986,series_crime,0.87
FIR-003028,FIR-003029,series_crime,0.82
FIR-002963,FIR-002970,series_crime,0.67
FIR-002970,FIR-002969,series_crime,0.67
FIR-002970,FIR-002971,series_crime,0.9
FIR-002969,FIR-002971,series_crime,0.64
FIR-003011,FIR-003012,series_crime,0.89
FIR-003016,FIR-003021,series_crime,0.78
FIR-003016,FIR-003022,series_crime,0.9
FIR-003016,FIR-003023,series_crime,0.76
FIR-003021,FIR-003022,series_crime,0.69
FIR-003021,FIR-003023,series_crime,0.94
FIR-003022,FIR-003023,series_crime,0.73
FIR-002965,FIR-002967,series_crime,0.7
FIR-002978,FIR-002982,series_crime,0.84
FIR-002993,FIR-002994,series_crime,0.79
FIR-003003,FIR-003006,series_crime,0.68
FIR-003003,FIR-003008,series_crime,0.74
FIR-003006,FIR-003008,series_crime,0.86
FIR-003008,FIR-003010,series_crime,0.84
FIR-003013,FIR-003015,series_crime,0.64
FIR-003013,FIR-003017,series_crime,0.95
FIR-003015,FIR-003017,series_crime,0.86
FIR-003031,FIR-003036,series_crime,0.71
FIR-003041,FIR-003043,series_crime,0.75
FIR-003062,FIR-003063,series_crime,0.9
FIR-003070,FIR-003072,series_crime,0.84
FIR-003077,FIR-003078,series_crime,0.7
FIR-003078,FIR-003080,series_crime,0.94
FIR-003095,FIR-003097,series_crime,0.94
FIR-003117,FIR-003121,series_crime,0.62
FIR-003046,FIR-003048,series_crime,0.88
FIR-003048,FIR-003052,series_crime,0.78
FIR-003052,FIR-003056,series_crime,0.84
FIR-003066,FIR-003069,series_crime,0.74
FIR-003069,FIR-003071,series_crime,0.82
FIR-003069,FIR-003074,series_crime,0.84
FIR-003071,FIR-003074,series_crime,0.63
FIR-003079,FIR-003081,series_crime,0.94
FIR-003081,FIR-003082,series_crime,0.63
FIR-003082,FIR-003088,series_crime,0.64
FIR-003088,FIR-003091,series_crime,0.87
FIR-003120,FIR-003123,series_crime,0.66
FIR-003047,FIR-003050,series_crime,0.74
FIR-003064,FIR-003065,series_crime,0.95
FIR-003073,FIR-003076,series_crime,0.87
FIR-003098,FIR-003100,series_crime,0.76
FIR-003051,FIR-003053,series_crime,0.74
FIR-003083,FIR-003085,series_crime,0.88
FIR-003111,FIR-003114,series_crime,0.85
FIR-003089,FIR-003092,series_crime,0.86
FIR-003092,FIR-003093,series_crime,0.79
FIR-003096,FIR-003099,series_crime,0.73
FIR-003115,FIR-003116,series_crime,0.74
FIR-003115,FIR-003119,series_crime,0.63
FIR-003115,FIR-003118,series_crime,0.91
FIR-003116,FIR-003119,series_crime,0.86
FIR-003116,FIR-003118,series_crime,0.79
FIR-003119,FIR-003118,series_crime,0.87
FIR-003068,FIR-003067,series_crime,0.66
FIR-003103,FIR-003106,series_crime,0.76
FIR-003106,FIR-003109,series_crime,0.81
FIR-003135,FIR-003136,series_crime,0.82
FIR-003155,FIR-003157,series_crime,0.76
FIR-003202,FIR-003204,series_crime,0.71
FIR-003166,FIR-003168,series_crime,0.9
FIR-003168,FIR-003174,series_crime,0.93
FIR-003134,FIR-003137,series_crime,0.91
FIR-003134,FIR-003140,series_crime,0.79
FIR-003137,FIR-003140,series_crime,0.65
FIR-003145,FIR-003146,series_crime,0.91
FIR-003149,FIR-003151,series_crime,0.62
FIR-003149,FIR-003153,series_crime,0.85
FIR-003151,FIR-003153,series_crime,0.77
FIR-003153,FIR-003159,series_crime,0.7
FIR-003159,FIR-003160,series_crime,0.64
FIR-003173,FIR-003177,series_crime,0.93
FIR-003177,FIR-003178,series_crime,0.64
FIR-003199,FIR-003201,series_crime,0.93
FIR-003201,FIR-003203,series_crime,0.88
FIR-003156,FIR-003161,series_crime,0.75
FIR-003161,FIR-003162,series_crime,0.64
FIR-003162,FIR-003164,series_crime,0.68
FIR-003183,FIR-003184,series_crime,0.67
FIR-003183,FIR-003185,series_crime,0.89
FIR-003183,FIR-003187,series_crime,0.84
FIR-003183,FIR-003188,series_crime,0.64
FIR-003184,FIR-003185,series_crime,0.77
FIR-003184,FIR-003187,series_crime,0.8
FIR-003184,FIR-003188,series_crime,0.61
FIR-003185,FIR-003187,series_crime,0.76
FIR-003185,FIR-003188,series_crime,0.92
FIR-003187,FIR-003188,series_crime,0.84
FIR-003187,FIR-003190,series_crime,0.82
FIR-003188,FIR-003190,series_crime,0.9
FIR-003190,FIR-003195,series_crime,0.86
FIR-003195,FIR-003196,series_crime,0.8
FIR-003196,FIR-003198,series_crime,0.69
FIR-003205,FIR-003209,series_crime,0.85
FIR-003131,FIR-003133,series_crime,0.94
FIR-003133,FIR-003138,series_crime,0.94
FIR-003138,FIR-003143,series_crime,0.67
FIR-003167,FIR-003171,series_crime,0.77
FIR-003206,FIR-003207,series_crime,0.71
FIR-003206,FIR-003208,series_crime,0.65
FIR-003207,FIR-003208,series_crime,0.81
FIR-003148,FIR-003150,series_crime,0.82
FIR-003169,FIR-003176,series_crime,0.67
FIR-003251,FIR-003254,series_crime,0.81
FIR-003290,FIR-003293,series_crime,0.66
FIR-003241,FIR-003242,series_crime,0.61
FIR-003281,FIR-003283,series_crime,0.73
FIR-003219,FIR-003222,series_crime,0.77
FIR-003235,FIR-003236,series_crime,0.9
FIR-003235,FIR-003238,series_crime,0.61
FIR-003235,FIR-003237,series_crime,0.79
FIR-003236,FIR-003238,series_crime,0.8
FIR-003236,FIR-003237,series_crime,0.65
FIR-003238,FIR-003237,series_crime,0.83
FIR-003244,FIR-003247,series_crime,0.75
FIR-003252,FIR-003257,series_crime,0.88
FIR-003257,FIR-003258,series_crime,0.6
FIR-003257,FIR-003261,series_crime,0.94
FIR-003257,FIR-003262,series_crime,0.62
FIR-003258,FIR-003261,series_crime,0.78
FIR-003258,FIR-003262,series_crime,0.86
FIR-003261,FIR-003262,series_crime,0.82
FIR-003262,FIR-003265,series_crime,0.62
FIR-003265,FIR-003266,series_crime,0.82
FIR-003216,FIR-003218,series_crime,0.88
FIR-003216,FIR-003221,series_crime,0.65
FIR-003218,FIR-003221,series_crime,0.81
FIR-003274,FIR-003277,series_crime,0.87
FIR-003274,FIR-003279,series_crime,0.74
FIR-003277,FIR-003279,series_crime,0.65
FIR-003277,FIR-003280,series_crime,0.92
FIR-003279,FIR-003280,series_crime,0.83
FIR-003217,FIR-003223,series_crime,0.77
FIR-003223,FIR-003225,series_crime,0.91
FIR-003271,FIR-003278,series_crime,0.83
FIR-003282,FIR-003284,series_crime,0.64
FIR-003282,FIR-003285,series_crime,0.84
FIR-003284,FIR-003285,series_crime,0.67
FIR-003286,FIR-003288,series_crime,0.87
FIR-003286,FIR-003291,series_crime,0.64
FIR-003288,FIR-003291,series_crime,0.75
FIR-003224,FIR-003227,series_crime,0.61
FIR-003224,FIR-003228,series_crime,0.67
FIR-003227,FIR-003228,series_crime,0.79
FIR-003255,FIR-003259,series_crime,0.81
FIR-003264,FIR-003267,series_crime,0.66
FIR-003295,FIR-003294,series_crime,0.86
FIR-003233,FIR-003234,series_crime,0.73
FIR-003245,FIR-003246,series_crime,0.68
FIR-003308,FIR-003309,series_crime,0.84
FIR-003309,FIR-003314,series_crime,0.94
FIR-003314,FIR-003315,series_crime,0.7
FIR-003331,FIR-003333,series_crime,0.61
FIR-003337,FIR-003339,series_crime,0.66
FIR-003337,FIR-003341,series_crime,0.63
FIR-003339,FIR-003341,series_crime,0.67
FIR-003339,FIR-003345,series_crime,0.62
FIR-003341,FIR-003345,series_crime,0.78
FIR-003345,FIR-003349,series_crime,0.61
FIR-003355,FIR-003356,series_crime,0.7
FIR-003365,FIR-003368,series_crime,0.66
FIR-003368,FIR-003370,series_crime,0.9
FIR-003370,FIR-003372,series_crime,0.63
FIR-003323,FIR-003325,series_crime,0.91
FIR-003325,FIR-003328,series_crime,0.79
FIR-003332,FIR-003335,series_crime,0.64
FIR-003299,FIR-003301,series_crime,0.89
FIR-003313,FIR-003316,series_crime,0.93
FIR-003319,FIR-003320,series_crime,0.81
FIR-003319,FIR-003322,series_crime,0.69
FIR-003320,FIR-003322,series_crime,0.68
FIR-003320,FIR-003326,series_crime,0.93
FIR-003320,FIR-003327,series_crime,0.69
FIR-003322,FIR-003326,series_crime,0.83
FIR-003322,FIR-003327,series_crime,0.87
FIR-003326,FIR-003327,series_crime,0.67
FIR-003338,FIR-003340,series_crime,0.83
FIR-003340,FIR-003344,series_crime,0.86
FIR-003348,FIR-003350,series_crime,0.84
FIR-003350,FIR-003353,series_crime,0.78
FIR-003302,FIR-003304,series_crime,0.92
FIR-003346,FIR-003347,series_crime,0.66
FIR-003317,FIR-003318,series_crime,0.64
FIR-003352,FIR-003354,series_crime,0.7
FIR-003362,FIR-003366,series_crime,0.66
FIR-003373,FIR-003375,series_crime,0.75
FIR-003373,FIR-003377,series_crime,0.83
FIR-003375,FIR-003377,series_crime,0.72
FIR-003306,FIR-003312,series_crime,0.89
FIR-003363,FIR-003364,series_crime,0.77
FIR-003364,FIR-003367,series_crime,0.65
FIR-003379,FIR-003380,series_crime,0.84
FIR-003381,FIR-003382,series_crime,0.91
FIR-003382,FIR-003385,series_crime,0.74
FIR-003395,FIR-003398,series_crime,0.9
FIR-003421,FIR-003422,series_crime,0.62
FIR-003421,FIR-003423,series_crime,0.65
FIR-003421,FIR-003425,series_crime,0.7
FIR-003422,FIR-003423,series_crime,0.63
FIR-003422,FIR-003425,series_crime,0.61
FIR-003422,FIR-003428,series_crime,0.83
FIR-003423,FIR-003425,series_crime,0.64
FIR-003423,FIR-003428,series_crime,0.69
FIR-003425,FIR-003428,series_crime,0.62
FIR-003428,FIR-003430,series_crime,0.62
FIR-003459,FIR-003461,series_crime,0.95
FIR-003459,FIR-003460,series_crime,0.94
FIR-003461,FIR-003460,series_crime,0.71
FIR-003383,FIR-003386,series_crime,0.93
FIR-003390,FIR-003397,series_crime,0.67
FIR-003397,FIR-003396,series_crime,0.61
FIR-003438,FIR-003444,series_crime,0.8
FIR-003400,FIR-003403,series_crime,0.86
FIR-003432,FIR-003433,series_crime,0.84
FIR-003463,FIR-003464,series_crime,0.88
FIR-003387,FIR-003389,series_crime,0.69
FIR-003404,FIR-003407,series_crime,0.64
FIR-003414,FIR-003417,series_crime,0.63
FIR-003409,FIR-003415,series_crime,0.81
FIR-003440,FIR-003443,series_crime,0.89
FIR-003391,FIR-003392,series_crime,0.72
FIR-003391,FIR-003393,series_crime,0.87
FIR-003392,FIR-003393,series_crime,0.6
FIR-003412,FIR-003413,series_crime,0.65
FIR-003442,FIR-003446,series_crime,0.86
FIR-003497,FIR-003499,series_crime,0.83
FIR-003515,FIR-003519,series_crime,0.81
FIR-003480,FIR-003479,series_crime,0.78
FIR-003485,FIR-003486,series_crime,0.68
FIR-003501,FIR-003502,series_crime,0.93
FIR-003501,FIR-003504,series_crime,0.82
FIR-003502,FIR-003504,series_crime,0.66
FIR-003504,FIR-003506,series_crime,0.86
FIR-003506,FIR-003508,series_crime,0.69
FIR-003516,FIR-003518,series_crime,0.73
FIR-003487,FIR-003489,series_crime,0.75
FIR-003471,FIR-003474,series_crime,0.89
FIR-003488,FIR-003490,series_crime,0.81
FIR-003490,FIR-003493,series_crime,0.8
FIR-003490,FIR-003494,series_crime,0.73
FIR-003493,FIR-003494,series_crime,0.9
FIR-003532,FIR-003533,series_crime,0.95
FIR-003543,FIR-003548,series_crime,0.72
FIR-003543,FIR-003549,series_crime,0.87
FIR-003548,FIR-003549,series_crime,0.77
FIR-003472,FIR-003473,series_crime,0.64
FIR-003472,FIR-003476,series_crime,0.88
FIR-003473,FIR-003476,series_crime,0.71
FIR-003492,FIR-003496,series_crime,0.79
FIR-003496,FIR-003500,series_crime,0.63
FIR-003505,FIR-003510,series_crime,0.65
FIR-003510,FIR-003511,series_crime,0.73
FIR-003521,FIR-003524,series_crime,0.92
FIR-003524,FIR-003527,series_crime,0.92
FIR-003527,FIR-003530,series_crime,0.95
FIR-003530,FIR-003535,series_crime,0.69
FIR-003478,FIR-003482,series_crime,0.8
FIR-003491,FIR-003495,series_crime,0.69
FIR-003542,FIR-003541,series_crime,0.6
FIR-003481,FIR-003483,series_crime,0.86
FIR-003512,FIR-003514,series_crime,0.77
FIR-003525,FIR-003529,series_crime,0.67
FIR-003630,FIR-003635,series_crime,0.87
FIR-003553,FIR-003554,series_crime,0.74
FIR-003553,FIR-003555,series_crime,0.91
FIR-003554,FIR-003555,series_crime,0.78
FIR-003555,FIR-003559,series_crime,0.61
FIR-003559,FIR-003561,series_crime,0.87
FIR-003561,FIR-003564,series_crime,0.86
FIR-003561,FIR-003565,series_crime,0.62
FIR-003564,FIR-003565,series_crime,0.85
FIR-003564,FIR-003569,series_crime,0.66
FIR-003565,FIR-003569,series_crime,0.9
FIR-003569,FIR-003571,series_crime,0.83
FIR-003571,FIR-003573,series_crime,0.73
FIR-003582,FIR-003584,series_crime,0.62
FIR-003582,FIR-003586,series_crime,0.83
FIR-003584,FIR-003586,series_crime,0.82
FIR-003584,FIR-003587,series_crime,0.75
FIR-003586,FIR-003587,series_crime,0.64
FIR-003591,FIR-003595,series_crime,0.85
FIR-003595,FIR-003599,series_crime,0.65
FIR-003607,FIR-003609,series_crime,0.8
FIR-003607,FIR-003611,series_crime,0.92
FIR-003609,FIR-003611,series_crime,0.77
FIR-003609,FIR-003615,series_crime,0.93
FIR-003611,FIR-003615,series_crime,0.9
FIR-003611,FIR-003616,series_crime,0.81
FIR-003615,FIR-003616,series_crime,0.75
FIR-003615,FIR-003617,series_crime,0.61
FIR-003615,FIR-003618,series_crime,0.7
FIR-003616,FIR-003617,series_crime,0.87
FIR-003616,FIR-003618,series_crime,0.64
FIR-003617,FIR-003618,series_crime,0.88
FIR-003622,FIR-003623,series_crime,0.85
FIR-003574,FIR-003577,series_crime,0.94
FIR-003592,FIR-003597,series_crime,0.84
FIR-003597,FIR-003601,series_crime,0.71
FIR-003601,FIR-003603,series_crime,0.68
FIR-003614,FIR-003619,series_crime,0.73
FIR-003629,FIR-003633,series_crime,0.71
FIR-003629,FIR-003632,series_crime,0.61
FIR-003633,FIR-003632,series_crime,0.72
FIR-003633,FIR-003634,series_crime,0.7
FIR-003632,FIR-003634,series_crime,0.91
FIR-003600,FIR-003602,series_crime,0.63
FIR-003606,FIR-003608,series_crime,0.75
FIR-003608,FIR-003612,series_crime,0.71
FIR-003568,FIR-003570,series_crime,0.74
FIR-003570,FIR-003572,series_crime,0.78
FIR-003583,FIR-003585,series_crime,0.84
FIR-003625,FIR-003627,series_crime,0.69
FIR-003560,FIR-003567,series_crime,0.65
FIR-003575,FIR-003580,series_crime,0.85
FIR-003593,FIR-003596,series_crime,0.87
FIR-003593,FIR-003598,series_crime,0.81
FIR-003596,FIR-003598,series_crime,0.68
FIR-003626,FIR-003628,series_crime,0.88
FIR-003578,FIR-003579,series_crime,0.93
FIR-003664,FIR-003665,series_crime,0.64
FIR-003677,FIR-003684,series_crime,0.92
FIR-003684,FIR-003686,series_crime,0.81
FIR-003686,FIR-003688,series_crime,0.75
FIR-003713,FIR-003715,series_crime,0.81
FIR-003637,FIR-003639,series_crime,0.67
FIR-003643,FIR-003650,series_crime,0.94
FIR-003655,FIR-003658,series_crime,0.82
FIR-003658,FIR-003660,series_crime,0.74
FIR-003658,FIR-003661,series_crime,0.69
FIR-003660,FIR-003661,series_crime,0.62
FIR-003660,FIR-003663,series_crime,0.65
FIR-003661,FIR-003663,series_crime,0.66
FIR-003691,FIR-003692,series_crime,0.88
FIR-003691,FIR-003694,series_crime,0.78
FIR-003692,FIR-003694,series_crime,0.69
FIR-003694,FIR-003697,series_crime,0.64
FIR-003697,FIR-003702,series_crime,0.92
FIR-003697,FIR-003703,series_crime,0.65
FIR-003702,FIR-003703,series_crime,0.76
FIR-003702,FIR-003705,series_crime,0.67
FIR-003702,FIR-003706,series_crime,0.64
FIR-003703,FIR-003705,series_crime,0.62
FIR-003703,FIR-003706,series_crime,0.78
FIR-003705,FIR-003706,series_crime,0.82
FIR-003710,FIR-003711,series_crime,0.76
FIR-003710,FIR-003714,series_crime,0.86
FIR-003711,FIR-003714,series_crime,0.84
FIR-003668,FIR-003672,series_crime,0.66
FIR-003695,FIR-003699,series_crime,0.88
FIR-003708,FIR-003712,series_crime,0.63
FIR-003669,FIR-003670,series_crime,0.83
FIR-003644,FIR-003647,series_crime,0.72
FIR-003644,FIR-003648,series_crime,0.93
FIR-003647,FIR-003648,series_crime,0.95
FIR-003647,FIR-003649,series_crime,0.8
FIR-003647,FIR-003653,series_crime,0.95
FIR-003648,FIR-003649,series_crime,0.81
FIR-003648,FIR-003653,series_crime,0.85
FIR-003649,FIR-003653,series_crime,0.87
FIR-003667,FIR-003671,series_crime,0.91
FIR-003678,FIR-003680,series_crime,0.68
FIR-003678,FIR-003682,series_crime,0.62
FIR-003680,FIR-003682,series_crime,0.64
FIR-003662,FIR-003666,series_crime,0.74
FIR-003698,FIR-003700,series_crime,0.76
