fir_id,location_id,exact_address,landmark
FIR-000001,LOC-00009,"Near LOC-00009, Bagalkot",Petrol Bunk
FIR-000002,LOC-00026,"Near LOC-00026, Bagalkot",Temple
FIR-000003,LOC-00006,"Near LOC-00006, Bagalkot",Circle
FIR-000004,LOC-00007,"Near LOC-00007, Bagalkot",School
FIR-000005,LOC-00008,"Near LOC-00008, Bagalkot",Petrol Bunk
FIR-000006,LOC-00017,"Near LOC-00017, Bagalkot",School
FIR-000007,LOC-00023,"Near LOC-00023, Bagalkot",Temple
FIR-000008,LOC-00007,"Near LOC-00007, Bagalkot",School
FIR-000009,LOC-00005,"Near LOC-00005, Bagalkot",Market
FIR-000010,LOC-00027,"Near LOC-00027, Bagalkot",Petrol Bunk
FIR-000011,LOC-00017,"Near LOC-00017, Bagalkot",Bus Stand
FIR-000012,LOC-00001,"Near LOC-00001, Bagalkot",School
FIR-000013,LOC-00006,"Near LOC-00006, Bagalkot",Market
FIR-000014,LOC-00016,"Near LOC-00016, Bagalkot",Market
FIR-000015,LOC-00020,"Near LOC-00020, Bagalkot",Temple
FIR-000016,LOC-00005,"Near LOC-00005, Bagalkot",Bus Stand
FIR-000017,LOC-00024,"Near LOC-00024, Bagalkot",Bus Stand
FIR-000018,LOC-00007,"Near LOC-00007, Bagalkot",School
FIR-000019,LOC-00004,"Near LOC-00004, Bagalkot",Circle
FIR-000020,LOC-00005,"Near LOC-00005, Bagalkot",Temple
FIR-000021,LOC-00028,"Near LOC-00028, Bagalkot",Circle
FIR-000022,LOC-00025,"Near LOC-00025, Bagalkot",Temple
FIR-000023,LOC-00017,"Near LOC-00017, Bagalkot",Temple
FIR-000024,LOC-00024,"Near LOC-00024, Bagalkot",Circle
FIR-000025,LOC-00017,"Near LOC-00017, Bagalkot",Petrol Bunk
FIR-000026,LOC-00019,"Near LOC-00019, Bagalkot",Bus Stand
FIR-000027,LOC-00008,"Near LOC-00008, Bagalkot",Temple
FIR-000028,LOC-00007,"Near LOC-00007, Bagalkot",Petrol Bunk
FIR-000029,LOC-00022,"Near LOC-00022, Bagalkot",Market
FIR-000030,LOC-00013,"Near LOC-00013, Bagalkot",Petrol Bunk
FIR-000031,LOC-00005,"Near LOC-00005, Bagalkot",Temple
FIR-000032,LOC-00027,"Near LOC-00027, Bagalkot",Bus Stand
FIR-000033,LOC-00023,"Near LOC-00023, Bagalkot",School
FIR-000034,LOC-00007,"Near LOC-00007, Bagalkot",Circle
FIR-000035,LOC-00024,"Near LOC-00024, Bagalkot",Petrol Bunk
FIR-000036,LOC-00019,"Near LOC-00019, Bagalkot",Market
FIR-000037,LOC-00005,"Near LOC-00005, Bagalkot",Petrol Bunk
FIR-000038,LOC-00017,"Near LOC-00017, Bagalkot",School
FIR-000039,LOC-00022,"Near LOC-00022, Bagalkot",Market
FIR-000040,LOC-00012,"Near LOC-00012, Bagalkot",Temple
FIR-000041,LOC-00016,"Near LOC-00016, Bagalkot",Circle
FIR-000042,LOC-00023,"Near LOC-00023, Bagalkot",Temple
FIR-000043,LOC-00008,"Near LOC-00008, Bagalkot",Petrol Bunk
FIR-000044,LOC-00026,"Near LOC-00026, Bagalkot",School
FIR-000045,LOC-00025,"Near LOC-00025, Bagalkot",Circle
FIR-000046,LOC-00001,"Near LOC-00001, Bagalkot",Market
FIR-000047,LOC-00028,"Near LOC-00028, Bagalkot",Petrol Bunk
FIR-000048,LOC-00009,"Near LOC-00009, Bagalkot",Market
FIR-000049,LOC-00013,"Near LOC-00013, Bagalkot",Circle
FIR-000050,LOC-00011,"Near LOC-00011, Bagalkot",Circle
FIR-000051,LOC-00004,"Near LOC-00004, Bagalkot",School
FIR-000052,LOC-00005,"Near LOC-00005, Bagalkot",Bus Stand
FIR-000053,LOC-00007,"Near LOC-00007, Bagalkot",School
FIR-000054,LOC-00021,"Near LOC-00021, Bagalkot",Market
FIR-000055,LOC-00028,"Near LOC-00028, Bagalkot",Circle
FIR-000056,LOC-00017,"Near LOC-00017, Bagalkot",Circle
FIR-000057,LOC-00007,"Near LOC-00007, Bagalkot",Temple
FIR-000058,LOC-00007,"Near LOC-00007, Bagalkot",Petrol Bunk
FIR-000059,LOC-00019,"Near LOC-00019, Bagalkot",School
FIR-000060,LOC-00017,"Near LOC-00017, Bagalkot",Circle
FIR-000061,LOC-00005,"Near LOC-00005, Bagalkot",Market
FIR-000062,LOC-00003,"Near LOC-00003, Bagalkot",School
FIR-000063,LOC-00014,"Near LOC-00014, Bagalkot",Bus Stand
FIR-000064,LOC-00015,"Near LOC-00015, Bagalkot",Petrol Bunk
FIR-000065,LOC-00015,"Near LOC-00015, Bagalkot",Bus Stand
FIR-000066,LOC-00027,"Near LOC-00027, Bagalkot",Temple
FIR-000067,LOC-00005,"Near LOC-00005, Bagalkot",Temple
FIR-000068,LOC-00008,"Near LOC-00008, Bagalkot",Petrol Bunk
FIR-000069,LOC-00019,"Near LOC-00019, Bagalkot",Market
FIR-000070,LOC-00027,"Near LOC-00027, Bagalkot",Circle
FIR-000071,LOC-00003,"Near LOC-00003, Bagalkot",Market
FIR-000072,LOC-00017,"Near LOC-00017, Bagalkot",School
FIR-000073,LOC-00019,"Near LOC-00019, Bagalkot",Market
FIR-000074,LOC-00010,"Near LOC-00010, Bagalkot",Market
FIR-000075,LOC-00017,"Near LOC-00017, Bagalkot",Circle
FIR-000076,LOC-00022,"Near LOC-00022, Bagalkot",Circle
FIR-000077,LOC-00001,"Near LOC-00001, Bagalkot",Bus Stand
FIR-000078,LOC-00002,"Near LOC-00002, Bagalkot",School
FIR-000079,LOC-00007,"Near LOC-00007, Bagalkot",School
FIR-000080,LOC-00027,"Near LOC-00027, Bagalkot",Temple
FIR-000081,LOC-00005,"Near LOC-00005, Bagalkot",Bus Stand
FIR-000082,LOC-00017,"Near LOC-00017, Bagalkot",Bus Stand
FIR-000083,LOC-00005,"Near LOC-00005, Bagalkot",Bus Stand
FIR-000084,LOC-00027,"Near LOC-00027, Bagalkot",Temple
FIR-000085,LOC-00019,"Near LOC-00019, Bagalkot",Market
FIR-000086,LOC-00009,"Near LOC-00009, Bagalkot",Market
FIR-000087,LOC-00026,"Near LOC-00026, Bagalkot",Circle
FIR-000088,LOC-00016,"Near LOC-00016, Bagalkot",School
FIR-000089,LOC-00027,"Near LOC-00027, Bagalkot",Circle
FIR-000090,LOC-00002,"Near LOC-00002, Bagalkot",Bus Stand
FIR-000091,LOC-00014,"Near LOC-00014, Bagalkot",Market
FIR-000092,LOC-00021,"Near LOC-00021, Bagalkot",Temple
FIR-000093,LOC-00017,"Near LOC-00017, Bagalkot",Bus Stand
FIR-000094,LOC-00013,"Near LOC-00013, Bagalkot",Temple
FIR-000095,LOC-00018,"Near LOC-00018, Bagalkot",School
FIR-000096,LOC-00020,"Near LOC-00020, Bagalkot",School
FIR-000097,LOC-00004,"Near LOC-00004, Bagalkot",Temple
FIR-000098,LOC-00008,"Near LOC-00008, Bagalkot",School
FIR-000099,LOC-00011,"Near LOC-00011, Bagalkot",Circle
FIR-000100,LOC-00021,"Near LOC-00021, Bagalkot",Petrol Bunk
FIR-000101,LOC-00012,"Near LOC-00012, Bagalkot",Petrol Bunk
FIR-000102,LOC-00018,"Near LOC-00018, Bagalkot",Circle
FIR-000103,LOC-00019,"Near LOC-00019, Bagalkot",Circle
FIR-000104,LOC-00015,"Near LOC-00015, Bagalkot",School
FIR-000105,LOC-00018,"Near LOC-00018, Bagalkot",Market
FIR-000106,LOC-00008,"Near LOC-00008, Bagalkot",Circle
FIR-000107,LOC-00014,"Near LOC-00014, Bagalkot",School
FIR-000108,LOC-00025,"Near LOC-00025, Bagalkot",Bus Stand
FIR-000109,LOC-00027,"Near LOC-00027, Bagalkot",Market
FIR-000110,LOC-00006,"Near LOC-00006, Bagalkot",School
FIR-000111,LOC-00008,"Near LOC-00008, Bagalkot",Petrol Bunk
FIR-000112,LOC-00003,"Near LOC-00003, Bagalkot",Petrol Bunk
FIR-000113,LOC-00002,"Near LOC-00002, Bagalkot",Petrol Bunk
FIR-000114,LOC-00010,"Near LOC-00010, Bagalkot",School
FIR-000115,LOC-00008,"Near LOC-00008, Bagalkot",Bus Stand
FIR-000116,LOC-00012,"Near LOC-00012, Bagalkot",Petrol Bunk
FIR-000117,LOC-00010,"Near LOC-00010, Bagalkot",Bus Stand
FIR-000118,LOC-00019,"Near LOC-00019, Bagalkot",Circle
FIR-000119,LOC-00011,"Near LOC-00011, Bagalkot",Temple
FIR-000120,LOC-00020,"Near LOC-00020, Bagalkot",Market
FIR-000121,LOC-00040,"Near LOC-00040, Ballari",Petrol Bunk
FIR-000122,LOC-00035,"Near LOC-00035, Ballari",Market
FIR-000123,LOC-00056,"Near LOC-00056, Ballari",Petrol Bunk
FIR-000124,LOC-00030,"Near LOC-00030, Ballari",Petrol Bunk
FIR-000125,LOC-00041,"Near LOC-00041, Ballari",Petrol Bunk
FIR-000126,LOC-00047,"Near LOC-00047, Ballari",Circle
FIR-000127,LOC-00054,"Near LOC-00054, Ballari",Bus Stand
FIR-000128,LOC-00051,"Near LOC-00051, Ballari",Market
FIR-000129,LOC-00029,"Near LOC-00029, Ballari",Circle
FIR-000130,LOC-00052,"Near LOC-00052, Ballari",Market
FIR-000131,LOC-00053,"Near LOC-00053, Ballari",Circle
FIR-000132,LOC-00055,"Near LOC-00055, Ballari",Market
FIR-000133,LOC-00051,"Near LOC-00051, Ballari",Circle
FIR-000134,LOC-00045,"Near LOC-00045, Ballari",Petrol Bunk
FIR-000135,LOC-00051,"Near LOC-00051, Ballari",School
FIR-000136,LOC-00042,"Near LOC-00042, Ballari",Temple
FIR-000137,LOC-00029,"Near LOC-00029, Ballari",School
FIR-000138,LOC-00045,"Near LOC-00045, Ballari",Circle
FIR-000139,LOC-00029,"Near LOC-00029, Ballari",Circle
FIR-000140,LOC-00047,"Near LOC-00047, Ballari",Temple
FIR-000141,LOC-00050,"Near LOC-00050, Ballari",Market
FIR-000142,LOC-00040,"Near LOC-00040, Ballari",Circle
FIR-000143,LOC-00040,"Near LOC-00040, Ballari",School
FIR-000144,LOC-00049,"Near LOC-00049, Ballari",School
FIR-000145,LOC-00029,"Near LOC-00029, Ballari",Temple
FIR-000146,LOC-00040,"Near LOC-00040, Ballari",Temple
FIR-000147,LOC-00038,"Near LOC-00038, Ballari",Temple
FIR-000148,LOC-00043,"Near LOC-00043, Ballari",Bus Stand
FIR-000149,LOC-00037,"Near LOC-00037, Ballari",Market
FIR-000150,LOC-00049,"Near LOC-00049, Ballari",Circle
FIR-000151,LOC-00033,"Near LOC-00033, Ballari",Temple
FIR-000152,LOC-00054,"Near LOC-00054, Ballari",School
FIR-000153,LOC-00037,"Near LOC-00037, Ballari",Market
FIR-000154,LOC-00038,"Near LOC-00038, Ballari",Market
FIR-000155,LOC-00046,"Near LOC-00046, Ballari",Market
FIR-000156,LOC-00043,"Near LOC-00043, Ballari",Bus Stand
FIR-000157,LOC-00034,"Near LOC-00034, Ballari",Petrol Bunk
FIR-000158,LOC-00052,"Near LOC-00052, Ballari",Circle
FIR-000159,LOC-00029,"Near LOC-00029, Ballari",Market
FIR-000160,LOC-00042,"Near LOC-00042, Ballari",Temple
FIR-000161,LOC-00039,"Near LOC-00039, Ballari",School
FIR-000162,LOC-00045,"Near LOC-00045, Ballari",Temple
FIR-000163,LOC-00038,"Near LOC-00038, Ballari",Circle
FIR-000164,LOC-00044,"Near LOC-00044, Ballari",Temple
FIR-000165,LOC-00048,"Near LOC-00048, Ballari",Market
FIR-000166,LOC-00043,"Near LOC-00043, Ballari",Petrol Bunk
FIR-000167,LOC-00052,"Near LOC-00052, Ballari",Petrol Bunk
FIR-000168,LOC-00036,"Near LOC-00036, Ballari",Circle
FIR-000169,LOC-00041,"Near LOC-00041, Ballari",Circle
FIR-000170,LOC-00038,"Near LOC-00038, Ballari",School
FIR-000171,LOC-00032,"Near LOC-00032, Ballari",Bus Stand
FIR-000172,LOC-00041,"Near LOC-00041, Ballari",Market
FIR-000173,LOC-00038,"Near LOC-00038, Ballari",Petrol Bunk
FIR-000174,LOC-00040,"Near LOC-00040, Ballari",Bus Stand
FIR-000175,LOC-00048,"Near LOC-00048, Ballari",School
FIR-000176,LOC-00056,"Near LOC-00056, Ballari",Bus Stand
FIR-000177,LOC-00036,"Near LOC-00036, Ballari",Petrol Bunk
FIR-000178,LOC-00040,"Near LOC-00040, Ballari",Circle
FIR-000179,LOC-00055,"Near LOC-00055, Ballari",School
FIR-000180,LOC-00035,"Near LOC-00035, Ballari",Bus Stand
FIR-000181,LOC-00049,"Near LOC-00049, Ballari",Circle
FIR-000182,LOC-00039,"Near LOC-00039, Ballari",School
FIR-000183,LOC-00049,"Near LOC-00049, Ballari",Petrol Bunk
FIR-000184,LOC-00040,"Near LOC-00040, Ballari",Petrol Bunk
FIR-000185,LOC-00055,"Near LOC-00055, Ballari",Circle
FIR-000186,LOC-00034,"Near LOC-00034, Ballari",Market
FIR-000187,LOC-00029,"Near LOC-00029, Ballari",Petrol Bunk
FIR-000188,LOC-00032,"Near LOC-00032, Ballari",Petrol Bunk
FIR-000189,LOC-00035,"Near LOC-00035, Ballari",Temple
FIR-000190,LOC-00049,"Near LOC-00049, Ballari",Temple
FIR-000191,LOC-00053,"Near LOC-00053, Ballari",Bus Stand
FIR-000192,LOC-00037,"Near LOC-00037, Ballari",Bus Stand
FIR-000193,LOC-00039,"Near LOC-00039, Ballari",School
FIR-000194,LOC-00038,"Near LOC-00038, Ballari",Circle
FIR-000195,LOC-00040,"Near LOC-00040, Ballari",Petrol Bunk
FIR-000196,LOC-00036,"Near LOC-00036, Ballari",Market
FIR-000197,LOC-00031,"Near LOC-00031, Ballari",Petrol Bunk
FIR-000198,LOC-00050,"Near LOC-00050, Ballari",Circle
FIR-000199,LOC-00044,"Near LOC-00044, Ballari",Market
FIR-000200,LOC-00029,"Near LOC-00029, Ballari",Petrol Bunk
FIR-000201,LOC-00047,"Near LOC-00047, Ballari",Market
FIR-000202,LOC-00052,"Near LOC-00052, Ballari",Bus Stand
FIR-000203,LOC-00048,"Near LOC-00048, Ballari",School
FIR-000204,LOC-00038,"Near LOC-00038, Ballari",Market
FIR-000205,LOC-00044,"Near LOC-00044, Ballari",Petrol Bunk
FIR-000206,LOC-00031,"Near LOC-00031, Ballari",Petrol Bunk
FIR-000207,LOC-00050,"Near LOC-00050, Ballari",Circle
FIR-000208,LOC-00029,"Near LOC-00029, Ballari",School
FIR-000209,LOC-00036,"Near LOC-00036, Ballari",Bus Stand
FIR-000210,LOC-00031,"Near LOC-00031, Ballari",Temple
FIR-000211,LOC-00036,"Near LOC-00036, Ballari",Circle
FIR-000212,LOC-00038,"Near LOC-00038, Ballari",Market
FIR-000213,LOC-00046,"Near LOC-00046, Ballari",School
FIR-000214,LOC-00029,"Near LOC-00029, Ballari",Petrol Bunk
FIR-000215,LOC-00030,"Near LOC-00030, Ballari",Temple
FIR-000216,LOC-00038,"Near LOC-00038, Ballari",Circle
FIR-000217,LOC-00049,"Near LOC-00049, Ballari",School
FIR-000218,LOC-00046,"Near LOC-00046, Ballari",Bus Stand
FIR-000219,LOC-00056,"Near LOC-00056, Ballari",Bus Stand
FIR-000220,LOC-00032,"Near LOC-00032, Ballari",Market
FIR-000221,LOC-00049,"Near LOC-00049, Ballari",School
FIR-000222,LOC-00038,"Near LOC-00038, Ballari",Circle
FIR-000223,LOC-00030,"Near LOC-00030, Ballari",Market
FIR-000224,LOC-00049,"Near LOC-00049, Ballari",Circle
FIR-000225,LOC-00036,"Near LOC-00036, Ballari",Bus Stand
FIR-000226,LOC-00029,"Near LOC-00029, Ballari",Temple
FIR-000227,LOC-00033,"Near LOC-00033, Ballari",School
FIR-000228,LOC-00040,"Near LOC-00040, Ballari",Petrol Bunk
FIR-000229,LOC-00054,"Near LOC-00054, Ballari",Temple
FIR-000230,LOC-00040,"Near LOC-00040, Ballari",Circle
FIR-000231,LOC-00034,"Near LOC-00034, Ballari",Circle
FIR-000232,LOC-00036,"Near LOC-00036, Ballari",School
FIR-000233,LOC-00042,"Near LOC-00042, Ballari",Market
FIR-000234,LOC-00033,"Near LOC-00033, Ballari",Temple
FIR-000235,LOC-00029,"Near LOC-00029, Ballari",Circle
FIR-000236,LOC-00053,"Near LOC-00053, Ballari",Bus Stand
FIR-000237,LOC-00052,"Near LOC-00052, Ballari",Circle
FIR-000238,LOC-00052,"Near LOC-00052, Ballari",Petrol Bunk
FIR-000239,LOC-00049,"Near LOC-00049, Ballari",School
FIR-000240,LOC-00052,"Near LOC-00052, Ballari",Petrol Bunk
FIR-000241,LOC-00061,"Near LOC-00061, Belagavi",Temple
FIR-000242,LOC-00086,"Near LOC-00086, Belagavi",Bus Stand
FIR-000243,LOC-00079,"Near LOC-00079, Belagavi",Market
FIR-000244,LOC-00079,"Near LOC-00079, Belagavi",Market
FIR-000245,LOC-00059,"Near LOC-00059, Belagavi",Temple
FIR-000246,LOC-00087,"Near LOC-00087, Belagavi",Market
FIR-000247,LOC-00080,"Near LOC-00080, Belagavi",Petrol Bunk
FIR-000248,LOC-00068,"Near LOC-00068, Belagavi",Petrol Bunk
FIR-000249,LOC-00084,"Near LOC-00084, Belagavi",Petrol Bunk
FIR-000250,LOC-00094,"Near LOC-00094, Belagavi",Petrol Bunk
FIR-000251,LOC-00084,"Near LOC-00084, Belagavi",Petrol Bunk
FIR-000252,LOC-00073,"Near LOC-00073, Belagavi",Circle
FIR-000253,LOC-00076,"Near LOC-00076, Belagavi",Bus Stand
FIR-000254,LOC-00094,"Near LOC-00094, Belagavi",Circle
FIR-000255,LOC-00092,"Near LOC-00092, Belagavi",Petrol Bunk
FIR-000256,LOC-00095,"Near LOC-00095, Belagavi",Petrol Bunk
FIR-000257,LOC-00064,"Near LOC-00064, Belagavi",Petrol Bunk
FIR-000258,LOC-00084,"Near LOC-00084, Belagavi",School
FIR-000259,LOC-00057,"Near LOC-00057, Belagavi",Bus Stand
FIR-000260,LOC-00062,"Near LOC-00062, Belagavi",Petrol Bunk
FIR-000261,LOC-00084,"Near LOC-00084, Belagavi",Bus Stand
FIR-000262,LOC-00069,"Near LOC-00069, Belagavi",Bus Stand
FIR-000263,LOC-00059,"Near LOC-00059, Belagavi",Bus Stand
FIR-000264,LOC-00084,"Near LOC-00084, Belagavi",School
FIR-000265,LOC-00086,"Near LOC-00086, Belagavi",Bus Stand
FIR-000266,LOC-00091,"Near LOC-00091, Belagavi",Temple
FIR-000267,LOC-00072,"Near LOC-00072, Belagavi",Petrol Bunk
FIR-000268,LOC-00066,"Near LOC-00066, Belagavi",Circle
FIR-000269,LOC-00086,"Near LOC-00086, Belagavi",Market
FIR-000270,LOC-00074,"Near LOC-00074, Belagavi",Market
FIR-000271,LOC-00073,"Near LOC-00073, Belagavi",Circle
FIR-000272,LOC-00069,"Near LOC-00069, Belagavi",School
FIR-000273,LOC-00086,"Near LOC-00086, Belagavi",Bus Stand
FIR-000274,LOC-00088,"Near LOC-00088, Belagavi",Market
FIR-000275,LOC-00070,"Near LOC-00070, Belagavi",School
FIR-000276,LOC-00074,"Near LOC-00074, Belagavi",Petrol Bunk
FIR-000277,LOC-00062,"Near LOC-00062, Belagavi",Bus Stand
FIR-000278,LOC-00069,"Near LOC-00069, Belagavi",Petrol Bunk
FIR-000279,LOC-00093,"Near LOC-00093, Belagavi",Circle
FIR-000280,LOC-00084,"Near LOC-00084, Belagavi",Temple
FIR-000281,LOC-00069,"Near LOC-00069, Belagavi",Petrol Bunk
FIR-000282,LOC-00083,"Near LOC-00083, Belagavi",Circle
FIR-000283,LOC-00077,"Near LOC-00077, Belagavi",Petrol Bunk
FIR-000284,LOC-00087,"Near LOC-00087, Belagavi",Temple
FIR-000285,LOC-00075,"Near LOC-00075, Belagavi",Temple
FIR-000286,LOC-00086,"Near LOC-00086, Belagavi",Temple
FIR-000287,LOC-00093,"Near LOC-00093, Belagavi",Market
FIR-000288,LOC-00070,"Near LOC-00070, Belagavi",School
FIR-000289,LOC-00079,"Near LOC-00079, Belagavi",Market
FIR-000290,LOC-00074,"Near LOC-00074, Belagavi",Bus Stand
FIR-000291,LOC-00061,"Near LOC-00061, Belagavi",Market
FIR-000292,LOC-00057,"Near LOC-00057, Belagavi",Market
FIR-000293,LOC-00060,"Near LOC-00060, Belagavi",School
FIR-000294,LOC-00073,"Near LOC-00073, Belagavi",Circle
FIR-000295,LOC-00085,"Near LOC-00085, Belagavi",Circle
FIR-000296,LOC-00091,"Near LOC-00091, Belagavi",School
FIR-000297,LOC-00072,"Near LOC-00072, Belagavi",School
FIR-000298,LOC-00071,"Near LOC-00071, Belagavi",School
FIR-000299,LOC-00067,"Near LOC-00067, Belagavi",Market
FIR-000300,LOC-00094,"Near LOC-00094, Belagavi",Petrol Bunk
FIR-000301,LOC-00058,"Near LOC-00058, Belagavi",Market
FIR-000302,LOC-00084,"Near LOC-00084, Belagavi",Bus Stand
FIR-000303,LOC-00074,"Near LOC-00074, Belagavi",Circle
FIR-000304,LOC-00063,"Near LOC-00063, Belagavi",Petrol Bunk
FIR-000305,LOC-00070,"Near LOC-00070, Belagavi",Bus Stand
FIR-000306,LOC-00060,"Near LOC-00060, Belagavi",Circle
FIR-000307,LOC-00088,"Near LOC-00088, Belagavi",Petrol Bunk
FIR-000308,LOC-00077,"Near LOC-00077, Belagavi",Bus Stand
FIR-000309,LOC-00072,"Near LOC-00072, Belagavi",Temple
FIR-000310,LOC-00097,"Near LOC-00097, Belagavi",Market
FIR-000311,LOC-00082,"Near LOC-00082, Belagavi",Petrol Bunk
FIR-000312,LOC-00074,"Near LOC-00074, Belagavi",Temple
FIR-000313,LOC-00064,"Near LOC-00064, Belagavi",Circle
FIR-000314,LOC-00095,"Near LOC-00095, Belagavi",Market
FIR-000315,LOC-00082,"Near LOC-00082, Belagavi",Bus Stand
FIR-000316,LOC-00078,"Near LOC-00078, Belagavi",Petrol Bunk
FIR-000317,LOC-00089,"Near LOC-00089, Belagavi",School
FIR-000318,LOC-00086,"Near LOC-00086, Belagavi",Petrol Bunk
FIR-000319,LOC-00065,"Near LOC-00065, Belagavi",School
FIR-000320,LOC-00067,"Near LOC-00067, Belagavi",Temple
FIR-000321,LOC-00065,"Near LOC-00065, Belagavi",School
FIR-000322,LOC-00061,"Near LOC-00061, Belagavi",Petrol Bunk
FIR-000323,LOC-00094,"Near LOC-00094, Belagavi",Circle
FIR-000324,LOC-00096,"Near LOC-00096, Belagavi",Temple
FIR-000325,LOC-00064,"Near LOC-00064, Belagavi",Market
FIR-000326,LOC-00071,"Near LOC-00071, Belagavi",Bus Stand
FIR-000327,LOC-00085,"Near LOC-00085, Belagavi",Petrol Bunk
FIR-000328,LOC-00076,"Near LOC-00076, Belagavi",Bus Stand
FIR-000329,LOC-00074,"Near LOC-00074, Belagavi",Petrol Bunk
FIR-000330,LOC-00062,"Near LOC-00062, Belagavi",Bus Stand
FIR-000331,LOC-00090,"Near LOC-00090, Belagavi",Bus Stand
FIR-000332,LOC-00086,"Near LOC-00086, Belagavi",Petrol Bunk
FIR-000333,LOC-00066,"Near LOC-00066, Belagavi",Circle
FIR-000334,LOC-00059,"Near LOC-00059, Belagavi",School
FIR-000335,LOC-00081,"Near LOC-00081, Belagavi",Temple
FIR-000336,LOC-00073,"Near LOC-00073, Belagavi",School
FIR-000337,LOC-00089,"Near LOC-00089, Belagavi",Market
FIR-000338,LOC-00080,"Near LOC-00080, Belagavi",Petrol Bunk
FIR-000339,LOC-00074,"Near LOC-00074, Belagavi",Bus Stand
FIR-000340,LOC-00068,"Near LOC-00068, Belagavi",Circle
FIR-000341,LOC-00063,"Near LOC-00063, Belagavi",Circle
FIR-000342,LOC-00078,"Near LOC-00078, Belagavi",Market
FIR-000343,LOC-00084,"Near LOC-00084, Belagavi",Bus Stand
FIR-000344,LOC-00075,"Near LOC-00075, Belagavi",Bus Stand
FIR-000345,LOC-00092,"Near LOC-00092, Belagavi",Market
FIR-000346,LOC-00090,"Near LOC-00090, Belagavi",School
FIR-000347,LOC-00097,"Near LOC-00097, Belagavi",Temple
FIR-000348,LOC-00059,"Near LOC-00059, Belagavi",Petrol Bunk
FIR-000349,LOC-00083,"Near LOC-00083, Belagavi",Circle
FIR-000350,LOC-00096,"Near LOC-00096, Belagavi",School
FIR-000351,LOC-00059,"Near LOC-00059, Belagavi",Temple
FIR-000352,LOC-00072,"Near LOC-00072, Belagavi",School
FIR-000353,LOC-00094,"Near LOC-00094, Belagavi",Bus Stand
FIR-000354,LOC-00063,"Near LOC-00063, Belagavi",Market
FIR-000355,LOC-00081,"Near LOC-00081, Belagavi",Bus Stand
FIR-000356,LOC-00058,"Near LOC-00058, Belagavi",Market
FIR-000357,LOC-00069,"Near LOC-00069, Belagavi",Circle
FIR-000358,LOC-00089,"Near LOC-00089, Belagavi",Market
FIR-000359,LOC-00096,"Near LOC-00096, Belagavi",Bus Stand
FIR-000360,LOC-00072,"Near LOC-00072, Belagavi",Market
FIR-000361,LOC-00125,"Near LOC-00125, Bengaluru Rural",Bus Stand
FIR-000362,LOC-00113,"Near LOC-00113, Bengaluru Rural",School
FIR-000363,LOC-00099,"Near LOC-00099, Bengaluru Rural",Petrol Bunk
FIR-000364,LOC-00105,"Near LOC-00105, Bengaluru Rural",Bus Stand
FIR-000365,LOC-00123,"Near LOC-00123, Bengaluru Rural",School
FIR-000366,LOC-00106,"Near LOC-00106, Bengaluru Rural",Bus Stand
FIR-000367,LOC-00102,"Near LOC-00102, Bengaluru Rural",Temple
FIR-000368,LOC-00106,"Near LOC-00106, Bengaluru Rural",Market
FIR-000369,LOC-00106,"Near LOC-00106, Bengaluru Rural",Circle
FIR-000370,LOC-00117,"Near LOC-00117, Bengaluru Rural",Market
FIR-000371,LOC-00111,"Near LOC-00111, Bengaluru Rural",Market
FIR-000372,LOC-00109,"Near LOC-00109, Bengaluru Rural",School
FIR-000373,LOC-00102,"Near LOC-00102, Bengaluru Rural",Temple
FIR-000374,LOC-00104,"Near LOC-00104, Bengaluru Rural",Petrol Bunk
FIR-000375,LOC-00122,"Near LOC-00122, Bengaluru Rural",Petrol Bunk
FIR-000376,LOC-00111,"Near LOC-00111, Bengaluru Rural",Petrol Bunk
FIR-000377,LOC-00119,"Near LOC-00119, Bengaluru Rural",Bus Stand
FIR-000378,LOC-00102,"Near LOC-00102, Bengaluru Rural",Bus Stand
FIR-000379,LOC-00125,"Near LOC-00125, Bengaluru Rural",Petrol Bunk
FIR-000380,LOC-00101,"Near LOC-00101, Bengaluru Rural",Temple
FIR-000381,LOC-00118,"Near LOC-00118, Bengaluru Rural",Petrol Bunk
FIR-000382,LOC-00118,"Near LOC-00118, Bengaluru Rural",Market
FIR-000383,LOC-00112,"Near LOC-00112, Bengaluru Rural",Bus Stand
FIR-000384,LOC-00119,"Near LOC-00119, Bengaluru Rural",School
FIR-000385,LOC-00115,"Near LOC-00115, Bengaluru Rural",Market
FIR-000386,LOC-00108,"Near LOC-00108, Bengaluru Rural",Bus Stand
FIR-000387,LOC-00111,"Near LOC-00111, Bengaluru Rural",Temple
FIR-000388,LOC-00124,"Near LOC-00124, Bengaluru Rural",Bus Stand
FIR-000389,LOC-00125,"Near LOC-00125, Bengaluru Rural",School
FIR-000390,LOC-00098,"Near LOC-00098, Bengaluru Rural",Temple
FIR-000391,LOC-00125,"Near LOC-00125, Bengaluru Rural",Market
FIR-000392,LOC-00104,"Near LOC-00104, Bengaluru Rural",School
FIR-000393,LOC-00102,"Near LOC-00102, Bengaluru Rural",Market
FIR-000394,LOC-00098,"Near LOC-00098, Bengaluru Rural",School
FIR-000395,LOC-00117,"Near LOC-00117, Bengaluru Rural",Bus Stand
FIR-000396,LOC-00104,"Near LOC-00104, Bengaluru Rural",Petrol Bunk
FIR-000397,LOC-00105,"Near LOC-00105, Bengaluru Rural",Petrol Bunk
FIR-000398,LOC-00119,"Near LOC-00119, Bengaluru Rural",Bus Stand
FIR-000399,LOC-00121,"Near LOC-00121, Bengaluru Rural",Bus Stand
FIR-000400,LOC-00103,"Near LOC-00103, Bengaluru Rural",Petrol Bunk
FIR-000401,LOC-00111,"Near LOC-00111, Bengaluru Rural",Temple
FIR-000402,LOC-00113,"Near LOC-00113, Bengaluru Rural",Market
FIR-000403,LOC-00110,"Near LOC-00110, Bengaluru Rural",Bus Stand
FIR-000404,LOC-00100,"Near LOC-00100, Bengaluru Rural",Bus Stand
FIR-000405,LOC-00114,"Near LOC-00114, Bengaluru Rural",Bus Stand
FIR-000406,LOC-00113,"Near LOC-00113, Bengaluru Rural",Bus Stand
FIR-000407,LOC-00119,"Near LOC-00119, Bengaluru Rural",School
FIR-000408,LOC-00102,"Near LOC-00102, Bengaluru Rural",Petrol Bunk
FIR-000409,LOC-00116,"Near LOC-00116, Bengaluru Rural",Circle
FIR-000410,LOC-00122,"Near LOC-00122, Bengaluru Rural",Market
FIR-000411,LOC-00100,"Near LOC-00100, Bengaluru Rural",Temple
FIR-000412,LOC-00125,"Near LOC-00125, Bengaluru Rural",Bus Stand
FIR-000413,LOC-00119,"Near LOC-00119, Bengaluru Rural",Market
FIR-000414,LOC-00107,"Near LOC-00107, Bengaluru Rural",School
FIR-000415,LOC-00112,"Near LOC-00112, Bengaluru Rural",Circle
FIR-000416,LOC-00110,"Near LOC-00110, Bengaluru Rural",Market
FIR-000417,LOC-00120,"Near LOC-00120, Bengaluru Rural",Market
FIR-000418,LOC-00115,"Near LOC-00115, Bengaluru Rural",Market
FIR-000419,LOC-00113,"Near LOC-00113, Bengaluru Rural",Petrol Bunk
FIR-000420,LOC-00111,"Near LOC-00111, Bengaluru Rural",Circle
FIR-000421,LOC-00110,"Near LOC-00110, Bengaluru Rural",Bus Stand
FIR-000422,LOC-00100,"Near LOC-00100, Bengaluru Rural",Bus Stand
FIR-000423,LOC-00119,"Near LOC-00119, Bengaluru Rural",Market
FIR-000424,LOC-00102,"Near LOC-00102, Bengaluru Rural",Circle
FIR-000425,LOC-00103,"Near LOC-00103, Bengaluru Rural",School
FIR-000426,LOC-00113,"Near LOC-00113, Bengaluru Rural",Bus Stand
FIR-000427,LOC-00098,"Near LOC-00098, Bengaluru Rural",Market
FIR-000428,LOC-00102,"Near LOC-00102, Bengaluru Rural",Bus Stand
FIR-000429,LOC-00119,"Near LOC-00119, Bengaluru Rural",Petrol Bunk
FIR-000430,LOC-00116,"Near LOC-00116, Bengaluru Rural",Circle
FIR-000431,LOC-00111,"Near LOC-00111, Bengaluru Rural",Petrol Bunk
FIR-000432,LOC-00113,"Near LOC-00113, Bengaluru Rural",Bus Stand
FIR-000433,LOC-00113,"Near LOC-00113, Bengaluru Rural",Petrol Bunk
FIR-000434,LOC-00125,"Near LOC-00125, Bengaluru Rural",Temple
FIR-000435,LOC-00123,"Near LOC-00123, Bengaluru Rural",Bus Stand
FIR-000436,LOC-00101,"Near LOC-00101, Bengaluru Rural",Bus Stand
FIR-000437,LOC-00125,"Near LOC-00125, Bengaluru Rural",Temple
FIR-000438,LOC-00121,"Near LOC-00121, Bengaluru Rural",School
FIR-000439,LOC-00104,"Near LOC-00104, Bengaluru Rural",Petrol Bunk
FIR-000440,LOC-00099,"Near LOC-00099, Bengaluru Rural",School
FIR-000441,LOC-00119,"Near LOC-00119, Bengaluru Rural",Bus Stand
FIR-000442,LOC-00102,"Near LOC-00102, Bengaluru Rural",Circle
FIR-000443,LOC-00102,"Near LOC-00102, Bengaluru Rural",Market
FIR-000444,LOC-00124,"Near LOC-00124, Bengaluru Rural",School
FIR-000445,LOC-00114,"Near LOC-00114, Bengaluru Rural",Bus Stand
FIR-000446,LOC-00107,"Near LOC-00107, Bengaluru Rural",School
FIR-000447,LOC-00113,"Near LOC-00113, Bengaluru Rural",School
FIR-000448,LOC-00101,"Near LOC-00101, Bengaluru Rural",Market
FIR-000449,LOC-00109,"Near LOC-00109, Bengaluru Rural",School
FIR-000450,LOC-00121,"Near LOC-00121, Bengaluru Rural",Market
FIR-000451,LOC-00118,"Near LOC-00118, Bengaluru Rural",Bus Stand
FIR-000452,LOC-00104,"Near LOC-00104, Bengaluru Rural",Circle
FIR-000453,LOC-00123,"Near LOC-00123, Bengaluru Rural",Circle
FIR-000454,LOC-00099,"Near LOC-00099, Bengaluru Rural",Temple
FIR-000455,LOC-00113,"Near LOC-00113, Bengaluru Rural",Temple
FIR-000456,LOC-00107,"Near LOC-00107, Bengaluru Rural",Bus Stand
FIR-000457,LOC-00124,"Near LOC-00124, Bengaluru Rural",Circle
FIR-000458,LOC-00117,"Near LOC-00117, Bengaluru Rural",Circle
FIR-000459,LOC-00102,"Near LOC-00102, Bengaluru Rural",Petrol Bunk
FIR-000460,LOC-00105,"Near LOC-00105, Bengaluru Rural",Petrol Bunk
FIR-000461,LOC-00102,"Near LOC-00102, Bengaluru Rural",Bus Stand
FIR-000462,LOC-00120,"Near LOC-00120, Bengaluru Rural",School
FIR-000463,LOC-00125,"Near LOC-00125, Bengaluru Rural",Circle
FIR-000464,LOC-00104,"Near LOC-00104, Bengaluru Rural",Market
FIR-000465,LOC-00115,"Near LOC-00115, Bengaluru Rural",Circle
FIR-000466,LOC-00122,"Near LOC-00122, Bengaluru Rural",Circle
FIR-000467,LOC-00120,"Near LOC-00120, Bengaluru Rural",Temple
FIR-000468,LOC-00112,"Near LOC-00112, Bengaluru Rural",Market
FIR-000469,LOC-00125,"Near LOC-00125, Bengaluru Rural",Market
FIR-000470,LOC-00113,"Near LOC-00113, Bengaluru Rural",Market
FIR-000471,LOC-00104,"Near LOC-00104, Bengaluru Rural",Temple
FIR-000472,LOC-00108,"Near LOC-00108, Bengaluru Rural",Bus Stand
FIR-000473,LOC-00125,"Near LOC-00125, Bengaluru Rural",Bus Stand
FIR-000474,LOC-00109,"Near LOC-00109, Bengaluru Rural",School
FIR-000475,LOC-00111,"Near LOC-00111, Bengaluru Rural",Circle
FIR-000476,LOC-00103,"Near LOC-00103, Bengaluru Rural",Market
FIR-000477,LOC-00114,"Near LOC-00114, Bengaluru Rural",School
FIR-000478,LOC-00108,"Near LOC-00108, Bengaluru Rural",Market
FIR-000479,LOC-00116,"Near LOC-00116, Bengaluru Rural",Temple
FIR-000480,LOC-00111,"Near LOC-00111, Bengaluru Rural",Bus Stand
FIR-000481,LOC-00171,"Near LOC-00171, Bengaluru Urban",Bus Stand
FIR-000482,LOC-00138,"Near LOC-00138, Bengaluru Urban",Temple
FIR-000483,LOC-00146,"Near LOC-00146, Bengaluru Urban",Petrol Bunk
FIR-000484,LOC-00198,"Near LOC-00198, Bengaluru Urban",Temple
FIR-000485,LOC-00132,"Near LOC-00132, Bengaluru Urban",School
FIR-000486,LOC-00199,"Near LOC-00199, Bengaluru Urban",Bus Stand
FIR-000487,LOC-00175,"Near LOC-00175, Bengaluru Urban",School
FIR-000488,LOC-00192,"Near LOC-00192, Bengaluru Urban",Market
FIR-000489,LOC-00202,"Near LOC-00202, Bengaluru Urban",Bus Stand
FIR-000490,LOC-00168,"Near LOC-00168, Bengaluru Urban",Temple
FIR-000491,LOC-00170,"Near LOC-00170, Bengaluru Urban",Circle
FIR-000492,LOC-00191,"Near LOC-00191, Bengaluru Urban",Bus Stand
FIR-000493,LOC-00155,"Near LOC-00155, Bengaluru Urban",Circle
FIR-000494,LOC-00137,"Near LOC-00137, Bengaluru Urban",Temple
FIR-000495,LOC-00132,"Near LOC-00132, Bengaluru Urban",Bus Stand
FIR-000496,LOC-00180,"Near LOC-00180, Bengaluru Urban",Market
FIR-000497,LOC-00193,"Near LOC-00193, Bengaluru Urban",Market
FIR-000498,LOC-00128,"Near LOC-00128, Bengaluru Urban",Circle
FIR-000499,LOC-00165,"Near LOC-00165, Bengaluru Urban",Market
FIR-000500,LOC-00165,"Near LOC-00165, Bengaluru Urban",Bus Stand
FIR-000501,LOC-00139,"Near LOC-00139, Bengaluru Urban",Petrol Bunk
FIR-000502,LOC-00181,"Near LOC-00181, Bengaluru Urban",School
FIR-000503,LOC-00127,"Near LOC-00127, Bengaluru Urban",School
FIR-000504,LOC-00183,"Near LOC-00183, Bengaluru Urban",Market
FIR-000505,LOC-00182,"Near LOC-00182, Bengaluru Urban",Bus Stand
FIR-000506,LOC-00171,"Near LOC-00171, Bengaluru Urban",Petrol Bunk
FIR-000507,LOC-00165,"Near LOC-00165, Bengaluru Urban",Market
FIR-000508,LOC-00206,"Near LOC-00206, Bengaluru Urban",Temple
FIR-000509,LOC-00133,"Near LOC-00133, Bengaluru Urban",Bus Stand
FIR-000510,LOC-00172,"Near LOC-00172, Bengaluru Urban",School
FIR-000511,LOC-00138,"Near LOC-00138, Bengaluru Urban",Temple
FIR-000512,LOC-00184,"Near LOC-00184, Bengaluru Urban",Bus Stand
FIR-000513,LOC-00146,"Near LOC-00146, Bengaluru Urban",Circle
FIR-000514,LOC-00170,"Near LOC-00170, Bengaluru Urban",Market
FIR-000515,LOC-00174,"Near LOC-00174, Bengaluru Urban",Temple
FIR-000516,LOC-00160,"Near LOC-00160, Bengaluru Urban",Petrol Bunk
FIR-000517,LOC-00162,"Near LOC-00162, Bengaluru Urban",Circle
FIR-000518,LOC-00153,"Near LOC-00153, Bengaluru Urban",Circle
FIR-000519,LOC-00128,"Near LOC-00128, Bengaluru Urban",School
FIR-000520,LOC-00139,"Near LOC-00139, Bengaluru Urban",School
FIR-000521,LOC-00138,"Near LOC-00138, Bengaluru Urban",Temple
FIR-000522,LOC-00127,"Near LOC-00127, Bengaluru Urban",Market
FIR-000523,LOC-00206,"Near LOC-00206, Bengaluru Urban",Market
FIR-000524,LOC-00157,"Near LOC-00157, Bengaluru Urban",Petrol Bunk
FIR-000525,LOC-00182,"Near LOC-00182, Bengaluru Urban",Bus Stand
FIR-000526,LOC-00194,"Near LOC-00194, Bengaluru Urban",Market
FIR-000527,LOC-00133,"Near LOC-00133, Bengaluru Urban",School
FIR-000528,LOC-00177,"Near LOC-00177, Bengaluru Urban",Market
FIR-000529,LOC-00148,"Near LOC-00148, Bengaluru Urban",Circle
FIR-000530,LOC-00142,"Near LOC-00142, Bengaluru Urban",Petrol Bunk
FIR-000531,LOC-00137,"Near LOC-00137, Bengaluru Urban",Temple
FIR-000532,LOC-00135,"Near LOC-00135, Bengaluru Urban",School
FIR-000533,LOC-00189,"Near LOC-00189, Bengaluru Urban",Temple
FIR-000534,LOC-00176,"Near LOC-00176, Bengaluru Urban",Market
FIR-000535,LOC-00139,"Near LOC-00139, Bengaluru Urban",Market
FIR-000536,LOC-00164,"Near LOC-00164, Bengaluru Urban",Petrol Bunk
FIR-000537,LOC-00201,"Near LOC-00201, Bengaluru Urban",Bus Stand
FIR-000538,LOC-00179,"Near LOC-00179, Bengaluru Urban",Petrol Bunk
FIR-000539,LOC-00126,"Near LOC-00126, Bengaluru Urban",Temple
FIR-000540,LOC-00202,"Near LOC-00202, Bengaluru Urban",Petrol Bunk
FIR-000541,LOC-00167,"Near LOC-00167, Bengaluru Urban",Bus Stand
FIR-000542,LOC-00172,"Near LOC-00172, Bengaluru Urban",Circle
FIR-000543,LOC-00171,"Near LOC-00171, Bengaluru Urban",Bus Stand
FIR-000544,LOC-00198,"Near LOC-00198, Bengaluru Urban",Bus Stand
FIR-000545,LOC-00176,"Near LOC-00176, Bengaluru Urban",Petrol Bunk
FIR-000546,LOC-00193,"Near LOC-00193, Bengaluru Urban",Temple
FIR-000547,LOC-00188,"Near LOC-00188, Bengaluru Urban",Bus Stand
FIR-000548,LOC-00180,"Near LOC-00180, Bengaluru Urban",School
FIR-000549,LOC-00129,"Near LOC-00129, Bengaluru Urban",Market
FIR-000550,LOC-00156,"Near LOC-00156, Bengaluru Urban",Circle
FIR-000551,LOC-00165,"Near LOC-00165, Bengaluru Urban",School
FIR-000552,LOC-00177,"Near LOC-00177, Bengaluru Urban",School
FIR-000553,LOC-00196,"Near LOC-00196, Bengaluru Urban",Temple
FIR-000554,LOC-00137,"Near LOC-00137, Bengaluru Urban",Bus Stand
FIR-000555,LOC-00207,"Near LOC-00207, Bengaluru Urban",Bus Stand
FIR-000556,LOC-00195,"Near LOC-00195, Bengaluru Urban",Circle
FIR-000557,LOC-00194,"Near LOC-00194, Bengaluru Urban",Temple
FIR-000558,LOC-00129,"Near LOC-00129, Bengaluru Urban",School
FIR-000559,LOC-00157,"Near LOC-00157, Bengaluru Urban",Petrol Bunk
FIR-000560,LOC-00175,"Near LOC-00175, Bengaluru Urban",Market
FIR-000561,LOC-00205,"Near LOC-00205, Bengaluru Urban",Circle
FIR-000562,LOC-00184,"Near LOC-00184, Bengaluru Urban",Bus Stand
FIR-000563,LOC-00181,"Near LOC-00181, Bengaluru Urban",Temple
FIR-000564,LOC-00177,"Near LOC-00177, Bengaluru Urban",School
FIR-000565,LOC-00169,"Near LOC-00169, Bengaluru Urban",Temple
FIR-000566,LOC-00157,"Near LOC-00157, Bengaluru Urban",Bus Stand
FIR-000567,LOC-00203,"Near LOC-00203, Bengaluru Urban",Bus Stand
FIR-000568,LOC-00132,"Near LOC-00132, Bengaluru Urban",Market
FIR-000569,LOC-00151,"Near LOC-00151, Bengaluru Urban",Petrol Bunk
FIR-000570,LOC-00177,"Near LOC-00177, Bengaluru Urban",Temple
FIR-000571,LOC-00177,"Near LOC-00177, Bengaluru Urban",Circle
FIR-000572,LOC-00169,"Near LOC-00169, Bengaluru Urban",Temple
FIR-000573,LOC-00171,"Near LOC-00171, Bengaluru Urban",Temple
FIR-000574,LOC-00178,"Near LOC-00178, Bengaluru Urban",Petrol Bunk
FIR-000575,LOC-00192,"Near LOC-00192, Bengaluru Urban",Circle
FIR-000576,LOC-00134,"Near LOC-00134, Bengaluru Urban",Circle
FIR-000577,LOC-00152,"Near LOC-00152, Bengaluru Urban",Circle
FIR-000578,LOC-00187,"Near LOC-00187, Bengaluru Urban",Circle
FIR-000579,LOC-00159,"Near LOC-00159, Bengaluru Urban",Temple
FIR-000580,LOC-00158,"Near LOC-00158, Bengaluru Urban",School
FIR-000581,LOC-00189,"Near LOC-00189, Bengaluru Urban",Circle
FIR-000582,LOC-00150,"Near LOC-00150, Bengaluru Urban",Temple
FIR-000583,LOC-00147,"Near LOC-00147, Bengaluru Urban",Circle
FIR-000584,LOC-00144,"Near LOC-00144, Bengaluru Urban",Market
FIR-000585,LOC-00191,"Near LOC-00191, Bengaluru Urban",Bus Stand
FIR-000586,LOC-00185,"Near LOC-00185, Bengaluru Urban",Bus Stand
FIR-000587,LOC-00200,"Near LOC-00200, Bengaluru Urban",Petrol Bunk
FIR-000588,LOC-00141,"Near LOC-00141, Bengaluru Urban",Bus Stand
FIR-000589,LOC-00198,"Near LOC-00198, Bengaluru Urban",Circle
FIR-000590,LOC-00131,"Near LOC-00131, Bengaluru Urban",Petrol Bunk
FIR-000591,LOC-00161,"Near LOC-00161, Bengaluru Urban",Bus Stand
FIR-000592,LOC-00139,"Near LOC-00139, Bengaluru Urban",Market
FIR-000593,LOC-00202,"Near LOC-00202, Bengaluru Urban",Market
FIR-000594,LOC-00171,"Near LOC-00171, Bengaluru Urban",Market
FIR-000595,LOC-00170,"Near LOC-00170, Bengaluru Urban",Bus Stand
FIR-000596,LOC-00205,"Near LOC-00205, Bengaluru Urban",Bus Stand
FIR-000597,LOC-00140,"Near LOC-00140, Bengaluru Urban",School
FIR-000598,LOC-00182,"Near LOC-00182, Bengaluru Urban",Temple
FIR-000599,LOC-00190,"Near LOC-00190, Bengaluru Urban",Bus Stand
FIR-000600,LOC-00183,"Near LOC-00183, Bengaluru Urban",Petrol Bunk
FIR-000601,LOC-00142,"Near LOC-00142, Bengaluru Urban",Petrol Bunk
FIR-000602,LOC-00179,"Near LOC-00179, Bengaluru Urban",Petrol Bunk
FIR-000603,LOC-00182,"Near LOC-00182, Bengaluru Urban",Petrol Bunk
FIR-000604,LOC-00136,"Near LOC-00136, Bengaluru Urban",Bus Stand
FIR-000605,LOC-00158,"Near LOC-00158, Bengaluru Urban",School
FIR-000606,LOC-00160,"Near LOC-00160, Bengaluru Urban",Circle
FIR-000607,LOC-00147,"Near LOC-00147, Bengaluru Urban",Bus Stand
FIR-000608,LOC-00154,"Near LOC-00154, Bengaluru Urban",Petrol Bunk
FIR-000609,LOC-00198,"Near LOC-00198, Bengaluru Urban",Bus Stand
FIR-000610,LOC-00141,"Near LOC-00141, Bengaluru Urban",School
FIR-000611,LOC-00166,"Near LOC-00166, Bengaluru Urban",Temple
FIR-000612,LOC-00129,"Near LOC-00129, Bengaluru Urban",Bus Stand
FIR-000613,LOC-00186,"Near LOC-00186, Bengaluru Urban",School
FIR-000614,LOC-00205,"Near LOC-00205, Bengaluru Urban",Temple
FIR-000615,LOC-00138,"Near LOC-00138, Bengaluru Urban",Bus Stand
FIR-000616,LOC-00201,"Near LOC-00201, Bengaluru Urban",Circle
FIR-000617,LOC-00132,"Near LOC-00132, Bengaluru Urban",Petrol Bunk
FIR-000618,LOC-00127,"Near LOC-00127, Bengaluru Urban",Market
FIR-000619,LOC-00181,"Near LOC-00181, Bengaluru Urban",School
FIR-000620,LOC-00171,"Near LOC-00171, Bengaluru Urban",School
FIR-000621,LOC-00142,"Near LOC-00142, Bengaluru Urban",School
FIR-000622,LOC-00156,"Near LOC-00156, Bengaluru Urban",Circle
FIR-000623,LOC-00187,"Near LOC-00187, Bengaluru Urban",Temple
FIR-000624,LOC-00148,"Near LOC-00148, Bengaluru Urban",Bus Stand
FIR-000625,LOC-00183,"Near LOC-00183, Bengaluru Urban",Temple
FIR-000626,LOC-00164,"Near LOC-00164, Bengaluru Urban",School
FIR-000627,LOC-00198,"Near LOC-00198, Bengaluru Urban",Bus Stand
FIR-000628,LOC-00145,"Near LOC-00145, Bengaluru Urban",School
FIR-000629,LOC-00146,"Near LOC-00146, Bengaluru Urban",Circle
FIR-000630,LOC-00192,"Near LOC-00192, Bengaluru Urban",Market
FIR-000631,LOC-00144,"Near LOC-00144, Bengaluru Urban",Circle
FIR-000632,LOC-00167,"Near LOC-00167, Bengaluru Urban",Market
FIR-000633,LOC-00208,"Near LOC-00208, Bengaluru Urban",Circle
FIR-000634,LOC-00192,"Near LOC-00192, Bengaluru Urban",Circle
FIR-000635,LOC-00154,"Near LOC-00154, Bengaluru Urban",Petrol Bunk
FIR-000636,LOC-00181,"Near LOC-00181, Bengaluru Urban",Circle
FIR-000637,LOC-00171,"Near LOC-00171, Bengaluru Urban",Temple
FIR-000638,LOC-00183,"Near LOC-00183, Bengaluru Urban",Market
FIR-000639,LOC-00195,"Near LOC-00195, Bengaluru Urban",Circle
FIR-000640,LOC-00158,"Near LOC-00158, Bengaluru Urban",Petrol Bunk
FIR-000641,LOC-00132,"Near LOC-00132, Bengaluru Urban",Circle
FIR-000642,LOC-00165,"Near LOC-00165, Bengaluru Urban",School
FIR-000643,LOC-00163,"Near LOC-00163, Bengaluru Urban",Temple
FIR-000644,LOC-00134,"Near LOC-00134, Bengaluru Urban",School
FIR-000645,LOC-00130,"Near LOC-00130, Bengaluru Urban",Petrol Bunk
FIR-000646,LOC-00181,"Near LOC-00181, Bengaluru Urban",Circle
FIR-000647,LOC-00134,"Near LOC-00134, Bengaluru Urban",Circle
FIR-000648,LOC-00204,"Near LOC-00204, Bengaluru Urban",Petrol Bunk
FIR-000649,LOC-00142,"Near LOC-00142, Bengaluru Urban",Circle
FIR-000650,LOC-00134,"Near LOC-00134, Bengaluru Urban",School
FIR-000651,LOC-00197,"Near LOC-00197, Bengaluru Urban",Market
FIR-000652,LOC-00183,"Near LOC-00183, Bengaluru Urban",Bus Stand
FIR-000653,LOC-00160,"Near LOC-00160, Bengaluru Urban",Market
FIR-000654,LOC-00174,"Near LOC-00174, Bengaluru Urban",Bus Stand
FIR-000655,LOC-00131,"Near LOC-00131, Bengaluru Urban",Temple
FIR-000656,LOC-00192,"Near LOC-00192, Bengaluru Urban",Petrol Bunk
FIR-000657,LOC-00173,"Near LOC-00173, Bengaluru Urban",School
FIR-000658,LOC-00192,"Near LOC-00192, Bengaluru Urban",Bus Stand
FIR-000659,LOC-00159,"Near LOC-00159, Bengaluru Urban",Bus Stand
FIR-000660,LOC-00203,"Near LOC-00203, Bengaluru Urban",Market
FIR-000661,LOC-00168,"Near LOC-00168, Bengaluru Urban",School
FIR-000662,LOC-00153,"Near LOC-00153, Bengaluru Urban",Circle
FIR-000663,LOC-00183,"Near LOC-00183, Bengaluru Urban",Temple
FIR-000664,LOC-00134,"Near LOC-00134, Bengaluru Urban",Market
FIR-000665,LOC-00201,"Near LOC-00201, Bengaluru Urban",Temple
FIR-000666,LOC-00197,"Near LOC-00197, Bengaluru Urban",School
FIR-000667,LOC-00137,"Near LOC-00137, Bengaluru Urban",School
FIR-000668,LOC-00175,"Near LOC-00175, Bengaluru Urban",Temple
FIR-000669,LOC-00202,"Near LOC-00202, Bengaluru Urban",Bus Stand
FIR-000670,LOC-00139,"Near LOC-00139, Bengaluru Urban",Temple
FIR-000671,LOC-00164,"Near LOC-00164, Bengaluru Urban",Temple
FIR-000672,LOC-00149,"Near LOC-00149, Bengaluru Urban",Market
FIR-000673,LOC-00155,"Near LOC-00155, Bengaluru Urban",Circle
FIR-000674,LOC-00196,"Near LOC-00196, Bengaluru Urban",Circle
FIR-000675,LOC-00182,"Near LOC-00182, Bengaluru Urban",Circle
FIR-000676,LOC-00135,"Near LOC-00135, Bengaluru Urban",School
FIR-000677,LOC-00194,"Near LOC-00194, Bengaluru Urban",Bus Stand
FIR-000678,LOC-00134,"Near LOC-00134, Bengaluru Urban",Circle
FIR-000679,LOC-00183,"Near LOC-00183, Bengaluru Urban",Petrol Bunk
FIR-000680,LOC-00204,"Near LOC-00204, Bengaluru Urban",School
FIR-000681,LOC-00179,"Near LOC-00179, Bengaluru Urban",Temple
FIR-000682,LOC-00137,"Near LOC-00137, Bengaluru Urban",Temple
FIR-000683,LOC-00157,"Near LOC-00157, Bengaluru Urban",Market
FIR-000684,LOC-00134,"Near LOC-00134, Bengaluru Urban",Bus Stand
FIR-000685,LOC-00132,"Near LOC-00132, Bengaluru Urban",Temple
FIR-000686,LOC-00171,"Near LOC-00171, Bengaluru Urban",Temple
FIR-000687,LOC-00161,"Near LOC-00161, Bengaluru Urban",Petrol Bunk
FIR-000688,LOC-00178,"Near LOC-00178, Bengaluru Urban",Temple
FIR-000689,LOC-00167,"Near LOC-00167, Bengaluru Urban",Temple
FIR-000690,LOC-00144,"Near LOC-00144, Bengaluru Urban",Bus Stand
FIR-000691,LOC-00126,"Near LOC-00126, Bengaluru Urban",Petrol Bunk
FIR-000692,LOC-00150,"Near LOC-00150, Bengaluru Urban",Bus Stand
FIR-000693,LOC-00149,"Near LOC-00149, Bengaluru Urban",Bus Stand
FIR-000694,LOC-00136,"Near LOC-00136, Bengaluru Urban",Market
FIR-000695,LOC-00154,"Near LOC-00154, Bengaluru Urban",Circle
FIR-000696,LOC-00188,"Near LOC-00188, Bengaluru Urban",Petrol Bunk
FIR-000697,LOC-00191,"Near LOC-00191, Bengaluru Urban",Bus Stand
FIR-000698,LOC-00137,"Near LOC-00137, Bengaluru Urban",School
FIR-000699,LOC-00151,"Near LOC-00151, Bengaluru Urban",Circle
FIR-000700,LOC-00145,"Near LOC-00145, Bengaluru Urban",Petrol Bunk
FIR-000701,LOC-00173,"Near LOC-00173, Bengaluru Urban",Temple
FIR-000702,LOC-00139,"Near LOC-00139, Bengaluru Urban",Temple
FIR-000703,LOC-00181,"Near LOC-00181, Bengaluru Urban",School
FIR-000704,LOC-00135,"Near LOC-00135, Bengaluru Urban",Market
FIR-000705,LOC-00182,"Near LOC-00182, Bengaluru Urban",Temple
FIR-000706,LOC-00143,"Near LOC-00143, Bengaluru Urban",School
FIR-000707,LOC-00182,"Near LOC-00182, Bengaluru Urban",Temple
FIR-000708,LOC-00148,"Near LOC-00148, Bengaluru Urban",Market
FIR-000709,LOC-00182,"Near LOC-00182, Bengaluru Urban",School
FIR-000710,LOC-00140,"Near LOC-00140, Bengaluru Urban",Circle
FIR-000711,LOC-00161,"Near LOC-00161, Bengaluru Urban",Market
FIR-000712,LOC-00165,"Near LOC-00165, Bengaluru Urban",Petrol Bunk
FIR-000713,LOC-00152,"Near LOC-00152, Bengaluru Urban",Temple
FIR-000714,LOC-00183,"Near LOC-00183, Bengaluru Urban",Market
FIR-000715,LOC-00130,"Near LOC-00130, Bengaluru Urban",School
FIR-000716,LOC-00187,"Near LOC-00187, Bengaluru Urban",Circle
FIR-000717,LOC-00185,"Near LOC-00185, Bengaluru Urban",Bus Stand
FIR-000718,LOC-00208,"Near LOC-00208, Bengaluru Urban",Bus Stand
FIR-000719,LOC-00162,"Near LOC-00162, Bengaluru Urban",Petrol Bunk
FIR-000720,LOC-00143,"Near LOC-00143, Bengaluru Urban",Bus Stand
FIR-000721,LOC-00178,"Near LOC-00178, Bengaluru Urban",Petrol Bunk
FIR-000722,LOC-00186,"Near LOC-00186, Bengaluru Urban",Petrol Bunk
FIR-000723,LOC-00190,"Near LOC-00190, Bengaluru Urban",Market
FIR-000724,LOC-00138,"Near LOC-00138, Bengaluru Urban",Temple
FIR-000725,LOC-00165,"Near LOC-00165, Bengaluru Urban",Temple
FIR-000726,LOC-00142,"Near LOC-00142, Bengaluru Urban",Bus Stand
FIR-000727,LOC-00130,"Near LOC-00130, Bengaluru Urban",Circle
FIR-000728,LOC-00163,"Near LOC-00163, Bengaluru Urban",Petrol Bunk
FIR-000729,LOC-00200,"Near LOC-00200, Bengaluru Urban",Bus Stand
FIR-000730,LOC-00157,"Near LOC-00157, Bengaluru Urban",Temple
FIR-000731,LOC-00199,"Near LOC-00199, Bengaluru Urban",Circle
FIR-000732,LOC-00166,"Near LOC-00166, Bengaluru Urban",School
FIR-000733,LOC-00207,"Near LOC-00207, Bengaluru Urban",Circle
FIR-000734,LOC-00129,"Near LOC-00129, Bengaluru Urban",Temple
FIR-000735,LOC-00177,"Near LOC-00177, Bengaluru Urban",School
FIR-000736,LOC-00143,"Near LOC-00143, Bengaluru Urban",Bus Stand
FIR-000737,LOC-00152,"Near LOC-00152, Bengaluru Urban",Market
FIR-000738,LOC-00202,"Near LOC-00202, Bengaluru Urban",Market
FIR-000739,LOC-00156,"Near LOC-00156, Bengaluru Urban",School
FIR-000740,LOC-00139,"Near LOC-00139, Bengaluru Urban",Bus Stand
FIR-000741,LOC-00241,"Near LOC-00241, Bidar",School
FIR-000742,LOC-00219,"Near LOC-00219, Bidar",Temple
FIR-000743,LOC-00224,"Near LOC-00224, Bidar",Bus Stand
FIR-000744,LOC-00219,"Near LOC-00219, Bidar",School
FIR-000745,LOC-00218,"Near LOC-00218, Bidar",Bus Stand
FIR-000746,LOC-00237,"Near LOC-00237, Bidar",School
FIR-000747,LOC-00219,"Near LOC-00219, Bidar",Bus Stand
FIR-000748,LOC-00233,"Near LOC-00233, Bidar",Market
FIR-000749,LOC-00240,"Near LOC-00240, Bidar",Market
FIR-000750,LOC-00211,"Near LOC-00211, Bidar",Temple
FIR-000751,LOC-00217,"Near LOC-00217, Bidar",Market
FIR-000752,LOC-00224,"Near LOC-00224, Bidar",Temple
FIR-000753,LOC-00248,"Near LOC-00248, Bidar",Temple
FIR-000754,LOC-00231,"Near LOC-00231, Bidar",Market
FIR-000755,LOC-00210,"Near LOC-00210, Bidar",Circle
FIR-000756,LOC-00229,"Near LOC-00229, Bidar",Circle
FIR-000757,LOC-00245,"Near LOC-00245, Bidar",Bus Stand
FIR-000758,LOC-00242,"Near LOC-00242, Bidar",Market
FIR-000759,LOC-00239,"Near LOC-00239, Bidar",Temple
FIR-000760,LOC-00234,"Near LOC-00234, Bidar",Circle
FIR-000761,LOC-00230,"Near LOC-00230, Bidar",Bus Stand
FIR-000762,LOC-00235,"Near LOC-00235, Bidar",School
FIR-000763,LOC-00230,"Near LOC-00230, Bidar",School
FIR-000764,LOC-00246,"Near LOC-00246, Bidar",Market
FIR-000765,LOC-00215,"Near LOC-00215, Bidar",Market
FIR-000766,LOC-00222,"Near LOC-00222, Bidar",Petrol Bunk
FIR-000767,LOC-00229,"Near LOC-00229, Bidar",Bus Stand
FIR-000768,LOC-00240,"Near LOC-00240, Bidar",Petrol Bunk
FIR-000769,LOC-00229,"Near LOC-00229, Bidar",Temple
FIR-000770,LOC-00215,"Near LOC-00215, Bidar",Temple
FIR-000771,LOC-00221,"Near LOC-00221, Bidar",Bus Stand
FIR-000772,LOC-00235,"Near LOC-00235, Bidar",School
FIR-000773,LOC-00217,"Near LOC-00217, Bidar",Temple
FIR-000774,LOC-00235,"Near LOC-00235, Bidar",Temple
FIR-000775,LOC-00229,"Near LOC-00229, Bidar",Circle
FIR-000776,LOC-00236,"Near LOC-00236, Bidar",Bus Stand
FIR-000777,LOC-00235,"Near LOC-00235, Bidar",Bus Stand
FIR-000778,LOC-00210,"Near LOC-00210, Bidar",School
FIR-000779,LOC-00227,"Near LOC-00227, Bidar",Market
FIR-000780,LOC-00240,"Near LOC-00240, Bidar",School
FIR-000781,LOC-00231,"Near LOC-00231, Bidar",Petrol Bunk
FIR-000782,LOC-00236,"Near LOC-00236, Bidar",Bus Stand
FIR-000783,LOC-00230,"Near LOC-00230, Bidar",Temple
FIR-000784,LOC-00217,"Near LOC-00217, Bidar",Petrol Bunk
FIR-000785,LOC-00229,"Near LOC-00229, Bidar",Temple
FIR-000786,LOC-00241,"Near LOC-00241, Bidar",Petrol Bunk
FIR-000787,LOC-00249,"Near LOC-00249, Bidar",Market
FIR-000788,LOC-00234,"Near LOC-00234, Bidar",Petrol Bunk
FIR-000789,LOC-00219,"Near LOC-00219, Bidar",Bus Stand
FIR-000790,LOC-00217,"Near LOC-00217, Bidar",School
FIR-000791,LOC-00209,"Near LOC-00209, Bidar",Market
FIR-000792,LOC-00235,"Near LOC-00235, Bidar",Petrol Bunk
FIR-000793,LOC-00240,"Near LOC-00240, Bidar",Market
FIR-000794,LOC-00223,"Near LOC-00223, Bidar",Market
FIR-000795,LOC-00230,"Near LOC-00230, Bidar",Petrol Bunk
FIR-000796,LOC-00219,"Near LOC-00219, Bidar",Circle
FIR-000797,LOC-00243,"Near LOC-00243, Bidar",School
FIR-000798,LOC-00217,"Near LOC-00217, Bidar",Petrol Bunk
FIR-000799,LOC-00228,"Near LOC-00228, Bidar",Circle
FIR-000800,LOC-00228,"Near LOC-00228, Bidar",Bus Stand
FIR-000801,LOC-00222,"Near LOC-00222, Bidar",Bus Stand
FIR-000802,LOC-00220,"Near LOC-00220, Bidar",Petrol Bunk
FIR-000803,LOC-00219,"Near LOC-00219, Bidar",Market
FIR-000804,LOC-00220,"Near LOC-00220, Bidar",Petrol Bunk
FIR-000805,LOC-00247,"Near LOC-00247, Bidar",School
FIR-000806,LOC-00235,"Near LOC-00235, Bidar",Circle
FIR-000807,LOC-00248,"Near LOC-00248, Bidar",Circle
FIR-000808,LOC-00212,"Near LOC-00212, Bidar",Temple
FIR-000809,LOC-00231,"Near LOC-00231, Bidar",School
FIR-000810,LOC-00242,"Near LOC-00242, Bidar",Bus Stand
FIR-000811,LOC-00247,"Near LOC-00247, Bidar",Market
FIR-000812,LOC-00217,"Near LOC-00217, Bidar",Bus Stand
FIR-000813,LOC-00222,"Near LOC-00222, Bidar",School
FIR-000814,LOC-00222,"Near LOC-00222, Bidar",Temple
FIR-000815,LOC-00212,"Near LOC-00212, Bidar",School
FIR-000816,LOC-00239,"Near LOC-00239, Bidar",Temple
FIR-000817,LOC-00231,"Near LOC-00231, Bidar",Circle
FIR-000818,LOC-00243,"Near LOC-00243, Bidar",School
FIR-000819,LOC-00229,"Near LOC-00229, Bidar",School
FIR-000820,LOC-00230,"Near LOC-00230, Bidar",School
FIR-000821,LOC-00217,"Near LOC-00217, Bidar",Temple
FIR-000822,LOC-00233,"Near LOC-00233, Bidar",School
FIR-000823,LOC-00229,"Near LOC-00229, Bidar",Petrol Bunk
FIR-000824,LOC-00225,"Near LOC-00225, Bidar",Temple
FIR-000825,LOC-00231,"Near LOC-00231, Bidar",School
FIR-000826,LOC-00231,"Near LOC-00231, Bidar",Market
FIR-000827,LOC-00240,"Near LOC-00240, Bidar",Temple
FIR-000828,LOC-00244,"Near LOC-00244, Bidar",Bus Stand
FIR-000829,LOC-00213,"Near LOC-00213, Bidar",Petrol Bunk
FIR-000830,LOC-00230,"Near LOC-00230, Bidar",Temple
FIR-000831,LOC-00246,"Near LOC-00246, Bidar",Temple
FIR-000832,LOC-00231,"Near LOC-00231, Bidar",Bus Stand
FIR-000833,LOC-00222,"Near LOC-00222, Bidar",Circle
FIR-000834,LOC-00235,"Near LOC-00235, Bidar",Circle
FIR-000835,LOC-00222,"Near LOC-00222, Bidar",Bus Stand
FIR-000836,LOC-00223,"Near LOC-00223, Bidar",Circle
FIR-000837,LOC-00214,"Near LOC-00214, Bidar",Temple
FIR-000838,LOC-00219,"Near LOC-00219, Bidar",Market
FIR-000839,LOC-00218,"Near LOC-00218, Bidar",Petrol Bunk
FIR-000840,LOC-00221,"Near LOC-00221, Bidar",Petrol Bunk
FIR-000841,LOC-00240,"Near LOC-00240, Bidar",Petrol Bunk
FIR-000842,LOC-00232,"Near LOC-00232, Bidar",Market
FIR-000843,LOC-00245,"Near LOC-00245, Bidar",Temple
FIR-000844,LOC-00249,"Near LOC-00249, Bidar",School
FIR-000845,LOC-00244,"Near LOC-00244, Bidar",Bus Stand
FIR-000846,LOC-00227,"Near LOC-00227, Bidar",Petrol Bunk
FIR-000847,LOC-00216,"Near LOC-00216, Bidar",Petrol Bunk
FIR-000848,LOC-00226,"Near LOC-00226, Bidar",Market
FIR-000849,LOC-00216,"Near LOC-00216, Bidar",Petrol Bunk
FIR-000850,LOC-00238,"Near LOC-00238, Bidar",School
FIR-000851,LOC-00231,"Near LOC-00231, Bidar",Bus Stand
FIR-000852,LOC-00225,"Near LOC-00225, Bidar",Bus Stand
FIR-000853,LOC-00219,"Near LOC-00219, Bidar",Market
FIR-000854,LOC-00211,"Near LOC-00211, Bidar",Petrol Bunk
FIR-000855,LOC-00226,"Near LOC-00226, Bidar",Temple
FIR-000856,LOC-00213,"Near LOC-00213, Bidar",Circle
FIR-000857,LOC-00240,"Near LOC-00240, Bidar",Temple
FIR-000858,LOC-00214,"Near LOC-00214, Bidar",Bus Stand
FIR-000859,LOC-00237,"Near LOC-00237, Bidar",Temple
FIR-000860,LOC-00238,"Near LOC-00238, Bidar",Market
FIR-000861,LOC-00279,"Near LOC-00279, Chamarajanagar",Petrol Bunk
FIR-000862,LOC-00262,"Near LOC-00262, Chamarajanagar",Circle
FIR-000863,LOC-00275,"Near LOC-00275, Chamarajanagar",Market
FIR-000864,LOC-00267,"Near LOC-00267, Chamarajanagar",Temple
FIR-000865,LOC-00270,"Near LOC-00270, Chamarajanagar",Circle
FIR-000866,LOC-00262,"Near LOC-00262, Chamarajanagar",Temple
FIR-000867,LOC-00282,"Near LOC-00282, Chamarajanagar",Market
FIR-000868,LOC-00287,"Near LOC-00287, Chamarajanagar",Bus Stand
FIR-000869,LOC-00285,"Near LOC-00285, Chamarajanagar",Market
FIR-000870,LOC-00257,"Near LOC-00257, Chamarajanagar",Market
FIR-000871,LOC-00263,"Near LOC-00263, Chamarajanagar",Circle
FIR-000872,LOC-00284,"Near LOC-00284, Chamarajanagar",Circle
FIR-000873,LOC-00269,"Near LOC-00269, Chamarajanagar",Petrol Bunk
FIR-000874,LOC-00253,"Near LOC-00253, Chamarajanagar",School
FIR-000875,LOC-00273,"Near LOC-00273, Chamarajanagar",Temple
FIR-000876,LOC-00275,"Near LOC-00275, Chamarajanagar",Petrol Bunk
FIR-000877,LOC-00281,"Near LOC-00281, Chamarajanagar",Bus Stand
FIR-000878,LOC-00264,"Near LOC-00264, Chamarajanagar",Petrol Bunk
FIR-000879,LOC-00283,"Near LOC-00283, Chamarajanagar",Bus Stand
FIR-000880,LOC-00285,"Near LOC-00285, Chamarajanagar",Petrol Bunk
FIR-000881,LOC-00270,"Near LOC-00270, Chamarajanagar",Petrol Bunk
FIR-000882,LOC-00276,"Near LOC-00276, Chamarajanagar",Bus Stand
FIR-000883,LOC-00274,"Near LOC-00274, Chamarajanagar",Temple
FIR-000884,LOC-00251,"Near LOC-00251, Chamarajanagar",Market
FIR-000885,LOC-00253,"Near LOC-00253, Chamarajanagar",Petrol Bunk
FIR-000886,LOC-00252,"Near LOC-00252, Chamarajanagar",Market
FIR-000887,LOC-00269,"Near LOC-00269, Chamarajanagar",Petrol Bunk
FIR-000888,LOC-00272,"Near LOC-00272, Chamarajanagar",Bus Stand
FIR-000889,LOC-00264,"Near LOC-00264, Chamarajanagar",Temple
FIR-000890,LOC-00258,"Near LOC-00258, Chamarajanagar",Market
FIR-000891,LOC-00264,"Near LOC-00264, Chamarajanagar",Bus Stand
FIR-000892,LOC-00280,"Near LOC-00280, Chamarajanagar",School
FIR-000893,LOC-00273,"Near LOC-00273, Chamarajanagar",School
FIR-000894,LOC-00273,"Near LOC-00273, Chamarajanagar",Market
FIR-000895,LOC-00260,"Near LOC-00260, Chamarajanagar",Bus Stand
FIR-000896,LOC-00290,"Near LOC-00290, Chamarajanagar",Circle
FIR-000897,LOC-00271,"Near LOC-00271, Chamarajanagar",Circle
FIR-000898,LOC-00283,"Near LOC-00283, Chamarajanagar",Petrol Bunk
FIR-000899,LOC-00279,"Near LOC-00279, Chamarajanagar",Market
FIR-000900,LOC-00289,"Near LOC-00289, Chamarajanagar",Bus Stand
FIR-000901,LOC-00261,"Near LOC-00261, Chamarajanagar",Market
FIR-000902,LOC-00286,"Near LOC-00286, Chamarajanagar",Petrol Bunk
FIR-000903,LOC-00272,"Near LOC-00272, Chamarajanagar",Petrol Bunk
FIR-000904,LOC-00274,"Near LOC-00274, Chamarajanagar",Temple
FIR-000905,LOC-00283,"Near LOC-00283, Chamarajanagar",Bus Stand
FIR-000906,LOC-00283,"Near LOC-00283, Chamarajanagar",Bus Stand
FIR-000907,LOC-00289,"Near LOC-00289, Chamarajanagar",Circle
FIR-000908,LOC-00254,"Near LOC-00254, Chamarajanagar",School
FIR-000909,LOC-00289,"Near LOC-00289, Chamarajanagar",Circle
FIR-000910,LOC-00264,"Near LOC-00264, Chamarajanagar",School
FIR-000911,LOC-00279,"Near LOC-00279, Chamarajanagar",School
FIR-000912,LOC-00268,"Near LOC-00268, Chamarajanagar",School
FIR-000913,LOC-00258,"Near LOC-00258, Chamarajanagar",Petrol Bunk
FIR-000914,LOC-00256,"Near LOC-00256, Chamarajanagar",Market
FIR-000915,LOC-00289,"Near LOC-00289, Chamarajanagar",Circle
FIR-000916,LOC-00266,"Near LOC-00266, Chamarajanagar",Circle
FIR-000917,LOC-00289,"Near LOC-00289, Chamarajanagar",Bus Stand
FIR-000918,LOC-00290,"Near LOC-00290, Chamarajanagar",Petrol Bunk
FIR-000919,LOC-00264,"Near LOC-00264, Chamarajanagar",Circle
FIR-000920,LOC-00260,"Near LOC-00260, Chamarajanagar",Bus Stand
FIR-000921,LOC-00264,"Near LOC-00264, Chamarajanagar",Circle
FIR-000922,LOC-00271,"Near LOC-00271, Chamarajanagar",Bus Stand
FIR-000923,LOC-00289,"Near LOC-00289, Chamarajanagar",Temple
FIR-000924,LOC-00256,"Near LOC-00256, Chamarajanagar",Bus Stand
FIR-000925,LOC-00259,"Near LOC-00259, Chamarajanagar",School
FIR-000926,LOC-00257,"Near LOC-00257, Chamarajanagar",Bus Stand
FIR-000927,LOC-00288,"Near LOC-00288, Chamarajanagar",Petrol Bunk
FIR-000928,LOC-00283,"Near LOC-00283, Chamarajanagar",School
FIR-000929,LOC-00276,"Near LOC-00276, Chamarajanagar",Bus Stand
FIR-000930,LOC-00271,"Near LOC-00271, Chamarajanagar",Petrol Bunk
FIR-000931,LOC-00290,"Near LOC-00290, Chamarajanagar",Temple
FIR-000932,LOC-00271,"Near LOC-00271, Chamarajanagar",School
FIR-000933,LOC-00257,"Near LOC-00257, Chamarajanagar",Temple
FIR-000934,LOC-00277,"Near LOC-00277, Chamarajanagar",Temple
FIR-000935,LOC-00268,"Near LOC-00268, Chamarajanagar",Temple
FIR-000936,LOC-00282,"Near LOC-00282, Chamarajanagar",Circle
FIR-000937,LOC-00264,"Near LOC-00264, Chamarajanagar",Temple
FIR-000938,LOC-00273,"Near LOC-00273, Chamarajanagar",Bus Stand
FIR-000939,LOC-00288,"Near LOC-00288, Chamarajanagar",School
FIR-000940,LOC-00255,"Near LOC-00255, Chamarajanagar",Petrol Bunk
FIR-000941,LOC-00267,"Near LOC-00267, Chamarajanagar",Bus Stand
FIR-000942,LOC-00257,"Near LOC-00257, Chamarajanagar",Temple
FIR-000943,LOC-00281,"Near LOC-00281, Chamarajanagar",Market
FIR-000944,LOC-00289,"Near LOC-00289, Chamarajanagar",Petrol Bunk
FIR-000945,LOC-00280,"Near LOC-00280, Chamarajanagar",School
FIR-000946,LOC-00271,"Near LOC-00271, Chamarajanagar",School
FIR-000947,LOC-00264,"Near LOC-00264, Chamarajanagar",School
FIR-000948,LOC-00275,"Near LOC-00275, Chamarajanagar",Market
FIR-000949,LOC-00290,"Near LOC-00290, Chamarajanagar",Petrol Bunk
FIR-000950,LOC-00252,"Near LOC-00252, Chamarajanagar",Circle
FIR-000951,LOC-00254,"Near LOC-00254, Chamarajanagar",Temple
FIR-000952,LOC-00278,"Near LOC-00278, Chamarajanagar",Market
FIR-000953,LOC-00273,"Near LOC-00273, Chamarajanagar",Bus Stand
FIR-000954,LOC-00263,"Near LOC-00263, Chamarajanagar",Circle
FIR-000955,LOC-00259,"Near LOC-00259, Chamarajanagar",Circle
FIR-000956,LOC-00257,"Near LOC-00257, Chamarajanagar",Temple
FIR-000957,LOC-00255,"Near LOC-00255, Chamarajanagar",Circle
FIR-000958,LOC-00271,"Near LOC-00271, Chamarajanagar",Temple
FIR-000959,LOC-00283,"Near LOC-00283, Chamarajanagar",School
FIR-000960,LOC-00252,"Near LOC-00252, Chamarajanagar",School
FIR-000961,LOC-00250,"Near LOC-00250, Chamarajanagar",School
FIR-000962,LOC-00265,"Near LOC-00265, Chamarajanagar",Petrol Bunk
FIR-000963,LOC-00286,"Near LOC-00286, Chamarajanagar",Temple
FIR-000964,LOC-00257,"Near LOC-00257, Chamarajanagar",Petrol Bunk
FIR-000965,LOC-00283,"Near LOC-00283, Chamarajanagar",School
FIR-000966,LOC-00250,"Near LOC-00250, Chamarajanagar",Petrol Bunk
FIR-000967,LOC-00284,"Near LOC-00284, Chamarajanagar",Market
FIR-000968,LOC-00261,"Near LOC-00261, Chamarajanagar",Petrol Bunk
FIR-000969,LOC-00251,"Near LOC-00251, Chamarajanagar",School
FIR-000970,LOC-00271,"Near LOC-00271, Chamarajanagar",Market
FIR-000971,LOC-00273,"Near LOC-00273, Chamarajanagar",Circle
FIR-000972,LOC-00278,"Near LOC-00278, Chamarajanagar",School
FIR-000973,LOC-00265,"Near LOC-00265, Chamarajanagar",Market
FIR-000974,LOC-00266,"Near LOC-00266, Chamarajanagar",Market
FIR-000975,LOC-00275,"Near LOC-00275, Chamarajanagar",Circle
FIR-000976,LOC-00283,"Near LOC-00283, Chamarajanagar",School
FIR-000977,LOC-00271,"Near LOC-00271, Chamarajanagar",Market
FIR-000978,LOC-00277,"Near LOC-00277, Chamarajanagar",Market
FIR-000979,LOC-00256,"Near LOC-00256, Chamarajanagar",Temple
FIR-000980,LOC-00287,"Near LOC-00287, Chamarajanagar",Market
FIR-000981,LOC-00293,"Near LOC-00293, Chikballapur",School
FIR-000982,LOC-00293,"Near LOC-00293, Chikballapur",Bus Stand
FIR-000983,LOC-00298,"Near LOC-00298, Chikballapur",Market
FIR-000984,LOC-00294,"Near LOC-00294, Chikballapur",Circle
FIR-000985,LOC-00317,"Near LOC-00317, Chikballapur",Circle
FIR-000986,LOC-00304,"Near LOC-00304, Chikballapur",Petrol Bunk
FIR-000987,LOC-00318,"Near LOC-00318, Chikballapur",Bus Stand
FIR-000988,LOC-00294,"Near LOC-00294, Chikballapur",Petrol Bunk
FIR-000989,LOC-00318,"Near LOC-00318, Chikballapur",Circle
FIR-000990,LOC-00316,"Near LOC-00316, Chikballapur",Bus Stand
FIR-000991,LOC-00309,"Near LOC-00309, Chikballapur",Temple
FIR-000992,LOC-00295,"Near LOC-00295, Chikballapur",School
FIR-000993,LOC-00316,"Near LOC-00316, Chikballapur",School
FIR-000994,LOC-00315,"Near LOC-00315, Chikballapur",Temple
FIR-000995,LOC-00306,"Near LOC-00306, Chikballapur",Circle
FIR-000996,LOC-00309,"Near LOC-00309, Chikballapur",Bus Stand
FIR-000997,LOC-00315,"Near LOC-00315, Chikballapur",Temple
FIR-000998,LOC-00303,"Near LOC-00303, Chikballapur",Bus Stand
FIR-000999,LOC-00313,"Near LOC-00313, Chikballapur",Circle
FIR-001000,LOC-00301,"Near LOC-00301, Chikballapur",Market
FIR-001001,LOC-00315,"Near LOC-00315, Chikballapur",Temple
FIR-001002,LOC-00291,"Near LOC-00291, Chikballapur",Market
FIR-001003,LOC-00314,"Near LOC-00314, Chikballapur",Bus Stand
FIR-001004,LOC-00300,"Near LOC-00300, Chikballapur",School
FIR-001005,LOC-00317,"Near LOC-00317, Chikballapur",School
FIR-001006,LOC-00310,"Near LOC-00310, Chikballapur",Petrol Bunk
FIR-001007,LOC-00308,"Near LOC-00308, Chikballapur",Circle
FIR-001008,LOC-00318,"Near LOC-00318, Chikballapur",Market
FIR-001009,LOC-00309,"Near LOC-00309, Chikballapur",Market
FIR-001010,LOC-00303,"Near LOC-00303, Chikballapur",Petrol Bunk
FIR-001011,LOC-00318,"Near LOC-00318, Chikballapur",Petrol Bunk
FIR-001012,LOC-00299,"Near LOC-00299, Chikballapur",School
FIR-001013,LOC-00313,"Near LOC-00313, Chikballapur",School
FIR-001014,LOC-00316,"Near LOC-00316, Chikballapur",Circle
FIR-001015,LOC-00307,"Near LOC-00307, Chikballapur",Petrol Bunk
FIR-001016,LOC-00311,"Near LOC-00311, Chikballapur",Bus Stand
FIR-001017,LOC-00312,"Near LOC-00312, Chikballapur",Circle
FIR-001018,LOC-00307,"Near LOC-00307, Chikballapur",Circle
FIR-001019,LOC-00300,"Near LOC-00300, Chikballapur",Circle
FIR-001020,LOC-00318,"Near LOC-00318, Chikballapur",School
FIR-001021,LOC-00304,"Near LOC-00304, Chikballapur",Bus Stand
FIR-001022,LOC-00301,"Near LOC-00301, Chikballapur",Temple
FIR-001023,LOC-00305,"Near LOC-00305, Chikballapur",Circle
FIR-001024,LOC-00302,"Near LOC-00302, Chikballapur",Circle
FIR-001025,LOC-00293,"Near LOC-00293, Chikballapur",Bus Stand
FIR-001026,LOC-00312,"Near LOC-00312, Chikballapur",Petrol Bunk
FIR-001027,LOC-00313,"Near LOC-00313, Chikballapur",Bus Stand
FIR-001028,LOC-00306,"Near LOC-00306, Chikballapur",School
FIR-001029,LOC-00313,"Near LOC-00313, Chikballapur",Bus Stand
FIR-001030,LOC-00293,"Near LOC-00293, Chikballapur",Market
FIR-001031,LOC-00318,"Near LOC-00318, Chikballapur",Circle
FIR-001032,LOC-00313,"Near LOC-00313, Chikballapur",Temple
FIR-001033,LOC-00297,"Near LOC-00297, Chikballapur",Market
FIR-001034,LOC-00312,"Near LOC-00312, Chikballapur",Market
FIR-001035,LOC-00305,"Near LOC-00305, Chikballapur",School
FIR-001036,LOC-00294,"Near LOC-00294, Chikballapur",Circle
FIR-001037,LOC-00299,"Near LOC-00299, Chikballapur",Market
FIR-001038,LOC-00294,"Near LOC-00294, Chikballapur",School
FIR-001039,LOC-00294,"Near LOC-00294, Chikballapur",Temple
FIR-001040,LOC-00305,"Near LOC-00305, Chikballapur",Circle
FIR-001041,LOC-00307,"Near LOC-00307, Chikballapur",Circle
FIR-001042,LOC-00301,"Near LOC-00301, Chikballapur",Market
FIR-001043,LOC-00308,"Near LOC-00308, Chikballapur",School
FIR-001044,LOC-00314,"Near LOC-00314, Chikballapur",Market
FIR-001045,LOC-00303,"Near LOC-00303, Chikballapur",Petrol Bunk
FIR-001046,LOC-00318,"Near LOC-00318, Chikballapur",Bus Stand
FIR-001047,LOC-00310,"Near LOC-00310, Chikballapur",Bus Stand
FIR-001048,LOC-00296,"Near LOC-00296, Chikballapur",Market
FIR-001049,LOC-00308,"Near LOC-00308, Chikballapur",Bus Stand
FIR-001050,LOC-00318,"Near LOC-00318, Chikballapur",Petrol Bunk
FIR-001051,LOC-00313,"Near LOC-00313, Chikballapur",Temple
FIR-001052,LOC-00296,"Near LOC-00296, Chikballapur",Market
FIR-001053,LOC-00308,"Near LOC-00308, Chikballapur",Temple
FIR-001054,LOC-00308,"Near LOC-00308, Chikballapur",Bus Stand
FIR-001055,LOC-00295,"Near LOC-00295, Chikballapur",Market
FIR-001056,LOC-00300,"Near LOC-00300, Chikballapur",Temple
FIR-001057,LOC-00308,"Near LOC-00308, Chikballapur",Circle
FIR-001058,LOC-00317,"Near LOC-00317, Chikballapur",School
FIR-001059,LOC-00292,"Near LOC-00292, Chikballapur",Circle
FIR-001060,LOC-00308,"Near LOC-00308, Chikballapur",Bus Stand
FIR-001061,LOC-00310,"Near LOC-00310, Chikballapur",School
FIR-001062,LOC-00300,"Near LOC-00300, Chikballapur",Circle
FIR-001063,LOC-00313,"Near LOC-00313, Chikballapur",Petrol Bunk
FIR-001064,LOC-00311,"Near LOC-00311, Chikballapur",Market
FIR-001065,LOC-00314,"Near LOC-00314, Chikballapur",School
FIR-001066,LOC-00300,"Near LOC-00300, Chikballapur",Bus Stand
FIR-001067,LOC-00294,"Near LOC-00294, Chikballapur",Bus Stand
FIR-001068,LOC-00311,"Near LOC-00311, Chikballapur",Bus Stand
FIR-001069,LOC-00313,"Near LOC-00313, Chikballapur",Circle
FIR-001070,LOC-00295,"Near LOC-00295, Chikballapur",Temple
FIR-001071,LOC-00299,"Near LOC-00299, Chikballapur",School
FIR-001072,LOC-00300,"Near LOC-00300, Chikballapur",School
FIR-001073,LOC-00292,"Near LOC-00292, Chikballapur",Market
FIR-001074,LOC-00298,"Near LOC-00298, Chikballapur",Bus Stand
FIR-001075,LOC-00304,"Near LOC-00304, Chikballapur",School
FIR-001076,LOC-00308,"Near LOC-00308, Chikballapur",Market
FIR-001077,LOC-00293,"Near LOC-00293, Chikballapur",Temple
FIR-001078,LOC-00308,"Near LOC-00308, Chikballapur",School
FIR-001079,LOC-00293,"Near LOC-00293, Chikballapur",Petrol Bunk
FIR-001080,LOC-00302,"Near LOC-00302, Chikballapur",School
FIR-001081,LOC-00313,"Near LOC-00313, Chikballapur",Market
FIR-001082,LOC-00298,"Near LOC-00298, Chikballapur",Circle
FIR-001083,LOC-00297,"Near LOC-00297, Chikballapur",Temple
FIR-001084,LOC-00292,"Near LOC-00292, Chikballapur",Temple
FIR-001085,LOC-00297,"Near LOC-00297, Chikballapur",Bus Stand
FIR-001086,LOC-00313,"Near LOC-00313, Chikballapur",Temple
FIR-001087,LOC-00293,"Near LOC-00293, Chikballapur",Temple
FIR-001088,LOC-00300,"Near LOC-00300, Chikballapur",Temple
FIR-001089,LOC-00294,"Near LOC-00294, Chikballapur",School
FIR-001090,LOC-00302,"Near LOC-00302, Chikballapur",Temple
FIR-001091,LOC-00300,"Near LOC-00300, Chikballapur",School
FIR-001092,LOC-00318,"Near LOC-00318, Chikballapur",Market
FIR-001093,LOC-00318,"Near LOC-00318, Chikballapur",Bus Stand
FIR-001094,LOC-00291,"Near LOC-00291, Chikballapur",Circle
FIR-001095,LOC-00318,"Near LOC-00318, Chikballapur",Bus Stand
FIR-001096,LOC-00308,"Near LOC-00308, Chikballapur",School
FIR-001097,LOC-00296,"Near LOC-00296, Chikballapur",Petrol Bunk
FIR-001098,LOC-00294,"Near LOC-00294, Chikballapur",Petrol Bunk
FIR-001099,LOC-00306,"Near LOC-00306, Chikballapur",Temple
FIR-001100,LOC-00291,"Near LOC-00291, Chikballapur",Petrol Bunk
FIR-001101,LOC-00329,"Near LOC-00329, Chikkamagaluru",Market
FIR-001102,LOC-00338,"Near LOC-00338, Chikkamagaluru",School
FIR-001103,LOC-00345,"Near LOC-00345, Chikkamagaluru",School
FIR-001104,LOC-00328,"Near LOC-00328, Chikkamagaluru",Market
FIR-001105,LOC-00339,"Near LOC-00339, Chikkamagaluru",School
FIR-001106,LOC-00332,"Near LOC-00332, Chikkamagaluru",Circle
FIR-001107,LOC-00326,"Near LOC-00326, Chikkamagaluru",Circle
FIR-001108,LOC-00324,"Near LOC-00324, Chikkamagaluru",Bus Stand
FIR-001109,LOC-00325,"Near LOC-00325, Chikkamagaluru",Bus Stand
FIR-001110,LOC-00331,"Near LOC-00331, Chikkamagaluru",Petrol Bunk
FIR-001111,LOC-00320,"Near LOC-00320, Chikkamagaluru",Circle
FIR-001112,LOC-00341,"Near LOC-00341, Chikkamagaluru",Petrol Bunk
FIR-001113,LOC-00336,"Near LOC-00336, Chikkamagaluru",Petrol Bunk
FIR-001114,LOC-00320,"Near LOC-00320, Chikkamagaluru",Temple
FIR-001115,LOC-00341,"Near LOC-00341, Chikkamagaluru",Market
FIR-001116,LOC-00338,"Near LOC-00338, Chikkamagaluru",Petrol Bunk
FIR-001117,LOC-00338,"Near LOC-00338, Chikkamagaluru",Market
FIR-001118,LOC-00333,"Near LOC-00333, Chikkamagaluru",Bus Stand
FIR-001119,LOC-00339,"Near LOC-00339, Chikkamagaluru",Bus Stand
FIR-001120,LOC-00334,"Near LOC-00334, Chikkamagaluru",Temple
FIR-001121,LOC-00338,"Near LOC-00338, Chikkamagaluru",Petrol Bunk
FIR-001122,LOC-00344,"Near LOC-00344, Chikkamagaluru",Circle
FIR-001123,LOC-00335,"Near LOC-00335, Chikkamagaluru",Temple
FIR-001124,LOC-00339,"Near LOC-00339, Chikkamagaluru",School
FIR-001125,LOC-00338,"Near LOC-00338, Chikkamagaluru",Petrol Bunk
FIR-001126,LOC-00325,"Near LOC-00325, Chikkamagaluru",Circle
FIR-001127,LOC-00346,"Near LOC-00346, Chikkamagaluru",Bus Stand
FIR-001128,LOC-00330,"Near LOC-00330, Chikkamagaluru",School
FIR-001129,LOC-00342,"Near LOC-00342, Chikkamagaluru",Temple
FIR-001130,LOC-00345,"Near LOC-00345, Chikkamagaluru",School
FIR-001131,LOC-00322,"Near LOC-00322, Chikkamagaluru",Bus Stand
FIR-001132,LOC-00341,"Near LOC-00341, Chikkamagaluru",Petrol Bunk
FIR-001133,LOC-00339,"Near LOC-00339, Chikkamagaluru",Petrol Bunk
FIR-001134,LOC-00341,"Near LOC-00341, Chikkamagaluru",Bus Stand
FIR-001135,LOC-00343,"Near LOC-00343, Chikkamagaluru",Circle
FIR-001136,LOC-00331,"Near LOC-00331, Chikkamagaluru",Temple
FIR-001137,LOC-00341,"Near LOC-00341, Chikkamagaluru",Bus Stand
FIR-001138,LOC-00333,"Near LOC-00333, Chikkamagaluru",Petrol Bunk
FIR-001139,LOC-00345,"Near LOC-00345, Chikkamagaluru",Circle
FIR-001140,LOC-00323,"Near LOC-00323, Chikkamagaluru",Petrol Bunk
FIR-001141,LOC-00327,"Near LOC-00327, Chikkamagaluru",Bus Stand
FIR-001142,LOC-00345,"Near LOC-00345, Chikkamagaluru",Circle
FIR-001143,LOC-00335,"Near LOC-00335, Chikkamagaluru",Market
FIR-001144,LOC-00330,"Near LOC-00330, Chikkamagaluru",Temple
FIR-001145,LOC-00338,"Near LOC-00338, Chikkamagaluru",Temple
FIR-001146,LOC-00330,"Near LOC-00330, Chikkamagaluru",School
FIR-001147,LOC-00339,"Near LOC-00339, Chikkamagaluru",Circle
FIR-001148,LOC-00328,"Near LOC-00328, Chikkamagaluru",Market
FIR-001149,LOC-00345,"Near LOC-00345, Chikkamagaluru",Petrol Bunk
FIR-001150,LOC-00339,"Near LOC-00339, Chikkamagaluru",Petrol Bunk
FIR-001151,LOC-00320,"Near LOC-00320, Chikkamagaluru",Market
FIR-001152,LOC-00324,"Near LOC-00324, Chikkamagaluru",School
FIR-001153,LOC-00341,"Near LOC-00341, Chikkamagaluru",Bus Stand
FIR-001154,LOC-00343,"Near LOC-00343, Chikkamagaluru",School
FIR-001155,LOC-00321,"Near LOC-00321, Chikkamagaluru",Market
FIR-001156,LOC-00339,"Near LOC-00339, Chikkamagaluru",Temple
FIR-001157,LOC-00327,"Near LOC-00327, Chikkamagaluru",Circle
FIR-001158,LOC-00339,"Near LOC-00339, Chikkamagaluru",School
FIR-001159,LOC-00330,"Near LOC-00330, Chikkamagaluru",Bus Stand
FIR-001160,LOC-00337,"Near LOC-00337, Chikkamagaluru",Petrol Bunk
FIR-001161,LOC-00321,"Near LOC-00321, Chikkamagaluru",School
FIR-001162,LOC-00337,"Near LOC-00337, Chikkamagaluru",Market
FIR-001163,LOC-00336,"Near LOC-00336, Chikkamagaluru",School
FIR-001164,LOC-00324,"Near LOC-00324, Chikkamagaluru",Market
FIR-001165,LOC-00322,"Near LOC-00322, Chikkamagaluru",Bus Stand
FIR-001166,LOC-00332,"Near LOC-00332, Chikkamagaluru",Temple
FIR-001167,LOC-00341,"Near LOC-00341, Chikkamagaluru",Petrol Bunk
FIR-001168,LOC-00345,"Near LOC-00345, Chikkamagaluru",Market
FIR-001169,LOC-00341,"Near LOC-00341, Chikkamagaluru",Circle
FIR-001170,LOC-00344,"Near LOC-00344, Chikkamagaluru",Bus Stand
FIR-001171,LOC-00343,"Near LOC-00343, Chikkamagaluru",Petrol Bunk
FIR-001172,LOC-00334,"Near LOC-00334, Chikkamagaluru",Bus Stand
FIR-001173,LOC-00329,"Near LOC-00329, Chikkamagaluru",Market
FIR-001174,LOC-00340,"Near LOC-00340, Chikkamagaluru",School
FIR-001175,LOC-00323,"Near LOC-00323, Chikkamagaluru",Market
FIR-001176,LOC-00326,"Near LOC-00326, Chikkamagaluru",Market
FIR-001177,LOC-00331,"Near LOC-00331, Chikkamagaluru",Petrol Bunk
FIR-001178,LOC-00340,"Near LOC-00340, Chikkamagaluru",Circle
FIR-001179,LOC-00327,"Near LOC-00327, Chikkamagaluru",Market
FIR-001180,LOC-00325,"Near LOC-00325, Chikkamagaluru",Petrol Bunk
FIR-001181,LOC-00330,"Near LOC-00330, Chikkamagaluru",Circle
FIR-001182,LOC-00345,"Near LOC-00345, Chikkamagaluru",Bus Stand
FIR-001183,LOC-00345,"Near LOC-00345, Chikkamagaluru",Temple
FIR-001184,LOC-00342,"Near LOC-00342, Chikkamagaluru",Temple
FIR-001185,LOC-00344,"Near LOC-00344, Chikkamagaluru",Bus Stand
FIR-001186,LOC-00325,"Near LOC-00325, Chikkamagaluru",Circle
FIR-001187,LOC-00340,"Near LOC-00340, Chikkamagaluru",Market
FIR-001188,LOC-00345,"Near LOC-00345, Chikkamagaluru",Bus Stand
FIR-001189,LOC-00330,"Near LOC-00330, Chikkamagaluru",Circle
FIR-001190,LOC-00342,"Near LOC-00342, Chikkamagaluru",Petrol Bunk
FIR-001191,LOC-00334,"Near LOC-00334, Chikkamagaluru",Circle
FIR-001192,LOC-00325,"Near LOC-00325, Chikkamagaluru",Market
FIR-001193,LOC-00341,"Near LOC-00341, Chikkamagaluru",Temple
FIR-001194,LOC-00346,"Near LOC-00346, Chikkamagaluru",Petrol Bunk
FIR-001195,LOC-00335,"Near LOC-00335, Chikkamagaluru",Bus Stand
FIR-001196,LOC-00329,"Near LOC-00329, Chikkamagaluru",Circle
FIR-001197,LOC-00330,"Near LOC-00330, Chikkamagaluru",Bus Stand
FIR-001198,LOC-00319,"Near LOC-00319, Chikkamagaluru",School
FIR-001199,LOC-00326,"Near LOC-00326, Chikkamagaluru",Temple
FIR-001200,LOC-00337,"Near LOC-00337, Chikkamagaluru",School
FIR-001201,LOC-00333,"Near LOC-00333, Chikkamagaluru",School
FIR-001202,LOC-00325,"Near LOC-00325, Chikkamagaluru",Temple
FIR-001203,LOC-00322,"Near LOC-00322, Chikkamagaluru",Petrol Bunk
FIR-001204,LOC-00338,"Near LOC-00338, Chikkamagaluru",Market
FIR-001205,LOC-00319,"Near LOC-00319, Chikkamagaluru",Circle
FIR-001206,LOC-00346,"Near LOC-00346, Chikkamagaluru",School
FIR-001207,LOC-00323,"Near LOC-00323, Chikkamagaluru",Market
FIR-001208,LOC-00339,"Near LOC-00339, Chikkamagaluru",Petrol Bunk
FIR-001209,LOC-00319,"Near LOC-00319, Chikkamagaluru",Circle
FIR-001210,LOC-00338,"Near LOC-00338, Chikkamagaluru",School
FIR-001211,LOC-00330,"Near LOC-00330, Chikkamagaluru",Petrol Bunk
FIR-001212,LOC-00345,"Near LOC-00345, Chikkamagaluru",Bus Stand
FIR-001213,LOC-00339,"Near LOC-00339, Chikkamagaluru",Market
FIR-001214,LOC-00336,"Near LOC-00336, Chikkamagaluru",Market
FIR-001215,LOC-00321,"Near LOC-00321, Chikkamagaluru",Circle
FIR-001216,LOC-00338,"Near LOC-00338, Chikkamagaluru",School
FIR-001217,LOC-00328,"Near LOC-00328, Chikkamagaluru",Circle
FIR-001218,LOC-00332,"Near LOC-00332, Chikkamagaluru",Market
FIR-001219,LOC-00325,"Near LOC-00325, Chikkamagaluru",Circle
FIR-001220,LOC-00338,"Near LOC-00338, Chikkamagaluru",Market
FIR-001221,LOC-00363,"Near LOC-00363, Chitradurga",Circle
FIR-001222,LOC-00361,"Near LOC-00361, Chitradurga",School
FIR-001223,LOC-00363,"Near LOC-00363, Chitradurga",Circle
FIR-001224,LOC-00349,"Near LOC-00349, Chitradurga",Petrol Bunk
FIR-001225,LOC-00361,"Near LOC-00361, Chitradurga",Bus Stand
FIR-001226,LOC-00372,"Near LOC-00372, Chitradurga",Petrol Bunk
FIR-001227,LOC-00370,"Near LOC-00370, Chitradurga",Bus Stand
FIR-001228,LOC-00365,"Near LOC-00365, Chitradurga",Temple
FIR-001229,LOC-00366,"Near LOC-00366, Chitradurga",Temple
FIR-001230,LOC-00361,"Near LOC-00361, Chitradurga",Market
FIR-001231,LOC-00374,"Near LOC-00374, Chitradurga",Circle
FIR-001232,LOC-00354,"Near LOC-00354, Chitradurga",Petrol Bunk
FIR-001233,LOC-00369,"Near LOC-00369, Chitradurga",Market
FIR-001234,LOC-00353,"Near LOC-00353, Chitradurga",Temple
FIR-001235,LOC-00355,"Near LOC-00355, Chitradurga",Circle
FIR-001236,LOC-00354,"Near LOC-00354, Chitradurga",Petrol Bunk
FIR-001237,LOC-00360,"Near LOC-00360, Chitradurga",Petrol Bunk
FIR-001238,LOC-00372,"Near LOC-00372, Chitradurga",Market
FIR-001239,LOC-00356,"Near LOC-00356, Chitradurga",Bus Stand
FIR-001240,LOC-00347,"Near LOC-00347, Chitradurga",Market
FIR-001241,LOC-00368,"Near LOC-00368, Chitradurga",Bus Stand
FIR-001242,LOC-00354,"Near LOC-00354, Chitradurga",Market
FIR-001243,LOC-00373,"Near LOC-00373, Chitradurga",School
FIR-001244,LOC-00357,"Near LOC-00357, Chitradurga",School
FIR-001245,LOC-00369,"Near LOC-00369, Chitradurga",Bus Stand
FIR-001246,LOC-00355,"Near LOC-00355, Chitradurga",School
FIR-001247,LOC-00354,"Near LOC-00354, Chitradurga",Bus Stand
FIR-001248,LOC-00354,"Near LOC-00354, Chitradurga",Circle
FIR-001249,LOC-00360,"Near LOC-00360, Chitradurga",Market
FIR-001250,LOC-00360,"Near LOC-00360, Chitradurga",Market
FIR-001251,LOC-00372,"Near LOC-00372, Chitradurga",Petrol Bunk
FIR-001252,LOC-00365,"Near LOC-00365, Chitradurga",Temple
FIR-001253,LOC-00371,"Near LOC-00371, Chitradurga",Bus Stand
FIR-001254,LOC-00369,"Near LOC-00369, Chitradurga",Circle
FIR-001255,LOC-00354,"Near LOC-00354, Chitradurga",School
FIR-001256,LOC-00367,"Near LOC-00367, Chitradurga",Petrol Bunk
FIR-001257,LOC-00354,"Near LOC-00354, Chitradurga",School
FIR-001258,LOC-00357,"Near LOC-00357, Chitradurga",School
FIR-001259,LOC-00357,"Near LOC-00357, Chitradurga",Bus Stand
FIR-001260,LOC-00347,"Near LOC-00347, Chitradurga",Market
FIR-001261,LOC-00358,"Near LOC-00358, Chitradurga",Petrol Bunk
FIR-001262,LOC-00348,"Near LOC-00348, Chitradurga",School
FIR-001263,LOC-00369,"Near LOC-00369, Chitradurga",Temple
FIR-001264,LOC-00362,"Near LOC-00362, Chitradurga",Petrol Bunk
FIR-001265,LOC-00359,"Near LOC-00359, Chitradurga",Bus Stand
FIR-001266,LOC-00366,"Near LOC-00366, Chitradurga",School
FIR-001267,LOC-00369,"Near LOC-00369, Chitradurga",Market
FIR-001268,LOC-00368,"Near LOC-00368, Chitradurga",School
FIR-001269,LOC-00373,"Near LOC-00373, Chitradurga",Circle
FIR-001270,LOC-00348,"Near LOC-00348, Chitradurga",Circle
FIR-001271,LOC-00360,"Near LOC-00360, Chitradurga",Temple
FIR-001272,LOC-00350,"Near LOC-00350, Chitradurga",Petrol Bunk
FIR-001273,LOC-00370,"Near LOC-00370, Chitradurga",Petrol Bunk
FIR-001274,LOC-00352,"Near LOC-00352, Chitradurga",Bus Stand
FIR-001275,LOC-00349,"Near LOC-00349, Chitradurga",Bus Stand
FIR-001276,LOC-00373,"Near LOC-00373, Chitradurga",Temple
FIR-001277,LOC-00370,"Near LOC-00370, Chitradurga",Circle
FIR-001278,LOC-00362,"Near LOC-00362, Chitradurga",Bus Stand
FIR-001279,LOC-00360,"Near LOC-00360, Chitradurga",Market
FIR-001280,LOC-00355,"Near LOC-00355, Chitradurga",Petrol Bunk
FIR-001281,LOC-00360,"Near LOC-00360, Chitradurga",Bus Stand
FIR-001282,LOC-00352,"Near LOC-00352, Chitradurga",School
FIR-001283,LOC-00364,"Near LOC-00364, Chitradurga",School
FIR-001284,LOC-00347,"Near LOC-00347, Chitradurga",Petrol Bunk
FIR-001285,LOC-00356,"Near LOC-00356, Chitradurga",Bus Stand
FIR-001286,LOC-00360,"Near LOC-00360, Chitradurga",Market
FIR-001287,LOC-00348,"Near LOC-00348, Chitradurga",Petrol Bunk
FIR-001288,LOC-00371,"Near LOC-00371, Chitradurga",Petrol Bunk
FIR-001289,LOC-00369,"Near LOC-00369, Chitradurga",Circle
FIR-001290,LOC-00351,"Near LOC-00351, Chitradurga",Market
FIR-001291,LOC-00369,"Near LOC-00369, Chitradurga",School
FIR-001292,LOC-00358,"Near LOC-00358, Chitradurga",Petrol Bunk
FIR-001293,LOC-00366,"Near LOC-00366, Chitradurga",Circle
FIR-001294,LOC-00371,"Near LOC-00371, Chitradurga",Market
FIR-001295,LOC-00359,"Near LOC-00359, Chitradurga",Petrol Bunk
FIR-001296,LOC-00366,"Near LOC-00366, Chitradurga",Circle
FIR-001297,LOC-00354,"Near LOC-00354, Chitradurga",Petrol Bunk
FIR-001298,LOC-00350,"Near LOC-00350, Chitradurga",Temple
FIR-001299,LOC-00366,"Near LOC-00366, Chitradurga",Circle
FIR-001300,LOC-00363,"Near LOC-00363, Chitradurga",Petrol Bunk
FIR-001301,LOC-00366,"Near LOC-00366, Chitradurga",Market
FIR-001302,LOC-00350,"Near LOC-00350, Chitradurga",Bus Stand
FIR-001303,LOC-00355,"Near LOC-00355, Chitradurga",Petrol Bunk
FIR-001304,LOC-00347,"Near LOC-00347, Chitradurga",Market
FIR-001305,LOC-00358,"Near LOC-00358, Chitradurga",Market
FIR-001306,LOC-00359,"Near LOC-00359, Chitradurga",School
FIR-001307,LOC-00369,"Near LOC-00369, Chitradurga",Circle
FIR-001308,LOC-00366,"Near LOC-00366, Chitradurga",Petrol Bunk
FIR-001309,LOC-00347,"Near LOC-00347, Chitradurga",Bus Stand
FIR-001310,LOC-00354,"Near LOC-00354, Chitradurga",Temple
FIR-001311,LOC-00368,"Near LOC-00368, Chitradurga",School
FIR-001312,LOC-00353,"Near LOC-00353, Chitradurga",Petrol Bunk
FIR-001313,LOC-00374,"Near LOC-00374, Chitradurga",Temple
FIR-001314,LOC-00365,"Near LOC-00365, Chitradurga",Market
FIR-001315,LOC-00360,"Near LOC-00360, Chitradurga",Petrol Bunk
FIR-001316,LOC-00364,"Near LOC-00364, Chitradurga",Temple
FIR-001317,LOC-00367,"Near LOC-00367, Chitradurga",Market
FIR-001318,LOC-00364,"Near LOC-00364, Chitradurga",School
FIR-001319,LOC-00347,"Near LOC-00347, Chitradurga",Petrol Bunk
FIR-001320,LOC-00354,"Near LOC-00354, Chitradurga",Petrol Bunk
FIR-001321,LOC-00351,"Near LOC-00351, Chitradurga",Circle
FIR-001322,LOC-00366,"Near LOC-00366, Chitradurga",Market
FIR-001323,LOC-00353,"Near LOC-00353, Chitradurga",Market
FIR-001324,LOC-00355,"Near LOC-00355, Chitradurga",Market
FIR-001325,LOC-00355,"Near LOC-00355, Chitradurga",Bus Stand
FIR-001326,LOC-00349,"Near LOC-00349, Chitradurga",School
FIR-001327,LOC-00355,"Near LOC-00355, Chitradurga",Market
FIR-001328,LOC-00351,"Near LOC-00351, Chitradurga",Circle
FIR-001329,LOC-00369,"Near LOC-00369, Chitradurga",Temple
FIR-001330,LOC-00352,"Near LOC-00352, Chitradurga",Petrol Bunk
FIR-001331,LOC-00367,"Near LOC-00367, Chitradurga",School
FIR-001332,LOC-00362,"Near LOC-00362, Chitradurga",Bus Stand
FIR-001333,LOC-00355,"Near LOC-00355, Chitradurga",Circle
FIR-001334,LOC-00347,"Near LOC-00347, Chitradurga",Bus Stand
FIR-001335,LOC-00347,"Near LOC-00347, Chitradurga",Temple
FIR-001336,LOC-00360,"Near LOC-00360, Chitradurga",School
FIR-001337,LOC-00360,"Near LOC-00360, Chitradurga",Circle
FIR-001338,LOC-00374,"Near LOC-00374, Chitradurga",Market
FIR-001339,LOC-00356,"Near LOC-00356, Chitradurga",Market
FIR-001340,LOC-00355,"Near LOC-00355, Chitradurga",Bus Stand
FIR-001341,LOC-00390,"Near LOC-00390, Dakshina Kannada",Circle
FIR-001342,LOC-00427,"Near LOC-00427, Dakshina Kannada",School
FIR-001343,LOC-00401,"Near LOC-00401, Dakshina Kannada",School
FIR-001344,LOC-00437,"Near LOC-00437, Dakshina Kannada",Petrol Bunk
FIR-001345,LOC-00391,"Near LOC-00391, Dakshina Kannada",Bus Stand
FIR-001346,LOC-00396,"Near LOC-00396, Dakshina Kannada",Bus Stand
FIR-001347,LOC-00427,"Near LOC-00427, Dakshina Kannada",Circle
FIR-001348,LOC-00409,"Near LOC-00409, Dakshina Kannada",Petrol Bunk
FIR-001349,LOC-00450,"Near LOC-00450, Dakshina Kannada",Temple
FIR-001350,LOC-00452,"Near LOC-00452, Dakshina Kannada",School
FIR-001351,LOC-00387,"Near LOC-00387, Dakshina Kannada",School
FIR-001352,LOC-00432,"Near LOC-00432, Dakshina Kannada",Bus Stand
FIR-001353,LOC-00430,"Near LOC-00430, Dakshina Kannada",Bus Stand
FIR-001354,LOC-00422,"Near LOC-00422, Dakshina Kannada",Temple
FIR-001355,LOC-00433,"Near LOC-00433, Dakshina Kannada",Circle
FIR-001356,LOC-00442,"Near LOC-00442, Dakshina Kannada",Bus Stand
FIR-001357,LOC-00452,"Near LOC-00452, Dakshina Kannada",Market
FIR-001358,LOC-00390,"Near LOC-00390, Dakshina Kannada",Petrol Bunk
FIR-001359,LOC-00451,"Near LOC-00451, Dakshina Kannada",Bus Stand
FIR-001360,LOC-00433,"Near LOC-00433, Dakshina Kannada",Temple
FIR-001361,LOC-00424,"Near LOC-00424, Dakshina Kannada",Temple
FIR-001362,LOC-00420,"Near LOC-00420, Dakshina Kannada",School
FIR-001363,LOC-00447,"Near LOC-00447, Dakshina Kannada",Bus Stand
FIR-001364,LOC-00418,"Near LOC-00418, Dakshina Kannada",Market
FIR-001365,LOC-00450,"Near LOC-00450, Dakshina Kannada",Bus Stand
FIR-001366,LOC-00445,"Near LOC-00445, Dakshina Kannada",Petrol Bunk
FIR-001367,LOC-00440,"Near LOC-00440, Dakshina Kannada",Market
FIR-001368,LOC-00436,"Near LOC-00436, Dakshina Kannada",School
FIR-001369,LOC-00395,"Near LOC-00395, Dakshina Kannada",Market
FIR-001370,LOC-00447,"Near LOC-00447, Dakshina Kannada",Temple
FIR-001371,LOC-00446,"Near LOC-00446, Dakshina Kannada",Petrol Bunk
FIR-001372,LOC-00406,"Near LOC-00406, Dakshina Kannada",School
FIR-001373,LOC-00451,"Near LOC-00451, Dakshina Kannada",Temple
FIR-001374,LOC-00392,"Near LOC-00392, Dakshina Kannada",Petrol Bunk
FIR-001375,LOC-00375,"Near LOC-00375, Dakshina Kannada",Temple
FIR-001376,LOC-00456,"Near LOC-00456, Dakshina Kannada",School
FIR-001377,LOC-00401,"Near LOC-00401, Dakshina Kannada",Market
FIR-001378,LOC-00434,"Near LOC-00434, Dakshina Kannada",Market
FIR-001379,LOC-00390,"Near LOC-00390, Dakshina Kannada",School
FIR-001380,LOC-00441,"Near LOC-00441, Dakshina Kannada",Petrol Bunk
FIR-001381,LOC-00390,"Near LOC-00390, Dakshina Kannada",Circle
FIR-001382,LOC-00442,"Near LOC-00442, Dakshina Kannada",Petrol Bunk
FIR-001383,LOC-00431,"Near LOC-00431, Dakshina Kannada",School
FIR-001384,LOC-00422,"Near LOC-00422, Dakshina Kannada",Circle
FIR-001385,LOC-00430,"Near LOC-00430, Dakshina Kannada",Bus Stand
FIR-001386,LOC-00435,"Near LOC-00435, Dakshina Kannada",School
FIR-001387,LOC-00396,"Near LOC-00396, Dakshina Kannada",Market
FIR-001388,LOC-00425,"Near LOC-00425, Dakshina Kannada",Market
FIR-001389,LOC-00419,"Near LOC-00419, Dakshina Kannada",School
FIR-001390,LOC-00395,"Near LOC-00395, Dakshina Kannada",School
FIR-001391,LOC-00443,"Near LOC-00443, Dakshina Kannada",School
FIR-001392,LOC-00394,"Near LOC-00394, Dakshina Kannada",Bus Stand
FIR-001393,LOC-00418,"Near LOC-00418, Dakshina Kannada",Circle
FIR-001394,LOC-00393,"Near LOC-00393, Dakshina Kannada",School
FIR-001395,LOC-00446,"Near LOC-00446, Dakshina Kannada",Market
FIR-001396,LOC-00394,"Near LOC-00394, Dakshina Kannada",Petrol Bunk
FIR-001397,LOC-00382,"Near LOC-00382, Dakshina Kannada",Circle
FIR-001398,LOC-00388,"Near LOC-00388, Dakshina Kannada",Circle
FIR-001399,LOC-00431,"Near LOC-00431, Dakshina Kannada",Temple
FIR-001400,LOC-00398,"Near LOC-00398, Dakshina Kannada",Circle
FIR-001401,LOC-00446,"Near LOC-00446, Dakshina Kannada",Bus Stand
FIR-001402,LOC-00396,"Near LOC-00396, Dakshina Kannada",Circle
FIR-001403,LOC-00446,"Near LOC-00446, Dakshina Kannada",Market
FIR-001404,LOC-00381,"Near LOC-00381, Dakshina Kannada",School
FIR-001405,LOC-00393,"Near LOC-00393, Dakshina Kannada",Petrol Bunk
FIR-001406,LOC-00429,"Near LOC-00429, Dakshina Kannada",Petrol Bunk
FIR-001407,LOC-00403,"Near LOC-00403, Dakshina Kannada",Petrol Bunk
FIR-001408,LOC-00428,"Near LOC-00428, Dakshina Kannada",Bus Stand
FIR-001409,LOC-00401,"Near LOC-00401, Dakshina Kannada",School
FIR-001410,LOC-00442,"Near LOC-00442, Dakshina Kannada",Temple
FIR-001411,LOC-00434,"Near LOC-00434, Dakshina Kannada",School
FIR-001412,LOC-00426,"Near LOC-00426, Dakshina Kannada",Temple
FIR-001413,LOC-00440,"Near LOC-00440, Dakshina Kannada",Bus Stand
FIR-001414,LOC-00376,"Near LOC-00376, Dakshina Kannada",Circle
FIR-001415,LOC-00385,"Near LOC-00385, Dakshina Kannada",School
FIR-001416,LOC-00413,"Near LOC-00413, Dakshina Kannada",Petrol Bunk
FIR-001417,LOC-00393,"Near LOC-00393, Dakshina Kannada",Petrol Bunk
FIR-001418,LOC-00441,"Near LOC-00441, Dakshina Kannada",Temple
FIR-001419,LOC-00450,"Near LOC-00450, Dakshina Kannada",Circle
FIR-001420,LOC-00442,"Near LOC-00442, Dakshina Kannada",Market
FIR-001421,LOC-00404,"Near LOC-00404, Dakshina Kannada",School
FIR-001422,LOC-00449,"Near LOC-00449, Dakshina Kannada",School
FIR-001423,LOC-00380,"Near LOC-00380, Dakshina Kannada",Circle
FIR-001424,LOC-00448,"Near LOC-00448, Dakshina Kannada",Market
FIR-001425,LOC-00406,"Near LOC-00406, Dakshina Kannada",Circle
FIR-001426,LOC-00449,"Near LOC-00449, Dakshina Kannada",Market
FIR-001427,LOC-00445,"Near LOC-00445, Dakshina Kannada",School
FIR-001428,LOC-00449,"Near LOC-00449, Dakshina Kannada",Circle
FIR-001429,LOC-00437,"Near LOC-00437, Dakshina Kannada",Temple
FIR-001430,LOC-00389,"Near LOC-00389, Dakshina Kannada",School
FIR-001431,LOC-00444,"Near LOC-00444, Dakshina Kannada",Bus Stand
FIR-001432,LOC-00383,"Near LOC-00383, Dakshina Kannada",Petrol Bunk
FIR-001433,LOC-00457,"Near LOC-00457, Dakshina Kannada",Temple
FIR-001434,LOC-00384,"Near LOC-00384, Dakshina Kannada",Temple
FIR-001435,LOC-00397,"Near LOC-00397, Dakshina Kannada",Market
FIR-001436,LOC-00454,"Near LOC-00454, Dakshina Kannada",Temple
FIR-001437,LOC-00420,"Near LOC-00420, Dakshina Kannada",School
FIR-001438,LOC-00408,"Near LOC-00408, Dakshina Kannada",School
FIR-001439,LOC-00400,"Near LOC-00400, Dakshina Kannada",School
FIR-001440,LOC-00378,"Near LOC-00378, Dakshina Kannada",Circle
FIR-001441,LOC-00449,"Near LOC-00449, Dakshina Kannada",School
FIR-001442,LOC-00382,"Near LOC-00382, Dakshina Kannada",Petrol Bunk
FIR-001443,LOC-00413,"Near LOC-00413, Dakshina Kannada",Temple
FIR-001444,LOC-00377,"Near LOC-00377, Dakshina Kannada",Petrol Bunk
FIR-001445,LOC-00436,"Near LOC-00436, Dakshina Kannada",Market
FIR-001446,LOC-00387,"Near LOC-00387, Dakshina Kannada",Circle
FIR-001447,LOC-00429,"Near LOC-00429, Dakshina Kannada",Petrol Bunk
FIR-001448,LOC-00443,"Near LOC-00443, Dakshina Kannada",Temple
FIR-001449,LOC-00429,"Near LOC-00429, Dakshina Kannada",Temple
FIR-001450,LOC-00414,"Near LOC-00414, Dakshina Kannada",Petrol Bunk
FIR-001451,LOC-00419,"Near LOC-00419, Dakshina Kannada",Market
FIR-001452,LOC-00417,"Near LOC-00417, Dakshina Kannada",School
FIR-001453,LOC-00380,"Near LOC-00380, Dakshina Kannada",Bus Stand
FIR-001454,LOC-00387,"Near LOC-00387, Dakshina Kannada",Petrol Bunk
FIR-001455,LOC-00455,"Near LOC-00455, Dakshina Kannada",Circle
FIR-001456,LOC-00396,"Near LOC-00396, Dakshina Kannada",Petrol Bunk
FIR-001457,LOC-00429,"Near LOC-00429, Dakshina Kannada",Circle
FIR-001458,LOC-00433,"Near LOC-00433, Dakshina Kannada",Market
FIR-001459,LOC-00378,"Near LOC-00378, Dakshina Kannada",School
FIR-001460,LOC-00429,"Near LOC-00429, Dakshina Kannada",Temple
FIR-001461,LOC-00410,"Near LOC-00410, Dakshina Kannada",Temple
FIR-001462,LOC-00438,"Near LOC-00438, Dakshina Kannada",Petrol Bunk
FIR-001463,LOC-00442,"Near LOC-00442, Dakshina Kannada",Petrol Bunk
FIR-001464,LOC-00426,"Near LOC-00426, Dakshina Kannada",Market
FIR-001465,LOC-00385,"Near LOC-00385, Dakshina Kannada",Market
FIR-001466,LOC-00426,"Near LOC-00426, Dakshina Kannada",Petrol Bunk
FIR-001467,LOC-00404,"Near LOC-00404, Dakshina Kannada",School
FIR-001468,LOC-00420,"Near LOC-00420, Dakshina Kannada",Bus Stand
FIR-001469,LOC-00402,"Near LOC-00402, Dakshina Kannada",Temple
FIR-001470,LOC-00451,"Near LOC-00451, Dakshina Kannada",Market
FIR-001471,LOC-00447,"Near LOC-00447, Dakshina Kannada",Temple
FIR-001472,LOC-00396,"Near LOC-00396, Dakshina Kannada",Temple
FIR-001473,LOC-00423,"Near LOC-00423, Dakshina Kannada",Temple
FIR-001474,LOC-00453,"Near LOC-00453, Dakshina Kannada",Bus Stand
FIR-001475,LOC-00423,"Near LOC-00423, Dakshina Kannada",Market
FIR-001476,LOC-00386,"Near LOC-00386, Dakshina Kannada",Temple
FIR-001477,LOC-00411,"Near LOC-00411, Dakshina Kannada",School
FIR-001478,LOC-00396,"Near LOC-00396, Dakshina Kannada",School
FIR-001479,LOC-00449,"Near LOC-00449, Dakshina Kannada",Circle
FIR-001480,LOC-00429,"Near LOC-00429, Dakshina Kannada",Bus Stand
FIR-001481,LOC-00439,"Near LOC-00439, Dakshina Kannada",Market
FIR-001482,LOC-00399,"Near LOC-00399, Dakshina Kannada",Bus Stand
FIR-001483,LOC-00399,"Near LOC-00399, Dakshina Kannada",School
FIR-001484,LOC-00442,"Near LOC-00442, Dakshina Kannada",Petrol Bunk
FIR-001485,LOC-00391,"Near LOC-00391, Dakshina Kannada",Market
FIR-001486,LOC-00399,"Near LOC-00399, Dakshina Kannada",Petrol Bunk
FIR-001487,LOC-00383,"Near LOC-00383, Dakshina Kannada",Temple
FIR-001488,LOC-00414,"Near LOC-00414, Dakshina Kannada",Petrol Bunk
FIR-001489,LOC-00424,"Near LOC-00424, Dakshina Kannada",Petrol Bunk
FIR-001490,LOC-00416,"Near LOC-00416, Dakshina Kannada",Petrol Bunk
FIR-001491,LOC-00391,"Near LOC-00391, Dakshina Kannada",Bus Stand
FIR-001492,LOC-00446,"Near LOC-00446, Dakshina Kannada",School
FIR-001493,LOC-00397,"Near LOC-00397, Dakshina Kannada",Bus Stand
FIR-001494,LOC-00390,"Near LOC-00390, Dakshina Kannada",Circle
FIR-001495,LOC-00405,"Near LOC-00405, Dakshina Kannada",Bus Stand
FIR-001496,LOC-00454,"Near LOC-00454, Dakshina Kannada",Market
FIR-001497,LOC-00391,"Near LOC-00391, Dakshina Kannada",School
FIR-001498,LOC-00449,"Near LOC-00449, Dakshina Kannada",Circle
FIR-001499,LOC-00410,"Near LOC-00410, Dakshina Kannada",School
FIR-001500,LOC-00407,"Near LOC-00407, Dakshina Kannada",Market
FIR-001501,LOC-00415,"Near LOC-00415, Dakshina Kannada",Market
FIR-001502,LOC-00444,"Near LOC-00444, Dakshina Kannada",Petrol Bunk
FIR-001503,LOC-00419,"Near LOC-00419, Dakshina Kannada",Temple
FIR-001504,LOC-00416,"Near LOC-00416, Dakshina Kannada",Bus Stand
FIR-001505,LOC-00417,"Near LOC-00417, Dakshina Kannada",Market
FIR-001506,LOC-00387,"Near LOC-00387, Dakshina Kannada",Petrol Bunk
FIR-001507,LOC-00425,"Near LOC-00425, Dakshina Kannada",Circle
FIR-001508,LOC-00434,"Near LOC-00434, Dakshina Kannada",Bus Stand
FIR-001509,LOC-00447,"Near LOC-00447, Dakshina Kannada",Temple
FIR-001510,LOC-00379,"Near LOC-00379, Dakshina Kannada",Market
FIR-001511,LOC-00402,"Near LOC-00402, Dakshina Kannada",School
FIR-001512,LOC-00393,"Near LOC-00393, Dakshina Kannada",Temple
FIR-001513,LOC-00429,"Near LOC-00429, Dakshina Kannada",Bus Stand
FIR-001514,LOC-00400,"Near LOC-00400, Dakshina Kannada",Circle
FIR-001515,LOC-00415,"Near LOC-00415, Dakshina Kannada",Market
FIR-001516,LOC-00432,"Near LOC-00432, Dakshina Kannada",School
FIR-001517,LOC-00383,"Near LOC-00383, Dakshina Kannada",Petrol Bunk
FIR-001518,LOC-00381,"Near LOC-00381, Dakshina Kannada",Petrol Bunk
FIR-001519,LOC-00411,"Near LOC-00411, Dakshina Kannada",Bus Stand
FIR-001520,LOC-00412,"Near LOC-00412, Dakshina Kannada",Petrol Bunk
FIR-001521,LOC-00398,"Near LOC-00398, Dakshina Kannada",Circle
FIR-001522,LOC-00387,"Near LOC-00387, Dakshina Kannada",School
FIR-001523,LOC-00387,"Near LOC-00387, Dakshina Kannada",Temple
FIR-001524,LOC-00392,"Near LOC-00392, Dakshina Kannada",Temple
FIR-001525,LOC-00409,"Near LOC-00409, Dakshina Kannada",Bus Stand
FIR-001526,LOC-00456,"Near LOC-00456, Dakshina Kannada",Bus Stand
FIR-001527,LOC-00419,"Near LOC-00419, Dakshina Kannada",Petrol Bunk
FIR-001528,LOC-00408,"Near LOC-00408, Dakshina Kannada",School
FIR-001529,LOC-00379,"Near LOC-00379, Dakshina Kannada",Bus Stand
FIR-001530,LOC-00451,"Near LOC-00451, Dakshina Kannada",Petrol Bunk
FIR-001531,LOC-00376,"Near LOC-00376, Dakshina Kannada",Petrol Bunk
FIR-001532,LOC-00446,"Near LOC-00446, Dakshina Kannada",School
FIR-001533,LOC-00386,"Near LOC-00386, Dakshina Kannada",Bus Stand
FIR-001534,LOC-00449,"Near LOC-00449, Dakshina Kannada",School
FIR-001535,LOC-00446,"Near LOC-00446, Dakshina Kannada",Circle
FIR-001536,LOC-00421,"Near LOC-00421, Dakshina Kannada",Circle
FIR-001537,LOC-00382,"Near LOC-00382, Dakshina Kannada",Petrol Bunk
FIR-001538,LOC-00375,"Near LOC-00375, Dakshina Kannada",Market
FIR-001539,LOC-00386,"Near LOC-00386, Dakshina Kannada",Petrol Bunk
FIR-001540,LOC-00407,"Near LOC-00407, Dakshina Kannada",Market
FIR-001541,LOC-00449,"Near LOC-00449, Dakshina Kannada",Circle
FIR-001542,LOC-00388,"Near LOC-00388, Dakshina Kannada",Bus Stand
FIR-001543,LOC-00453,"Near LOC-00453, Dakshina Kannada",Market
FIR-001544,LOC-00405,"Near LOC-00405, Dakshina Kannada",Market
FIR-001545,LOC-00387,"Near LOC-00387, Dakshina Kannada",Petrol Bunk
FIR-001546,LOC-00391,"Near LOC-00391, Dakshina Kannada",Temple
FIR-001547,LOC-00428,"Near LOC-00428, Dakshina Kannada",Bus Stand
FIR-001548,LOC-00403,"Near LOC-00403, Dakshina Kannada",Market
FIR-001549,LOC-00431,"Near LOC-00431, Dakshina Kannada",Circle
FIR-001550,LOC-00389,"Near LOC-00389, Dakshina Kannada",School
FIR-001551,LOC-00404,"Near LOC-00404, Dakshina Kannada",Temple
FIR-001552,LOC-00442,"Near LOC-00442, Dakshina Kannada",Petrol Bunk
FIR-001553,LOC-00427,"Near LOC-00427, Dakshina Kannada",Temple
FIR-001554,LOC-00431,"Near LOC-00431, Dakshina Kannada",Market
FIR-001555,LOC-00435,"Near LOC-00435, Dakshina Kannada",Temple
FIR-001556,LOC-00409,"Near LOC-00409, Dakshina Kannada",Bus Stand
FIR-001557,LOC-00396,"Near LOC-00396, Dakshina Kannada",Bus Stand
FIR-001558,LOC-00378,"Near LOC-00378, Dakshina Kannada",School
FIR-001559,LOC-00393,"Near LOC-00393, Dakshina Kannada",Temple
FIR-001560,LOC-00406,"Near LOC-00406, Dakshina Kannada",School
FIR-001561,LOC-00391,"Near LOC-00391, Dakshina Kannada",Temple
FIR-001562,LOC-00438,"Near LOC-00438, Dakshina Kannada",Temple
FIR-001563,LOC-00427,"Near LOC-00427, Dakshina Kannada",Temple
FIR-001564,LOC-00431,"Near LOC-00431, Dakshina Kannada",School
FIR-001565,LOC-00377,"Near LOC-00377, Dakshina Kannada",Temple
FIR-001566,LOC-00400,"Near LOC-00400, Dakshina Kannada",Petrol Bunk
FIR-001567,LOC-00455,"Near LOC-00455, Dakshina Kannada",School
FIR-001568,LOC-00419,"Near LOC-00419, Dakshina Kannada",Market
FIR-001569,LOC-00408,"Near LOC-00408, Dakshina Kannada",Circle
FIR-001570,LOC-00421,"Near LOC-00421, Dakshina Kannada",Market
FIR-001571,LOC-00393,"Near LOC-00393, Dakshina Kannada",Petrol Bunk
FIR-001572,LOC-00447,"Near LOC-00447, Dakshina Kannada",Bus Stand
FIR-001573,LOC-00451,"Near LOC-00451, Dakshina Kannada",Bus Stand
FIR-001574,LOC-00418,"Near LOC-00418, Dakshina Kannada",Circle
FIR-001575,LOC-00379,"Near LOC-00379, Dakshina Kannada",Circle
FIR-001576,LOC-00398,"Near LOC-00398, Dakshina Kannada",School
FIR-001577,LOC-00439,"Near LOC-00439, Dakshina Kannada",Circle
FIR-001578,LOC-00448,"Near LOC-00448, Dakshina Kannada",Circle
FIR-001579,LOC-00388,"Near LOC-00388, Dakshina Kannada",Bus Stand
FIR-001580,LOC-00457,"Near LOC-00457, Dakshina Kannada",Temple
FIR-001581,LOC-00382,"Near LOC-00382, Dakshina Kannada",School
FIR-001582,LOC-00427,"Near LOC-00427, Dakshina Kannada",Bus Stand
FIR-001583,LOC-00390,"Near LOC-00390, Dakshina Kannada",Temple
FIR-001584,LOC-00433,"Near LOC-00433, Dakshina Kannada",Temple
FIR-001585,LOC-00391,"Near LOC-00391, Dakshina Kannada",School
FIR-001586,LOC-00455,"Near LOC-00455, Dakshina Kannada",Market
FIR-001587,LOC-00410,"Near LOC-00410, Dakshina Kannada",Petrol Bunk
FIR-001588,LOC-00403,"Near LOC-00403, Dakshina Kannada",Circle
FIR-001589,LOC-00396,"Near LOC-00396, Dakshina Kannada",Circle
FIR-001590,LOC-00423,"Near LOC-00423, Dakshina Kannada",Temple
FIR-001591,LOC-00391,"Near LOC-00391, Dakshina Kannada",Bus Stand
FIR-001592,LOC-00437,"Near LOC-00437, Dakshina Kannada",Bus Stand
FIR-001593,LOC-00384,"Near LOC-00384, Dakshina Kannada",Petrol Bunk
FIR-001594,LOC-00448,"Near LOC-00448, Dakshina Kannada",School
FIR-001595,LOC-00412,"Near LOC-00412, Dakshina Kannada",Bus Stand
FIR-001596,LOC-00380,"Near LOC-00380, Dakshina Kannada",Bus Stand
FIR-001597,LOC-00412,"Near LOC-00412, Dakshina Kannada",Circle
FIR-001598,LOC-00409,"Near LOC-00409, Dakshina Kannada",School
FIR-001599,LOC-00428,"Near LOC-00428, Dakshina Kannada",School
FIR-001600,LOC-00382,"Near LOC-00382, Dakshina Kannada",Bus Stand
FIR-001601,LOC-00473,"Near LOC-00473, Davanagere",School
FIR-001602,LOC-00481,"Near LOC-00481, Davanagere",Circle
FIR-001603,LOC-00478,"Near LOC-00478, Davanagere",Bus Stand
FIR-001604,LOC-00461,"Near LOC-00461, Davanagere",Circle
FIR-001605,LOC-00477,"Near LOC-00477, Davanagere",Temple
FIR-001606,LOC-00480,"Near LOC-00480, Davanagere",Market
FIR-001607,LOC-00458,"Near LOC-00458, Davanagere",Bus Stand
FIR-001608,LOC-00474,"Near LOC-00474, Davanagere",School
FIR-001609,LOC-00478,"Near LOC-00478, Davanagere",School
FIR-001610,LOC-00478,"Near LOC-00478, Davanagere",School
FIR-001611,LOC-00463,"Near LOC-00463, Davanagere",Bus Stand
FIR-001612,LOC-00466,"Near LOC-00466, Davanagere",Circle
FIR-001613,LOC-00465,"Near LOC-00465, Davanagere",Market
FIR-001614,LOC-00462,"Near LOC-00462, Davanagere",Temple
FIR-001615,LOC-00462,"Near LOC-00462, Davanagere",Temple
FIR-001616,LOC-00471,"Near LOC-00471, Davanagere",Circle
FIR-001617,LOC-00476,"Near LOC-00476, Davanagere",Temple
FIR-001618,LOC-00459,"Near LOC-00459, Davanagere",School
FIR-001619,LOC-00483,"Near LOC-00483, Davanagere",Petrol Bunk
FIR-001620,LOC-00464,"Near LOC-00464, Davanagere",School
FIR-001621,LOC-00466,"Near LOC-00466, Davanagere",Circle
FIR-001622,LOC-00467,"Near LOC-00467, Davanagere",Petrol Bunk
FIR-001623,LOC-00463,"Near LOC-00463, Davanagere",Bus Stand
FIR-001624,LOC-00464,"Near LOC-00464, Davanagere",Petrol Bunk
FIR-001625,LOC-00472,"Near LOC-00472, Davanagere",Bus Stand
FIR-001626,LOC-00472,"Near LOC-00472, Davanagere",Temple
FIR-001627,LOC-00478,"Near LOC-00478, Davanagere",Market
FIR-001628,LOC-00463,"Near LOC-00463, Davanagere",Market
FIR-001629,LOC-00463,"Near LOC-00463, Davanagere",Circle
FIR-001630,LOC-00462,"Near LOC-00462, Davanagere",School
FIR-001631,LOC-00479,"Near LOC-00479, Davanagere",Petrol Bunk
FIR-001632,LOC-00470,"Near LOC-00470, Davanagere",School
FIR-001633,LOC-00463,"Near LOC-00463, Davanagere",Temple
FIR-001634,LOC-00478,"Near LOC-00478, Davanagere",School
FIR-001635,LOC-00466,"Near LOC-00466, Davanagere",Temple
FIR-001636,LOC-00461,"Near LOC-00461, Davanagere",Temple
FIR-001637,LOC-00460,"Near LOC-00460, Davanagere",Temple
FIR-001638,LOC-00481,"Near LOC-00481, Davanagere",School
FIR-001639,LOC-00462,"Near LOC-00462, Davanagere",Bus Stand
FIR-001640,LOC-00485,"Near LOC-00485, Davanagere",School
FIR-001641,LOC-00466,"Near LOC-00466, Davanagere",Petrol Bunk
FIR-001642,LOC-00478,"Near LOC-00478, Davanagere",Market
FIR-001643,LOC-00459,"Near LOC-00459, Davanagere",Temple
FIR-001644,LOC-00468,"Near LOC-00468, Davanagere",Market
FIR-001645,LOC-00477,"Near LOC-00477, Davanagere",School
FIR-001646,LOC-00478,"Near LOC-00478, Davanagere",Bus Stand
FIR-001647,LOC-00464,"Near LOC-00464, Davanagere",Temple
FIR-001648,LOC-00458,"Near LOC-00458, Davanagere",Market
FIR-001649,LOC-00459,"Near LOC-00459, Davanagere",Market
FIR-001650,LOC-00463,"Near LOC-00463, Davanagere",Petrol Bunk
FIR-001651,LOC-00465,"Near LOC-00465, Davanagere",Petrol Bunk
FIR-001652,LOC-00473,"Near LOC-00473, Davanagere",Market
FIR-001653,LOC-00467,"Near LOC-00467, Davanagere",Circle
FIR-001654,LOC-00463,"Near LOC-00463, Davanagere",Temple
FIR-001655,LOC-00469,"Near LOC-00469, Davanagere",Petrol Bunk
FIR-001656,LOC-00479,"Near LOC-00479, Davanagere",Circle
FIR-001657,LOC-00474,"Near LOC-00474, Davanagere",Petrol Bunk
FIR-001658,LOC-00462,"Near LOC-00462, Davanagere",School
FIR-001659,LOC-00483,"Near LOC-00483, Davanagere",Petrol Bunk
FIR-001660,LOC-00473,"Near LOC-00473, Davanagere",School
FIR-001661,LOC-00460,"Near LOC-00460, Davanagere",School
FIR-001662,LOC-00484,"Near LOC-00484, Davanagere",Circle
FIR-001663,LOC-00471,"Near LOC-00471, Davanagere",Bus Stand
FIR-001664,LOC-00482,"Near LOC-00482, Davanagere",Petrol Bunk
FIR-001665,LOC-00476,"Near LOC-00476, Davanagere",Circle
FIR-001666,LOC-00479,"Near LOC-00479, Davanagere",Circle
FIR-001667,LOC-00484,"Near LOC-00484, Davanagere",Circle
FIR-001668,LOC-00477,"Near LOC-00477, Davanagere",Bus Stand
FIR-001669,LOC-00463,"Near LOC-00463, Davanagere",Petrol Bunk
FIR-001670,LOC-00474,"Near LOC-00474, Davanagere",School
FIR-001671,LOC-00463,"Near LOC-00463, Davanagere",Temple
FIR-001672,LOC-00463,"Near LOC-00463, Davanagere",Petrol Bunk
FIR-001673,LOC-00485,"Near LOC-00485, Davanagere",Petrol Bunk
FIR-001674,LOC-00459,"Near LOC-00459, Davanagere",Bus Stand
FIR-001675,LOC-00462,"Near LOC-00462, Davanagere",Temple
FIR-001676,LOC-00460,"Near LOC-00460, Davanagere",Bus Stand
FIR-001677,LOC-00469,"Near LOC-00469, Davanagere",Temple
FIR-001678,LOC-00470,"Near LOC-00470, Davanagere",Circle
FIR-001679,LOC-00466,"Near LOC-00466, Davanagere",Bus Stand
FIR-001680,LOC-00459,"Near LOC-00459, Davanagere",Market
FIR-001681,LOC-00462,"Near LOC-00462, Davanagere",School
FIR-001682,LOC-00483,"Near LOC-00483, Davanagere",Market
FIR-001683,LOC-00465,"Near LOC-00465, Davanagere",Temple
FIR-001684,LOC-00466,"Near LOC-00466, Davanagere",Petrol Bunk
FIR-001685,LOC-00475,"Near LOC-00475, Davanagere",School
FIR-001686,LOC-00459,"Near LOC-00459, Davanagere",Temple
FIR-001687,LOC-00464,"Near LOC-00464, Davanagere",Temple
FIR-001688,LOC-00485,"Near LOC-00485, Davanagere",Bus Stand
FIR-001689,LOC-00470,"Near LOC-00470, Davanagere",Market
FIR-001690,LOC-00468,"Near LOC-00468, Davanagere",Circle
FIR-001691,LOC-00459,"Near LOC-00459, Davanagere",School
FIR-001692,LOC-00464,"Near LOC-00464, Davanagere",Bus Stand
FIR-001693,LOC-00478,"Near LOC-00478, Davanagere",Petrol Bunk
FIR-001694,LOC-00476,"Near LOC-00476, Davanagere",Market
FIR-001695,LOC-00459,"Near LOC-00459, Davanagere",School
FIR-001696,LOC-00484,"Near LOC-00484, Davanagere",Petrol Bunk
FIR-001697,LOC-00467,"Near LOC-00467, Davanagere",Bus Stand
FIR-001698,LOC-00463,"Near LOC-00463, Davanagere",Market
FIR-001699,LOC-00464,"Near LOC-00464, Davanagere",Market
FIR-001700,LOC-00459,"Near LOC-00459, Davanagere",Circle
FIR-001701,LOC-00482,"Near LOC-00482, Davanagere",Circle
FIR-001702,LOC-00480,"Near LOC-00480, Davanagere",Petrol Bunk
FIR-001703,LOC-00463,"Near LOC-00463, Davanagere",Market
FIR-001704,LOC-00462,"Near LOC-00462, Davanagere",Bus Stand
FIR-001705,LOC-00481,"Near LOC-00481, Davanagere",Petrol Bunk
FIR-001706,LOC-00464,"Near LOC-00464, Davanagere",Circle
FIR-001707,LOC-00461,"Near LOC-00461, Davanagere",Circle
FIR-001708,LOC-00475,"Near LOC-00475, Davanagere",Temple
FIR-001709,LOC-00480,"Near LOC-00480, Davanagere",Temple
FIR-001710,LOC-00478,"Near LOC-00478, Davanagere",Market
FIR-001711,LOC-00464,"Near LOC-00464, Davanagere",Bus Stand
FIR-001712,LOC-00468,"Near LOC-00468, Davanagere",Circle
FIR-001713,LOC-00482,"Near LOC-00482, Davanagere",Market
FIR-001714,LOC-00471,"Near LOC-00471, Davanagere",Bus Stand
FIR-001715,LOC-00475,"Near LOC-00475, Davanagere",Market
FIR-001716,LOC-00466,"Near LOC-00466, Davanagere",Temple
FIR-001717,LOC-00466,"Near LOC-00466, Davanagere",Circle
FIR-001718,LOC-00472,"Near LOC-00472, Davanagere",Temple
FIR-001719,LOC-00458,"Near LOC-00458, Davanagere",Temple
FIR-001720,LOC-00469,"Near LOC-00469, Davanagere",School
FIR-001721,LOC-00503,"Near LOC-00503, Dharwad",Petrol Bunk
FIR-001722,LOC-00538,"Near LOC-00538, Dharwad",Petrol Bunk
FIR-001723,LOC-00491,"Near LOC-00491, Dharwad",Petrol Bunk
FIR-001724,LOC-00534,"Near LOC-00534, Dharwad",Bus Stand
FIR-001725,LOC-00568,"Near LOC-00568, Dharwad",Bus Stand
FIR-001726,LOC-00554,"Near LOC-00554, Dharwad",School
FIR-001727,LOC-00544,"Near LOC-00544, Dharwad",Market
FIR-001728,LOC-00554,"Near LOC-00554, Dharwad",Temple
FIR-001729,LOC-00501,"Near LOC-00501, Dharwad",School
FIR-001730,LOC-00554,"Near LOC-00554, Dharwad",School
FIR-001731,LOC-00553,"Near LOC-00553, Dharwad",Petrol Bunk
FIR-001732,LOC-00520,"Near LOC-00520, Dharwad",School
FIR-001733,LOC-00531,"Near LOC-00531, Dharwad",Market
FIR-001734,LOC-00537,"Near LOC-00537, Dharwad",Market
FIR-001735,LOC-00507,"Near LOC-00507, Dharwad",Bus Stand
FIR-001736,LOC-00563,"Near LOC-00563, Dharwad",School
FIR-001737,LOC-00554,"Near LOC-00554, Dharwad",Circle
FIR-001738,LOC-00518,"Near LOC-00518, Dharwad",Market
FIR-001739,LOC-00536,"Near LOC-00536, Dharwad",School
FIR-001740,LOC-00530,"Near LOC-00530, Dharwad",Temple
FIR-001741,LOC-00529,"Near LOC-00529, Dharwad",School
FIR-001742,LOC-00507,"Near LOC-00507, Dharwad",Petrol Bunk
FIR-001743,LOC-00497,"Near LOC-00497, Dharwad",Market
FIR-001744,LOC-00494,"Near LOC-00494, Dharwad",School
FIR-001745,LOC-00533,"Near LOC-00533, Dharwad",Circle
FIR-001746,LOC-00490,"Near LOC-00490, Dharwad",Bus Stand
FIR-001747,LOC-00510,"Near LOC-00510, Dharwad",Circle
FIR-001748,LOC-00512,"Near LOC-00512, Dharwad",Circle
FIR-001749,LOC-00534,"Near LOC-00534, Dharwad",Temple
FIR-001750,LOC-00548,"Near LOC-00548, Dharwad",Bus Stand
FIR-001751,LOC-00517,"Near LOC-00517, Dharwad",Bus Stand
FIR-001752,LOC-00534,"Near LOC-00534, Dharwad",Temple
FIR-001753,LOC-00553,"Near LOC-00553, Dharwad",Bus Stand
FIR-001754,LOC-00518,"Near LOC-00518, Dharwad",Market
FIR-001755,LOC-00507,"Near LOC-00507, Dharwad",School
FIR-001756,LOC-00554,"Near LOC-00554, Dharwad",School
FIR-001757,LOC-00494,"Near LOC-00494, Dharwad",School
FIR-001758,LOC-00544,"Near LOC-00544, Dharwad",School
FIR-001759,LOC-00561,"Near LOC-00561, Dharwad",School
FIR-001760,LOC-00524,"Near LOC-00524, Dharwad",School
FIR-001761,LOC-00542,"Near LOC-00542, Dharwad",Petrol Bunk
FIR-001762,LOC-00541,"Near LOC-00541, Dharwad",Temple
FIR-001763,LOC-00527,"Near LOC-00527, Dharwad",Petrol Bunk
FIR-001764,LOC-00556,"Near LOC-00556, Dharwad",Circle
FIR-001765,LOC-00514,"Near LOC-00514, Dharwad",Circle
FIR-001766,LOC-00568,"Near LOC-00568, Dharwad",Circle
FIR-001767,LOC-00486,"Near LOC-00486, Dharwad",Market
FIR-001768,LOC-00506,"Near LOC-00506, Dharwad",Circle
FIR-001769,LOC-00552,"Near LOC-00552, Dharwad",Market
FIR-001770,LOC-00504,"Near LOC-00504, Dharwad",Circle
FIR-001771,LOC-00502,"Near LOC-00502, Dharwad",Market
FIR-001772,LOC-00495,"Near LOC-00495, Dharwad",Temple
FIR-001773,LOC-00517,"Near LOC-00517, Dharwad",Petrol Bunk
FIR-001774,LOC-00499,"Near LOC-00499, Dharwad",School
FIR-001775,LOC-00551,"Near LOC-00551, Dharwad",School
FIR-001776,LOC-00520,"Near LOC-00520, Dharwad",Market
FIR-001777,LOC-00506,"Near LOC-00506, Dharwad",School
FIR-001778,LOC-00509,"Near LOC-00509, Dharwad",Bus Stand
FIR-001779,LOC-00513,"Near LOC-00513, Dharwad",Petrol Bunk
FIR-001780,LOC-00511,"Near LOC-00511, Dharwad",School
FIR-001781,LOC-00563,"Near LOC-00563, Dharwad",School
FIR-001782,LOC-00565,"Near LOC-00565, Dharwad",Temple
FIR-001783,LOC-00501,"Near LOC-00501, Dharwad",Temple
FIR-001784,LOC-00555,"Near LOC-00555, Dharwad",School
FIR-001785,LOC-00505,"Near LOC-00505, Dharwad",Petrol Bunk
FIR-001786,LOC-00545,"Near LOC-00545, Dharwad",Bus Stand
FIR-001787,LOC-00504,"Near LOC-00504, Dharwad",Market
FIR-001788,LOC-00487,"Near LOC-00487, Dharwad",Bus Stand
FIR-001789,LOC-00501,"Near LOC-00501, Dharwad",Petrol Bunk
FIR-001790,LOC-00518,"Near LOC-00518, Dharwad",Temple
FIR-001791,LOC-00559,"Near LOC-00559, Dharwad",Temple
FIR-001792,LOC-00521,"Near LOC-00521, Dharwad",Temple
FIR-001793,LOC-00509,"Near LOC-00509, Dharwad",Circle
FIR-001794,LOC-00565,"Near LOC-00565, Dharwad",Bus Stand
FIR-001795,LOC-00551,"Near LOC-00551, Dharwad",Market
FIR-001796,LOC-00511,"Near LOC-00511, Dharwad",Petrol Bunk
FIR-001797,LOC-00519,"Near LOC-00519, Dharwad",Circle
FIR-001798,LOC-00526,"Near LOC-00526, Dharwad",Petrol Bunk
FIR-001799,LOC-00496,"Near LOC-00496, Dharwad",Circle
FIR-001800,LOC-00545,"Near LOC-00545, Dharwad",Temple
FIR-001801,LOC-00559,"Near LOC-00559, Dharwad",Temple
FIR-001802,LOC-00506,"Near LOC-00506, Dharwad",Market
FIR-001803,LOC-00514,"Near LOC-00514, Dharwad",Petrol Bunk
FIR-001804,LOC-00492,"Near LOC-00492, Dharwad",Circle
FIR-001805,LOC-00525,"Near LOC-00525, Dharwad",Petrol Bunk
FIR-001806,LOC-00565,"Near LOC-00565, Dharwad",Market
FIR-001807,LOC-00523,"Near LOC-00523, Dharwad",School
FIR-001808,LOC-00556,"Near LOC-00556, Dharwad",Petrol Bunk
FIR-001809,LOC-00567,"Near LOC-00567, Dharwad",School
FIR-001810,LOC-00563,"Near LOC-00563, Dharwad",School
FIR-001811,LOC-00530,"Near LOC-00530, Dharwad",Petrol Bunk
FIR-001812,LOC-00566,"Near LOC-00566, Dharwad",Temple
FIR-001813,LOC-00567,"Near LOC-00567, Dharwad",Bus Stand
FIR-001814,LOC-00522,"Near LOC-00522, Dharwad",Market
FIR-001815,LOC-00518,"Near LOC-00518, Dharwad",Circle
FIR-001816,LOC-00521,"Near LOC-00521, Dharwad",School
FIR-001817,LOC-00516,"Near LOC-00516, Dharwad",School
FIR-001818,LOC-00532,"Near LOC-00532, Dharwad",School
FIR-001819,LOC-00512,"Near LOC-00512, Dharwad",Temple
FIR-001820,LOC-00552,"Near LOC-00552, Dharwad",Petrol Bunk
FIR-001821,LOC-00509,"Near LOC-00509, Dharwad",Petrol Bunk
FIR-001822,LOC-00507,"Near LOC-00507, Dharwad",School
FIR-001823,LOC-00544,"Near LOC-00544, Dharwad",Petrol Bunk
FIR-001824,LOC-00531,"Near LOC-00531, Dharwad",Petrol Bunk
FIR-001825,LOC-00513,"Near LOC-00513, Dharwad",Petrol Bunk
FIR-001826,LOC-00500,"Near LOC-00500, Dharwad",School
FIR-001827,LOC-00529,"Near LOC-00529, Dharwad",Petrol Bunk
FIR-001828,LOC-00529,"Near LOC-00529, Dharwad",Bus Stand
FIR-001829,LOC-00549,"Near LOC-00549, Dharwad",Petrol Bunk
FIR-001830,LOC-00529,"Near LOC-00529, Dharwad",School
FIR-001831,LOC-00546,"Near LOC-00546, Dharwad",Petrol Bunk
FIR-001832,LOC-00498,"Near LOC-00498, Dharwad",School
FIR-001833,LOC-00540,"Near LOC-00540, Dharwad",Market
FIR-001834,LOC-00563,"Near LOC-00563, Dharwad",Petrol Bunk
FIR-001835,LOC-00529,"Near LOC-00529, Dharwad",Bus Stand
FIR-001836,LOC-00563,"Near LOC-00563, Dharwad",Temple
FIR-001837,LOC-00486,"Near LOC-00486, Dharwad",Bus Stand
FIR-001838,LOC-00493,"Near LOC-00493, Dharwad",Petrol Bunk
FIR-001839,LOC-00510,"Near LOC-00510, Dharwad",Circle
FIR-001840,LOC-00568,"Near LOC-00568, Dharwad",Market
FIR-001841,LOC-00537,"Near LOC-00537, Dharwad",Temple
FIR-001842,LOC-00555,"Near LOC-00555, Dharwad",Petrol Bunk
FIR-001843,LOC-00565,"Near LOC-00565, Dharwad",Bus Stand
FIR-001844,LOC-00486,"Near LOC-00486, Dharwad",Circle
FIR-001845,LOC-00560,"Near LOC-00560, Dharwad",Circle
FIR-001846,LOC-00554,"Near LOC-00554, Dharwad",Petrol Bunk
FIR-001847,LOC-00561,"Near LOC-00561, Dharwad",Temple
FIR-001848,LOC-00534,"Near LOC-00534, Dharwad",Petrol Bunk
FIR-001849,LOC-00568,"Near LOC-00568, Dharwad",Bus Stand
FIR-001850,LOC-00562,"Near LOC-00562, Dharwad",Circle
FIR-001851,LOC-00509,"Near LOC-00509, Dharwad",Temple
FIR-001852,LOC-00550,"Near LOC-00550, Dharwad",Temple
FIR-001853,LOC-00492,"Near LOC-00492, Dharwad",Temple
FIR-001854,LOC-00543,"Near LOC-00543, Dharwad",School
FIR-001855,LOC-00542,"Near LOC-00542, Dharwad",Temple
FIR-001856,LOC-00494,"Near LOC-00494, Dharwad",Market
FIR-001857,LOC-00528,"Near LOC-00528, Dharwad",School
FIR-001858,LOC-00515,"Near LOC-00515, Dharwad",Bus Stand
FIR-001859,LOC-00516,"Near LOC-00516, Dharwad",School
FIR-001860,LOC-00512,"Near LOC-00512, Dharwad",Market
FIR-001861,LOC-00497,"Near LOC-00497, Dharwad",Temple
FIR-001862,LOC-00564,"Near LOC-00564, Dharwad",Temple
FIR-001863,LOC-00564,"Near LOC-00564, Dharwad",Temple
FIR-001864,LOC-00554,"Near LOC-00554, Dharwad",Temple
FIR-001865,LOC-00553,"Near LOC-00553, Dharwad",Circle
FIR-001866,LOC-00525,"Near LOC-00525, Dharwad",Market
FIR-001867,LOC-00557,"Near LOC-00557, Dharwad",School
FIR-001868,LOC-00489,"Near LOC-00489, Dharwad",Petrol Bunk
FIR-001869,LOC-00503,"Near LOC-00503, Dharwad",School
FIR-001870,LOC-00524,"Near LOC-00524, Dharwad",Bus Stand
FIR-001871,LOC-00518,"Near LOC-00518, Dharwad",Bus Stand
FIR-001872,LOC-00548,"Near LOC-00548, Dharwad",Petrol Bunk
FIR-001873,LOC-00501,"Near LOC-00501, Dharwad",Temple
FIR-001874,LOC-00562,"Near LOC-00562, Dharwad",Temple
FIR-001875,LOC-00562,"Near LOC-00562, Dharwad",School
FIR-001876,LOC-00535,"Near LOC-00535, Dharwad",Circle
FIR-001877,LOC-00502,"Near LOC-00502, Dharwad",Market
FIR-001878,LOC-00518,"Near LOC-00518, Dharwad",Petrol Bunk
FIR-001879,LOC-00551,"Near LOC-00551, Dharwad",School
FIR-001880,LOC-00566,"Near LOC-00566, Dharwad",Temple
FIR-001881,LOC-00508,"Near LOC-00508, Dharwad",Bus Stand
FIR-001882,LOC-00534,"Near LOC-00534, Dharwad",School
FIR-001883,LOC-00490,"Near LOC-00490, Dharwad",Temple
FIR-001884,LOC-00558,"Near LOC-00558, Dharwad",Bus Stand
FIR-001885,LOC-00500,"Near LOC-00500, Dharwad",Petrol Bunk
FIR-001886,LOC-00539,"Near LOC-00539, Dharwad",Market
FIR-001887,LOC-00520,"Near LOC-00520, Dharwad",Petrol Bunk
FIR-001888,LOC-00543,"Near LOC-00543, Dharwad",Bus Stand
FIR-001889,LOC-00551,"Near LOC-00551, Dharwad",Temple
FIR-001890,LOC-00554,"Near LOC-00554, Dharwad",School
FIR-001891,LOC-00495,"Near LOC-00495, Dharwad",Bus Stand
FIR-001892,LOC-00519,"Near LOC-00519, Dharwad",Market
FIR-001893,LOC-00548,"Near LOC-00548, Dharwad",School
FIR-001894,LOC-00566,"Near LOC-00566, Dharwad",Petrol Bunk
FIR-001895,LOC-00563,"Near LOC-00563, Dharwad",Market
FIR-001896,LOC-00498,"Near LOC-00498, Dharwad",Petrol Bunk
FIR-001897,LOC-00538,"Near LOC-00538, Dharwad",Bus Stand
FIR-001898,LOC-00528,"Near LOC-00528, Dharwad",Market
FIR-001899,LOC-00550,"Near LOC-00550, Dharwad",Temple
FIR-001900,LOC-00495,"Near LOC-00495, Dharwad",School
FIR-001901,LOC-00566,"Near LOC-00566, Dharwad",Petrol Bunk
FIR-001902,LOC-00541,"Near LOC-00541, Dharwad",Petrol Bunk
FIR-001903,LOC-00540,"Near LOC-00540, Dharwad",Petrol Bunk
FIR-001904,LOC-00515,"Near LOC-00515, Dharwad",Circle
FIR-001905,LOC-00538,"Near LOC-00538, Dharwad",Bus Stand
FIR-001906,LOC-00496,"Near LOC-00496, Dharwad",Circle
FIR-001907,LOC-00557,"Near LOC-00557, Dharwad",Bus Stand
FIR-001908,LOC-00524,"Near LOC-00524, Dharwad",Petrol Bunk
FIR-001909,LOC-00514,"Near LOC-00514, Dharwad",Circle
FIR-001910,LOC-00546,"Near LOC-00546, Dharwad",Circle
FIR-001911,LOC-00504,"Near LOC-00504, Dharwad",Temple
FIR-001912,LOC-00547,"Near LOC-00547, Dharwad",Petrol Bunk
FIR-001913,LOC-00561,"Near LOC-00561, Dharwad",School
FIR-001914,LOC-00546,"Near LOC-00546, Dharwad",School
FIR-001915,LOC-00546,"Near LOC-00546, Dharwad",School
FIR-001916,LOC-00531,"Near LOC-00531, Dharwad",Bus Stand
FIR-001917,LOC-00488,"Near LOC-00488, Dharwad",Circle
FIR-001918,LOC-00523,"Near LOC-00523, Dharwad",School
FIR-001919,LOC-00539,"Near LOC-00539, Dharwad",Temple
FIR-001920,LOC-00498,"Near LOC-00498, Dharwad",Bus Stand
FIR-001921,LOC-00522,"Near LOC-00522, Dharwad",Bus Stand
FIR-001922,LOC-00507,"Near LOC-00507, Dharwad",Market
FIR-001923,LOC-00565,"Near LOC-00565, Dharwad",Petrol Bunk
FIR-001924,LOC-00563,"Near LOC-00563, Dharwad",Circle
FIR-001925,LOC-00522,"Near LOC-00522, Dharwad",Circle
FIR-001926,LOC-00499,"Near LOC-00499, Dharwad",Petrol Bunk
FIR-001927,LOC-00503,"Near LOC-00503, Dharwad",Market
FIR-001928,LOC-00487,"Near LOC-00487, Dharwad",Petrol Bunk
FIR-001929,LOC-00506,"Near LOC-00506, Dharwad",Circle
FIR-001930,LOC-00515,"Near LOC-00515, Dharwad",Market
FIR-001931,LOC-00519,"Near LOC-00519, Dharwad",Temple
FIR-001932,LOC-00565,"Near LOC-00565, Dharwad",School
FIR-001933,LOC-00536,"Near LOC-00536, Dharwad",School
FIR-001934,LOC-00513,"Near LOC-00513, Dharwad",Petrol Bunk
FIR-001935,LOC-00529,"Near LOC-00529, Dharwad",School
FIR-001936,LOC-00535,"Near LOC-00535, Dharwad",Circle
FIR-001937,LOC-00568,"Near LOC-00568, Dharwad",Temple
FIR-001938,LOC-00556,"Near LOC-00556, Dharwad",Circle
FIR-001939,LOC-00506,"Near LOC-00506, Dharwad",School
FIR-001940,LOC-00526,"Near LOC-00526, Dharwad",Market
FIR-001941,LOC-00508,"Near LOC-00508, Dharwad",Bus Stand
FIR-001942,LOC-00505,"Near LOC-00505, Dharwad",School
FIR-001943,LOC-00549,"Near LOC-00549, Dharwad",School
FIR-001944,LOC-00538,"Near LOC-00538, Dharwad",Bus Stand
FIR-001945,LOC-00493,"Near LOC-00493, Dharwad",Petrol Bunk
FIR-001946,LOC-00511,"Near LOC-00511, Dharwad",School
FIR-001947,LOC-00525,"Near LOC-00525, Dharwad",Market
FIR-001948,LOC-00545,"Near LOC-00545, Dharwad",School
FIR-001949,LOC-00488,"Near LOC-00488, Dharwad",School
FIR-001950,LOC-00527,"Near LOC-00527, Dharwad",Circle
FIR-001951,LOC-00497,"Near LOC-00497, Dharwad",School
FIR-001952,LOC-00489,"Near LOC-00489, Dharwad",Circle
FIR-001953,LOC-00537,"Near LOC-00537, Dharwad",Petrol Bunk
FIR-001954,LOC-00551,"Near LOC-00551, Dharwad",School
FIR-001955,LOC-00560,"Near LOC-00560, Dharwad",Bus Stand
FIR-001956,LOC-00535,"Near LOC-00535, Dharwad",School
FIR-001957,LOC-00530,"Near LOC-00530, Dharwad",Market
FIR-001958,LOC-00560,"Near LOC-00560, Dharwad",Market
FIR-001959,LOC-00515,"Near LOC-00515, Dharwad",Petrol Bunk
FIR-001960,LOC-00543,"Near LOC-00543, Dharwad",School
FIR-001961,LOC-00491,"Near LOC-00491, Dharwad",Market
FIR-001962,LOC-00563,"Near LOC-00563, Dharwad",Petrol Bunk
FIR-001963,LOC-00547,"Near LOC-00547, Dharwad",Bus Stand
FIR-001964,LOC-00523,"Near LOC-00523, Dharwad",Market
FIR-001965,LOC-00558,"Near LOC-00558, Dharwad",Bus Stand
FIR-001966,LOC-00532,"Near LOC-00532, Dharwad",Market
FIR-001967,LOC-00528,"Near LOC-00528, Dharwad",Market
FIR-001968,LOC-00559,"Near LOC-00559, Dharwad",Circle
FIR-001969,LOC-00540,"Near LOC-00540, Dharwad",School
FIR-001970,LOC-00534,"Near LOC-00534, Dharwad",Market
FIR-001971,LOC-00506,"Near LOC-00506, Dharwad",Temple
FIR-001972,LOC-00529,"Near LOC-00529, Dharwad",Circle
FIR-001973,LOC-00518,"Near LOC-00518, Dharwad",Petrol Bunk
FIR-001974,LOC-00512,"Near LOC-00512, Dharwad",Petrol Bunk
FIR-001975,LOC-00533,"Near LOC-00533, Dharwad",School
FIR-001976,LOC-00499,"Near LOC-00499, Dharwad",Temple
FIR-001977,LOC-00516,"Near LOC-00516, Dharwad",Bus Stand
FIR-001978,LOC-00529,"Near LOC-00529, Dharwad",Petrol Bunk
FIR-001979,LOC-00506,"Near LOC-00506, Dharwad",Temple
FIR-001980,LOC-00510,"Near LOC-00510, Dharwad",School
FIR-001981,LOC-00586,"Near LOC-00586, Gadag",School
FIR-001982,LOC-00570,"Near LOC-00570, Gadag",Temple
FIR-001983,LOC-00596,"Near LOC-00596, Gadag",Temple
FIR-001984,LOC-00582,"Near LOC-00582, Gadag",Petrol Bunk
FIR-001985,LOC-00569,"Near LOC-00569, Gadag",School
FIR-001986,LOC-00587,"Near LOC-00587, Gadag",School
FIR-001987,LOC-00593,"Near LOC-00593, Gadag",Bus Stand
FIR-001988,LOC-00571,"Near LOC-00571, Gadag",Temple
FIR-001989,LOC-00576,"Near LOC-00576, Gadag",Market
FIR-001990,LOC-00595,"Near LOC-00595, Gadag",School
FIR-001991,LOC-00582,"Near LOC-00582, Gadag",Temple
FIR-001992,LOC-00572,"Near LOC-00572, Gadag",Temple
FIR-001993,LOC-00573,"Near LOC-00573, Gadag",Market
FIR-001994,LOC-00585,"Near LOC-00585, Gadag",Temple
FIR-001995,LOC-00594,"Near LOC-00594, Gadag",Petrol Bunk
FIR-001996,LOC-00575,"Near LOC-00575, Gadag",Circle
FIR-001997,LOC-00595,"Near LOC-00595, Gadag",Temple
FIR-001998,LOC-00579,"Near LOC-00579, Gadag",Temple
FIR-001999,LOC-00570,"Near LOC-00570, Gadag",Bus Stand
FIR-002000,LOC-00570,"Near LOC-00570, Gadag",Market
FIR-002001,LOC-00572,"Near LOC-00572, Gadag",Bus Stand
FIR-002002,LOC-00573,"Near LOC-00573, Gadag",Circle
FIR-002003,LOC-00592,"Near LOC-00592, Gadag",School
FIR-002004,LOC-00584,"Near LOC-00584, Gadag",School
FIR-002005,LOC-00575,"Near LOC-00575, Gadag",Market
FIR-002006,LOC-00572,"Near LOC-00572, Gadag",Bus Stand
FIR-002007,LOC-00586,"Near LOC-00586, Gadag",Petrol Bunk
FIR-002008,LOC-00570,"Near LOC-00570, Gadag",Circle
FIR-002009,LOC-00586,"Near LOC-00586, Gadag",Bus Stand
FIR-002010,LOC-00581,"Near LOC-00581, Gadag",Bus Stand
FIR-002011,LOC-00581,"Near LOC-00581, Gadag",Circle
FIR-002012,LOC-00586,"Near LOC-00586, Gadag",Market
FIR-002013,LOC-00596,"Near LOC-00596, Gadag",Petrol Bunk
FIR-002014,LOC-00576,"Near LOC-00576, Gadag",Petrol Bunk
FIR-002015,LOC-00582,"Near LOC-00582, Gadag",Market
FIR-002016,LOC-00588,"Near LOC-00588, Gadag",Temple
FIR-002017,LOC-00580,"Near LOC-00580, Gadag",Petrol Bunk
FIR-002018,LOC-00581,"Near LOC-00581, Gadag",Market
FIR-002019,LOC-00572,"Near LOC-00572, Gadag",Petrol Bunk
FIR-002020,LOC-00576,"Near LOC-00576, Gadag",Bus Stand
FIR-002021,LOC-00583,"Near LOC-00583, Gadag",Bus Stand
FIR-002022,LOC-00569,"Near LOC-00569, Gadag",Circle
FIR-002023,LOC-00595,"Near LOC-00595, Gadag",Petrol Bunk
FIR-002024,LOC-00574,"Near LOC-00574, Gadag",Market
FIR-002025,LOC-00590,"Near LOC-00590, Gadag",Bus Stand
FIR-002026,LOC-00578,"Near LOC-00578, Gadag",Temple
FIR-002027,LOC-00570,"Near LOC-00570, Gadag",Market
FIR-002028,LOC-00586,"Near LOC-00586, Gadag",School
FIR-002029,LOC-00569,"Near LOC-00569, Gadag",Temple
FIR-002030,LOC-00588,"Near LOC-00588, Gadag",Bus Stand
FIR-002031,LOC-00593,"Near LOC-00593, Gadag",Temple
FIR-002032,LOC-00588,"Near LOC-00588, Gadag",Circle
FIR-002033,LOC-00591,"Near LOC-00591, Gadag",Temple
FIR-002034,LOC-00570,"Near LOC-00570, Gadag",School
FIR-002035,LOC-00596,"Near LOC-00596, Gadag",Petrol Bunk
FIR-002036,LOC-00586,"Near LOC-00586, Gadag",School
FIR-002037,LOC-00573,"Near LOC-00573, Gadag",Petrol Bunk
FIR-002038,LOC-00572,"Near LOC-00572, Gadag",School
FIR-002039,LOC-00596,"Near LOC-00596, Gadag",Petrol Bunk
FIR-002040,LOC-00577,"Near LOC-00577, Gadag",Bus Stand
FIR-002041,LOC-00580,"Near LOC-00580, Gadag",Bus Stand
FIR-002042,LOC-00591,"Near LOC-00591, Gadag",Bus Stand
FIR-002043,LOC-00583,"Near LOC-00583, Gadag",Petrol Bunk
FIR-002044,LOC-00570,"Near LOC-00570, Gadag",Market
FIR-002045,LOC-00582,"Near LOC-00582, Gadag",Market
FIR-002046,LOC-00596,"Near LOC-00596, Gadag",Market
FIR-002047,LOC-00592,"Near LOC-00592, Gadag",Bus Stand
FIR-002048,LOC-00571,"Near LOC-00571, Gadag",Temple
FIR-002049,LOC-00576,"Near LOC-00576, Gadag",Market
FIR-002050,LOC-00576,"Near LOC-00576, Gadag",Temple
FIR-002051,LOC-00582,"Near LOC-00582, Gadag",Bus Stand
FIR-002052,LOC-00596,"Near LOC-00596, Gadag",Temple
FIR-002053,LOC-00578,"Near LOC-00578, Gadag",Bus Stand
FIR-002054,LOC-00587,"Near LOC-00587, Gadag",Temple
FIR-002055,LOC-00590,"Near LOC-00590, Gadag",Circle
FIR-002056,LOC-00582,"Near LOC-00582, Gadag",School
FIR-002057,LOC-00574,"Near LOC-00574, Gadag",Temple
FIR-002058,LOC-00596,"Near LOC-00596, Gadag",Petrol Bunk
FIR-002059,LOC-00571,"Near LOC-00571, Gadag",Circle
FIR-002060,LOC-00593,"Near LOC-00593, Gadag",Temple
FIR-002061,LOC-00589,"Near LOC-00589, Gadag",Circle
FIR-002062,LOC-00586,"Near LOC-00586, Gadag",Market
FIR-002063,LOC-00591,"Near LOC-00591, Gadag",School
FIR-002064,LOC-00582,"Near LOC-00582, Gadag",School
FIR-002065,LOC-00594,"Near LOC-00594, Gadag",Petrol Bunk
FIR-002066,LOC-00576,"Near LOC-00576, Gadag",School
FIR-002067,LOC-00579,"Near LOC-00579, Gadag",Bus Stand
FIR-002068,LOC-00576,"Near LOC-00576, Gadag",Circle
FIR-002069,LOC-00594,"Near LOC-00594, Gadag",Market
FIR-002070,LOC-00584,"Near LOC-00584, Gadag",School
FIR-002071,LOC-00587,"Near LOC-00587, Gadag",School
FIR-002072,LOC-00570,"Near LOC-00570, Gadag",Circle
FIR-002073,LOC-00582,"Near LOC-00582, Gadag",Petrol Bunk
FIR-002074,LOC-00570,"Near LOC-00570, Gadag",Circle
FIR-002075,LOC-00577,"Near LOC-00577, Gadag",Market
FIR-002076,LOC-00590,"Near LOC-00590, Gadag",Market
FIR-002077,LOC-00584,"Near LOC-00584, Gadag",Market
FIR-002078,LOC-00575,"Near LOC-00575, Gadag",Market
FIR-002079,LOC-00576,"Near LOC-00576, Gadag",Temple
FIR-002080,LOC-00572,"Near LOC-00572, Gadag",School
FIR-002081,LOC-00577,"Near LOC-00577, Gadag",Petrol Bunk
FIR-002082,LOC-00585,"Near LOC-00585, Gadag",Temple
FIR-002083,LOC-00582,"Near LOC-00582, Gadag",Market
FIR-002084,LOC-00582,"Near LOC-00582, Gadag",Bus Stand
FIR-002085,LOC-00579,"Near LOC-00579, Gadag",Bus Stand
FIR-002086,LOC-00585,"Near LOC-00585, Gadag",Petrol Bunk
FIR-002087,LOC-00583,"Near LOC-00583, Gadag",Temple
FIR-002088,LOC-00576,"Near LOC-00576, Gadag",Temple
FIR-002089,LOC-00576,"Near LOC-00576, Gadag",Temple
FIR-002090,LOC-00580,"Near LOC-00580, Gadag",School
FIR-002091,LOC-00578,"Near LOC-00578, Gadag",School
FIR-002092,LOC-00572,"Near LOC-00572, Gadag",School
FIR-002093,LOC-00570,"Near LOC-00570, Gadag",Bus Stand
FIR-002094,LOC-00592,"Near LOC-00592, Gadag",School
FIR-002095,LOC-00596,"Near LOC-00596, Gadag",Circle
FIR-002096,LOC-00589,"Near LOC-00589, Gadag",Circle
FIR-002097,LOC-00589,"Near LOC-00589, Gadag",Market
FIR-002098,LOC-00572,"Near LOC-00572, Gadag",Petrol Bunk
FIR-002099,LOC-00574,"Near LOC-00574, Gadag",Circle
FIR-002100,LOC-00586,"Near LOC-00586, Gadag",Temple
FIR-002101,LOC-00620,"Near LOC-00620, Hassan",Bus Stand
FIR-002102,LOC-00599,"Near LOC-00599, Hassan",Circle
FIR-002103,LOC-00620,"Near LOC-00620, Hassan",School
FIR-002104,LOC-00611,"Near LOC-00611, Hassan",Temple
FIR-002105,LOC-00613,"Near LOC-00613, Hassan",Bus Stand
FIR-002106,LOC-00600,"Near LOC-00600, Hassan",Bus Stand
FIR-002107,LOC-00624,"Near LOC-00624, Hassan",Market
FIR-002108,LOC-00606,"Near LOC-00606, Hassan",Bus Stand
FIR-002109,LOC-00605,"Near LOC-00605, Hassan",Petrol Bunk
FIR-002110,LOC-00603,"Near LOC-00603, Hassan",Temple
FIR-002111,LOC-00609,"Near LOC-00609, Hassan",Bus Stand
FIR-002112,LOC-00619,"Near LOC-00619, Hassan",Circle
FIR-002113,LOC-00622,"Near LOC-00622, Hassan",Circle
FIR-002114,LOC-00603,"Near LOC-00603, Hassan",School
FIR-002115,LOC-00622,"Near LOC-00622, Hassan",Market
FIR-002116,LOC-00620,"Near LOC-00620, Hassan",Circle
FIR-002117,LOC-00612,"Near LOC-00612, Hassan",Market
FIR-002118,LOC-00615,"Near LOC-00615, Hassan",Circle
FIR-002119,LOC-00620,"Near LOC-00620, Hassan",School
FIR-002120,LOC-00607,"Near LOC-00607, Hassan",Temple
FIR-002121,LOC-00602,"Near LOC-00602, Hassan",Market
FIR-002122,LOC-00618,"Near LOC-00618, Hassan",Market
FIR-002123,LOC-00622,"Near LOC-00622, Hassan",Temple
FIR-002124,LOC-00618,"Near LOC-00618, Hassan",Circle
FIR-002125,LOC-00602,"Near LOC-00602, Hassan",School
FIR-002126,LOC-00604,"Near LOC-00604, Hassan",Temple
FIR-002127,LOC-00610,"Near LOC-00610, Hassan",Circle
FIR-002128,LOC-00619,"Near LOC-00619, Hassan",Temple
FIR-002129,LOC-00619,"Near LOC-00619, Hassan",Temple
FIR-002130,LOC-00619,"Near LOC-00619, Hassan",School
FIR-002131,LOC-00597,"Near LOC-00597, Hassan",Circle
FIR-002132,LOC-00608,"Near LOC-00608, Hassan",Bus Stand
FIR-002133,LOC-00614,"Near LOC-00614, Hassan",Market
FIR-002134,LOC-00623,"Near LOC-00623, Hassan",Circle
FIR-002135,LOC-00616,"Near LOC-00616, Hassan",Bus Stand
FIR-002136,LOC-00612,"Near LOC-00612, Hassan",Market
FIR-002137,LOC-00606,"Near LOC-00606, Hassan",Petrol Bunk
FIR-002138,LOC-00602,"Near LOC-00602, Hassan",Temple
FIR-002139,LOC-00604,"Near LOC-00604, Hassan",Circle
FIR-002140,LOC-00607,"Near LOC-00607, Hassan",School
FIR-002141,LOC-00602,"Near LOC-00602, Hassan",School
FIR-002142,LOC-00618,"Near LOC-00618, Hassan",Circle
FIR-002143,LOC-00598,"Near LOC-00598, Hassan",Market
FIR-002144,LOC-00616,"Near LOC-00616, Hassan",School
FIR-002145,LOC-00619,"Near LOC-00619, Hassan",Temple
FIR-002146,LOC-00616,"Near LOC-00616, Hassan",Temple
FIR-002147,LOC-00623,"Near LOC-00623, Hassan",Circle
FIR-002148,LOC-00624,"Near LOC-00624, Hassan",Bus Stand
FIR-002149,LOC-00619,"Near LOC-00619, Hassan",Bus Stand
FIR-002150,LOC-00611,"Near LOC-00611, Hassan",Petrol Bunk
FIR-002151,LOC-00597,"Near LOC-00597, Hassan",Petrol Bunk
FIR-002152,LOC-00610,"Near LOC-00610, Hassan",Petrol Bunk
FIR-002153,LOC-00621,"Near LOC-00621, Hassan",Market
FIR-002154,LOC-00602,"Near LOC-00602, Hassan",Circle
FIR-002155,LOC-00599,"Near LOC-00599, Hassan",Petrol Bunk
FIR-002156,LOC-00616,"Near LOC-00616, Hassan",Petrol Bunk
FIR-002157,LOC-00616,"Near LOC-00616, Hassan",Bus Stand
FIR-002158,LOC-00601,"Near LOC-00601, Hassan",Temple
FIR-002159,LOC-00622,"Near LOC-00622, Hassan",Circle
FIR-002160,LOC-00598,"Near LOC-00598, Hassan",Market
FIR-002161,LOC-00618,"Near LOC-00618, Hassan",Temple
FIR-002162,LOC-00615,"Near LOC-00615, Hassan",Market
FIR-002163,LOC-00609,"Near LOC-00609, Hassan",Temple
FIR-002164,LOC-00622,"Near LOC-00622, Hassan",Circle
FIR-002165,LOC-00621,"Near LOC-00621, Hassan",Temple
FIR-002166,LOC-00619,"Near LOC-00619, Hassan",Market
FIR-002167,LOC-00608,"Near LOC-00608, Hassan",Temple
FIR-002168,LOC-00622,"Near LOC-00622, Hassan",Circle
FIR-002169,LOC-00618,"Near LOC-00618, Hassan",Circle
FIR-002170,LOC-00617,"Near LOC-00617, Hassan",School
FIR-002171,LOC-00622,"Near LOC-00622, Hassan",Market
FIR-002172,LOC-00619,"Near LOC-00619, Hassan",Petrol Bunk
FIR-002173,LOC-00611,"Near LOC-00611, Hassan",Circle
FIR-002174,LOC-00601,"Near LOC-00601, Hassan",School
FIR-002175,LOC-00618,"Near LOC-00618, Hassan",Circle
FIR-002176,LOC-00620,"Near LOC-00620, Hassan",Circle
FIR-002177,LOC-00616,"Near LOC-00616, Hassan",Bus Stand
FIR-002178,LOC-00622,"Near LOC-00622, Hassan",School
FIR-002179,LOC-00614,"Near LOC-00614, Hassan",Circle
FIR-002180,LOC-00613,"Near LOC-00613, Hassan",Petrol Bunk
FIR-002181,LOC-00617,"Near LOC-00617, Hassan",Bus Stand
FIR-002182,LOC-00605,"Near LOC-00605, Hassan",Market
FIR-002183,LOC-00616,"Near LOC-00616, Hassan",Petrol Bunk
FIR-002184,LOC-00605,"Near LOC-00605, Hassan",Temple
FIR-002185,LOC-00600,"Near LOC-00600, Hassan",Circle
FIR-002186,LOC-00630,"Near LOC-00630, Haveri",School
FIR-002187,LOC-00630,"Near LOC-00630, Haveri",Temple
FIR-002188,LOC-00637,"Near LOC-00637, Haveri",Bus Stand
FIR-002189,LOC-00630,"Near LOC-00630, Haveri",Market
FIR-002190,LOC-00639,"Near LOC-00639, Haveri",Circle
FIR-002191,LOC-00627,"Near LOC-00627, Haveri",Temple
FIR-002192,LOC-00639,"Near LOC-00639, Haveri",Bus Stand
FIR-002193,LOC-00651,"Near LOC-00651, Haveri",School
FIR-002194,LOC-00645,"Near LOC-00645, Haveri",Circle
FIR-002195,LOC-00643,"Near LOC-00643, Haveri",Temple
FIR-002196,LOC-00652,"Near LOC-00652, Haveri",Petrol Bunk
FIR-002197,LOC-00634,"Near LOC-00634, Haveri",Bus Stand
FIR-002198,LOC-00650,"Near LOC-00650, Haveri",Petrol Bunk
FIR-002199,LOC-00652,"Near LOC-00652, Haveri",Circle
FIR-002200,LOC-00639,"Near LOC-00639, Haveri",Temple
FIR-002201,LOC-00629,"Near LOC-00629, Haveri",Bus Stand
FIR-002202,LOC-00630,"Near LOC-00630, Haveri",Temple
FIR-002203,LOC-00644,"Near LOC-00644, Haveri",Circle
FIR-002204,LOC-00636,"Near LOC-00636, Haveri",Petrol Bunk
FIR-002205,LOC-00649,"Near LOC-00649, Haveri",Market
FIR-002206,LOC-00634,"Near LOC-00634, Haveri",Circle
FIR-002207,LOC-00626,"Near LOC-00626, Haveri",Temple
FIR-002208,LOC-00628,"Near LOC-00628, Haveri",Bus Stand
FIR-002209,LOC-00639,"Near LOC-00639, Haveri",Temple
FIR-002210,LOC-00639,"Near LOC-00639, Haveri",Circle
FIR-002211,LOC-00639,"Near LOC-00639, Haveri",Temple
FIR-002212,LOC-00652,"Near LOC-00652, Haveri",Temple
FIR-002213,LOC-00652,"Near LOC-00652, Haveri",School
FIR-002214,LOC-00632,"Near LOC-00632, Haveri",Circle
FIR-002215,LOC-00636,"Near LOC-00636, Haveri",Temple
FIR-002216,LOC-00630,"Near LOC-00630, Haveri",Bus Stand
FIR-002217,LOC-00647,"Near LOC-00647, Haveri",Market
FIR-002218,LOC-00652,"Near LOC-00652, Haveri",Bus Stand
FIR-002219,LOC-00633,"Near LOC-00633, Haveri",School
FIR-002220,LOC-00642,"Near LOC-00642, Haveri",Petrol Bunk
FIR-002221,LOC-00636,"Near LOC-00636, Haveri",Bus Stand
FIR-002222,LOC-00642,"Near LOC-00642, Haveri",Circle
FIR-002223,LOC-00632,"Near LOC-00632, Haveri",Circle
FIR-002224,LOC-00635,"Near LOC-00635, Haveri",Circle
FIR-002225,LOC-00642,"Near LOC-00642, Haveri",School
FIR-002226,LOC-00641,"Near LOC-00641, Haveri",Bus Stand
FIR-002227,LOC-00639,"Near LOC-00639, Haveri",Bus Stand
FIR-002228,LOC-00648,"Near LOC-00648, Haveri",Petrol Bunk
FIR-002229,LOC-00631,"Near LOC-00631, Haveri",Circle
FIR-002230,LOC-00636,"Near LOC-00636, Haveri",Temple
FIR-002231,LOC-00630,"Near LOC-00630, Haveri",Petrol Bunk
FIR-002232,LOC-00652,"Near LOC-00652, Haveri",School
FIR-002233,LOC-00635,"Near LOC-00635, Haveri",Market
FIR-002234,LOC-00640,"Near LOC-00640, Haveri",Circle
FIR-002235,LOC-00638,"Near LOC-00638, Haveri",School
FIR-002236,LOC-00642,"Near LOC-00642, Haveri",Market
FIR-002237,LOC-00640,"Near LOC-00640, Haveri",Temple
FIR-002238,LOC-00641,"Near LOC-00641, Haveri",Market
FIR-002239,LOC-00651,"Near LOC-00651, Haveri",Bus Stand
FIR-002240,LOC-00642,"Near LOC-00642, Haveri",Market
FIR-002241,LOC-00647,"Near LOC-00647, Haveri",Bus Stand
FIR-002242,LOC-00633,"Near LOC-00633, Haveri",Temple
FIR-002243,LOC-00635,"Near LOC-00635, Haveri",Petrol Bunk
FIR-002244,LOC-00650,"Near LOC-00650, Haveri",Temple
FIR-002245,LOC-00625,"Near LOC-00625, Haveri",School
FIR-002246,LOC-00642,"Near LOC-00642, Haveri",Temple
FIR-002247,LOC-00638,"Near LOC-00638, Haveri",Market
FIR-002248,LOC-00628,"Near LOC-00628, Haveri",Petrol Bunk
FIR-002249,LOC-00631,"Near LOC-00631, Haveri",Temple
FIR-002250,LOC-00646,"Near LOC-00646, Haveri",Temple
FIR-002251,LOC-00628,"Near LOC-00628, Haveri",Market
FIR-002252,LOC-00629,"Near LOC-00629, Haveri",Petrol Bunk
FIR-002253,LOC-00631,"Near LOC-00631, Haveri",Bus Stand
FIR-002254,LOC-00644,"Near LOC-00644, Haveri",Circle
FIR-002255,LOC-00648,"Near LOC-00648, Haveri",Temple
FIR-002256,LOC-00652,"Near LOC-00652, Haveri",Temple
FIR-002257,LOC-00649,"Near LOC-00649, Haveri",Circle
FIR-002258,LOC-00646,"Near LOC-00646, Haveri",Bus Stand
FIR-002259,LOC-00636,"Near LOC-00636, Haveri",Bus Stand
FIR-002260,LOC-00626,"Near LOC-00626, Haveri",Petrol Bunk
FIR-002261,LOC-00643,"Near LOC-00643, Haveri",Market
FIR-002262,LOC-00639,"Near LOC-00639, Haveri",Circle
FIR-002263,LOC-00625,"Near LOC-00625, Haveri",Market
FIR-002264,LOC-00636,"Near LOC-00636, Haveri",Bus Stand
FIR-002265,LOC-00642,"Near LOC-00642, Haveri",Petrol Bunk
FIR-002266,LOC-00649,"Near LOC-00649, Haveri",Temple
FIR-002267,LOC-00637,"Near LOC-00637, Haveri",Bus Stand
FIR-002268,LOC-00635,"Near LOC-00635, Haveri",School
FIR-002269,LOC-00645,"Near LOC-00645, Haveri",Petrol Bunk
FIR-002270,LOC-00627,"Near LOC-00627, Haveri",School
FIR-002271,LOC-00664,"Near LOC-00664, Kalaburagi",Market
FIR-002272,LOC-00673,"Near LOC-00673, Kalaburagi",Bus Stand
FIR-002273,LOC-00666,"Near LOC-00666, Kalaburagi",Temple
FIR-002274,LOC-00673,"Near LOC-00673, Kalaburagi",Circle
FIR-002275,LOC-00656,"Near LOC-00656, Kalaburagi",Market
FIR-002276,LOC-00663,"Near LOC-00663, Kalaburagi",Petrol Bunk
FIR-002277,LOC-00662,"Near LOC-00662, Kalaburagi",Bus Stand
FIR-002278,LOC-00655,"Near LOC-00655, Kalaburagi",Bus Stand
FIR-002279,LOC-00667,"Near LOC-00667, Kalaburagi",Market
FIR-002280,LOC-00680,"Near LOC-00680, Kalaburagi",Temple
FIR-002281,LOC-00675,"Near LOC-00675, Kalaburagi",Circle
FIR-002282,LOC-00661,"Near LOC-00661, Kalaburagi",Circle
FIR-002283,LOC-00656,"Near LOC-00656, Kalaburagi",Circle
FIR-002284,LOC-00677,"Near LOC-00677, Kalaburagi",Market
FIR-002285,LOC-00657,"Near LOC-00657, Kalaburagi",Market
FIR-002286,LOC-00671,"Near LOC-00671, Kalaburagi",Circle
FIR-002287,LOC-00667,"Near LOC-00667, Kalaburagi",Petrol Bunk
FIR-002288,LOC-00668,"Near LOC-00668, Kalaburagi",Market
FIR-002289,LOC-00668,"Near LOC-00668, Kalaburagi",School
FIR-002290,LOC-00677,"Near LOC-00677, Kalaburagi",Market
FIR-002291,LOC-00668,"Near LOC-00668, Kalaburagi",Bus Stand
FIR-002292,LOC-00665,"Near LOC-00665, Kalaburagi",Temple
FIR-002293,LOC-00658,"Near LOC-00658, Kalaburagi",Circle
FIR-002294,LOC-00676,"Near LOC-00676, Kalaburagi",Temple
FIR-002295,LOC-00676,"Near LOC-00676, Kalaburagi",Circle
FIR-002296,LOC-00667,"Near LOC-00667, Kalaburagi",Temple
FIR-002297,LOC-00657,"Near LOC-00657, Kalaburagi",Circle
FIR-002298,LOC-00674,"Near LOC-00674, Kalaburagi",Temple
FIR-002299,LOC-00678,"Near LOC-00678, Kalaburagi",Circle
FIR-002300,LOC-00667,"Near LOC-00667, Kalaburagi",School
FIR-002301,LOC-00673,"Near LOC-00673, Kalaburagi",Market
FIR-002302,LOC-00678,"Near LOC-00678, Kalaburagi",Petrol Bunk
FIR-002303,LOC-00666,"Near LOC-00666, Kalaburagi",Temple
FIR-002304,LOC-00660,"Near LOC-00660, Kalaburagi",Petrol Bunk
FIR-002305,LOC-00653,"Near LOC-00653, Kalaburagi",School
FIR-002306,LOC-00674,"Near LOC-00674, Kalaburagi",Temple
FIR-002307,LOC-00658,"Near LOC-00658, Kalaburagi",School
FIR-002308,LOC-00662,"Near LOC-00662, Kalaburagi",Temple
FIR-002309,LOC-00659,"Near LOC-00659, Kalaburagi",Circle
FIR-002310,LOC-00654,"Near LOC-00654, Kalaburagi",School
FIR-002311,LOC-00657,"Near LOC-00657, Kalaburagi",Petrol Bunk
FIR-002312,LOC-00677,"Near LOC-00677, Kalaburagi",Circle
FIR-002313,LOC-00668,"Near LOC-00668, Kalaburagi",Market
FIR-002314,LOC-00669,"Near LOC-00669, Kalaburagi",Market
FIR-002315,LOC-00677,"Near LOC-00677, Kalaburagi",Petrol Bunk
FIR-002316,LOC-00680,"Near LOC-00680, Kalaburagi",Market
FIR-002317,LOC-00679,"Near LOC-00679, Kalaburagi",Petrol Bunk
FIR-002318,LOC-00679,"Near LOC-00679, Kalaburagi",Petrol Bunk
FIR-002319,LOC-00669,"Near LOC-00669, Kalaburagi",Temple
FIR-002320,LOC-00669,"Near LOC-00669, Kalaburagi",Market
FIR-002321,LOC-00659,"Near LOC-00659, Kalaburagi",Bus Stand
FIR-002322,LOC-00667,"Near LOC-00667, Kalaburagi",Bus Stand
FIR-002323,LOC-00660,"Near LOC-00660, Kalaburagi",Petrol Bunk
FIR-002324,LOC-00676,"Near LOC-00676, Kalaburagi",Circle
FIR-002325,LOC-00677,"Near LOC-00677, Kalaburagi",Temple
FIR-002326,LOC-00655,"Near LOC-00655, Kalaburagi",Bus Stand
FIR-002327,LOC-00673,"Near LOC-00673, Kalaburagi",Petrol Bunk
FIR-002328,LOC-00656,"Near LOC-00656, Kalaburagi",Petrol Bunk
FIR-002329,LOC-00676,"Near LOC-00676, Kalaburagi",Petrol Bunk
FIR-002330,LOC-00665,"Near LOC-00665, Kalaburagi",Temple
FIR-002331,LOC-00667,"Near LOC-00667, Kalaburagi",School
FIR-002332,LOC-00677,"Near LOC-00677, Kalaburagi",Petrol Bunk
FIR-002333,LOC-00668,"Near LOC-00668, Kalaburagi",School
FIR-002334,LOC-00664,"Near LOC-00664, Kalaburagi",Petrol Bunk
FIR-002335,LOC-00653,"Near LOC-00653, Kalaburagi",Market
FIR-002336,LOC-00654,"Near LOC-00654, Kalaburagi",Petrol Bunk
FIR-002337,LOC-00672,"Near LOC-00672, Kalaburagi",Bus Stand
FIR-002338,LOC-00672,"Near LOC-00672, Kalaburagi",Circle
FIR-002339,LOC-00668,"Near LOC-00668, Kalaburagi",Petrol Bunk
FIR-002340,LOC-00670,"Near LOC-00670, Kalaburagi",Temple
FIR-002341,LOC-00656,"Near LOC-00656, Kalaburagi",School
FIR-002342,LOC-00661,"Near LOC-00661, Kalaburagi",Market
FIR-002343,LOC-00659,"Near LOC-00659, Kalaburagi",Circle
FIR-002344,LOC-00664,"Near LOC-00664, Kalaburagi",Petrol Bunk
FIR-002345,LOC-00670,"Near LOC-00670, Kalaburagi",Market
FIR-002346,LOC-00662,"Near LOC-00662, Kalaburagi",Petrol Bunk
FIR-002347,LOC-00677,"Near LOC-00677, Kalaburagi",School
FIR-002348,LOC-00663,"Near LOC-00663, Kalaburagi",Petrol Bunk
FIR-002349,LOC-00671,"Near LOC-00671, Kalaburagi",Market
FIR-002350,LOC-00653,"Near LOC-00653, Kalaburagi",Bus Stand
FIR-002351,LOC-00677,"Near LOC-00677, Kalaburagi",Circle
FIR-002352,LOC-00656,"Near LOC-00656, Kalaburagi",Bus Stand
FIR-002353,LOC-00675,"Near LOC-00675, Kalaburagi",Petrol Bunk
FIR-002354,LOC-00674,"Near LOC-00674, Kalaburagi",Petrol Bunk
FIR-002355,LOC-00678,"Near LOC-00678, Kalaburagi",Petrol Bunk
FIR-002356,LOC-00700,"Near LOC-00700, Kodagu",School
FIR-002357,LOC-00694,"Near LOC-00694, Kodagu",Temple
FIR-002358,LOC-00692,"Near LOC-00692, Kodagu",Circle
FIR-002359,LOC-00700,"Near LOC-00700, Kodagu",Circle
FIR-002360,LOC-00702,"Near LOC-00702, Kodagu",Petrol Bunk
FIR-002361,LOC-00708,"Near LOC-00708, Kodagu",Circle
FIR-002362,LOC-00684,"Near LOC-00684, Kodagu",Petrol Bunk
FIR-002363,LOC-00690,"Near LOC-00690, Kodagu",Temple
FIR-002364,LOC-00684,"Near LOC-00684, Kodagu",School
FIR-002365,LOC-00694,"Near LOC-00694, Kodagu",Circle
FIR-002366,LOC-00688,"Near LOC-00688, Kodagu",Circle
FIR-002367,LOC-00690,"Near LOC-00690, Kodagu",Circle
FIR-002368,LOC-00705,"Near LOC-00705, Kodagu",Bus Stand
FIR-002369,LOC-00707,"Near LOC-00707, Kodagu",School
FIR-002370,LOC-00706,"Near LOC-00706, Kodagu",Temple
FIR-002371,LOC-00683,"Near LOC-00683, Kodagu",Temple
FIR-002372,LOC-00691,"Near LOC-00691, Kodagu",School
FIR-002373,LOC-00689,"Near LOC-00689, Kodagu",Market
FIR-002374,LOC-00697,"Near LOC-00697, Kodagu",Circle
FIR-002375,LOC-00704,"Near LOC-00704, Kodagu",Temple
FIR-002376,LOC-00706,"Near LOC-00706, Kodagu",Circle
FIR-002377,LOC-00708,"Near LOC-00708, Kodagu",Circle
FIR-002378,LOC-00690,"Near LOC-00690, Kodagu",School
FIR-002379,LOC-00706,"Near LOC-00706, Kodagu",Circle
FIR-002380,LOC-00696,"Near LOC-00696, Kodagu",School
FIR-002381,LOC-00689,"Near LOC-00689, Kodagu",Bus Stand
FIR-002382,LOC-00686,"Near LOC-00686, Kodagu",Market
FIR-002383,LOC-00702,"Near LOC-00702, Kodagu",Market
FIR-002384,LOC-00683,"Near LOC-00683, Kodagu",School
FIR-002385,LOC-00683,"Near LOC-00683, Kodagu",Bus Stand
FIR-002386,LOC-00703,"Near LOC-00703, Kodagu",Petrol Bunk
FIR-002387,LOC-00681,"Near LOC-00681, Kodagu",Circle
FIR-002388,LOC-00693,"Near LOC-00693, Kodagu",Petrol Bunk
FIR-002389,LOC-00708,"Near LOC-00708, Kodagu",School
FIR-002390,LOC-00698,"Near LOC-00698, Kodagu",Temple
FIR-002391,LOC-00690,"Near LOC-00690, Kodagu",Petrol Bunk
FIR-002392,LOC-00681,"Near LOC-00681, Kodagu",School
FIR-002393,LOC-00697,"Near LOC-00697, Kodagu",Temple
FIR-002394,LOC-00684,"Near LOC-00684, Kodagu",Bus Stand
FIR-002395,LOC-00691,"Near LOC-00691, Kodagu",Petrol Bunk
FIR-002396,LOC-00691,"Near LOC-00691, Kodagu",Petrol Bunk
FIR-002397,LOC-00705,"Near LOC-00705, Kodagu",Bus Stand
FIR-002398,LOC-00695,"Near LOC-00695, Kodagu",Circle
FIR-002399,LOC-00687,"Near LOC-00687, Kodagu",Market
FIR-002400,LOC-00694,"Near LOC-00694, Kodagu",Bus Stand
FIR-002401,LOC-00687,"Near LOC-00687, Kodagu",School
FIR-002402,LOC-00702,"Near LOC-00702, Kodagu",Temple
FIR-002403,LOC-00683,"Near LOC-00683, Kodagu",Circle
FIR-002404,LOC-00683,"Near LOC-00683, Kodagu",Market
FIR-002405,LOC-00695,"Near LOC-00695, Kodagu",Bus Stand
FIR-002406,LOC-00698,"Near LOC-00698, Kodagu",Temple
FIR-002407,LOC-00702,"Near LOC-00702, Kodagu",School
FIR-002408,LOC-00703,"Near LOC-00703, Kodagu",Petrol Bunk
FIR-002409,LOC-00691,"Near LOC-00691, Kodagu",Bus Stand
FIR-002410,LOC-00691,"Near LOC-00691, Kodagu",School
FIR-002411,LOC-00691,"Near LOC-00691, Kodagu",Temple
FIR-002412,LOC-00685,"Near LOC-00685, Kodagu",Market
FIR-002413,LOC-00692,"Near LOC-00692, Kodagu",Petrol Bunk
FIR-002414,LOC-00696,"Near LOC-00696, Kodagu",Bus Stand
FIR-002415,LOC-00699,"Near LOC-00699, Kodagu",Circle
FIR-002416,LOC-00699,"Near LOC-00699, Kodagu",School
FIR-002417,LOC-00686,"Near LOC-00686, Kodagu",Temple
FIR-002418,LOC-00682,"Near LOC-00682, Kodagu",Petrol Bunk
FIR-002419,LOC-00703,"Near LOC-00703, Kodagu",Temple
FIR-002420,LOC-00699,"Near LOC-00699, Kodagu",School
FIR-002421,LOC-00701,"Near LOC-00701, Kodagu",School
FIR-002422,LOC-00704,"Near LOC-00704, Kodagu",Market
FIR-002423,LOC-00691,"Near LOC-00691, Kodagu",Petrol Bunk
FIR-002424,LOC-00687,"Near LOC-00687, Kodagu",Market
FIR-002425,LOC-00702,"Near LOC-00702, Kodagu",Bus Stand
FIR-002426,LOC-00707,"Near LOC-00707, Kodagu",Market
FIR-002427,LOC-00707,"Near LOC-00707, Kodagu",Temple
FIR-002428,LOC-00702,"Near LOC-00702, Kodagu",Circle
FIR-002429,LOC-00695,"Near LOC-00695, Kodagu",Temple
FIR-002430,LOC-00688,"Near LOC-00688, Kodagu",Temple
FIR-002431,LOC-00706,"Near LOC-00706, Kodagu",Bus Stand
FIR-002432,LOC-00701,"Near LOC-00701, Kodagu",Circle
FIR-002433,LOC-00693,"Near LOC-00693, Kodagu",School
FIR-002434,LOC-00688,"Near LOC-00688, Kodagu",Market
FIR-002435,LOC-00695,"Near LOC-00695, Kodagu",Circle
FIR-002436,LOC-00683,"Near LOC-00683, Kodagu",Bus Stand
FIR-002437,LOC-00686,"Near LOC-00686, Kodagu",Petrol Bunk
FIR-002438,LOC-00706,"Near LOC-00706, Kodagu",School
FIR-002439,LOC-00682,"Near LOC-00682, Kodagu",Bus Stand
FIR-002440,LOC-00685,"Near LOC-00685, Kodagu",Petrol Bunk
FIR-002441,LOC-00718,"Near LOC-00718, Kolar",Circle
FIR-002442,LOC-00721,"Near LOC-00721, Kolar",Petrol Bunk
FIR-002443,LOC-00716,"Near LOC-00716, Kolar",Circle
FIR-002444,LOC-00735,"Near LOC-00735, Kolar",Circle
FIR-002445,LOC-00709,"Near LOC-00709, Kolar",Bus Stand
FIR-002446,LOC-00726,"Near LOC-00726, Kolar",Bus Stand
FIR-002447,LOC-00732,"Near LOC-00732, Kolar",Bus Stand
FIR-002448,LOC-00722,"Near LOC-00722, Kolar",Market
FIR-002449,LOC-00720,"Near LOC-00720, Kolar",Bus Stand
FIR-002450,LOC-00732,"Near LOC-00732, Kolar",Market
FIR-002451,LOC-00715,"Near LOC-00715, Kolar",School
FIR-002452,LOC-00718,"Near LOC-00718, Kolar",School
FIR-002453,LOC-00732,"Near LOC-00732, Kolar",Market
FIR-002454,LOC-00721,"Near LOC-00721, Kolar",Petrol Bunk
FIR-002455,LOC-00721,"Near LOC-00721, Kolar",Circle
FIR-002456,LOC-00713,"Near LOC-00713, Kolar",Circle
FIR-002457,LOC-00718,"Near LOC-00718, Kolar",Bus Stand
FIR-002458,LOC-00733,"Near LOC-00733, Kolar",Circle
FIR-002459,LOC-00726,"Near LOC-00726, Kolar",School
FIR-002460,LOC-00736,"Near LOC-00736, Kolar",Petrol Bunk
FIR-002461,LOC-00719,"Near LOC-00719, Kolar",Circle
FIR-002462,LOC-00736,"Near LOC-00736, Kolar",Temple
FIR-002463,LOC-00723,"Near LOC-00723, Kolar",Market
FIR-002464,LOC-00732,"Near LOC-00732, Kolar",School
FIR-002465,LOC-00726,"Near LOC-00726, Kolar",Bus Stand
FIR-002466,LOC-00727,"Near LOC-00727, Kolar",Circle
FIR-002467,LOC-00733,"Near LOC-00733, Kolar",School
FIR-002468,LOC-00726,"Near LOC-00726, Kolar",School
FIR-002469,LOC-00722,"Near LOC-00722, Kolar",Circle
FIR-002470,LOC-00726,"Near LOC-00726, Kolar",School
FIR-002471,LOC-00732,"Near LOC-00732, Kolar",Temple
FIR-002472,LOC-00730,"Near LOC-00730, Kolar",School
FIR-002473,LOC-00732,"Near LOC-00732, Kolar",Bus Stand
FIR-002474,LOC-00734,"Near LOC-00734, Kolar",Bus Stand
FIR-002475,LOC-00723,"Near LOC-00723, Kolar",School
FIR-002476,LOC-00725,"Near LOC-00725, Kolar",Circle
FIR-002477,LOC-00711,"Near LOC-00711, Kolar",Petrol Bunk
FIR-002478,LOC-00724,"Near LOC-00724, Kolar",Market
FIR-002479,LOC-00717,"Near LOC-00717, Kolar",Temple
FIR-002480,LOC-00711,"Near LOC-00711, Kolar",Market
FIR-002481,LOC-00732,"Near LOC-00732, Kolar",School
FIR-002482,LOC-00719,"Near LOC-00719, Kolar",Temple
FIR-002483,LOC-00728,"Near LOC-00728, Kolar",School
FIR-002484,LOC-00711,"Near LOC-00711, Kolar",Temple
FIR-002485,LOC-00725,"Near LOC-00725, Kolar",Market
FIR-002486,LOC-00714,"Near LOC-00714, Kolar",Circle
FIR-002487,LOC-00713,"Near LOC-00713, Kolar",Circle
FIR-002488,LOC-00726,"Near LOC-00726, Kolar",Bus Stand
FIR-002489,LOC-00712,"Near LOC-00712, Kolar",Petrol Bunk
FIR-002490,LOC-00711,"Near LOC-00711, Kolar",Market
FIR-002491,LOC-00721,"Near LOC-00721, Kolar",Bus Stand
FIR-002492,LOC-00720,"Near LOC-00720, Kolar",Circle
FIR-002493,LOC-00732,"Near LOC-00732, Kolar",Market
FIR-002494,LOC-00721,"Near LOC-00721, Kolar",Bus Stand
FIR-002495,LOC-00712,"Near LOC-00712, Kolar",Circle
FIR-002496,LOC-00711,"Near LOC-00711, Kolar",Bus Stand
FIR-002497,LOC-00727,"Near LOC-00727, Kolar",Bus Stand
FIR-002498,LOC-00731,"Near LOC-00731, Kolar",Circle
FIR-002499,LOC-00729,"Near LOC-00729, Kolar",School
FIR-002500,LOC-00710,"Near LOC-00710, Kolar",Bus Stand
FIR-002501,LOC-00725,"Near LOC-00725, Kolar",Circle
FIR-002502,LOC-00726,"Near LOC-00726, Kolar",Petrol Bunk
FIR-002503,LOC-00728,"Near LOC-00728, Kolar",Market
FIR-002504,LOC-00714,"Near LOC-00714, Kolar",Market
FIR-002505,LOC-00725,"Near LOC-00725, Kolar",Bus Stand
FIR-002506,LOC-00716,"Near LOC-00716, Kolar",Temple
FIR-002507,LOC-00729,"Near LOC-00729, Kolar",Market
FIR-002508,LOC-00710,"Near LOC-00710, Kolar",Petrol Bunk
FIR-002509,LOC-00721,"Near LOC-00721, Kolar",Bus Stand
FIR-002510,LOC-00718,"Near LOC-00718, Kolar",Bus Stand
FIR-002511,LOC-00731,"Near LOC-00731, Kolar",School
FIR-002512,LOC-00735,"Near LOC-00735, Kolar",Temple
FIR-002513,LOC-00718,"Near LOC-00718, Kolar",Bus Stand
FIR-002514,LOC-00725,"Near LOC-00725, Kolar",Circle
FIR-002515,LOC-00724,"Near LOC-00724, Kolar",School
FIR-002516,LOC-00711,"Near LOC-00711, Kolar",School
FIR-002517,LOC-00734,"Near LOC-00734, Kolar",Circle
FIR-002518,LOC-00725,"Near LOC-00725, Kolar",Circle
FIR-002519,LOC-00721,"Near LOC-00721, Kolar",Temple
FIR-002520,LOC-00730,"Near LOC-00730, Kolar",Market
FIR-002521,LOC-00726,"Near LOC-00726, Kolar",Bus Stand
FIR-002522,LOC-00711,"Near LOC-00711, Kolar",Petrol Bunk
FIR-002523,LOC-00711,"Near LOC-00711, Kolar",School
FIR-002524,LOC-00725,"Near LOC-00725, Kolar",Bus Stand
FIR-002525,LOC-00718,"Near LOC-00718, Kolar",Temple
FIR-002526,LOC-00750,"Near LOC-00750, Koppal",Market
FIR-002527,LOC-00761,"Near LOC-00761, Koppal",Petrol Bunk
FIR-002528,LOC-00745,"Near LOC-00745, Koppal",Circle
FIR-002529,LOC-00762,"Near LOC-00762, Koppal",Market
FIR-002530,LOC-00751,"Near LOC-00751, Koppal",Bus Stand
FIR-002531,LOC-00744,"Near LOC-00744, Koppal",School
FIR-002532,LOC-00763,"Near LOC-00763, Koppal",School
FIR-002533,LOC-00739,"Near LOC-00739, Koppal",Market
FIR-002534,LOC-00748,"Near LOC-00748, Koppal",Market
FIR-002535,LOC-00753,"Near LOC-00753, Koppal",Market
FIR-002536,LOC-00758,"Near LOC-00758, Koppal",Temple
FIR-002537,LOC-00753,"Near LOC-00753, Koppal",School
FIR-002538,LOC-00748,"Near LOC-00748, Koppal",Circle
FIR-002539,LOC-00756,"Near LOC-00756, Koppal",Temple
FIR-002540,LOC-00742,"Near LOC-00742, Koppal",Temple
FIR-002541,LOC-00758,"Near LOC-00758, Koppal",School
FIR-002542,LOC-00757,"Near LOC-00757, Koppal",Bus Stand
FIR-002543,LOC-00752,"Near LOC-00752, Koppal",Bus Stand
FIR-002544,LOC-00746,"Near LOC-00746, Koppal",School
FIR-002545,LOC-00753,"Near LOC-00753, Koppal",Bus Stand
FIR-002546,LOC-00751,"Near LOC-00751, Koppal",School
FIR-002547,LOC-00739,"Near LOC-00739, Koppal",Bus Stand
FIR-002548,LOC-00742,"Near LOC-00742, Koppal",School
FIR-002549,LOC-00737,"Near LOC-00737, Koppal",School
FIR-002550,LOC-00752,"Near LOC-00752, Koppal",Circle
FIR-002551,LOC-00737,"Near LOC-00737, Koppal",Market
FIR-002552,LOC-00739,"Near LOC-00739, Koppal",School
FIR-002553,LOC-00743,"Near LOC-00743, Koppal",School
FIR-002554,LOC-00756,"Near LOC-00756, Koppal",Petrol Bunk
FIR-002555,LOC-00764,"Near LOC-00764, Koppal",Petrol Bunk
FIR-002556,LOC-00760,"Near LOC-00760, Koppal",Petrol Bunk
FIR-002557,LOC-00755,"Near LOC-00755, Koppal",Market
FIR-002558,LOC-00760,"Near LOC-00760, Koppal",Bus Stand
FIR-002559,LOC-00748,"Near LOC-00748, Koppal",Temple
FIR-002560,LOC-00753,"Near LOC-00753, Koppal",Bus Stand
FIR-002561,LOC-00744,"Near LOC-00744, Koppal",Petrol Bunk
FIR-002562,LOC-00740,"Near LOC-00740, Koppal",Bus Stand
FIR-002563,LOC-00739,"Near LOC-00739, Koppal",Bus Stand
FIR-002564,LOC-00762,"Near LOC-00762, Koppal",Bus Stand
FIR-002565,LOC-00742,"Near LOC-00742, Koppal",School
FIR-002566,LOC-00739,"Near LOC-00739, Koppal",Market
FIR-002567,LOC-00753,"Near LOC-00753, Koppal",Petrol Bunk
FIR-002568,LOC-00753,"Near LOC-00753, Koppal",Bus Stand
FIR-002569,LOC-00747,"Near LOC-00747, Koppal",Petrol Bunk
FIR-002570,LOC-00749,"Near LOC-00749, Koppal",Circle
FIR-002571,LOC-00744,"Near LOC-00744, Koppal",Temple
FIR-002572,LOC-00744,"Near LOC-00744, Koppal",School
FIR-002573,LOC-00746,"Near LOC-00746, Koppal",Petrol Bunk
FIR-002574,LOC-00750,"Near LOC-00750, Koppal",Petrol Bunk
FIR-002575,LOC-00754,"Near LOC-00754, Koppal",Circle
FIR-002576,LOC-00753,"Near LOC-00753, Koppal",Bus Stand
FIR-002577,LOC-00755,"Near LOC-00755, Koppal",Circle
FIR-002578,LOC-00740,"Near LOC-00740, Koppal",Bus Stand
FIR-002579,LOC-00759,"Near LOC-00759, Koppal",Circle
FIR-002580,LOC-00764,"Near LOC-00764, Koppal",Bus Stand
FIR-002581,LOC-00748,"Near LOC-00748, Koppal",School
FIR-002582,LOC-00741,"Near LOC-00741, Koppal",Bus Stand
FIR-002583,LOC-00753,"Near LOC-00753, Koppal",Circle
FIR-002584,LOC-00759,"Near LOC-00759, Koppal",Temple
FIR-002585,LOC-00739,"Near LOC-00739, Koppal",School
FIR-002586,LOC-00739,"Near LOC-00739, Koppal",Temple
FIR-002587,LOC-00738,"Near LOC-00738, Koppal",School
FIR-002588,LOC-00748,"Near LOC-00748, Koppal",Circle
FIR-002589,LOC-00756,"Near LOC-00756, Koppal",Circle
FIR-002590,LOC-00761,"Near LOC-00761, Koppal",School
FIR-002591,LOC-00742,"Near LOC-00742, Koppal",Circle
FIR-002592,LOC-00756,"Near LOC-00756, Koppal",Temple
FIR-002593,LOC-00757,"Near LOC-00757, Koppal",Petrol Bunk
FIR-002594,LOC-00744,"Near LOC-00744, Koppal",Circle
FIR-002595,LOC-00748,"Near LOC-00748, Koppal",Temple
FIR-002596,LOC-00743,"Near LOC-00743, Koppal",School
FIR-002597,LOC-00745,"Near LOC-00745, Koppal",Temple
FIR-002598,LOC-00761,"Near LOC-00761, Koppal",School
FIR-002599,LOC-00748,"Near LOC-00748, Koppal",Petrol Bunk
FIR-002600,LOC-00754,"Near LOC-00754, Koppal",Bus Stand
FIR-002601,LOC-00738,"Near LOC-00738, Koppal",Market
FIR-002602,LOC-00744,"Near LOC-00744, Koppal",Circle
FIR-002603,LOC-00756,"Near LOC-00756, Koppal",Market
FIR-002604,LOC-00741,"Near LOC-00741, Koppal",School
FIR-002605,LOC-00763,"Near LOC-00763, Koppal",Circle
FIR-002606,LOC-00739,"Near LOC-00739, Koppal",School
FIR-002607,LOC-00749,"Near LOC-00749, Koppal",Circle
FIR-002608,LOC-00744,"Near LOC-00744, Koppal",Temple
FIR-002609,LOC-00747,"Near LOC-00747, Koppal",Circle
FIR-002610,LOC-00756,"Near LOC-00756, Koppal",Petrol Bunk
FIR-002611,LOC-00784,"Near LOC-00784, Mandya",Circle
FIR-002612,LOC-00782,"Near LOC-00782, Mandya",Temple
FIR-002613,LOC-00785,"Near LOC-00785, Mandya",School
FIR-002614,LOC-00786,"Near LOC-00786, Mandya",Petrol Bunk
FIR-002615,LOC-00770,"Near LOC-00770, Mandya",Bus Stand
FIR-002616,LOC-00773,"Near LOC-00773, Mandya",Bus Stand
FIR-002617,LOC-00771,"Near LOC-00771, Mandya",Petrol Bunk
FIR-002618,LOC-00787,"Near LOC-00787, Mandya",Petrol Bunk
FIR-002619,LOC-00772,"Near LOC-00772, Mandya",Circle
FIR-002620,LOC-00777,"Near LOC-00777, Mandya",Petrol Bunk
FIR-002621,LOC-00785,"Near LOC-00785, Mandya",Petrol Bunk
FIR-002622,LOC-00777,"Near LOC-00777, Mandya",Circle
FIR-002623,LOC-00792,"Near LOC-00792, Mandya",Market
FIR-002624,LOC-00786,"Near LOC-00786, Mandya",Circle
FIR-002625,LOC-00778,"Near LOC-00778, Mandya",School
FIR-002626,LOC-00791,"Near LOC-00791, Mandya",Petrol Bunk
FIR-002627,LOC-00766,"Near LOC-00766, Mandya",Temple
FIR-002628,LOC-00783,"Near LOC-00783, Mandya",Petrol Bunk
FIR-002629,LOC-00768,"Near LOC-00768, Mandya",Circle
FIR-002630,LOC-00782,"Near LOC-00782, Mandya",School
FIR-002631,LOC-00774,"Near LOC-00774, Mandya",Temple
FIR-002632,LOC-00791,"Near LOC-00791, Mandya",Market
FIR-002633,LOC-00773,"Near LOC-00773, Mandya",Market
FIR-002634,LOC-00792,"Near LOC-00792, Mandya",Bus Stand
FIR-002635,LOC-00781,"Near LOC-00781, Mandya",Petrol Bunk
FIR-002636,LOC-00774,"Near LOC-00774, Mandya",Bus Stand
FIR-002637,LOC-00775,"Near LOC-00775, Mandya",Temple
FIR-002638,LOC-00783,"Near LOC-00783, Mandya",Temple
FIR-002639,LOC-00774,"Near LOC-00774, Mandya",Market
FIR-002640,LOC-00789,"Near LOC-00789, Mandya",Market
FIR-002641,LOC-00766,"Near LOC-00766, Mandya",Temple
FIR-002642,LOC-00780,"Near LOC-00780, Mandya",Market
FIR-002643,LOC-00770,"Near LOC-00770, Mandya",Bus Stand
FIR-002644,LOC-00786,"Near LOC-00786, Mandya",Temple
FIR-002645,LOC-00783,"Near LOC-00783, Mandya",Petrol Bunk
FIR-002646,LOC-00770,"Near LOC-00770, Mandya",Petrol Bunk
FIR-002647,LOC-00787,"Near LOC-00787, Mandya",Market
FIR-002648,LOC-00773,"Near LOC-00773, Mandya",Bus Stand
FIR-002649,LOC-00779,"Near LOC-00779, Mandya",School
FIR-002650,LOC-00789,"Near LOC-00789, Mandya",Bus Stand
FIR-002651,LOC-00765,"Near LOC-00765, Mandya",Bus Stand
FIR-002652,LOC-00775,"Near LOC-00775, Mandya",Bus Stand
FIR-002653,LOC-00768,"Near LOC-00768, Mandya",Market
FIR-002654,LOC-00774,"Near LOC-00774, Mandya",School
FIR-002655,LOC-00767,"Near LOC-00767, Mandya",School
FIR-002656,LOC-00783,"Near LOC-00783, Mandya",Temple
FIR-002657,LOC-00788,"Near LOC-00788, Mandya",Temple
FIR-002658,LOC-00783,"Near LOC-00783, Mandya",Temple
FIR-002659,LOC-00765,"Near LOC-00765, Mandya",School
FIR-002660,LOC-00776,"Near LOC-00776, Mandya",Temple
FIR-002661,LOC-00777,"Near LOC-00777, Mandya",Market
FIR-002662,LOC-00779,"Near LOC-00779, Mandya",Circle
FIR-002663,LOC-00775,"Near LOC-00775, Mandya",Petrol Bunk
FIR-002664,LOC-00786,"Near LOC-00786, Mandya",School
FIR-002665,LOC-00791,"Near LOC-00791, Mandya",Temple
FIR-002666,LOC-00791,"Near LOC-00791, Mandya",Circle
FIR-002667,LOC-00778,"Near LOC-00778, Mandya",Bus Stand
FIR-002668,LOC-00791,"Near LOC-00791, Mandya",School
FIR-002669,LOC-00777,"Near LOC-00777, Mandya",Market
FIR-002670,LOC-00769,"Near LOC-00769, Mandya",Petrol Bunk
FIR-002671,LOC-00786,"Near LOC-00786, Mandya",Market
FIR-002672,LOC-00769,"Near LOC-00769, Mandya",Temple
FIR-002673,LOC-00786,"Near LOC-00786, Mandya",Bus Stand
FIR-002674,LOC-00776,"Near LOC-00776, Mandya",Bus Stand
FIR-002675,LOC-00778,"Near LOC-00778, Mandya",School
FIR-002676,LOC-00783,"Near LOC-00783, Mandya",Market
FIR-002677,LOC-00791,"Near LOC-00791, Mandya",Circle
FIR-002678,LOC-00766,"Near LOC-00766, Mandya",Market
FIR-002679,LOC-00771,"Near LOC-00771, Mandya",Bus Stand
FIR-002680,LOC-00774,"Near LOC-00774, Mandya",Market
FIR-002681,LOC-00784,"Near LOC-00784, Mandya",Temple
FIR-002682,LOC-00772,"Near LOC-00772, Mandya",Petrol Bunk
FIR-002683,LOC-00781,"Near LOC-00781, Mandya",Market
FIR-002684,LOC-00780,"Near LOC-00780, Mandya",Bus Stand
FIR-002685,LOC-00787,"Near LOC-00787, Mandya",School
FIR-002686,LOC-00790,"Near LOC-00790, Mandya",Market
FIR-002687,LOC-00769,"Near LOC-00769, Mandya",School
FIR-002688,LOC-00787,"Near LOC-00787, Mandya",Market
FIR-002689,LOC-00784,"Near LOC-00784, Mandya",Circle
FIR-002690,LOC-00774,"Near LOC-00774, Mandya",Market
FIR-002691,LOC-00772,"Near LOC-00772, Mandya",Bus Stand
FIR-002692,LOC-00790,"Near LOC-00790, Mandya",Petrol Bunk
FIR-002693,LOC-00767,"Near LOC-00767, Mandya",Bus Stand
FIR-002694,LOC-00788,"Near LOC-00788, Mandya",Circle
FIR-002695,LOC-00783,"Near LOC-00783, Mandya",Temple
FIR-002696,LOC-00823,"Near LOC-00823, Mysuru",Petrol Bunk
FIR-002697,LOC-00804,"Near LOC-00804, Mysuru",Circle
FIR-002698,LOC-00840,"Near LOC-00840, Mysuru",Circle
FIR-002699,LOC-00796,"Near LOC-00796, Mysuru",Bus Stand
FIR-002700,LOC-00869,"Near LOC-00869, Mysuru",Petrol Bunk
FIR-002701,LOC-00849,"Near LOC-00849, Mysuru",Circle
FIR-002702,LOC-00844,"Near LOC-00844, Mysuru",Petrol Bunk
FIR-002703,LOC-00841,"Near LOC-00841, Mysuru",Circle
FIR-002704,LOC-00804,"Near LOC-00804, Mysuru",School
FIR-002705,LOC-00866,"Near LOC-00866, Mysuru",Circle
FIR-002706,LOC-00833,"Near LOC-00833, Mysuru",Bus Stand
FIR-002707,LOC-00847,"Near LOC-00847, Mysuru",Bus Stand
FIR-002708,LOC-00870,"Near LOC-00870, Mysuru",Market
FIR-002709,LOC-00867,"Near LOC-00867, Mysuru",Temple
FIR-002710,LOC-00802,"Near LOC-00802, Mysuru",Petrol Bunk
FIR-002711,LOC-00837,"Near LOC-00837, Mysuru",Bus Stand
FIR-002712,LOC-00801,"Near LOC-00801, Mysuru",Temple
FIR-002713,LOC-00844,"Near LOC-00844, Mysuru",Temple
FIR-002714,LOC-00870,"Near LOC-00870, Mysuru",Circle
FIR-002715,LOC-00862,"Near LOC-00862, Mysuru",Market
FIR-002716,LOC-00823,"Near LOC-00823, Mysuru",Bus Stand
FIR-002717,LOC-00843,"Near LOC-00843, Mysuru",School
FIR-002718,LOC-00860,"Near LOC-00860, Mysuru",Temple
FIR-002719,LOC-00859,"Near LOC-00859, Mysuru",Circle
FIR-002720,LOC-00797,"Near LOC-00797, Mysuru",School
FIR-002721,LOC-00793,"Near LOC-00793, Mysuru",School
FIR-002722,LOC-00871,"Near LOC-00871, Mysuru",Market
FIR-002723,LOC-00836,"Near LOC-00836, Mysuru",Bus Stand
FIR-002724,LOC-00817,"Near LOC-00817, Mysuru",Bus Stand
FIR-002725,LOC-00826,"Near LOC-00826, Mysuru",Market
FIR-002726,LOC-00870,"Near LOC-00870, Mysuru",School
FIR-002727,LOC-00869,"Near LOC-00869, Mysuru",Bus Stand
FIR-002728,LOC-00851,"Near LOC-00851, Mysuru",Circle
FIR-002729,LOC-00800,"Near LOC-00800, Mysuru",School
FIR-002730,LOC-00846,"Near LOC-00846, Mysuru",Petrol Bunk
FIR-002731,LOC-00799,"Near LOC-00799, Mysuru",Bus Stand
FIR-002732,LOC-00861,"Near LOC-00861, Mysuru",Bus Stand
FIR-002733,LOC-00797,"Near LOC-00797, Mysuru",Petrol Bunk
FIR-002734,LOC-00849,"Near LOC-00849, Mysuru",Petrol Bunk
FIR-002735,LOC-00810,"Near LOC-00810, Mysuru",Bus Stand
FIR-002736,LOC-00810,"Near LOC-00810, Mysuru",Circle
FIR-002737,LOC-00812,"Near LOC-00812, Mysuru",School
FIR-002738,LOC-00809,"Near LOC-00809, Mysuru",School
FIR-002739,LOC-00815,"Near LOC-00815, Mysuru",School
FIR-002740,LOC-00795,"Near LOC-00795, Mysuru",Market
FIR-002741,LOC-00844,"Near LOC-00844, Mysuru",Temple
FIR-002742,LOC-00864,"Near LOC-00864, Mysuru",Market
FIR-002743,LOC-00824,"Near LOC-00824, Mysuru",Bus Stand
FIR-002744,LOC-00847,"Near LOC-00847, Mysuru",Temple
FIR-002745,LOC-00813,"Near LOC-00813, Mysuru",Market
FIR-002746,LOC-00859,"Near LOC-00859, Mysuru",School
FIR-002747,LOC-00827,"Near LOC-00827, Mysuru",School
FIR-002748,LOC-00830,"Near LOC-00830, Mysuru",Market
FIR-002749,LOC-00810,"Near LOC-00810, Mysuru",Circle
FIR-002750,LOC-00796,"Near LOC-00796, Mysuru",School
FIR-002751,LOC-00868,"Near LOC-00868, Mysuru",Bus Stand
FIR-002752,LOC-00874,"Near LOC-00874, Mysuru",Bus Stand
FIR-002753,LOC-00810,"Near LOC-00810, Mysuru",Bus Stand
FIR-002754,LOC-00811,"Near LOC-00811, Mysuru",School
FIR-002755,LOC-00848,"Near LOC-00848, Mysuru",Bus Stand
FIR-002756,LOC-00826,"Near LOC-00826, Mysuru",School
FIR-002757,LOC-00858,"Near LOC-00858, Mysuru",Petrol Bunk
FIR-002758,LOC-00858,"Near LOC-00858, Mysuru",School
FIR-002759,LOC-00811,"Near LOC-00811, Mysuru",Petrol Bunk
FIR-002760,LOC-00796,"Near LOC-00796, Mysuru",Circle
FIR-002761,LOC-00875,"Near LOC-00875, Mysuru",School
FIR-002762,LOC-00851,"Near LOC-00851, Mysuru",Temple
FIR-002763,LOC-00856,"Near LOC-00856, Mysuru",School
FIR-002764,LOC-00810,"Near LOC-00810, Mysuru",Circle
FIR-002765,LOC-00854,"Near LOC-00854, Mysuru",Temple
FIR-002766,LOC-00864,"Near LOC-00864, Mysuru",Bus Stand
FIR-002767,LOC-00798,"Near LOC-00798, Mysuru",Temple
FIR-002768,LOC-00856,"Near LOC-00856, Mysuru",School
FIR-002769,LOC-00848,"Near LOC-00848, Mysuru",Market
FIR-002770,LOC-00836,"Near LOC-00836, Mysuru",Temple
FIR-002771,LOC-00811,"Near LOC-00811, Mysuru",Petrol Bunk
FIR-002772,LOC-00807,"Near LOC-00807, Mysuru",Temple
FIR-002773,LOC-00812,"Near LOC-00812, Mysuru",School
FIR-002774,LOC-00804,"Near LOC-00804, Mysuru",Petrol Bunk
FIR-002775,LOC-00871,"Near LOC-00871, Mysuru",Petrol Bunk
FIR-002776,LOC-00864,"Near LOC-00864, Mysuru",Temple
FIR-002777,LOC-00794,"Near LOC-00794, Mysuru",Market
FIR-002778,LOC-00801,"Near LOC-00801, Mysuru",Circle
FIR-002779,LOC-00801,"Near LOC-00801, Mysuru",School
FIR-002780,LOC-00869,"Near LOC-00869, Mysuru",Temple
FIR-002781,LOC-00860,"Near LOC-00860, Mysuru",Market
FIR-002782,LOC-00858,"Near LOC-00858, Mysuru",Temple
FIR-002783,LOC-00844,"Near LOC-00844, Mysuru",Market
FIR-002784,LOC-00870,"Near LOC-00870, Mysuru",Temple
FIR-002785,LOC-00816,"Near LOC-00816, Mysuru",School
FIR-002786,LOC-00863,"Near LOC-00863, Mysuru",School
FIR-002787,LOC-00842,"Near LOC-00842, Mysuru",School
FIR-002788,LOC-00808,"Near LOC-00808, Mysuru",Petrol Bunk
FIR-002789,LOC-00851,"Near LOC-00851, Mysuru",Petrol Bunk
FIR-002790,LOC-00820,"Near LOC-00820, Mysuru",Petrol Bunk
FIR-002791,LOC-00800,"Near LOC-00800, Mysuru",Circle
FIR-002792,LOC-00811,"Near LOC-00811, Mysuru",Circle
FIR-002793,LOC-00873,"Near LOC-00873, Mysuru",School
FIR-002794,LOC-00793,"Near LOC-00793, Mysuru",Circle
FIR-002795,LOC-00804,"Near LOC-00804, Mysuru",School
FIR-002796,LOC-00818,"Near LOC-00818, Mysuru",Market
FIR-002797,LOC-00825,"Near LOC-00825, Mysuru",Circle
FIR-002798,LOC-00867,"Near LOC-00867, Mysuru",Petrol Bunk
FIR-002799,LOC-00835,"Near LOC-00835, Mysuru",Temple
FIR-002800,LOC-00872,"Near LOC-00872, Mysuru",Bus Stand
FIR-002801,LOC-00875,"Near LOC-00875, Mysuru",School
FIR-002802,LOC-00857,"Near LOC-00857, Mysuru",Circle
FIR-002803,LOC-00870,"Near LOC-00870, Mysuru",School
FIR-002804,LOC-00804,"Near LOC-00804, Mysuru",Bus Stand
FIR-002805,LOC-00837,"Near LOC-00837, Mysuru",Market
FIR-002806,LOC-00826,"Near LOC-00826, Mysuru",Circle
FIR-002807,LOC-00800,"Near LOC-00800, Mysuru",Market
FIR-002808,LOC-00853,"Near LOC-00853, Mysuru",Circle
FIR-002809,LOC-00803,"Near LOC-00803, Mysuru",Circle
FIR-002810,LOC-00800,"Near LOC-00800, Mysuru",Market
FIR-002811,LOC-00801,"Near LOC-00801, Mysuru",Circle
FIR-002812,LOC-00797,"Near LOC-00797, Mysuru",School
FIR-002813,LOC-00819,"Near LOC-00819, Mysuru",Circle
FIR-002814,LOC-00817,"Near LOC-00817, Mysuru",Bus Stand
FIR-002815,LOC-00827,"Near LOC-00827, Mysuru",Bus Stand
FIR-002816,LOC-00847,"Near LOC-00847, Mysuru",Temple
FIR-002817,LOC-00852,"Near LOC-00852, Mysuru",Circle
FIR-002818,LOC-00804,"Near LOC-00804, Mysuru",Circle
FIR-002819,LOC-00869,"Near LOC-00869, Mysuru",Bus Stand
FIR-002820,LOC-00843,"Near LOC-00843, Mysuru",Petrol Bunk
FIR-002821,LOC-00857,"Near LOC-00857, Mysuru",Temple
FIR-002822,LOC-00811,"Near LOC-00811, Mysuru",Circle
FIR-002823,LOC-00873,"Near LOC-00873, Mysuru",Circle
FIR-002824,LOC-00855,"Near LOC-00855, Mysuru",Bus Stand
FIR-002825,LOC-00831,"Near LOC-00831, Mysuru",Circle
FIR-002826,LOC-00797,"Near LOC-00797, Mysuru",School
FIR-002827,LOC-00858,"Near LOC-00858, Mysuru",Circle
FIR-002828,LOC-00830,"Near LOC-00830, Mysuru",Bus Stand
FIR-002829,LOC-00847,"Near LOC-00847, Mysuru",Temple
FIR-002830,LOC-00796,"Near LOC-00796, Mysuru",Circle
FIR-002831,LOC-00866,"Near LOC-00866, Mysuru",Bus Stand
FIR-002832,LOC-00798,"Near LOC-00798, Mysuru",Petrol Bunk
FIR-002833,LOC-00837,"Near LOC-00837, Mysuru",Petrol Bunk
FIR-002834,LOC-00866,"Near LOC-00866, Mysuru",School
FIR-002835,LOC-00868,"Near LOC-00868, Mysuru",Circle
FIR-002836,LOC-00825,"Near LOC-00825, Mysuru",Circle
FIR-002837,LOC-00816,"Near LOC-00816, Mysuru",Circle
FIR-002838,LOC-00860,"Near LOC-00860, Mysuru",Circle
FIR-002839,LOC-00844,"Near LOC-00844, Mysuru",Market
FIR-002840,LOC-00810,"Near LOC-00810, Mysuru",Market
FIR-002841,LOC-00833,"Near LOC-00833, Mysuru",Market
FIR-002842,LOC-00822,"Near LOC-00822, Mysuru",Bus Stand
FIR-002843,LOC-00826,"Near LOC-00826, Mysuru",Circle
FIR-002844,LOC-00810,"Near LOC-00810, Mysuru",Temple
FIR-002845,LOC-00845,"Near LOC-00845, Mysuru",School
FIR-002846,LOC-00835,"Near LOC-00835, Mysuru",School
FIR-002847,LOC-00832,"Near LOC-00832, Mysuru",Market
FIR-002848,LOC-00860,"Near LOC-00860, Mysuru",Temple
FIR-002849,LOC-00863,"Near LOC-00863, Mysuru",Circle
FIR-002850,LOC-00857,"Near LOC-00857, Mysuru",Petrol Bunk
FIR-002851,LOC-00795,"Near LOC-00795, Mysuru",School
FIR-002852,LOC-00838,"Near LOC-00838, Mysuru",Bus Stand
FIR-002853,LOC-00869,"Near LOC-00869, Mysuru",Circle
FIR-002854,LOC-00821,"Near LOC-00821, Mysuru",Bus Stand
FIR-002855,LOC-00814,"Near LOC-00814, Mysuru",Temple
FIR-002856,LOC-00845,"Near LOC-00845, Mysuru",Circle
FIR-002857,LOC-00807,"Near LOC-00807, Mysuru",Circle
FIR-002858,LOC-00842,"Near LOC-00842, Mysuru",Petrol Bunk
FIR-002859,LOC-00824,"Near LOC-00824, Mysuru",Circle
FIR-002860,LOC-00801,"Near LOC-00801, Mysuru",Temple
FIR-002861,LOC-00846,"Near LOC-00846, Mysuru",Circle
FIR-002862,LOC-00815,"Near LOC-00815, Mysuru",Circle
FIR-002863,LOC-00864,"Near LOC-00864, Mysuru",Circle
FIR-002864,LOC-00847,"Near LOC-00847, Mysuru",Market
FIR-002865,LOC-00865,"Near LOC-00865, Mysuru",Market
FIR-002866,LOC-00805,"Near LOC-00805, Mysuru",Petrol Bunk
FIR-002867,LOC-00826,"Near LOC-00826, Mysuru",Temple
FIR-002868,LOC-00799,"Near LOC-00799, Mysuru",Bus Stand
FIR-002869,LOC-00838,"Near LOC-00838, Mysuru",School
FIR-002870,LOC-00834,"Near LOC-00834, Mysuru",Market
FIR-002871,LOC-00816,"Near LOC-00816, Mysuru",Circle
FIR-002872,LOC-00847,"Near LOC-00847, Mysuru",Petrol Bunk
FIR-002873,LOC-00805,"Near LOC-00805, Mysuru",Circle
FIR-002874,LOC-00796,"Near LOC-00796, Mysuru",Bus Stand
FIR-002875,LOC-00839,"Near LOC-00839, Mysuru",School
FIR-002876,LOC-00828,"Near LOC-00828, Mysuru",Market
FIR-002877,LOC-00860,"Near LOC-00860, Mysuru",Petrol Bunk
FIR-002878,LOC-00832,"Near LOC-00832, Mysuru",Circle
FIR-002879,LOC-00805,"Near LOC-00805, Mysuru",Petrol Bunk
FIR-002880,LOC-00844,"Near LOC-00844, Mysuru",Bus Stand
FIR-002881,LOC-00843,"Near LOC-00843, Mysuru",Temple
FIR-002882,LOC-00826,"Near LOC-00826, Mysuru",Circle
FIR-002883,LOC-00839,"Near LOC-00839, Mysuru",Circle
FIR-002884,LOC-00826,"Near LOC-00826, Mysuru",Circle
FIR-002885,LOC-00797,"Near LOC-00797, Mysuru",School
FIR-002886,LOC-00844,"Near LOC-00844, Mysuru",School
FIR-002887,LOC-00833,"Near LOC-00833, Mysuru",Bus Stand
FIR-002888,LOC-00840,"Near LOC-00840, Mysuru",Circle
FIR-002889,LOC-00821,"Near LOC-00821, Mysuru",Market
FIR-002890,LOC-00803,"Near LOC-00803, Mysuru",Bus Stand
FIR-002891,LOC-00820,"Near LOC-00820, Mysuru",Petrol Bunk
FIR-002892,LOC-00819,"Near LOC-00819, Mysuru",Petrol Bunk
FIR-002893,LOC-00850,"Near LOC-00850, Mysuru",Bus Stand
FIR-002894,LOC-00858,"Near LOC-00858, Mysuru",Temple
FIR-002895,LOC-00810,"Near LOC-00810, Mysuru",Bus Stand
FIR-002896,LOC-00809,"Near LOC-00809, Mysuru",Circle
FIR-002897,LOC-00840,"Near LOC-00840, Mysuru",Petrol Bunk
FIR-002898,LOC-00797,"Near LOC-00797, Mysuru",Market
FIR-002899,LOC-00806,"Near LOC-00806, Mysuru",Temple
FIR-002900,LOC-00836,"Near LOC-00836, Mysuru",Market
FIR-002901,LOC-00831,"Near LOC-00831, Mysuru",Temple
FIR-002902,LOC-00870,"Near LOC-00870, Mysuru",Petrol Bunk
FIR-002903,LOC-00850,"Near LOC-00850, Mysuru",Market
FIR-002904,LOC-00829,"Near LOC-00829, Mysuru",School
FIR-002905,LOC-00830,"Near LOC-00830, Mysuru",Market
FIR-002906,LOC-00860,"Near LOC-00860, Mysuru",Temple
FIR-002907,LOC-00834,"Near LOC-00834, Mysuru",School
FIR-002908,LOC-00801,"Near LOC-00801, Mysuru",Petrol Bunk
FIR-002909,LOC-00861,"Near LOC-00861, Mysuru",Bus Stand
FIR-002910,LOC-00805,"Near LOC-00805, Mysuru",Circle
FIR-002911,LOC-00846,"Near LOC-00846, Mysuru",Petrol Bunk
FIR-002912,LOC-00856,"Near LOC-00856, Mysuru",School
FIR-002913,LOC-00869,"Near LOC-00869, Mysuru",School
FIR-002914,LOC-00849,"Near LOC-00849, Mysuru",Petrol Bunk
FIR-002915,LOC-00811,"Near LOC-00811, Mysuru",Circle
FIR-002916,LOC-00862,"Near LOC-00862, Mysuru",Market
FIR-002917,LOC-00801,"Near LOC-00801, Mysuru",Temple
FIR-002918,LOC-00826,"Near LOC-00826, Mysuru",School
FIR-002919,LOC-00829,"Near LOC-00829, Mysuru",Market
FIR-002920,LOC-00795,"Near LOC-00795, Mysuru",Temple
FIR-002921,LOC-00811,"Near LOC-00811, Mysuru",Circle
FIR-002922,LOC-00828,"Near LOC-00828, Mysuru",Temple
FIR-002923,LOC-00870,"Near LOC-00870, Mysuru",Bus Stand
FIR-002924,LOC-00841,"Near LOC-00841, Mysuru",Circle
FIR-002925,LOC-00814,"Near LOC-00814, Mysuru",School
FIR-002926,LOC-00807,"Near LOC-00807, Mysuru",School
FIR-002927,LOC-00865,"Near LOC-00865, Mysuru",School
FIR-002928,LOC-00806,"Near LOC-00806, Mysuru",Market
FIR-002929,LOC-00804,"Near LOC-00804, Mysuru",Bus Stand
FIR-002930,LOC-00822,"Near LOC-00822, Mysuru",Petrol Bunk
FIR-002931,LOC-00818,"Near LOC-00818, Mysuru",School
FIR-002932,LOC-00808,"Near LOC-00808, Mysuru",Circle
FIR-002933,LOC-00868,"Near LOC-00868, Mysuru",Temple
FIR-002934,LOC-00860,"Near LOC-00860, Mysuru",Market
FIR-002935,LOC-00860,"Near LOC-00860, Mysuru",Bus Stand
FIR-002936,LOC-00804,"Near LOC-00804, Mysuru",Petrol Bunk
FIR-002937,LOC-00802,"Near LOC-00802, Mysuru",School
FIR-002938,LOC-00815,"Near LOC-00815, Mysuru",Temple
FIR-002939,LOC-00874,"Near LOC-00874, Mysuru",School
FIR-002940,LOC-00814,"Near LOC-00814, Mysuru",Temple
FIR-002941,LOC-00794,"Near LOC-00794, Mysuru",Market
FIR-002942,LOC-00870,"Near LOC-00870, Mysuru",Petrol Bunk
FIR-002943,LOC-00803,"Near LOC-00803, Mysuru",Circle
FIR-002944,LOC-00854,"Near LOC-00854, Mysuru",Market
FIR-002945,LOC-00853,"Near LOC-00853, Mysuru",Market
FIR-002946,LOC-00869,"Near LOC-00869, Mysuru",School
FIR-002947,LOC-00799,"Near LOC-00799, Mysuru",Petrol Bunk
FIR-002948,LOC-00862,"Near LOC-00862, Mysuru",Market
FIR-002949,LOC-00831,"Near LOC-00831, Mysuru",Circle
FIR-002950,LOC-00852,"Near LOC-00852, Mysuru",Temple
FIR-002951,LOC-00872,"Near LOC-00872, Mysuru",Petrol Bunk
FIR-002952,LOC-00855,"Near LOC-00855, Mysuru",School
FIR-002953,LOC-00849,"Near LOC-00849, Mysuru",Bus Stand
FIR-002954,LOC-00813,"Near LOC-00813, Mysuru",Petrol Bunk
FIR-002955,LOC-00825,"Near LOC-00825, Mysuru",Circle
FIR-002956,LOC-00879,"Near LOC-00879, Raichur",Circle
FIR-002957,LOC-00899,"Near LOC-00899, Raichur",Market
FIR-002958,LOC-00881,"Near LOC-00881, Raichur",Petrol Bunk
FIR-002959,LOC-00876,"Near LOC-00876, Raichur",Temple
FIR-002960,LOC-00894,"Near LOC-00894, Raichur",Bus Stand
FIR-002961,LOC-00886,"Near LOC-00886, Raichur",School
FIR-002962,LOC-00878,"Near LOC-00878, Raichur",Circle
FIR-002963,LOC-00886,"Near LOC-00886, Raichur",Market
FIR-002964,LOC-00882,"Near LOC-00882, Raichur",Petrol Bunk
FIR-002965,LOC-00897,"Near LOC-00897, Raichur",Circle
FIR-002966,LOC-00891,"Near LOC-00891, Raichur",Petrol Bunk
FIR-002967,LOC-00899,"Near LOC-00899, Raichur",Bus Stand
FIR-002968,LOC-00887,"Near LOC-00887, Raichur",Petrol Bunk
FIR-002969,LOC-00885,"Near LOC-00885, Raichur",Temple
FIR-002970,LOC-00886,"Near LOC-00886, Raichur",Temple
FIR-002971,LOC-00877,"Near LOC-00877, Raichur",Temple
FIR-002972,LOC-00890,"Near LOC-00890, Raichur",Petrol Bunk
FIR-002973,LOC-00890,"Near LOC-00890, Raichur",Market
FIR-002974,LOC-00891,"Near LOC-00891, Raichur",School
FIR-002975,LOC-00885,"Near LOC-00885, Raichur",Market
FIR-002976,LOC-00883,"Near LOC-00883, Raichur",School
FIR-002977,LOC-00893,"Near LOC-00893, Raichur",School
FIR-002978,LOC-00901,"Near LOC-00901, Raichur",Market
FIR-002979,LOC-00902,"Near LOC-00902, Raichur",Market
FIR-002980,LOC-00897,"Near LOC-00897, Raichur",Bus Stand
FIR-002981,LOC-00881,"Near LOC-00881, Raichur",Market
FIR-002982,LOC-00901,"Near LOC-00901, Raichur",Temple
FIR-002983,LOC-00878,"Near LOC-00878, Raichur",Petrol Bunk
FIR-002984,LOC-00877,"Near LOC-00877, Raichur",Bus Stand
FIR-002985,LOC-00902,"Near LOC-00902, Raichur",Market
FIR-002986,LOC-00879,"Near LOC-00879, Raichur",Circle
FIR-002987,LOC-00902,"Near LOC-00902, Raichur",Petrol Bunk
FIR-002988,LOC-00891,"Near LOC-00891, Raichur",School
FIR-002989,LOC-00880,"Near LOC-00880, Raichur",School
FIR-002990,LOC-00903,"Near LOC-00903, Raichur",School
FIR-002991,LOC-00885,"Near LOC-00885, Raichur",Market
FIR-002992,LOC-00896,"Near LOC-00896, Raichur",Temple
FIR-002993,LOC-00882,"Near LOC-00882, Raichur",Bus Stand
FIR-002994,LOC-00894,"Near LOC-00894, Raichur",Temple
FIR-002995,LOC-00892,"Near LOC-00892, Raichur",Bus Stand
FIR-002996,LOC-00891,"Near LOC-00891, Raichur",Petrol Bunk
FIR-002997,LOC-00883,"Near LOC-00883, Raichur",School
FIR-002998,LOC-00885,"Near LOC-00885, Raichur",Circle
FIR-002999,LOC-00890,"Near LOC-00890, Raichur",Temple
FIR-003000,LOC-00886,"Near LOC-00886, Raichur",Temple
FIR-003001,LOC-00891,"Near LOC-00891, Raichur",School
FIR-003002,LOC-00877,"Near LOC-00877, Raichur",School
FIR-003003,LOC-00888,"Near LOC-00888, Raichur",Temple
FIR-003004,LOC-00901,"Near LOC-00901, Raichur",Circle
FIR-003005,LOC-00901,"Near LOC-00901, Raichur",Market
FIR-003006,LOC-00886,"Near LOC-00886, Raichur",Market
FIR-003007,LOC-00899,"Near LOC-00899, Raichur",Temple
FIR-003008,LOC-00900,"Near LOC-00900, Raichur",School
FIR-003009,LOC-00897,"Near LOC-00897, Raichur",Petrol Bunk
FIR-003010,LOC-00889,"Near LOC-00889, Raichur",School
FIR-003011,LOC-00897,"Near LOC-00897, Raichur",Petrol Bunk
FIR-003012,LOC-00893,"Near LOC-00893, Raichur",Temple
FIR-003013,LOC-00891,"Near LOC-00891, Raichur",Bus Stand
FIR-003014,LOC-00888,"Near LOC-00888, Raichur",School
FIR-003015,LOC-00900,"Near LOC-00900, Raichur",Petrol Bunk
FIR-003016,LOC-00897,"Near LOC-00897, Raichur",Market
FIR-003017,LOC-00897,"Near LOC-00897, Raichur",Bus Stand
FIR-003018,LOC-00877,"Near LOC-00877, Raichur",School
FIR-003019,LOC-00885,"Near LOC-00885, Raichur",Temple
FIR-003020,LOC-00896,"Near LOC-00896, Raichur",Bus Stand
FIR-003021,LOC-00880,"Near LOC-00880, Raichur",School
FIR-003022,LOC-00885,"Near LOC-00885, Raichur",Bus Stand
FIR-003023,LOC-00895,"Near LOC-00895, Raichur",Market
FIR-003024,LOC-00898,"Near LOC-00898, Raichur",Temple
FIR-003025,LOC-00884,"Near LOC-00884, Raichur",Circle
FIR-003026,LOC-00884,"Near LOC-00884, Raichur",Circle
FIR-003027,LOC-00887,"Near LOC-00887, Raichur",Market
FIR-003028,LOC-00895,"Near LOC-00895, Raichur",Circle
FIR-003029,LOC-00891,"Near LOC-00891, Raichur",Petrol Bunk
FIR-003030,LOC-00892,"Near LOC-00892, Raichur",Temple
FIR-003031,LOC-00889,"Near LOC-00889, Raichur",Temple
FIR-003032,LOC-00897,"Near LOC-00897, Raichur",Temple
FIR-003033,LOC-00885,"Near LOC-00885, Raichur",Circle
FIR-003034,LOC-00885,"Near LOC-00885, Raichur",School
FIR-003035,LOC-00901,"Near LOC-00901, Raichur",Bus Stand
FIR-003036,LOC-00898,"Near LOC-00898, Raichur",Circle
FIR-003037,LOC-00901,"Near LOC-00901, Raichur",Circle
FIR-003038,LOC-00876,"Near LOC-00876, Raichur",Temple
FIR-003039,LOC-00903,"Near LOC-00903, Raichur",Bus Stand
FIR-003040,LOC-00877,"Near LOC-00877, Raichur",Circle
FIR-003041,LOC-00904,"Near LOC-00904, Ramanagara",Bus Stand
FIR-003042,LOC-00928,"Near LOC-00928, Ramanagara",Temple
FIR-003043,LOC-00907,"Near LOC-00907, Ramanagara",School
FIR-003044,LOC-00914,"Near LOC-00914, Ramanagara",Temple
FIR-003045,LOC-00906,"Near LOC-00906, Ramanagara",Circle
FIR-003046,LOC-00906,"Near LOC-00906, Ramanagara",Temple
FIR-003047,LOC-00928,"Near LOC-00928, Ramanagara",Circle
FIR-003048,LOC-00911,"Near LOC-00911, Ramanagara",Petrol Bunk
FIR-003049,LOC-00913,"Near LOC-00913, Ramanagara",Bus Stand
FIR-003050,LOC-00911,"Near LOC-00911, Ramanagara",School
FIR-003051,LOC-00928,"Near LOC-00928, Ramanagara",School
FIR-003052,LOC-00918,"Near LOC-00918, Ramanagara",School
FIR-003053,LOC-00908,"Near LOC-00908, Ramanagara",Temple
FIR-003054,LOC-00910,"Near LOC-00910, Ramanagara",Petrol Bunk
FIR-003055,LOC-00919,"Near LOC-00919, Ramanagara",School
FIR-003056,LOC-00916,"Near LOC-00916, Ramanagara",Petrol Bunk
FIR-003057,LOC-00924,"Near LOC-00924, Ramanagara",Temple
FIR-003058,LOC-00928,"Near LOC-00928, Ramanagara",Bus Stand
FIR-003059,LOC-00911,"Near LOC-00911, Ramanagara",Market
FIR-003060,LOC-00917,"Near LOC-00917, Ramanagara",Petrol Bunk
FIR-003061,LOC-00904,"Near LOC-00904, Ramanagara",Circle
FIR-003062,LOC-00931,"Near LOC-00931, Ramanagara",Market
FIR-003063,LOC-00919,"Near LOC-00919, Ramanagara",Bus Stand
FIR-003064,LOC-00920,"Near LOC-00920, Ramanagara",Market
FIR-003065,LOC-00926,"Near LOC-00926, Ramanagara",School
FIR-003066,LOC-00906,"Near LOC-00906, Ramanagara",School
FIR-003067,LOC-00927,"Near LOC-00927, Ramanagara",Bus Stand
FIR-003068,LOC-00927,"Near LOC-00927, Ramanagara",School
FIR-003069,LOC-00910,"Near LOC-00910, Ramanagara",Petrol Bunk
FIR-003070,LOC-00926,"Near LOC-00926, Ramanagara",Market
FIR-003071,LOC-00916,"Near LOC-00916, Ramanagara",Market
FIR-003072,LOC-00927,"Near LOC-00927, Ramanagara",Temple
FIR-003073,LOC-00916,"Near LOC-00916, Ramanagara",Petrol Bunk
FIR-003074,LOC-00921,"Near LOC-00921, Ramanagara",Temple
FIR-003075,LOC-00923,"Near LOC-00923, Ramanagara",Petrol Bunk
FIR-003076,LOC-00923,"Near LOC-00923, Ramanagara",Market
FIR-003077,LOC-00927,"Near LOC-00927, Ramanagara",Circle
FIR-003078,LOC-00924,"Near LOC-00924, Ramanagara",Market
FIR-003079,LOC-00911,"Near LOC-00911, Ramanagara",Temple
FIR-003080,LOC-00919,"Near LOC-00919, Ramanagara",Temple
FIR-003081,LOC-00920,"Near LOC-00920, Ramanagara",Market
FIR-003082,LOC-00910,"Near LOC-00910, Ramanagara",Temple
FIR-003083,LOC-00909,"Near LOC-00909, Ramanagara",Petrol Bunk
FIR-003084,LOC-00927,"Near LOC-00927, Ramanagara",Petrol Bunk
FIR-003085,LOC-00907,"Near LOC-00907, Ramanagara",Bus Stand
FIR-003086,LOC-00914,"Near LOC-00914, Ramanagara",School
FIR-003087,LOC-00921,"Near LOC-00921, Ramanagara",Bus Stand
FIR-003088,LOC-00929,"Near LOC-00929, Ramanagara",Circle
FIR-003089,LOC-00927,"Near LOC-00927, Ramanagara",Market
FIR-003090,LOC-00926,"Near LOC-00926, Ramanagara",Temple
FIR-003091,LOC-00916,"Near LOC-00916, Ramanagara",Market
FIR-003092,LOC-00905,"Near LOC-00905, Ramanagara",Temple
FIR-003093,LOC-00928,"Near LOC-00928, Ramanagara",Bus Stand
FIR-003094,LOC-00927,"Near LOC-00927, Ramanagara",School
FIR-003095,LOC-00912,"Near LOC-00912, Ramanagara",School
FIR-003096,LOC-00913,"Near LOC-00913, Ramanagara",Circle
FIR-003097,LOC-00908,"Near LOC-00908, Ramanagara",Temple
FIR-003098,LOC-00920,"Near LOC-00920, Ramanagara",Temple
FIR-003099,LOC-00923,"Near LOC-00923, Ramanagara",School
FIR-003100,LOC-00925,"Near LOC-00925, Ramanagara",Bus Stand
FIR-003101,LOC-00931,"Near LOC-00931, Ramanagara",Temple
FIR-003102,LOC-00914,"Near LOC-00914, Ramanagara",Bus Stand
FIR-003103,LOC-00916,"Near LOC-00916, Ramanagara",Bus Stand
FIR-003104,LOC-00922,"Near LOC-00922, Ramanagara",Circle
FIR-003105,LOC-00925,"Near LOC-00925, Ramanagara",Petrol Bunk
FIR-003106,LOC-00916,"Near LOC-00916, Ramanagara",Circle
FIR-003107,LOC-00919,"Near LOC-00919, Ramanagara",Bus Stand
FIR-003108,LOC-00916,"Near LOC-00916, Ramanagara",Bus Stand
FIR-003109,LOC-00926,"Near LOC-00926, Ramanagara",Circle
FIR-003110,LOC-00913,"Near LOC-00913, Ramanagara",Bus Stand
FIR-003111,LOC-00915,"Near LOC-00915, Ramanagara",Temple
FIR-003112,LOC-00917,"Near LOC-00917, Ramanagara",Circle
FIR-003113,LOC-00921,"Near LOC-00921, Ramanagara",School
FIR-003114,LOC-00930,"Near LOC-00930, Ramanagara",Market
FIR-003115,LOC-00922,"Near LOC-00922, Ramanagara",Petrol Bunk
FIR-003116,LOC-00929,"Near LOC-00929, Ramanagara",Circle
FIR-003117,LOC-00912,"Near LOC-00912, Ramanagara",Circle
FIR-003118,LOC-00926,"Near LOC-00926, Ramanagara",Circle
FIR-003119,LOC-00918,"Near LOC-00918, Ramanagara",Bus Stand
FIR-003120,LOC-00905,"Near LOC-00905, Ramanagara",Circle
FIR-003121,LOC-00909,"Near LOC-00909, Ramanagara",Market
FIR-003122,LOC-00930,"Near LOC-00930, Ramanagara",Petrol Bunk
FIR-003123,LOC-00926,"Near LOC-00926, Ramanagara",Petrol Bunk
FIR-003124,LOC-00928,"Near LOC-00928, Ramanagara",Circle
FIR-003125,LOC-00915,"Near LOC-00915, Ramanagara",Market
FIR-003126,LOC-00947,"Near LOC-00947, Shivamogga",Temple
FIR-003127,LOC-00954,"Near LOC-00954, Shivamogga",Petrol Bunk
FIR-003128,LOC-00957,"Near LOC-00957, Shivamogga",Temple
FIR-003129,LOC-00938,"Near LOC-00938, Shivamogga",Temple
FIR-003130,LOC-00935,"Near LOC-00935, Shivamogga",Petrol Bunk
FIR-003131,LOC-00947,"Near LOC-00947, Shivamogga",Circle
FIR-003132,LOC-00956,"Near LOC-00956, Shivamogga",Bus Stand
FIR-003133,LOC-00955,"Near LOC-00955, Shivamogga",Circle
FIR-003134,LOC-00956,"Near LOC-00956, Shivamogga",Bus Stand
FIR-003135,LOC-00932,"Near LOC-00932, Shivamogga",Market
FIR-003136,LOC-00943,"Near LOC-00943, Shivamogga",School
FIR-003137,LOC-00953,"Near LOC-00953, Shivamogga",School
FIR-003138,LOC-00950,"Near LOC-00950, Shivamogga",Bus Stand
FIR-003139,LOC-00956,"Near LOC-00956, Shivamogga",Market
FIR-003140,LOC-00945,"Near LOC-00945, Shivamogga",School
FIR-003141,LOC-00942,"Near LOC-00942, Shivamogga",School
FIR-003142,LOC-00954,"Near LOC-00954, Shivamogga",Circle
FIR-003143,LOC-00957,"Near LOC-00957, Shivamogga",Bus Stand
FIR-003144,LOC-00945,"Near LOC-00945, Shivamogga",Temple
FIR-003145,LOC-00943,"Near LOC-00943, Shivamogga",School
FIR-003146,LOC-00944,"Near LOC-00944, Shivamogga",Circle
FIR-003147,LOC-00943,"Near LOC-00943, Shivamogga",Petrol Bunk
FIR-003148,LOC-00955,"Near LOC-00955, Shivamogga",Temple
FIR-003149,LOC-00958,"Near LOC-00958, Shivamogga",Market
FIR-003150,LOC-00956,"Near LOC-00956, Shivamogga",Petrol Bunk
FIR-003151,LOC-00938,"Near LOC-00938, Shivamogga",Bus Stand
FIR-003152,LOC-00949,"Near LOC-00949, Shivamogga",Petrol Bunk
FIR-003153,LOC-00936,"Near LOC-00936, Shivamogga",Bus Stand
FIR-003154,LOC-00951,"Near LOC-00951, Shivamogga",Circle
FIR-003155,LOC-00943,"Near LOC-00943, Shivamogga",School
FIR-003156,LOC-00953,"Near LOC-00953, Shivamogga",Temple
FIR-003157,LOC-00949,"Near LOC-00949, Shivamogga",Temple
FIR-003158,LOC-00943,"Near LOC-00943, Shivamogga",School
FIR-003159,LOC-00933,"Near LOC-00933, Shivamogga",Petrol Bunk
FIR-003160,LOC-00942,"Near LOC-00942, Shivamogga",Temple
FIR-003161,LOC-00934,"Near LOC-00934, Shivamogga",Bus Stand
FIR-003162,LOC-00944,"Near LOC-00944, Shivamogga",Petrol Bunk
FIR-003163,LOC-00948,"Near LOC-00948, Shivamogga",Bus Stand
FIR-003164,LOC-00953,"Near LOC-00953, Shivamogga",Circle
FIR-003165,LOC-00957,"Near LOC-00957, Shivamogga",Market
FIR-003166,LOC-00937,"Near LOC-00937, Shivamogga",Bus Stand
FIR-003167,LOC-00932,"Near LOC-00932, Shivamogga",Petrol Bunk
FIR-003168,LOC-00938,"Near LOC-00938, Shivamogga",Petrol Bunk
FIR-003169,LOC-00953,"Near LOC-00953, Shivamogga",Circle
FIR-003170,LOC-00936,"Near LOC-00936, Shivamogga",Market
FIR-003171,LOC-00953,"Near LOC-00953, Shivamogga",Market
FIR-003172,LOC-00947,"Near LOC-00947, Shivamogga",Petrol Bunk
FIR-003173,LOC-00956,"Near LOC-00956, Shivamogga",Circle
FIR-003174,LOC-00945,"Near LOC-00945, Shivamogga",Bus Stand
FIR-003175,LOC-00939,"Near LOC-00939, Shivamogga",School
FIR-003176,LOC-00939,"Near LOC-00939, Shivamogga",Temple
FIR-003177,LOC-00935,"Near LOC-00935, Shivamogga",Bus Stand
FIR-003178,LOC-00950,"Near LOC-00950, Shivamogga",Petrol Bunk
FIR-003179,LOC-00935,"Near LOC-00935, Shivamogga",Petrol Bunk
FIR-003180,LOC-00958,"Near LOC-00958, Shivamogga",School
FIR-003181,LOC-00941,"Near LOC-00941, Shivamogga",Temple
FIR-003182,LOC-00940,"Near LOC-00940, Shivamogga",Petrol Bunk
FIR-003183,LOC-00940,"Near LOC-00940, Shivamogga",Circle
FIR-003184,LOC-00952,"Near LOC-00952, Shivamogga",Temple
FIR-003185,LOC-00958,"Near LOC-00958, Shivamogga",Bus Stand
FIR-003186,LOC-00953,"Near LOC-00953, Shivamogga",Market
FIR-003187,LOC-00953,"Near LOC-00953, Shivamogga",Circle
FIR-003188,LOC-00934,"Near LOC-00934, Shivamogga",Petrol Bunk
FIR-003189,LOC-00943,"Near LOC-00943, Shivamogga",Market
FIR-003190,LOC-00934,"Near LOC-00934, Shivamogga",School
FIR-003191,LOC-00943,"Near LOC-00943, Shivamogga",School
FIR-003192,LOC-00953,"Near LOC-00953, Shivamogga",Temple
FIR-003193,LOC-00945,"Near LOC-00945, Shivamogga",Temple
FIR-003194,LOC-00946,"Near LOC-00946, Shivamogga",Market
FIR-003195,LOC-00946,"Near LOC-00946, Shivamogga",School
FIR-003196,LOC-00937,"Near LOC-00937, Shivamogga",Circle
FIR-003197,LOC-00944,"Near LOC-00944, Shivamogga",Temple
FIR-003198,LOC-00943,"Near LOC-00943, Shivamogga",Petrol Bunk
FIR-003199,LOC-00940,"Near LOC-00940, Shivamogga",School
FIR-003200,LOC-00952,"Near LOC-00952, Shivamogga",Market
FIR-003201,LOC-00936,"Near LOC-00936, Shivamogga",Petrol Bunk
FIR-003202,LOC-00945,"Near LOC-00945, Shivamogga",Bus Stand
FIR-003203,LOC-00954,"Near LOC-00954, Shivamogga",Market
FIR-003204,LOC-00933,"Near LOC-00933, Shivamogga",Market
FIR-003205,LOC-00951,"Near LOC-00951, Shivamogga",Petrol Bunk
FIR-003206,LOC-00942,"Near LOC-00942, Shivamogga",School
FIR-003207,LOC-00941,"Near LOC-00941, Shivamogga",Temple
FIR-003208,LOC-00948,"Near LOC-00948, Shivamogga",School
FIR-003209,LOC-00958,"Near LOC-00958, Shivamogga",Market
FIR-003210,LOC-00945,"Near LOC-00945, Shivamogga",School
FIR-003211,LOC-00972,"Near LOC-00972, Tumakuru",Bus Stand
FIR-003212,LOC-00964,"Near LOC-00964, Tumakuru",Bus Stand
FIR-003213,LOC-00972,"Near LOC-00972, Tumakuru",Petrol Bunk
FIR-003214,LOC-00964,"Near LOC-00964, Tumakuru",Bus Stand
FIR-003215,LOC-00972,"Near LOC-00972, Tumakuru",Temple
FIR-003216,LOC-00972,"Near LOC-00972, Tumakuru",Petrol Bunk
FIR-003217,LOC-00981,"Near LOC-00981, Tumakuru",Petrol Bunk
FIR-003218,LOC-00969,"Near LOC-00969, Tumakuru",Bus Stand
FIR-003219,LOC-00979,"Near LOC-00979, Tumakuru",Circle
FIR-003220,LOC-00964,"Near LOC-00964, Tumakuru",Bus Stand
FIR-003221,LOC-00965,"Near LOC-00965, Tumakuru",Petrol Bunk
FIR-003222,LOC-00981,"Near LOC-00981, Tumakuru",Petrol Bunk
FIR-003223,LOC-00978,"Near LOC-00978, Tumakuru",Petrol Bunk
FIR-003224,LOC-00981,"Near LOC-00981, Tumakuru",Bus Stand
FIR-003225,LOC-00963,"Near LOC-00963, Tumakuru",Bus Stand
FIR-003226,LOC-00960,"Near LOC-00960, Tumakuru",Circle
FIR-003227,LOC-00969,"Near LOC-00969, Tumakuru",Market
FIR-003228,LOC-00984,"Near LOC-00984, Tumakuru",Bus Stand
FIR-003229,LOC-00973,"Near LOC-00973, Tumakuru",Bus Stand
FIR-003230,LOC-00984,"Near LOC-00984, Tumakuru",Temple
FIR-003231,LOC-00960,"Near LOC-00960, Tumakuru",Market
FIR-003232,LOC-00966,"Near LOC-00966, Tumakuru",School
FIR-003233,LOC-00969,"Near LOC-00969, Tumakuru",Petrol Bunk
FIR-003234,LOC-00976,"Near LOC-00976, Tumakuru",Market
FIR-003235,LOC-00972,"Near LOC-00972, Tumakuru",Petrol Bunk
FIR-003236,LOC-00980,"Near LOC-00980, Tumakuru",School
FIR-003237,LOC-00974,"Near LOC-00974, Tumakuru",Petrol Bunk
FIR-003238,LOC-00964,"Near LOC-00964, Tumakuru",Circle
FIR-003239,LOC-00970,"Near LOC-00970, Tumakuru",School
FIR-003240,LOC-00961,"Near LOC-00961, Tumakuru",Circle
FIR-003241,LOC-00974,"Near LOC-00974, Tumakuru",Market
FIR-003242,LOC-00976,"Near LOC-00976, Tumakuru",Circle
FIR-003243,LOC-00977,"Near LOC-00977, Tumakuru",Circle
FIR-003244,LOC-00960,"Near LOC-00960, Tumakuru",Circle
FIR-003245,LOC-00977,"Near LOC-00977, Tumakuru",Market
FIR-003246,LOC-00983,"Near LOC-00983, Tumakuru",Bus Stand
FIR-003247,LOC-00981,"Near LOC-00981, Tumakuru",Market
FIR-003248,LOC-00974,"Near LOC-00974, Tumakuru",Bus Stand
FIR-003249,LOC-00959,"Near LOC-00959, Tumakuru",School
FIR-003250,LOC-00968,"Near LOC-00968, Tumakuru",Bus Stand
FIR-003251,LOC-00973,"Near LOC-00973, Tumakuru",Bus Stand
FIR-003252,LOC-00985,"Near LOC-00985, Tumakuru",Petrol Bunk
FIR-003253,LOC-00970,"Near LOC-00970, Tumakuru",Bus Stand
FIR-003254,LOC-00971,"Near LOC-00971, Tumakuru",School
FIR-003255,LOC-00981,"Near LOC-00981, Tumakuru",Petrol Bunk
FIR-003256,LOC-00960,"Near LOC-00960, Tumakuru",Circle
FIR-003257,LOC-00964,"Near LOC-00964, Tumakuru",Market
FIR-003258,LOC-00972,"Near LOC-00972, Tumakuru",Market
FIR-003259,LOC-00982,"Near LOC-00982, Tumakuru",Market
FIR-003260,LOC-00979,"Near LOC-00979, Tumakuru",Circle
FIR-003261,LOC-00968,"Near LOC-00968, Tumakuru",Petrol Bunk
FIR-003262,LOC-00960,"Near LOC-00960, Tumakuru",School
FIR-003263,LOC-00964,"Near LOC-00964, Tumakuru",School
FIR-003264,LOC-00967,"Near LOC-00967, Tumakuru",Circle
FIR-003265,LOC-00964,"Near LOC-00964, Tumakuru",School
FIR-003266,LOC-00962,"Near LOC-00962, Tumakuru",Market
FIR-003267,LOC-00976,"Near LOC-00976, Tumakuru",Bus Stand
FIR-003268,LOC-00971,"Near LOC-00971, Tumakuru",Temple
FIR-003269,LOC-00962,"Near LOC-00962, Tumakuru",Temple
FIR-003270,LOC-00981,"Near LOC-00981, Tumakuru",Bus Stand
FIR-003271,LOC-00962,"Near LOC-00962, Tumakuru",Temple
FIR-003272,LOC-00968,"Near LOC-00968, Tumakuru",Circle
FIR-003273,LOC-00966,"Near LOC-00966, Tumakuru",Bus Stand
FIR-003274,LOC-00960,"Near LOC-00960, Tumakuru",Petrol Bunk
FIR-003275,LOC-00985,"Near LOC-00985, Tumakuru",Petrol Bunk
FIR-003276,LOC-00975,"Near LOC-00975, Tumakuru",Bus Stand
FIR-003277,LOC-00980,"Near LOC-00980, Tumakuru",School
FIR-003278,LOC-00982,"Near LOC-00982, Tumakuru",Bus Stand
FIR-003279,LOC-00983,"Near LOC-00983, Tumakuru",Circle
FIR-003280,LOC-00966,"Near LOC-00966, Tumakuru",Market
FIR-003281,LOC-00969,"Near LOC-00969, Tumakuru",School
FIR-003282,LOC-00978,"Near LOC-00978, Tumakuru",Circle
FIR-003283,LOC-00959,"Near LOC-00959, Tumakuru",Market
FIR-003284,LOC-00967,"Near LOC-00967, Tumakuru",Petrol Bunk
FIR-003285,LOC-00960,"Near LOC-00960, Tumakuru",Circle
FIR-003286,LOC-00981,"Near LOC-00981, Tumakuru",Market
FIR-003287,LOC-00965,"Near LOC-00965, Tumakuru",Circle
FIR-003288,LOC-00975,"Near LOC-00975, Tumakuru",Petrol Bunk
FIR-003289,LOC-00961,"Near LOC-00961, Tumakuru",Temple
FIR-003290,LOC-00963,"Near LOC-00963, Tumakuru",Market
FIR-003291,LOC-00967,"Near LOC-00967, Tumakuru",Circle
FIR-003292,LOC-00975,"Near LOC-00975, Tumakuru",Petrol Bunk
FIR-003293,LOC-00960,"Near LOC-00960, Tumakuru",School
FIR-003294,LOC-00983,"Near LOC-00983, Tumakuru",Market
FIR-003295,LOC-00980,"Near LOC-00980, Tumakuru",Temple
FIR-003296,LOC-01001,"Near LOC-01001, Udupi",Petrol Bunk
FIR-003297,LOC-00994,"Near LOC-00994, Udupi",Market
FIR-003298,LOC-00996,"Near LOC-00996, Udupi",Temple
FIR-003299,LOC-00994,"Near LOC-00994, Udupi",Petrol Bunk
FIR-003300,LOC-00998,"Near LOC-00998, Udupi",Market
FIR-003301,LOC-01009,"Near LOC-01009, Udupi",Circle
FIR-003302,LOC-00988,"Near LOC-00988, Udupi",School
FIR-003303,LOC-00991,"Near LOC-00991, Udupi",Market
FIR-003304,LOC-00994,"Near LOC-00994, Udupi",Petrol Bunk
FIR-003305,LOC-00989,"Near LOC-00989, Udupi",Petrol Bunk
FIR-003306,LOC-00996,"Near LOC-00996, Udupi",Circle
FIR-003307,LOC-01006,"Near LOC-01006, Udupi",Petrol Bunk
FIR-003308,LOC-01006,"Near LOC-01006, Udupi",School
FIR-003309,LOC-01004,"Near LOC-01004, Udupi",Circle
FIR-003310,LOC-01005,"Near LOC-01005, Udupi",Circle
FIR-003311,LOC-01002,"Near LOC-01002, Udupi",Temple
FIR-003312,LOC-00990,"Near LOC-00990, Udupi",Petrol Bunk
FIR-003313,LOC-00988,"Near LOC-00988, Udupi",Temple
FIR-003314,LOC-00996,"Near LOC-00996, Udupi",Temple
FIR-003315,LOC-00992,"Near LOC-00992, Udupi",Petrol Bunk
FIR-003316,LOC-00992,"Near LOC-00992, Udupi",Bus Stand
FIR-003317,LOC-00996,"Near LOC-00996, Udupi",Bus Stand
FIR-003318,LOC-00986,"Near LOC-00986, Udupi",Petrol Bunk
FIR-003319,LOC-00993,"Near LOC-00993, Udupi",Market
FIR-003320,LOC-00996,"Near LOC-00996, Udupi",Circle
FIR-003321,LOC-01006,"Near LOC-01006, Udupi",Market
FIR-003322,LOC-01010,"Near LOC-01010, Udupi",Market
FIR-003323,LOC-00999,"Near LOC-00999, Udupi",Temple
FIR-003324,LOC-01003,"Near LOC-01003, Udupi",Temple
FIR-003325,LOC-01003,"Near LOC-01003, Udupi",Petrol Bunk
FIR-003326,LOC-01003,"Near LOC-01003, Udupi",Petrol Bunk
FIR-003327,LOC-00995,"Near LOC-00995, Udupi",Temple
FIR-003328,LOC-01010,"Near LOC-01010, Udupi",School
FIR-003329,LOC-01010,"Near LOC-01010, Udupi",Market
FIR-003330,LOC-01012,"Near LOC-01012, Udupi",Petrol Bunk
FIR-003331,LOC-00999,"Near LOC-00999, Udupi",Circle
FIR-003332,LOC-00990,"Near LOC-00990, Udupi",Market
FIR-003333,LOC-01008,"Near LOC-01008, Udupi",Temple
FIR-003334,LOC-00996,"Near LOC-00996, Udupi",School
FIR-003335,LOC-00992,"Near LOC-00992, Udupi",Circle
FIR-003336,LOC-01001,"Near LOC-01001, Udupi",Market
FIR-003337,LOC-01012,"Near LOC-01012, Udupi",Circle
FIR-003338,LOC-00997,"Near LOC-00997, Udupi",Petrol Bunk
FIR-003339,LOC-01007,"Near LOC-01007, Udupi",Petrol Bunk
FIR-003340,LOC-00993,"Near LOC-00993, Udupi",Bus Stand
FIR-003341,LOC-00996,"Near LOC-00996, Udupi",School
FIR-003342,LOC-01002,"Near LOC-01002, Udupi",Bus Stand
FIR-003343,LOC-00992,"Near LOC-00992, Udupi",Circle
FIR-003344,LOC-00998,"Near LOC-00998, Udupi",Petrol Bunk
FIR-003345,LOC-01011,"Near LOC-01011, Udupi",Bus Stand
FIR-003346,LOC-01012,"Near LOC-01012, Udupi",Temple
FIR-003347,LOC-01006,"Near LOC-01006, Udupi",Temple
FIR-003348,LOC-00996,"Near LOC-00996, Udupi",Petrol Bunk
FIR-003349,LOC-01000,"Near LOC-01000, Udupi",School
FIR-003350,LOC-00989,"Near LOC-00989, Udupi",Temple
FIR-003351,LOC-01005,"Near LOC-01005, Udupi",Market
FIR-003352,LOC-00990,"Near LOC-00990, Udupi",Bus Stand
FIR-003353,LOC-00988,"Near LOC-00988, Udupi",Circle
FIR-003354,LOC-00992,"Near LOC-00992, Udupi",Circle
FIR-003355,LOC-01009,"Near LOC-01009, Udupi",Market
FIR-003356,LOC-00991,"Near LOC-00991, Udupi",Petrol Bunk
FIR-003357,LOC-00992,"Near LOC-00992, Udupi",School
FIR-003358,LOC-00997,"Near LOC-00997, Udupi",Bus Stand
FIR-003359,LOC-00993,"Near LOC-00993, Udupi",Temple
FIR-003360,LOC-00995,"Near LOC-00995, Udupi",Circle
FIR-003361,LOC-01005,"Near LOC-01005, Udupi",Petrol Bunk
FIR-003362,LOC-01005,"Near LOC-01005, Udupi",Petrol Bunk
FIR-003363,LOC-01006,"Near LOC-01006, Udupi",Circle
FIR-003364,LOC-01000,"Near LOC-01000, Udupi",Bus Stand
FIR-003365,LOC-00998,"Near LOC-00998, Udupi",Circle
FIR-003366,LOC-01004,"Near LOC-01004, Udupi",Petrol Bunk
FIR-003367,LOC-00986,"Near LOC-00986, Udupi",Temple
FIR-003368,LOC-00993,"Near LOC-00993, Udupi",Bus Stand
FIR-003369,LOC-01006,"Near LOC-01006, Udupi",School
FIR-003370,LOC-01000,"Near LOC-01000, Udupi",School
FIR-003371,LOC-01009,"Near LOC-01009, Udupi",Petrol Bunk
FIR-003372,LOC-01007,"Near LOC-01007, Udupi",Temple
FIR-003373,LOC-01008,"Near LOC-01008, Udupi",Circle
FIR-003374,LOC-01011,"Near LOC-01011, Udupi",Circle
FIR-003375,LOC-01008,"Near LOC-01008, Udupi",Market
FIR-003376,LOC-00987,"Near LOC-00987, Udupi",Circle
FIR-003377,LOC-00993,"Near LOC-00993, Udupi",Bus Stand
FIR-003378,LOC-01006,"Near LOC-01006, Udupi",Market
FIR-003379,LOC-00989,"Near LOC-00989, Udupi",School
FIR-003380,LOC-00987,"Near LOC-00987, Udupi",Petrol Bunk
FIR-003381,LOC-01037,"Near LOC-01037, Uttara Kannada",Petrol Bunk
FIR-003382,LOC-01023,"Near LOC-01023, Uttara Kannada",Petrol Bunk
FIR-003383,LOC-01020,"Near LOC-01020, Uttara Kannada",Circle
FIR-003384,LOC-01030,"Near LOC-01030, Uttara Kannada",Circle
FIR-003385,LOC-01031,"Near LOC-01031, Uttara Kannada",Circle
FIR-003386,LOC-01030,"Near LOC-01030, Uttara Kannada",Bus Stand
FIR-003387,LOC-01025,"Near LOC-01025, Uttara Kannada",Temple
FIR-003388,LOC-01035,"Near LOC-01035, Uttara Kannada",Temple
FIR-003389,LOC-01032,"Near LOC-01032, Uttara Kannada",Temple
FIR-003390,LOC-01013,"Near LOC-01013, Uttara Kannada",Petrol Bunk
FIR-003391,LOC-01014,"Near LOC-01014, Uttara Kannada",Bus Stand
FIR-003392,LOC-01036,"Near LOC-01036, Uttara Kannada",Bus Stand
FIR-003393,LOC-01038,"Near LOC-01038, Uttara Kannada",Petrol Bunk
FIR-003394,LOC-01035,"Near LOC-01035, Uttara Kannada",Petrol Bunk
FIR-003395,LOC-01018,"Near LOC-01018, Uttara Kannada",Bus Stand
FIR-003396,LOC-01020,"Near LOC-01020, Uttara Kannada",School
FIR-003397,LOC-01032,"Near LOC-01032, Uttara Kannada",Circle
FIR-003398,LOC-01016,"Near LOC-01016, Uttara Kannada",Market
FIR-003399,LOC-01014,"Near LOC-01014, Uttara Kannada",Petrol Bunk
FIR-003400,LOC-01015,"Near LOC-01015, Uttara Kannada",Temple
FIR-003401,LOC-01027,"Near LOC-01027, Uttara Kannada",Temple
FIR-003402,LOC-01029,"Near LOC-01029, Uttara Kannada",Petrol Bunk
FIR-003403,LOC-01027,"Near LOC-01027, Uttara Kannada",Temple
FIR-003404,LOC-01037,"Near LOC-01037, Uttara Kannada",Petrol Bunk
FIR-003405,LOC-01018,"Near LOC-01018, Uttara Kannada",Circle
FIR-003406,LOC-01023,"Near LOC-01023, Uttara Kannada",School
FIR-003407,LOC-01034,"Near LOC-01034, Uttara Kannada",Temple
FIR-003408,LOC-01017,"Near LOC-01017, Uttara Kannada",Petrol Bunk
FIR-003409,LOC-01036,"Near LOC-01036, Uttara Kannada",Temple
FIR-003410,LOC-01028,"Near LOC-01028, Uttara Kannada",Bus Stand
FIR-003411,LOC-01039,"Near LOC-01039, Uttara Kannada",Bus Stand
FIR-003412,LOC-01035,"Near LOC-01035, Uttara Kannada",Petrol Bunk
FIR-003413,LOC-01028,"Near LOC-01028, Uttara Kannada",Market
FIR-003414,LOC-01019,"Near LOC-01019, Uttara Kannada",School
FIR-003415,LOC-01020,"Near LOC-01020, Uttara Kannada",Market
FIR-003416,LOC-01029,"Near LOC-01029, Uttara Kannada",Petrol Bunk
FIR-003417,LOC-01031,"Near LOC-01031, Uttara Kannada",Petrol Bunk
FIR-003418,LOC-01034,"Near LOC-01034, Uttara Kannada",School
FIR-003419,LOC-01015,"Near LOC-01015, Uttara Kannada",Temple
FIR-003420,LOC-01025,"Near LOC-01025, Uttara Kannada",Circle
FIR-003421,LOC-01035,"Near LOC-01035, Uttara Kannada",Petrol Bunk
FIR-003422,LOC-01022,"Near LOC-01022, Uttara Kannada",Bus Stand
FIR-003423,LOC-01039,"Near LOC-01039, Uttara Kannada",School
FIR-003424,LOC-01024,"Near LOC-01024, Uttara Kannada",Circle
FIR-003425,LOC-01013,"Near LOC-01013, Uttara Kannada",Market
FIR-003426,LOC-01021,"Near LOC-01021, Uttara Kannada",Bus Stand
FIR-003427,LOC-01032,"Near LOC-01032, Uttara Kannada",Bus Stand
FIR-003428,LOC-01025,"Near LOC-01025, Uttara Kannada",Petrol Bunk
FIR-003429,LOC-01016,"Near LOC-01016, Uttara Kannada",Circle
FIR-003430,LOC-01021,"Near LOC-01021, Uttara Kannada",Circle
FIR-003431,LOC-01033,"Near LOC-01033, Uttara Kannada",Bus Stand
FIR-003432,LOC-01020,"Near LOC-01020, Uttara Kannada",Temple
FIR-003433,LOC-01026,"Near LOC-01026, Uttara Kannada",School
FIR-003434,LOC-01032,"Near LOC-01032, Uttara Kannada",Bus Stand
FIR-003435,LOC-01022,"Near LOC-01022, Uttara Kannada",Bus Stand
FIR-003436,LOC-01021,"Near LOC-01021, Uttara Kannada",Petrol Bunk
FIR-003437,LOC-01028,"Near LOC-01028, Uttara Kannada",School
FIR-003438,LOC-01038,"Near LOC-01038, Uttara Kannada",Temple
FIR-003439,LOC-01020,"Near LOC-01020, Uttara Kannada",Market
FIR-003440,LOC-01031,"Near LOC-01031, Uttara Kannada",Circle
FIR-003441,LOC-01020,"Near LOC-01020, Uttara Kannada",Circle
FIR-003442,LOC-01032,"Near LOC-01032, Uttara Kannada",Temple
FIR-003443,LOC-01026,"Near LOC-01026, Uttara Kannada",School
FIR-003444,LOC-01026,"Near LOC-01026, Uttara Kannada",Temple
FIR-003445,LOC-01032,"Near LOC-01032, Uttara Kannada",Circle
FIR-003446,LOC-01038,"Near LOC-01038, Uttara Kannada",Market
FIR-003447,LOC-01024,"Near LOC-01024, Uttara Kannada",Circle
FIR-003448,LOC-01033,"Near LOC-01033, Uttara Kannada",Petrol Bunk
FIR-003449,LOC-01022,"Near LOC-01022, Uttara Kannada",Market
FIR-003450,LOC-01034,"Near LOC-01034, Uttara Kannada",Temple
FIR-003451,LOC-01014,"Near LOC-01014, Uttara Kannada",Temple
FIR-003452,LOC-01017,"Near LOC-01017, Uttara Kannada",Circle
FIR-003453,LOC-01027,"Near LOC-01027, Uttara Kannada",Temple
FIR-003454,LOC-01029,"Near LOC-01029, Uttara Kannada",Circle
FIR-003455,LOC-01037,"Near LOC-01037, Uttara Kannada",School
FIR-003456,LOC-01019,"Near LOC-01019, Uttara Kannada",Petrol Bunk
FIR-003457,LOC-01023,"Near LOC-01023, Uttara Kannada",Bus Stand
FIR-003458,LOC-01036,"Near LOC-01036, Uttara Kannada",Circle
FIR-003459,LOC-01038,"Near LOC-01038, Uttara Kannada",Circle
FIR-003460,LOC-01017,"Near LOC-01017, Uttara Kannada",Petrol Bunk
FIR-003461,LOC-01025,"Near LOC-01025, Uttara Kannada",Temple
FIR-003462,LOC-01020,"Near LOC-01020, Uttara Kannada",School
FIR-003463,LOC-01030,"Near LOC-01030, Uttara Kannada",Petrol Bunk
FIR-003464,LOC-01024,"Near LOC-01024, Uttara Kannada",Circle
FIR-003465,LOC-01018,"Near LOC-01018, Uttara Kannada",Bus Stand
FIR-003466,LOC-01058,"Near LOC-01058, Vijayapura",Bus Stand
FIR-003467,LOC-01045,"Near LOC-01045, Vijayapura",Bus Stand
FIR-003468,LOC-01045,"Near LOC-01045, Vijayapura",Temple
FIR-003469,LOC-01061,"Near LOC-01061, Vijayapura",Circle
FIR-003470,LOC-01061,"Near LOC-01061, Vijayapura",Circle
FIR-003471,LOC-01040,"Near LOC-01040, Vijayapura",Petrol Bunk
FIR-003472,LOC-01046,"Near LOC-01046, Vijayapura",Bus Stand
FIR-003473,LOC-01063,"Near LOC-01063, Vijayapura",Market
FIR-003474,LOC-01060,"Near LOC-01060, Vijayapura",Market
FIR-003475,LOC-01050,"Near LOC-01050, Vijayapura",School
FIR-003476,LOC-01042,"Near LOC-01042, Vijayapura",Market
FIR-003477,LOC-01042,"Near LOC-01042, Vijayapura",Temple
FIR-003478,LOC-01053,"Near LOC-01053, Vijayapura",Circle
FIR-003479,LOC-01055,"Near LOC-01055, Vijayapura",Market
FIR-003480,LOC-01053,"Near LOC-01053, Vijayapura",Temple
FIR-003481,LOC-01062,"Near LOC-01062, Vijayapura",Petrol Bunk
FIR-003482,LOC-01040,"Near LOC-01040, Vijayapura",Circle
FIR-003483,LOC-01047,"Near LOC-01047, Vijayapura",Circle
FIR-003484,LOC-01046,"Near LOC-01046, Vijayapura",Temple
FIR-003485,LOC-01051,"Near LOC-01051, Vijayapura",School
FIR-003486,LOC-01062,"Near LOC-01062, Vijayapura",Circle
FIR-003487,LOC-01065,"Near LOC-01065, Vijayapura",Bus Stand
FIR-003488,LOC-01049,"Near LOC-01049, Vijayapura",Bus Stand
FIR-003489,LOC-01059,"Near LOC-01059, Vijayapura",Market
FIR-003490,LOC-01046,"Near LOC-01046, Vijayapura",Temple
FIR-003491,LOC-01051,"Near LOC-01051, Vijayapura",Bus Stand
FIR-003492,LOC-01063,"Near LOC-01063, Vijayapura",Petrol Bunk
FIR-003493,LOC-01040,"Near LOC-01040, Vijayapura",Circle
FIR-003494,LOC-01041,"Near LOC-01041, Vijayapura",Bus Stand
FIR-003495,LOC-01056,"Near LOC-01056, Vijayapura",School
FIR-003496,LOC-01058,"Near LOC-01058, Vijayapura",Circle
FIR-003497,LOC-01046,"Near LOC-01046, Vijayapura",School
FIR-003498,LOC-01045,"Near LOC-01045, Vijayapura",Market
FIR-003499,LOC-01048,"Near LOC-01048, Vijayapura",Temple
FIR-003500,LOC-01040,"Near LOC-01040, Vijayapura",Circle
FIR-003501,LOC-01063,"Near LOC-01063, Vijayapura",Temple
FIR-003502,LOC-01052,"Near LOC-01052, Vijayapura",School
FIR-003503,LOC-01040,"Near LOC-01040, Vijayapura",Bus Stand
FIR-003504,LOC-01045,"Near LOC-01045, Vijayapura",Petrol Bunk
FIR-003505,LOC-01066,"Near LOC-01066, Vijayapura",Temple
FIR-003506,LOC-01048,"Near LOC-01048, Vijayapura",School
FIR-003507,LOC-01041,"Near LOC-01041, Vijayapura",Circle
FIR-003508,LOC-01045,"Near LOC-01045, Vijayapura",School
FIR-003509,LOC-01042,"Near LOC-01042, Vijayapura",Market
FIR-003510,LOC-01057,"Near LOC-01057, Vijayapura",Temple
FIR-003511,LOC-01056,"Near LOC-01056, Vijayapura",Petrol Bunk
FIR-003512,LOC-01063,"Near LOC-01063, Vijayapura",School
FIR-003513,LOC-01049,"Near LOC-01049, Vijayapura",School
FIR-003514,LOC-01059,"Near LOC-01059, Vijayapura",Temple
FIR-003515,LOC-01046,"Near LOC-01046, Vijayapura",School
FIR-003516,LOC-01063,"Near LOC-01063, Vijayapura",School
FIR-003517,LOC-01044,"Near LOC-01044, Vijayapura",Market
FIR-003518,LOC-01048,"Near LOC-01048, Vijayapura",Bus Stand
FIR-003519,LOC-01064,"Near LOC-01064, Vijayapura",Circle
FIR-003520,LOC-01054,"Near LOC-01054, Vijayapura",Petrol Bunk
FIR-003521,LOC-01063,"Near LOC-01063, Vijayapura",Market
FIR-003522,LOC-01040,"Near LOC-01040, Vijayapura",Temple
FIR-003523,LOC-01050,"Near LOC-01050, Vijayapura",School
FIR-003524,LOC-01040,"Near LOC-01040, Vijayapura",Market
FIR-003525,LOC-01063,"Near LOC-01063, Vijayapura",Circle
FIR-003526,LOC-01046,"Near LOC-01046, Vijayapura",Petrol Bunk
FIR-003527,LOC-01060,"Near LOC-01060, Vijayapura",Petrol Bunk
FIR-003528,LOC-01042,"Near LOC-01042, Vijayapura",Bus Stand
FIR-003529,LOC-01043,"Near LOC-01043, Vijayapura",Petrol Bunk
FIR-003530,LOC-01055,"Near LOC-01055, Vijayapura",Bus Stand
FIR-003531,LOC-01058,"Near LOC-01058, Vijayapura",Circle
FIR-003532,LOC-01049,"Near LOC-01049, Vijayapura",Bus Stand
FIR-003533,LOC-01056,"Near LOC-01056, Vijayapura",Bus Stand
FIR-003534,LOC-01057,"Near LOC-01057, Vijayapura",Circle
FIR-003535,LOC-01054,"Near LOC-01054, Vijayapura",Circle
FIR-003536,LOC-01060,"Near LOC-01060, Vijayapura",School
FIR-003537,LOC-01065,"Near LOC-01065, Vijayapura",Market
FIR-003538,LOC-01045,"Near LOC-01045, Vijayapura",Temple
FIR-003539,LOC-01063,"Near LOC-01063, Vijayapura",Circle
FIR-003540,LOC-01044,"Near LOC-01044, Vijayapura",School
FIR-003541,LOC-01052,"Near LOC-01052, Vijayapura",Temple
FIR-003542,LOC-01040,"Near LOC-01040, Vijayapura",Circle
FIR-003543,LOC-01046,"Near LOC-01046, Vijayapura",Circle
FIR-003544,LOC-01043,"Near LOC-01043, Vijayapura",Bus Stand
FIR-003545,LOC-01064,"Near LOC-01064, Vijayapura",Petrol Bunk
FIR-003546,LOC-01064,"Near LOC-01064, Vijayapura",Bus Stand
FIR-003547,LOC-01051,"Near LOC-01051, Vijayapura",Temple
FIR-003548,LOC-01066,"Near LOC-01066, Vijayapura",Market
FIR-003549,LOC-01045,"Near LOC-01045, Vijayapura",Bus Stand
FIR-003550,LOC-01047,"Near LOC-01047, Vijayapura",Circle
FIR-003551,LOC-01076,"Near LOC-01076, Yadgir",Market
FIR-003552,LOC-01086,"Near LOC-01086, Yadgir",Market
FIR-003553,LOC-01067,"Near LOC-01067, Yadgir",Market
FIR-003554,LOC-01077,"Near LOC-01077, Yadgir",Bus Stand
FIR-003555,LOC-01090,"Near LOC-01090, Yadgir",Temple
FIR-003556,LOC-01074,"Near LOC-01074, Yadgir",Petrol Bunk
FIR-003557,LOC-01087,"Near LOC-01087, Yadgir",School
FIR-003558,LOC-01075,"Near LOC-01075, Yadgir",Temple
FIR-003559,LOC-01079,"Near LOC-01079, Yadgir",School
FIR-003560,LOC-01076,"Near LOC-01076, Yadgir",Market
FIR-003561,LOC-01069,"Near LOC-01069, Yadgir",Market
FIR-003562,LOC-01088,"Near LOC-01088, Yadgir",School
FIR-003563,LOC-01092,"Near LOC-01092, Yadgir",Petrol Bunk
FIR-003564,LOC-01086,"Near LOC-01086, Yadgir",Circle
FIR-003565,LOC-01083,"Near LOC-01083, Yadgir",Market
FIR-003566,LOC-01084,"Near LOC-01084, Yadgir",Petrol Bunk
FIR-003567,LOC-01085,"Near LOC-01085, Yadgir",School
FIR-003568,LOC-01071,"Near LOC-01071, Yadgir",School
FIR-003569,LOC-01080,"Near LOC-01080, Yadgir",Temple
FIR-003570,LOC-01068,"Near LOC-01068, Yadgir",School
FIR-003571,LOC-01083,"Near LOC-01083, Yadgir",Temple
FIR-003572,LOC-01072,"Near LOC-01072, Yadgir",Circle
FIR-003573,LOC-01089,"Near LOC-01089, Yadgir",Temple
FIR-003574,LOC-01071,"Near LOC-01071, Yadgir",Temple
FIR-003575,LOC-01077,"Near LOC-01077, Yadgir",Market
FIR-003576,LOC-01081,"Near LOC-01081, Yadgir",Temple
FIR-003577,LOC-01084,"Near LOC-01084, Yadgir",Petrol Bunk
FIR-003578,LOC-01078,"Near LOC-01078, Yadgir",School
FIR-003579,LOC-01089,"Near LOC-01089, Yadgir",Petrol Bunk
FIR-003580,LOC-01070,"Near LOC-01070, Yadgir",Temple
FIR-003581,LOC-01067,"Near LOC-01067, Yadgir",School
FIR-003582,LOC-01071,"Near LOC-01071, Yadgir",Petrol Bunk
FIR-003583,LOC-01079,"Near LOC-01079, Yadgir",Temple
FIR-003584,LOC-01076,"Near LOC-01076, Yadgir",Bus Stand
FIR-003585,LOC-01089,"Near LOC-01089, Yadgir",Circle
FIR-003586,LOC-01073,"Near LOC-01073, Yadgir",School
FIR-003587,LOC-01067,"Near LOC-01067, Yadgir",School
FIR-003588,LOC-01069,"Near LOC-01069, Yadgir",Temple
FIR-003589,LOC-01074,"Near LOC-01074, Yadgir",Petrol Bunk
FIR-003590,LOC-01091,"Near LOC-01091, Yadgir",School
FIR-003591,LOC-01071,"Near LOC-01071, Yadgir",Petrol Bunk
FIR-003592,LOC-01069,"Near LOC-01069, Yadgir",Market
FIR-003593,LOC-01093,"Near LOC-01093, Yadgir",Circle
FIR-003594,LOC-01092,"Near LOC-01092, Yadgir",School
FIR-003595,LOC-01079,"Near LOC-01079, Yadgir",Temple
FIR-003596,LOC-01075,"Near LOC-01075, Yadgir",Petrol Bunk
FIR-003597,LOC-01089,"Near LOC-01089, Yadgir",School
FIR-003598,LOC-01079,"Near LOC-01079, Yadgir",Bus Stand
FIR-003599,LOC-01082,"Near LOC-01082, Yadgir",Market
FIR-003600,LOC-01091,"Near LOC-01091, Yadgir",Bus Stand
FIR-003601,LOC-01078,"Near LOC-01078, Yadgir",Bus Stand
FIR-003602,LOC-01088,"Near LOC-01088, Yadgir",Bus Stand
FIR-003603,LOC-01072,"Near LOC-01072, Yadgir",Market
FIR-003604,LOC-01078,"Near LOC-01078, Yadgir",Temple
FIR-003605,LOC-01085,"Near LOC-01085, Yadgir",Temple
FIR-003606,LOC-01088,"Near LOC-01088, Yadgir",Temple
FIR-003607,LOC-01079,"Near LOC-01079, Yadgir",School
FIR-003608,LOC-01079,"Near LOC-01079, Yadgir",Circle
FIR-003609,LOC-01084,"Near LOC-01084, Yadgir",Temple
FIR-003610,LOC-01090,"Near LOC-01090, Yadgir",Temple
FIR-003611,LOC-01083,"Near LOC-01083, Yadgir",Market
FIR-003612,LOC-01080,"Near LOC-01080, Yadgir",Market
FIR-003613,LOC-01071,"Near LOC-01071, Yadgir",Temple
FIR-003614,LOC-01086,"Near LOC-01086, Yadgir",School
FIR-003615,LOC-01076,"Near LOC-01076, Yadgir",Petrol Bunk
FIR-003616,LOC-01076,"Near LOC-01076, Yadgir",Petrol Bunk
FIR-003617,LOC-01070,"Near LOC-01070, Yadgir",Temple
FIR-003618,LOC-01086,"Near LOC-01086, Yadgir",Market
FIR-003619,LOC-01081,"Near LOC-01081, Yadgir",Petrol Bunk
FIR-003620,LOC-01071,"Near LOC-01071, Yadgir",Temple
FIR-003621,LOC-01076,"Near LOC-01076, Yadgir",Circle
FIR-003622,LOC-01073,"Near LOC-01073, Yadgir",Circle
FIR-003623,LOC-01076,"Near LOC-01076, Yadgir",Petrol Bunk
FIR-003624,LOC-01068,"Near LOC-01068, Yadgir",Temple
FIR-003625,LOC-01087,"Near LOC-01087, Yadgir",Temple
FIR-003626,LOC-01076,"Near LOC-01076, Yadgir",School
FIR-003627,LOC-01082,"Near LOC-01082, Yadgir",Bus Stand
FIR-003628,LOC-01093,"Near LOC-01093, Yadgir",Temple
FIR-003629,LOC-01074,"Near LOC-01074, Yadgir",Bus Stand
FIR-003630,LOC-01093,"Near LOC-01093, Yadgir",Circle
FIR-003631,LOC-01082,"Near LOC-01082, Yadgir",Circle
FIR-003632,LOC-01091,"Near LOC-01091, Yadgir",Temple
FIR-003633,LOC-01079,"Near LOC-01079, Yadgir",Temple
FIR-003634,LOC-01081,"Near LOC-01081, Yadgir",Bus Stand
FIR-003635,LOC-01090,"Near LOC-01090, Yadgir",Temple
FIR-003636,LOC-01095,"Near LOC-01095, Vijayanagara",Circle
FIR-003637,LOC-01107,"Near LOC-01107, Vijayanagara",Circle
FIR-003638,LOC-01112,"Near LOC-01112, Vijayanagara",School
FIR-003639,LOC-01094,"Near LOC-01094, Vijayanagara",Market
FIR-003640,LOC-01115,"Near LOC-01115, Vijayanagara",Market
FIR-003641,LOC-01106,"Near LOC-01106, Vijayanagara",School
FIR-003642,LOC-01095,"Near LOC-01095, Vijayanagara",Bus Stand
FIR-003643,LOC-01116,"Near LOC-01116, Vijayanagara",School
FIR-003644,LOC-01099,"Near LOC-01099, Vijayanagara",Petrol Bunk
FIR-003645,LOC-01120,"Near LOC-01120, Vijayanagara",Temple
FIR-003646,LOC-01116,"Near LOC-01116, Vijayanagara",Circle
FIR-003647,LOC-01101,"Near LOC-01101, Vijayanagara",Bus Stand
FIR-003648,LOC-01114,"Near LOC-01114, Vijayanagara",Bus Stand
FIR-003649,LOC-01107,"Near LOC-01107, Vijayanagara",Petrol Bunk
FIR-003650,LOC-01110,"Near LOC-01110, Vijayanagara",Bus Stand
FIR-003651,LOC-01109,"Near LOC-01109, Vijayanagara",Petrol Bunk
FIR-003652,LOC-01106,"Near LOC-01106, Vijayanagara",School
FIR-003653,LOC-01097,"Near LOC-01097, Vijayanagara",Circle
FIR-003654,LOC-01114,"Near LOC-01114, Vijayanagara",Bus Stand
FIR-003655,LOC-01103,"Near LOC-01103, Vijayanagara",Market
FIR-003656,LOC-01094,"Near LOC-01094, Vijayanagara",Petrol Bunk
FIR-003657,LOC-01102,"Near LOC-01102, Vijayanagara",Circle
FIR-003658,LOC-01111,"Near LOC-01111, Vijayanagara",School
FIR-003659,LOC-01098,"Near LOC-01098, Vijayanagara",Temple
FIR-003660,LOC-01101,"Near LOC-01101, Vijayanagara",Circle
FIR-003661,LOC-01105,"Near LOC-01105, Vijayanagara",Petrol Bunk
FIR-003662,LOC-01104,"Near LOC-01104, Vijayanagara",Temple
FIR-003663,LOC-01109,"Near LOC-01109, Vijayanagara",Temple
FIR-003664,LOC-01096,"Near LOC-01096, Vijayanagara",Petrol Bunk
FIR-003665,LOC-01096,"Near LOC-01096, Vijayanagara",Temple
FIR-003666,LOC-01099,"Near LOC-01099, Vijayanagara",Market
FIR-003667,LOC-01113,"Near LOC-01113, Vijayanagara",Market
FIR-003668,LOC-01104,"Near LOC-01104, Vijayanagara",Petrol Bunk
FIR-003669,LOC-01097,"Near LOC-01097, Vijayanagara",Petrol Bunk
FIR-003670,LOC-01115,"Near LOC-01115, Vijayanagara",Bus Stand
FIR-003671,LOC-01109,"Near LOC-01109, Vijayanagara",Circle
FIR-003672,LOC-01114,"Near LOC-01114, Vijayanagara",Market
FIR-003673,LOC-01100,"Near LOC-01100, Vijayanagara",Market
FIR-003674,LOC-01094,"Near LOC-01094, Vijayanagara",Circle
FIR-003675,LOC-01100,"Near LOC-01100, Vijayanagara",Market
FIR-003676,LOC-01108,"Near LOC-01108, Vijayanagara",Temple
FIR-003677,LOC-01102,"Near LOC-01102, Vijayanagara",Bus Stand
FIR-003678,LOC-01108,"Near LOC-01108, Vijayanagara",Petrol Bunk
FIR-003679,LOC-01117,"Near LOC-01117, Vijayanagara",Circle
FIR-003680,LOC-01114,"Near LOC-01114, Vijayanagara",Petrol Bunk
FIR-003681,LOC-01111,"Near LOC-01111, Vijayanagara",School
FIR-003682,LOC-01101,"Near LOC-01101, Vijayanagara",School
FIR-003683,LOC-01105,"Near LOC-01105, Vijayanagara",Circle
FIR-003684,LOC-01114,"Near LOC-01114, Vijayanagara",Bus Stand
FIR-003685,LOC-01095,"Near LOC-01095, Vijayanagara",Bus Stand
FIR-003686,LOC-01098,"Near LOC-01098, Vijayanagara",Petrol Bunk
FIR-003687,LOC-01103,"Near LOC-01103, Vijayanagara",Bus Stand
FIR-003688,LOC-01100,"Near LOC-01100, Vijayanagara",Bus Stand
FIR-003689,LOC-01119,"Near LOC-01119, Vijayanagara",Circle
FIR-003690,LOC-01095,"Near LOC-01095, Vijayanagara",Circle
FIR-003691,LOC-01097,"Near LOC-01097, Vijayanagara",School
FIR-003692,LOC-01115,"Near LOC-01115, Vijayanagara",School
FIR-003693,LOC-01106,"Near LOC-01106, Vijayanagara",Circle
FIR-003694,LOC-01102,"Near LOC-01102, Vijayanagara",School
FIR-003695,LOC-01117,"Near LOC-01117, Vijayanagara",Temple
FIR-003696,LOC-01120,"Near LOC-01120, Vijayanagara",Market
FIR-003697,LOC-01119,"Near LOC-01119, Vijayanagara",School
FIR-003698,LOC-01097,"Near LOC-01097, Vijayanagara",Bus Stand
FIR-003699,LOC-01102,"Near LOC-01102, Vijayanagara",Temple
FIR-003700,LOC-01113,"Near LOC-01113, Vijayanagara",Petrol Bunk
FIR-003701,LOC-01102,"Near LOC-01102, Vijayanagara",Petrol Bunk
FIR-003702,LOC-01116,"Near LOC-01116, Vijayanagara",Bus Stand
FIR-003703,LOC-01112,"Near LOC-01112, Vijayanagara",Petrol Bunk
FIR-003704,LOC-01110,"Near LOC-01110, Vijayanagara",Petrol Bunk
FIR-003705,LOC-01114,"Near LOC-01114, Vijayanagara",Temple
FIR-003706,LOC-01099,"Near LOC-01099, Vijayanagara",Petrol Bunk
FIR-003707,LOC-01111,"Near LOC-01111, Vijayanagara",Market
FIR-003708,LOC-01098,"Near LOC-01098, Vijayanagara",School
FIR-003709,LOC-01102,"Near LOC-01102, Vijayanagara",Bus Stand
FIR-003710,LOC-01104,"Near LOC-01104, Vijayanagara",Temple
FIR-003711,LOC-01103,"Near LOC-01103, Vijayanagara",Market
FIR-003712,LOC-01094,"Near LOC-01094, Vijayanagara",Circle
FIR-003713,LOC-01118,"Near LOC-01118, Vijayanagara",School
FIR-003714,LOC-01118,"Near LOC-01118, Vijayanagara",Petrol Bunk
FIR-003715,LOC-01097,"Near LOC-01097, Vijayanagara",Temple
FIR-003716,LOC-01114,"Near LOC-01114, Vijayanagara",School
FIR-003717,LOC-01095,"Near LOC-01095, Vijayanagara",Temple
FIR-003718,LOC-01114,"Near LOC-01114, Vijayanagara",Petrol Bunk
FIR-003719,LOC-01118,"Near LOC-01118, Vijayanagara",Market
FIR-003720,LOC-01113,"Near LOC-01113, Vijayanagara",Circle
