fir_id,type_id,primary_section
FIR-000001,CT-009,IPC 394
FIR-000002,CT-024,IPC 379
FIR-000003,CT-042,IPC 457
FIR-000004,CT-041,IPC 354D
FIR-000005,CT-037,IPC 498A
FIR-000006,CT-004,IPC 392
FIR-000007,CT-014,IPC 498A
FIR-000008,CT-014,IPC 498A
FIR-000009,CT-026,IPC 353
FIR-000010,CT-031,IPC 406
FIR-000011,CT-029,IPC 420
FIR-000012,CT-009,IPC 394
FIR-000013,CT-031,IPC 406
FIR-000014,CT-024,IPC 379
FIR-000015,CT-019,IPC 379
FIR-000016,CT-027,IPC 307
FIR-000017,CT-015,IPC 304B
FIR-000018,CT-018,IPC 427
FIR-000019,CT-020,IPC 379
FIR-000020,CT-022,IPC 379
FIR-000021,CT-003,IPC 379
FIR-000022,CT-020,IPC 379
FIR-000023,CT-026,IPC 353
FIR-000024,CT-015,IPC 304B
FIR-000025,CT-024,IPC 379
FIR-000026,CT-003,IPC 379
FIR-000027,CT-024,IPC 379
FIR-000028,CT-029,IPC 420
FIR-000029,CT-031,IPC 406
FIR-000030,CT-006,IPC 454
FIR-000031,CT-019,IPC 379
FIR-000032,CT-032,IPC 392
FIR-000033,CT-032,IPC 392
FIR-000034,CT-001,IPC 379
FIR-000035,CT-008,IPC 325
FIR-000036,CT-011,IPC 468
FIR-000037,CT-037,IPC 498A
FIR-000038,CT-008,IPC 325
FIR-000039,CT-042,IPC 457
FIR-000040,CT-022,IPC 379
FIR-000041,CT-022,IPC 379
FIR-000042,CT-015,IPC 304B
FIR-000043,CT-023,IPC 379
FIR-000044,CT-003,IPC 379
FIR-000045,CT-033,IPC 384
FIR-000046,CT-011,IPC 468
FIR-000047,CT-001,IPC 379
FIR-000048,CT-021,IPC 379
FIR-000049,CT-023,IPC 379
FIR-000050,CT-021,IPC 379
FIR-000051,CT-014,IPC 498A
FIR-000052,CT-005,IPC 395
FIR-000053,CT-010,IPC 420
FIR-000054,CT-020,IPC 379
FIR-000055,CT-023,IPC 379
FIR-000056,CT-029,IPC 420
FIR-000057,CT-006,IPC 454
FIR-000058,CT-020,IPC 379
FIR-000059,CT-009,IPC 394
FIR-000060,CT-023,IPC 379
FIR-000061,CT-020,IPC 379
FIR-000062,CT-041,IPC 354D
FIR-000063,CT-022,IPC 379
FIR-000064,CT-019,IPC 379
FIR-000065,CT-008,IPC 325
FIR-000066,CT-034,IPC 393
FIR-000067,CT-011,IPC 468
FIR-000068,CT-035,IPC 498A
FIR-000069,CT-036,IPC 3
FIR-000070,CT-010,IPC 420
FIR-000071,CT-011,IPC 468
FIR-000072,CT-032,IPC 392
FIR-000073,CT-036,IPC 3
FIR-000074,CT-028,IPC 506
FIR-000075,CT-037,IPC 498A
FIR-000076,CT-020,IPC 379
FIR-000077,CT-034,IPC 393
FIR-000078,CT-021,IPC 379
FIR-000079,CT-003,IPC 379
FIR-000080,CT-008,IPC 325
FIR-000081,CT-019,IPC 379
FIR-000082,CT-005,IPC 395
FIR-000083,CT-020,IPC 379
FIR-000084,CT-008,IPC 325
FIR-000085,CT-025,BNS TBD - verify
FIR-000086,CT-022,BNS TBD - verify
FIR-000087,CT-021,BNS TBD - verify
FIR-000088,CT-037,BNS TBD - verify
FIR-000089,CT-028,BNS TBD - verify
FIR-000090,CT-043,BNS TBD - verify
FIR-000091,CT-037,BNS TBD - verify
FIR-000092,CT-043,BNS TBD - verify
FIR-000093,CT-023,BNS TBD - verify
FIR-000094,CT-010,BNS 318
FIR-000095,CT-003,BNS 304
FIR-000096,CT-022,BNS TBD - verify
FIR-000097,CT-021,BNS TBD - verify
FIR-000098,CT-026,BNS TBD - verify
FIR-000099,CT-023,BNS TBD - verify
FIR-000100,CT-023,BNS TBD - verify
FIR-000101,CT-045,BNS TBD - verify
FIR-000102,CT-034,BNS TBD - verify
FIR-000103,CT-007,BNS TBD - verify
FIR-000104,CT-019,BNS TBD - verify
FIR-000105,CT-013,BNS 67A (IT Act - unaffected by BNS)
FIR-000106,CT-021,BNS TBD - verify
FIR-000107,CT-025,BNS TBD - verify
FIR-000108,CT-022,BNS TBD - verify
FIR-000109,CT-028,BNS TBD - verify
FIR-000110,CT-022,BNS TBD - verify
FIR-000111,CT-001,BNS 303
FIR-000112,CT-031,BNS TBD - verify
FIR-000113,CT-029,BNS TBD - verify
FIR-000114,CT-038,BNS TBD - verify
FIR-000115,CT-020,BNS TBD - verify
FIR-000116,CT-013,BNS 67A (IT Act - unaffected by BNS)
FIR-000117,CT-011,BNS TBD - verify
FIR-000118,CT-020,BNS TBD - verify
FIR-000119,CT-030,BNS TBD - verify
FIR-000120,CT-020,BNS TBD - verify
FIR-000121,CT-008,IPC 325
FIR-000122,CT-021,IPC 379
FIR-000123,CT-020,IPC 379
FIR-000124,CT-031,IPC 406
FIR-000125,CT-030,IPC 138 (NI Act)
FIR-000126,CT-037,IPC 498A
FIR-000127,CT-032,IPC 392
FIR-000128,CT-026,IPC 353
FIR-000129,CT-003,IPC 379
FIR-000130,CT-027,IPC 307
FIR-000131,CT-033,IPC 384
FIR-000132,CT-040,IPC 66D (IT Act)
FIR-000133,CT-003,IPC 379
FIR-000134,CT-028,IPC 506
FIR-000135,CT-023,IPC 379
FIR-000136,CT-044,IPC 268
FIR-000137,CT-034,IPC 393
FIR-000138,CT-028,IPC 506
FIR-000139,CT-036,IPC 3
FIR-000140,CT-007,IPC 323
FIR-000141,CT-001,IPC 379
FIR-000142,CT-002,IPC 379
FIR-000143,CT-006,IPC 454
FIR-000144,CT-045,IPC 447
FIR-000145,CT-011,IPC 468
FIR-000146,CT-004,IPC 392
FIR-000147,CT-041,IPC 354D
FIR-000148,CT-024,IPC 379
FIR-000149,CT-001,IPC 379
FIR-000150,CT-003,IPC 379
FIR-000151,CT-042,IPC 457
FIR-000152,CT-026,IPC 353
FIR-000153,CT-043,IPC 458
FIR-000154,CT-028,IPC 506
FIR-000155,CT-023,IPC 379
FIR-000156,CT-003,IPC 379
FIR-000157,CT-027,IPC 307
FIR-000158,CT-028,IPC 506
FIR-000159,CT-021,IPC 379
FIR-000160,CT-009,IPC 394
FIR-000161,CT-037,IPC 498A
FIR-000162,CT-039,IPC 66D (IT Act)
FIR-000163,CT-004,IPC 392
FIR-000164,CT-001,IPC 379
FIR-000165,CT-023,IPC 379
FIR-000166,CT-028,IPC 506
FIR-000167,CT-024,IPC 379
FIR-000168,CT-036,IPC 3
FIR-000169,CT-026,IPC 353
FIR-000170,CT-030,IPC 138 (NI Act)
FIR-000171,CT-004,IPC 392
FIR-000172,CT-002,IPC 379
FIR-000173,CT-022,IPC 379
FIR-000174,CT-019,IPC 379
FIR-000175,CT-019,IPC 379
FIR-000176,CT-030,IPC 138 (NI Act)
FIR-000177,CT-029,IPC 420
FIR-000178,CT-035,IPC 498A
FIR-000179,CT-020,IPC 379
FIR-000180,CT-029,IPC 420
FIR-000181,CT-028,IPC 506
FIR-000182,CT-044,IPC 268
FIR-000183,CT-012,IPC 66C
FIR-000184,CT-023,IPC 379
FIR-000185,CT-041,IPC 354D
FIR-000186,CT-006,IPC 454
FIR-000187,CT-026,IPC 353
FIR-000188,CT-030,IPC 138 (NI Act)
FIR-000189,CT-025,IPC 379
FIR-000190,CT-013,IPC 67A (IT Act)
FIR-000191,CT-021,IPC 379
FIR-000192,CT-026,IPC 353
FIR-000193,CT-009,IPC 394
FIR-000194,CT-020,IPC 379
FIR-000195,CT-009,IPC 394
FIR-000196,CT-020,IPC 379
FIR-000197,CT-023,IPC 379
FIR-000198,CT-001,IPC 379
FIR-000199,CT-025,IPC 379
FIR-000200,CT-001,IPC 379
FIR-000201,CT-019,IPC 379
FIR-000202,CT-009,IPC 394
FIR-000203,CT-045,IPC 447
FIR-000204,CT-024,IPC 379
FIR-000205,CT-023,BNS TBD - verify
FIR-000206,CT-012,BNS 66C
FIR-000207,CT-029,BNS TBD - verify
FIR-000208,CT-020,BNS TBD - verify
FIR-000209,CT-030,BNS TBD - verify
FIR-000210,CT-021,BNS TBD - verify
FIR-000211,CT-022,BNS TBD - verify
FIR-000212,CT-020,BNS TBD - verify
FIR-000213,CT-025,BNS TBD - verify
FIR-000214,CT-041,BNS TBD - verify
FIR-000215,CT-026,BNS TBD - verify
FIR-000216,CT-015,BNS 80
FIR-000217,CT-022,BNS TBD - verify
FIR-000218,CT-020,BNS TBD - verify
FIR-000219,CT-008,BNS TBD - verify
FIR-000220,CT-021,BNS TBD - verify
FIR-000221,CT-014,BNS 85
FIR-000222,CT-025,BNS TBD - verify
FIR-000223,CT-031,BNS TBD - verify
FIR-000224,CT-003,BNS 304
FIR-000225,CT-034,BNS TBD - verify
FIR-000226,CT-039,BNS TBD - verify
FIR-000227,CT-045,BNS TBD - verify
FIR-000228,CT-022,BNS TBD - verify
FIR-000229,CT-045,BNS TBD - verify
FIR-000230,CT-011,BNS TBD - verify
FIR-000231,CT-003,BNS 304
FIR-000232,CT-035,BNS TBD - verify
FIR-000233,CT-031,BNS TBD - verify
FIR-000234,CT-026,BNS TBD - verify
FIR-000235,CT-009,BNS 296
FIR-000236,CT-009,BNS 296
FIR-000237,CT-019,BNS TBD - verify
FIR-000238,CT-028,BNS TBD - verify
FIR-000239,CT-011,BNS TBD - verify
FIR-000240,CT-031,BNS TBD - verify
FIR-000241,CT-031,IPC 406
FIR-000242,CT-030,IPC 138 (NI Act)
FIR-000243,CT-021,IPC 379
FIR-000244,CT-022,IPC 379
FIR-000245,CT-042,IPC 457
FIR-000246,CT-019,IPC 379
FIR-000247,CT-025,IPC 379
FIR-000248,CT-038,IPC 66C (IT Act)
FIR-000249,CT-031,IPC 406
FIR-000250,CT-020,IPC 379
FIR-000251,CT-032,IPC 392
FIR-000252,CT-011,IPC 468
FIR-000253,CT-008,IPC 325
FIR-000254,CT-006,IPC 454
FIR-000255,CT-008,IPC 325
FIR-000256,CT-027,IPC 307
FIR-000257,CT-025,IPC 379
FIR-000258,CT-020,IPC 379
FIR-000259,CT-012,IPC 66C
FIR-000260,CT-014,IPC 498A
FIR-000261,CT-002,IPC 379
FIR-000262,CT-036,IPC 3
FIR-000263,CT-001,IPC 379
FIR-000264,CT-042,IPC 457
FIR-000265,CT-023,IPC 379
FIR-000266,CT-024,IPC 379
FIR-000267,CT-012,IPC 66C
FIR-000268,CT-035,IPC 498A
FIR-000269,CT-012,IPC 66C
FIR-000270,CT-001,IPC 379
FIR-000271,CT-001,IPC 379
FIR-000272,CT-024,IPC 379
FIR-000273,CT-032,IPC 392
FIR-000274,CT-020,IPC 379
FIR-000275,CT-043,IPC 458
FIR-000276,CT-041,IPC 354D
FIR-000277,CT-014,IPC 498A
FIR-000278,CT-001,IPC 379
FIR-000279,CT-026,IPC 353
FIR-000280,CT-036,IPC 3
FIR-000281,CT-020,IPC 379
FIR-000282,CT-001,IPC 379
FIR-000283,CT-001,IPC 379
FIR-000284,CT-027,IPC 307
FIR-000285,CT-020,IPC 379
FIR-000286,CT-006,IPC 454
FIR-000287,CT-014,IPC 498A
FIR-000288,CT-030,IPC 138 (NI Act)
FIR-000289,CT-009,IPC 394
FIR-000290,CT-015,IPC 304B
FIR-000291,CT-032,IPC 392
FIR-000292,CT-038,IPC 66C (IT Act)
FIR-000293,CT-021,IPC 379
FIR-000294,CT-003,IPC 379
FIR-000295,CT-007,IPC 323
FIR-000296,CT-004,IPC 392
FIR-000297,CT-023,IPC 379
FIR-000298,CT-025,IPC 379
FIR-000299,CT-030,IPC 138 (NI Act)
FIR-000300,CT-005,IPC 395
FIR-000301,CT-021,IPC 379
FIR-000302,CT-008,IPC 325
FIR-000303,CT-026,IPC 353
FIR-000304,CT-017,IPC 363
FIR-000305,CT-015,IPC 304B
FIR-000306,CT-041,IPC 354D
FIR-000307,CT-031,IPC 406
FIR-000308,CT-018,IPC 427
FIR-000309,CT-010,IPC 420
FIR-000310,CT-020,IPC 379
FIR-000311,CT-013,IPC 67A (IT Act)
FIR-000312,CT-033,IPC 384
FIR-000313,CT-009,IPC 394
FIR-000314,CT-028,IPC 506
FIR-000315,CT-003,IPC 379
FIR-000316,CT-037,IPC 498A
FIR-000317,CT-017,IPC 363
FIR-000318,CT-027,IPC 307
FIR-000319,CT-029,IPC 420
FIR-000320,CT-020,IPC 379
FIR-000321,CT-025,IPC 379
FIR-000322,CT-014,IPC 498A
FIR-000323,CT-013,IPC 67A (IT Act)
FIR-000324,CT-037,IPC 498A
FIR-000325,CT-024,BNS TBD - verify
FIR-000326,CT-031,BNS TBD - verify
FIR-000327,CT-031,BNS TBD - verify
FIR-000328,CT-011,BNS TBD - verify
FIR-000329,CT-040,BNS TBD - verify
FIR-000330,CT-040,BNS TBD - verify
FIR-000331,CT-033,BNS TBD - verify
FIR-000332,CT-030,BNS TBD - verify
FIR-000333,CT-012,BNS 66C
FIR-000334,CT-012,BNS 66C
FIR-000335,CT-016,BNS 103 (murder)
FIR-000336,CT-010,BNS 318
FIR-000337,CT-003,BNS 304
FIR-000338,CT-024,BNS TBD - verify
FIR-000339,CT-043,BNS TBD - verify
FIR-000340,CT-040,BNS TBD - verify
FIR-000341,CT-026,BNS TBD - verify
FIR-000342,CT-036,BNS TBD - verify
FIR-000343,CT-027,BNS TBD - verify
FIR-000344,CT-038,BNS TBD - verify
FIR-000345,CT-011,BNS TBD - verify
FIR-000346,CT-032,BNS TBD - verify
FIR-000347,CT-035,BNS TBD - verify
FIR-000348,CT-004,BNS TBD - verify
FIR-000349,CT-026,BNS TBD - verify
FIR-000350,CT-026,BNS TBD - verify
FIR-000351,CT-021,BNS TBD - verify
FIR-000352,CT-020,BNS TBD - verify
FIR-000353,CT-010,BNS 318
FIR-000354,CT-033,BNS TBD - verify
FIR-000355,CT-022,BNS TBD - verify
FIR-000356,CT-020,BNS TBD - verify
FIR-000357,CT-014,BNS 85
FIR-000358,CT-025,BNS TBD - verify
FIR-000359,CT-033,BNS TBD - verify
FIR-000360,CT-010,BNS 318
FIR-000361,CT-016,IPC 302
FIR-000362,CT-023,IPC 379
FIR-000363,CT-025,IPC 379
FIR-000364,CT-021,IPC 379
FIR-000365,CT-029,IPC 420
FIR-000366,CT-031,IPC 406
FIR-000367,CT-009,IPC 394
FIR-000368,CT-025,IPC 379
FIR-000369,CT-044,IPC 268
FIR-000370,CT-004,IPC 392
FIR-000371,CT-020,IPC 379
FIR-000372,CT-024,IPC 379
FIR-000373,CT-003,IPC 379
FIR-000374,CT-025,IPC 379
FIR-000375,CT-028,IPC 506
FIR-000376,CT-037,IPC 498A
FIR-000377,CT-021,IPC 379
FIR-000378,CT-008,IPC 325
FIR-000379,CT-019,IPC 379
FIR-000380,CT-012,IPC 66C
FIR-000381,CT-025,IPC 379
FIR-000382,CT-008,IPC 325
FIR-000383,CT-002,IPC 379
FIR-000384,CT-029,IPC 420
FIR-000385,CT-001,IPC 379
FIR-000386,CT-029,IPC 420
FIR-000387,CT-023,IPC 379
FIR-000388,CT-024,IPC 379
FIR-000389,CT-009,IPC 394
FIR-000390,CT-028,IPC 506
FIR-000391,CT-030,IPC 138 (NI Act)
FIR-000392,CT-009,IPC 394
FIR-000393,CT-025,IPC 379
FIR-000394,CT-027,IPC 307
FIR-000395,CT-040,IPC 66D (IT Act)
FIR-000396,CT-025,IPC 379
FIR-000397,CT-031,IPC 406
FIR-000398,CT-002,IPC 379
FIR-000399,CT-043,IPC 458
FIR-000400,CT-024,IPC 379
FIR-000401,CT-013,IPC 67A (IT Act)
FIR-000402,CT-031,IPC 406
FIR-000403,CT-021,IPC 379
FIR-000404,CT-042,IPC 457
FIR-000405,CT-006,IPC 454
FIR-000406,CT-041,IPC 354D
FIR-000407,CT-022,IPC 379
FIR-000408,CT-003,IPC 379
FIR-000409,CT-043,IPC 458
FIR-000410,CT-030,IPC 138 (NI Act)
FIR-000411,CT-019,IPC 379
FIR-000412,CT-023,IPC 379
FIR-000413,CT-041,IPC 354D
FIR-000414,CT-025,IPC 379
FIR-000415,CT-004,IPC 392
FIR-000416,CT-019,IPC 379
FIR-000417,CT-005,IPC 395
FIR-000418,CT-026,IPC 353
FIR-000419,CT-005,IPC 395
FIR-000420,CT-032,IPC 392
FIR-000421,CT-002,IPC 379
FIR-000422,CT-031,IPC 406
FIR-000423,CT-027,IPC 307
FIR-000424,CT-021,IPC 379
FIR-000425,CT-041,IPC 354D
FIR-000426,CT-008,IPC 325
FIR-000427,CT-005,IPC 395
FIR-000428,CT-003,IPC 379
FIR-000429,CT-025,IPC 379
FIR-000430,CT-039,IPC 66D (IT Act)
FIR-000431,CT-007,IPC 323
FIR-000432,CT-038,IPC 66C (IT Act)
FIR-000433,CT-013,IPC 67A (IT Act)
FIR-000434,CT-031,IPC 406
FIR-000435,CT-021,IPC 379
FIR-000436,CT-039,IPC 66D (IT Act)
FIR-000437,CT-019,IPC 379
FIR-000438,CT-024,IPC 379
FIR-000439,CT-027,IPC 307
FIR-000440,CT-014,IPC 498A
FIR-000441,CT-011,IPC 468
FIR-000442,CT-034,IPC 393
FIR-000443,CT-011,IPC 468
FIR-000444,CT-043,IPC 458
FIR-000445,CT-024,BNS TBD - verify
FIR-000446,CT-023,BNS TBD - verify
FIR-000447,CT-010,BNS 318
FIR-000448,CT-023,BNS TBD - verify
FIR-000449,CT-029,BNS TBD - verify
FIR-000450,CT-021,BNS TBD - verify
FIR-000451,CT-029,BNS TBD - verify
FIR-000452,CT-005,BNS TBD - verify
FIR-000453,CT-030,BNS TBD - verify
FIR-000454,CT-006,BNS 331 (verify)
FIR-000455,CT-033,BNS TBD - verify
FIR-000456,CT-038,BNS TBD - verify
FIR-000457,CT-010,BNS 318
FIR-000458,CT-002,BNS 303
FIR-000459,CT-015,BNS 80
FIR-000460,CT-009,BNS 296
FIR-000461,CT-043,BNS TBD - verify
FIR-000462,CT-020,BNS TBD - verify
FIR-000463,CT-026,BNS TBD - verify
FIR-000464,CT-042,BNS TBD - verify
FIR-000465,CT-023,BNS TBD - verify
FIR-000466,CT-003,BNS 304
FIR-000467,CT-020,BNS TBD - verify
FIR-000468,CT-037,BNS TBD - verify
FIR-000469,CT-034,BNS TBD - verify
FIR-000470,CT-021,BNS TBD - verify
FIR-000471,CT-029,BNS TBD - verify
FIR-000472,CT-038,BNS TBD - verify
FIR-000473,CT-020,BNS TBD - verify
FIR-000474,CT-014,BNS 85
FIR-000475,CT-029,BNS TBD - verify
FIR-000476,CT-002,BNS 303
FIR-000477,CT-031,BNS TBD - verify
FIR-000478,CT-002,BNS 303
FIR-000479,CT-025,BNS TBD - verify
FIR-000480,CT-027,BNS TBD - verify
FIR-000481,CT-035,IPC 498A
FIR-000482,CT-020,IPC 379
FIR-000483,CT-009,IPC 394
FIR-000484,CT-010,IPC 420
FIR-000485,CT-001,IPC 379
FIR-000486,CT-021,IPC 379
FIR-000487,CT-002,IPC 379
FIR-000488,CT-032,IPC 392
FIR-000489,CT-019,IPC 379
FIR-000490,CT-038,IPC 66C (IT Act)
FIR-000491,CT-024,IPC 379
FIR-000492,CT-019,IPC 379
FIR-000493,CT-015,IPC 304B
FIR-000494,CT-015,IPC 304B
FIR-000495,CT-008,IPC 325
FIR-000496,CT-020,IPC 379
FIR-000497,CT-004,IPC 392
FIR-000498,CT-010,IPC 420
FIR-000499,CT-019,IPC 379
FIR-000500,CT-014,IPC 498A
FIR-000501,CT-008,IPC 325
FIR-000502,CT-027,IPC 307
FIR-000503,CT-011,IPC 468
FIR-000504,CT-029,IPC 420
FIR-000505,CT-041,IPC 354D
FIR-000506,CT-033,IPC 384
FIR-000507,CT-002,IPC 379
FIR-000508,CT-003,IPC 379
FIR-000509,CT-023,IPC 379
FIR-000510,CT-029,IPC 420
FIR-000511,CT-002,IPC 379
FIR-000512,CT-019,IPC 379
FIR-000513,CT-024,IPC 379
FIR-000514,CT-004,IPC 392
FIR-000515,CT-025,IPC 379
FIR-000516,CT-004,IPC 392
FIR-000517,CT-009,IPC 394
FIR-000518,CT-010,IPC 420
FIR-000519,CT-011,IPC 468
FIR-000520,CT-032,IPC 392
FIR-000521,CT-034,IPC 393
FIR-000522,CT-022,IPC 379
FIR-000523,CT-002,IPC 379
FIR-000524,CT-010,IPC 420
FIR-000525,CT-021,IPC 379
FIR-000526,CT-037,IPC 498A
FIR-000527,CT-001,IPC 379
FIR-000528,CT-027,IPC 307
FIR-000529,CT-003,IPC 379
FIR-000530,CT-035,IPC 498A
FIR-000531,CT-040,IPC 66D (IT Act)
FIR-000532,CT-024,IPC 379
FIR-000533,CT-026,IPC 353
FIR-000534,CT-036,IPC 3
FIR-000535,CT-022,IPC 379
FIR-000536,CT-008,IPC 325
FIR-000537,CT-006,IPC 454
FIR-000538,CT-029,IPC 420
FIR-000539,CT-022,IPC 379
FIR-000540,CT-021,IPC 379
FIR-000541,CT-029,IPC 420
FIR-000542,CT-025,IPC 379
FIR-000543,CT-019,IPC 379
FIR-000544,CT-004,IPC 392
FIR-000545,CT-001,IPC 379
FIR-000546,CT-009,IPC 394
FIR-000547,CT-025,IPC 379
FIR-000548,CT-003,IPC 379
FIR-000549,CT-019,IPC 379
FIR-000550,CT-041,IPC 354D
FIR-000551,CT-037,IPC 498A
FIR-000552,CT-037,IPC 498A
FIR-000553,CT-043,IPC 458
FIR-000554,CT-004,IPC 392
FIR-000555,CT-022,IPC 379
FIR-000556,CT-021,IPC 379
FIR-000557,CT-030,IPC 138 (NI Act)
FIR-000558,CT-008,IPC 325
FIR-000559,CT-028,IPC 506
FIR-000560,CT-022,IPC 379
FIR-000561,CT-028,IPC 506
FIR-000562,CT-019,IPC 379
FIR-000563,CT-016,IPC 302
FIR-000564,CT-008,IPC 325
FIR-000565,CT-025,IPC 379
FIR-000566,CT-033,IPC 384
FIR-000567,CT-038,IPC 66C (IT Act)
FIR-000568,CT-011,IPC 468
FIR-000569,CT-032,IPC 392
FIR-000570,CT-008,IPC 325
FIR-000571,CT-009,IPC 394
FIR-000572,CT-024,IPC 379
FIR-000573,CT-009,IPC 394
FIR-000574,CT-002,IPC 379
FIR-000575,CT-020,IPC 379
FIR-000576,CT-012,IPC 66C
FIR-000577,CT-020,IPC 379
FIR-000578,CT-008,IPC 325
FIR-000579,CT-031,IPC 406
FIR-000580,CT-043,IPC 458
FIR-000581,CT-004,IPC 392
FIR-000582,CT-003,IPC 379
FIR-000583,CT-011,IPC 468
FIR-000584,CT-025,IPC 379
FIR-000585,CT-008,IPC 325
FIR-000586,CT-022,IPC 379
FIR-000587,CT-028,IPC 506
FIR-000588,CT-039,IPC 66D (IT Act)
FIR-000589,CT-007,IPC 323
FIR-000590,CT-002,IPC 379
FIR-000591,CT-020,IPC 379
FIR-000592,CT-019,IPC 379
FIR-000593,CT-012,IPC 66C
FIR-000594,CT-030,IPC 138 (NI Act)
FIR-000595,CT-039,IPC 66D (IT Act)
FIR-000596,CT-026,IPC 353
FIR-000597,CT-005,IPC 395
FIR-000598,CT-008,IPC 325
FIR-000599,CT-043,IPC 458
FIR-000600,CT-006,IPC 454
FIR-000601,CT-023,IPC 379
FIR-000602,CT-020,IPC 379
FIR-000603,CT-019,IPC 379
FIR-000604,CT-017,IPC 363
FIR-000605,CT-008,IPC 325
FIR-000606,CT-012,IPC 66C
FIR-000607,CT-039,IPC 66D (IT Act)
FIR-000608,CT-027,IPC 307
FIR-000609,CT-030,IPC 138 (NI Act)
FIR-000610,CT-044,IPC 268
FIR-000611,CT-007,IPC 323
FIR-000612,CT-005,IPC 395
FIR-000613,CT-022,IPC 379
FIR-000614,CT-015,IPC 304B
FIR-000615,CT-011,IPC 468
FIR-000616,CT-026,IPC 353
FIR-000617,CT-007,IPC 323
FIR-000618,CT-033,IPC 384
FIR-000619,CT-019,IPC 379
FIR-000620,CT-003,IPC 379
FIR-000621,CT-035,IPC 498A
FIR-000622,CT-036,IPC 3
FIR-000623,CT-027,IPC 307
FIR-000624,CT-025,IPC 379
FIR-000625,CT-034,IPC 393
FIR-000626,CT-008,IPC 325
FIR-000627,CT-007,IPC 323
FIR-000628,CT-033,IPC 384
FIR-000629,CT-004,IPC 392
FIR-000630,CT-002,IPC 379
FIR-000631,CT-039,IPC 66D (IT Act)
FIR-000632,CT-043,IPC 458
FIR-000633,CT-024,IPC 379
FIR-000634,CT-010,IPC 420
FIR-000635,CT-040,IPC 66D (IT Act)
FIR-000636,CT-042,IPC 457
FIR-000637,CT-036,IPC 3
FIR-000638,CT-008,IPC 325
FIR-000639,CT-025,IPC 379
FIR-000640,CT-029,IPC 420
FIR-000641,CT-011,IPC 468
FIR-000642,CT-022,IPC 379
FIR-000643,CT-007,IPC 323
FIR-000644,CT-022,IPC 379
FIR-000645,CT-011,IPC 468
FIR-000646,CT-042,IPC 457
FIR-000647,CT-011,IPC 468
FIR-000648,CT-024,IPC 379
FIR-000649,CT-037,IPC 498A
FIR-000650,CT-015,IPC 304B
FIR-000651,CT-043,IPC 458
FIR-000652,CT-041,IPC 354D
FIR-000653,CT-028,IPC 506
FIR-000654,CT-043,IPC 458
FIR-000655,CT-033,IPC 384
FIR-000656,CT-008,IPC 325
FIR-000657,CT-003,IPC 379
FIR-000658,CT-013,IPC 67A (IT Act)
FIR-000659,CT-002,IPC 379
FIR-000660,CT-036,IPC 3
FIR-000661,CT-007,BNS TBD - verify
FIR-000662,CT-010,BNS 318
FIR-000663,CT-020,BNS TBD - verify
FIR-000664,CT-020,BNS TBD - verify
FIR-000665,CT-034,BNS TBD - verify
FIR-000666,CT-033,BNS TBD - verify
FIR-000667,CT-001,BNS 303
FIR-000668,CT-032,BNS TBD - verify
FIR-000669,CT-026,BNS TBD - verify
FIR-000670,CT-033,BNS TBD - verify
FIR-000671,CT-020,BNS TBD - verify
FIR-000672,CT-011,BNS TBD - verify
FIR-000673,CT-017,BNS 137 (verify split across subsections)
FIR-000674,CT-033,BNS TBD - verify
FIR-000675,CT-026,BNS TBD - verify
FIR-000676,CT-037,BNS TBD - verify
FIR-000677,CT-010,BNS 318
FIR-000678,CT-020,BNS TBD - verify
FIR-000679,CT-001,BNS 303
FIR-000680,CT-027,BNS TBD - verify
FIR-000681,CT-004,BNS TBD - verify
FIR-000682,CT-002,BNS 303
FIR-000683,CT-030,BNS TBD - verify
FIR-000684,CT-020,BNS TBD - verify
FIR-000685,CT-025,BNS TBD - verify
FIR-000686,CT-021,BNS TBD - verify
FIR-000687,CT-032,BNS TBD - verify
FIR-000688,CT-004,BNS TBD - verify
FIR-000689,CT-010,BNS 318
FIR-000690,CT-038,BNS TBD - verify
FIR-000691,CT-002,BNS 303
FIR-000692,CT-001,BNS 303
FIR-000693,CT-039,BNS TBD - verify
FIR-000694,CT-019,BNS TBD - verify
FIR-000695,CT-011,BNS TBD - verify
FIR-000696,CT-038,BNS TBD - verify
FIR-000697,CT-021,BNS TBD - verify
FIR-000698,CT-021,BNS TBD - verify
FIR-000699,CT-014,BNS 85
FIR-000700,CT-033,BNS TBD - verify
FIR-000701,CT-035,BNS TBD - verify
FIR-000702,CT-010,BNS 318
FIR-000703,CT-032,BNS TBD - verify
FIR-000704,CT-008,BNS TBD - verify
FIR-000705,CT-020,BNS TBD - verify
FIR-000706,CT-024,BNS TBD - verify
FIR-000707,CT-037,BNS TBD - verify
FIR-000708,CT-018,BNS 324 range (verify)
FIR-000709,CT-032,BNS TBD - verify
FIR-000710,CT-021,BNS TBD - verify
FIR-000711,CT-007,BNS TBD - verify
FIR-000712,CT-021,BNS TBD - verify
FIR-000713,CT-024,BNS TBD - verify
FIR-000714,CT-008,BNS TBD - verify
FIR-000715,CT-030,BNS TBD - verify
FIR-000716,CT-012,BNS 66C
FIR-000717,CT-011,BNS TBD - verify
FIR-000718,CT-019,BNS TBD - verify
FIR-000719,CT-015,BNS 80
FIR-000720,CT-025,BNS TBD - verify
FIR-000721,CT-005,BNS TBD - verify
FIR-000722,CT-024,BNS TBD - verify
FIR-000723,CT-013,BNS 67A (IT Act - unaffected by BNS)
FIR-000724,CT-010,BNS 318
FIR-000725,CT-004,BNS TBD - verify
FIR-000726,CT-020,BNS TBD - verify
FIR-000727,CT-019,BNS TBD - verify
FIR-000728,CT-019,BNS TBD - verify
FIR-000729,CT-011,BNS TBD - verify
FIR-000730,CT-033,BNS TBD - verify
FIR-000731,CT-003,BNS 304
FIR-000732,CT-008,BNS TBD - verify
FIR-000733,CT-022,BNS TBD - verify
FIR-000734,CT-032,BNS TBD - verify
FIR-000735,CT-024,BNS TBD - verify
FIR-000736,CT-028,BNS TBD - verify
FIR-000737,CT-013,BNS 67A (IT Act - unaffected by BNS)
FIR-000738,CT-021,BNS TBD - verify
FIR-000739,CT-014,BNS 85
FIR-000740,CT-035,BNS TBD - verify
FIR-000741,CT-016,IPC 302
FIR-000742,CT-024,IPC 379
FIR-000743,CT-033,IPC 384
FIR-000744,CT-026,IPC 353
FIR-000745,CT-031,IPC 406
FIR-000746,CT-005,IPC 395
FIR-000747,CT-037,IPC 498A
FIR-000748,CT-033,IPC 384
FIR-000749,CT-023,IPC 379
FIR-000750,CT-002,IPC 379
FIR-000751,CT-022,IPC 379
FIR-000752,CT-021,IPC 379
FIR-000753,CT-003,IPC 379
FIR-000754,CT-028,IPC 506
FIR-000755,CT-019,IPC 379
FIR-000756,CT-036,IPC 3
FIR-000757,CT-040,IPC 66D (IT Act)
FIR-000758,CT-014,IPC 498A
FIR-000759,CT-015,IPC 304B
FIR-000760,CT-019,IPC 379
FIR-000761,CT-011,IPC 468
FIR-000762,CT-030,IPC 138 (NI Act)
FIR-000763,CT-028,IPC 506
FIR-000764,CT-040,IPC 66D (IT Act)
FIR-000765,CT-001,IPC 379
FIR-000766,CT-020,IPC 379
FIR-000767,CT-029,IPC 420
FIR-000768,CT-031,IPC 406
FIR-000769,CT-024,IPC 379
FIR-000770,CT-002,IPC 379
FIR-000771,CT-020,IPC 379
FIR-000772,CT-042,IPC 457
FIR-000773,CT-026,IPC 353
FIR-000774,CT-022,IPC 379
FIR-000775,CT-002,IPC 379
FIR-000776,CT-026,IPC 353
FIR-000777,CT-023,IPC 379
FIR-000778,CT-025,IPC 379
FIR-000779,CT-019,IPC 379
FIR-000780,CT-019,IPC 379
FIR-000781,CT-020,IPC 379
FIR-000782,CT-036,IPC 3
FIR-000783,CT-044,IPC 268
FIR-000784,CT-005,IPC 395
FIR-000785,CT-029,IPC 420
FIR-000786,CT-020,IPC 379
FIR-000787,CT-002,IPC 379
FIR-000788,CT-023,IPC 379
FIR-000789,CT-035,IPC 498A
FIR-000790,CT-022,IPC 379
FIR-000791,CT-044,IPC 268
FIR-000792,CT-007,IPC 323
FIR-000793,CT-029,IPC 420
FIR-000794,CT-001,IPC 379
FIR-000795,CT-041,IPC 354D
FIR-000796,CT-028,IPC 506
FIR-000797,CT-029,IPC 420
FIR-000798,CT-018,IPC 427
FIR-000799,CT-034,IPC 393
FIR-000800,CT-007,IPC 323
FIR-000801,CT-011,IPC 468
FIR-000802,CT-001,IPC 379
FIR-000803,CT-024,IPC 379
FIR-000804,CT-031,IPC 406
FIR-000805,CT-022,IPC 379
FIR-000806,CT-013,IPC 67A (IT Act)
FIR-000807,CT-008,IPC 325
FIR-000808,CT-021,IPC 379
FIR-000809,CT-009,IPC 394
FIR-000810,CT-002,IPC 379
FIR-000811,CT-037,IPC 498A
FIR-000812,CT-030,IPC 138 (NI Act)
FIR-000813,CT-028,IPC 506
FIR-000814,CT-004,IPC 392
FIR-000815,CT-036,IPC 3
FIR-000816,CT-019,IPC 379
FIR-000817,CT-021,IPC 379
FIR-000818,CT-032,IPC 392
FIR-000819,CT-020,IPC 379
FIR-000820,CT-023,IPC 379
FIR-000821,CT-007,IPC 323
FIR-000822,CT-008,IPC 325
FIR-000823,CT-014,IPC 498A
FIR-000824,CT-003,IPC 379
FIR-000825,CT-019,BNS TBD - verify
FIR-000826,CT-040,BNS TBD - verify
FIR-000827,CT-024,BNS TBD - verify
FIR-000828,CT-023,BNS TBD - verify
FIR-000829,CT-029,BNS TBD - verify
FIR-000830,CT-040,BNS TBD - verify
FIR-000831,CT-036,BNS TBD - verify
FIR-000832,CT-003,BNS 304
FIR-000833,CT-021,BNS TBD - verify
FIR-000834,CT-024,BNS TBD - verify
FIR-000835,CT-024,BNS TBD - verify
FIR-000836,CT-013,BNS 67A (IT Act - unaffected by BNS)
FIR-000837,CT-020,BNS TBD - verify
FIR-000838,CT-029,BNS TBD - verify
FIR-000839,CT-009,BNS 296
FIR-000840,CT-019,BNS TBD - verify
FIR-000841,CT-012,BNS 66C
FIR-000842,CT-038,BNS TBD - verify
FIR-000843,CT-003,BNS 304
FIR-000844,CT-042,BNS TBD - verify
FIR-000845,CT-020,BNS TBD - verify
FIR-000846,CT-009,BNS 296
FIR-000847,CT-023,BNS TBD - verify
FIR-000848,CT-030,BNS TBD - verify
FIR-000849,CT-004,BNS TBD - verify
FIR-000850,CT-035,BNS TBD - verify
FIR-000851,CT-024,BNS TBD - verify
FIR-000852,CT-019,BNS TBD - verify
FIR-000853,CT-013,BNS 67A (IT Act - unaffected by BNS)
FIR-000854,CT-004,BNS TBD - verify
FIR-000855,CT-033,BNS TBD - verify
FIR-000856,CT-036,BNS TBD - verify
FIR-000857,CT-006,BNS 331 (verify)
FIR-000858,CT-015,BNS 80
FIR-000859,CT-019,BNS TBD - verify
FIR-000860,CT-029,BNS TBD - verify
FIR-000861,CT-019,IPC 379
FIR-000862,CT-022,IPC 379
FIR-000863,CT-007,IPC 323
FIR-000864,CT-021,IPC 379
FIR-000865,CT-023,IPC 379
FIR-000866,CT-038,IPC 66C (IT Act)
FIR-000867,CT-002,IPC 379
FIR-000868,CT-009,IPC 394
FIR-000869,CT-006,IPC 454
FIR-000870,CT-030,IPC 138 (NI Act)
FIR-000871,CT-021,IPC 379
FIR-000872,CT-004,IPC 392
FIR-000873,CT-001,IPC 379
FIR-000874,CT-025,IPC 379
FIR-000875,CT-029,IPC 420
FIR-000876,CT-009,IPC 394
FIR-000877,CT-026,IPC 353
FIR-000878,CT-005,IPC 395
FIR-000879,CT-001,IPC 379
FIR-000880,CT-011,IPC 468
FIR-000881,CT-020,IPC 379
FIR-000882,CT-028,IPC 506
FIR-000883,CT-021,IPC 379
FIR-000884,CT-021,IPC 379
FIR-000885,CT-005,IPC 395
FIR-000886,CT-003,IPC 379
FIR-000887,CT-031,IPC 406
FIR-000888,CT-033,IPC 384
FIR-000889,CT-008,IPC 325
FIR-000890,CT-013,IPC 67A (IT Act)
FIR-000891,CT-001,IPC 379
FIR-000892,CT-021,IPC 379
FIR-000893,CT-003,IPC 379
FIR-000894,CT-009,IPC 394
FIR-000895,CT-039,IPC 66D (IT Act)
FIR-000896,CT-039,IPC 66D (IT Act)
FIR-000897,CT-032,IPC 392
FIR-000898,CT-034,IPC 393
FIR-000899,CT-035,IPC 498A
FIR-000900,CT-028,IPC 506
FIR-000901,CT-009,IPC 394
FIR-000902,CT-024,IPC 379
FIR-000903,CT-030,IPC 138 (NI Act)
FIR-000904,CT-021,IPC 379
FIR-000905,CT-013,IPC 67A (IT Act)
FIR-000906,CT-021,IPC 379
FIR-000907,CT-001,IPC 379
FIR-000908,CT-040,IPC 66D (IT Act)
FIR-000909,CT-024,IPC 379
FIR-000910,CT-042,IPC 457
FIR-000911,CT-001,IPC 379
FIR-000912,CT-023,IPC 379
FIR-000913,CT-045,IPC 447
FIR-000914,CT-021,IPC 379
FIR-000915,CT-001,IPC 379
FIR-000916,CT-035,IPC 498A
FIR-000917,CT-020,IPC 379
FIR-000918,CT-024,IPC 379
FIR-000919,CT-035,IPC 498A
FIR-000920,CT-030,IPC 138 (NI Act)
FIR-000921,CT-027,IPC 307
FIR-000922,CT-045,IPC 447
FIR-000923,CT-019,IPC 379
FIR-000924,CT-011,IPC 468
FIR-000925,CT-023,IPC 379
FIR-000926,CT-006,IPC 454
FIR-000927,CT-034,IPC 393
FIR-000928,CT-012,IPC 66C
FIR-000929,CT-023,IPC 379
FIR-000930,CT-033,IPC 384
FIR-000931,CT-022,IPC 379
FIR-000932,CT-019,IPC 379
FIR-000933,CT-025,IPC 379
FIR-000934,CT-029,IPC 420
FIR-000935,CT-020,IPC 379
FIR-000936,CT-018,IPC 427
FIR-000937,CT-024,IPC 379
FIR-000938,CT-018,IPC 427
FIR-000939,CT-007,IPC 323
FIR-000940,CT-005,IPC 395
FIR-000941,CT-001,IPC 379
FIR-000942,CT-005,IPC 395
FIR-000943,CT-032,IPC 392
FIR-000944,CT-024,IPC 379
FIR-000945,CT-019,BNS TBD - verify
FIR-000946,CT-035,BNS TBD - verify
FIR-000947,CT-022,BNS TBD - verify
FIR-000948,CT-005,BNS TBD - verify
FIR-000949,CT-006,BNS 331 (verify)
FIR-000950,CT-015,BNS 80
FIR-000951,CT-021,BNS TBD - verify
FIR-000952,CT-026,BNS TBD - verify
FIR-000953,CT-022,BNS TBD - verify
FIR-000954,CT-030,BNS TBD - verify
FIR-000955,CT-026,BNS TBD - verify
FIR-000956,CT-011,BNS TBD - verify
FIR-000957,CT-027,BNS TBD - verify
FIR-000958,CT-010,BNS 318
FIR-000959,CT-015,BNS 80
FIR-000960,CT-029,BNS TBD - verify
FIR-000961,CT-004,BNS TBD - verify
FIR-000962,CT-008,BNS TBD - verify
FIR-000963,CT-040,BNS TBD - verify
FIR-000964,CT-021,BNS TBD - verify
FIR-000965,CT-012,BNS 66C
FIR-000966,CT-031,BNS TBD - verify
FIR-000967,CT-028,BNS TBD - verify
FIR-000968,CT-028,BNS TBD - verify
FIR-000969,CT-020,BNS TBD - verify
FIR-000970,CT-036,BNS TBD - verify
FIR-000971,CT-022,BNS TBD - verify
FIR-000972,CT-003,BNS 304
FIR-000973,CT-011,BNS TBD - verify
FIR-000974,CT-011,BNS TBD - verify
FIR-000975,CT-015,BNS 80
FIR-000976,CT-023,BNS TBD - verify
FIR-000977,CT-009,BNS 296
FIR-000978,CT-021,BNS TBD - verify
FIR-000979,CT-001,BNS 303
FIR-000980,CT-028,BNS TBD - verify
FIR-000981,CT-003,IPC 379
FIR-000982,CT-026,IPC 353
FIR-000983,CT-028,IPC 506
FIR-000984,CT-021,IPC 379
FIR-000985,CT-008,IPC 325
FIR-000986,CT-028,IPC 506
FIR-000987,CT-005,IPC 395
FIR-000988,CT-040,IPC 66D (IT Act)
FIR-000989,CT-003,IPC 379
FIR-000990,CT-037,IPC 498A
FIR-000991,CT-024,IPC 379
FIR-000992,CT-001,IPC 379
FIR-000993,CT-011,IPC 468
FIR-000994,CT-021,IPC 379
FIR-000995,CT-033,IPC 384
FIR-000996,CT-003,IPC 379
FIR-000997,CT-023,IPC 379
FIR-000998,CT-003,IPC 379
FIR-000999,CT-002,IPC 379
FIR-001000,CT-019,IPC 379
FIR-001001,CT-002,IPC 379
FIR-001002,CT-001,IPC 379
FIR-001003,CT-019,IPC 379
FIR-001004,CT-019,IPC 379
FIR-001005,CT-009,IPC 394
FIR-001006,CT-036,IPC 3
FIR-001007,CT-004,IPC 392
FIR-001008,CT-003,IPC 379
FIR-001009,CT-011,IPC 468
FIR-001010,CT-003,IPC 379
FIR-001011,CT-003,IPC 379
FIR-001012,CT-022,IPC 379
FIR-001013,CT-005,IPC 395
FIR-001014,CT-039,IPC 66D (IT Act)
FIR-001015,CT-029,IPC 420
FIR-001016,CT-015,IPC 304B
FIR-001017,CT-032,IPC 392
FIR-001018,CT-008,IPC 325
FIR-001019,CT-021,IPC 379
FIR-001020,CT-019,IPC 379
FIR-001021,CT-043,IPC 458
FIR-001022,CT-020,IPC 379
FIR-001023,CT-028,IPC 506
FIR-001024,CT-011,IPC 468
FIR-001025,CT-024,IPC 379
FIR-001026,CT-036,IPC 3
FIR-001027,CT-020,IPC 379
FIR-001028,CT-025,IPC 379
FIR-001029,CT-030,IPC 138 (NI Act)
FIR-001030,CT-019,IPC 379
FIR-001031,CT-010,IPC 420
FIR-001032,CT-041,IPC 354D
FIR-001033,CT-013,IPC 67A (IT Act)
FIR-001034,CT-014,IPC 498A
FIR-001035,CT-011,IPC 468
FIR-001036,CT-005,IPC 395
FIR-001037,CT-001,IPC 379
FIR-001038,CT-007,IPC 323
FIR-001039,CT-020,IPC 379
FIR-001040,CT-006,IPC 454
FIR-001041,CT-035,IPC 498A
FIR-001042,CT-028,IPC 506
FIR-001043,CT-034,IPC 393
FIR-001044,CT-001,IPC 379
FIR-001045,CT-039,IPC 66D (IT Act)
FIR-001046,CT-011,IPC 468
FIR-001047,CT-008,IPC 325
FIR-001048,CT-021,IPC 379
FIR-001049,CT-031,IPC 406
FIR-001050,CT-020,IPC 379
FIR-001051,CT-011,IPC 468
FIR-001052,CT-021,IPC 379
FIR-001053,CT-023,IPC 379
FIR-001054,CT-006,IPC 454
FIR-001055,CT-036,IPC 3
FIR-001056,CT-033,IPC 384
FIR-001057,CT-040,IPC 66D (IT Act)
FIR-001058,CT-033,IPC 384
FIR-001059,CT-022,IPC 379
FIR-001060,CT-008,IPC 325
FIR-001061,CT-028,IPC 506
FIR-001062,CT-020,IPC 379
FIR-001063,CT-019,IPC 379
FIR-001064,CT-034,IPC 393
FIR-001065,CT-029,BNS TBD - verify
FIR-001066,CT-008,BNS TBD - verify
FIR-001067,CT-036,BNS TBD - verify
FIR-001068,CT-019,BNS TBD - verify
FIR-001069,CT-031,BNS TBD - verify
FIR-001070,CT-028,BNS TBD - verify
FIR-001071,CT-045,BNS TBD - verify
FIR-001072,CT-027,BNS TBD - verify
FIR-001073,CT-037,BNS TBD - verify
FIR-001074,CT-018,BNS 324 range (verify)
FIR-001075,CT-037,BNS TBD - verify
FIR-001076,CT-013,BNS 67A (IT Act - unaffected by BNS)
FIR-001077,CT-021,BNS TBD - verify
FIR-001078,CT-015,BNS 80
FIR-001079,CT-037,BNS TBD - verify
FIR-001080,CT-005,BNS TBD - verify
FIR-001081,CT-037,BNS TBD - verify
FIR-001082,CT-040,BNS TBD - verify
FIR-001083,CT-020,BNS TBD - verify
FIR-001084,CT-041,BNS TBD - verify
FIR-001085,CT-043,BNS TBD - verify
FIR-001086,CT-037,BNS TBD - verify
FIR-001087,CT-003,BNS 304
FIR-001088,CT-025,BNS TBD - verify
FIR-001089,CT-038,BNS TBD - verify
FIR-001090,CT-006,BNS 331 (verify)
FIR-001091,CT-039,BNS TBD - verify
FIR-001092,CT-015,BNS 80
FIR-001093,CT-037,BNS TBD - verify
FIR-001094,CT-021,BNS TBD - verify
FIR-001095,CT-022,BNS TBD - verify
FIR-001096,CT-011,BNS TBD - verify
FIR-001097,CT-033,BNS TBD - verify
FIR-001098,CT-019,BNS TBD - verify
FIR-001099,CT-020,BNS TBD - verify
FIR-001100,CT-021,BNS TBD - verify
FIR-001101,CT-025,IPC 379
FIR-001102,CT-036,IPC 3
FIR-001103,CT-004,IPC 392
FIR-001104,CT-014,IPC 498A
FIR-001105,CT-022,IPC 379
FIR-001106,CT-006,IPC 454
FIR-001107,CT-021,IPC 379
FIR-001108,CT-034,IPC 393
FIR-001109,CT-002,IPC 379
FIR-001110,CT-038,IPC 66C (IT Act)
FIR-001111,CT-037,IPC 498A
FIR-001112,CT-028,IPC 506
FIR-001113,CT-020,IPC 379
FIR-001114,CT-027,IPC 307
FIR-001115,CT-022,IPC 379
FIR-001116,CT-015,IPC 304B
FIR-001117,CT-029,IPC 420
FIR-001118,CT-002,IPC 379
FIR-001119,CT-025,IPC 379
FIR-001120,CT-002,IPC 379
FIR-001121,CT-008,IPC 325
FIR-001122,CT-001,IPC 379
FIR-001123,CT-027,IPC 307
FIR-001124,CT-005,IPC 395
FIR-001125,CT-031,IPC 406
FIR-001126,CT-011,IPC 468
FIR-001127,CT-029,IPC 420
FIR-001128,CT-021,IPC 379
FIR-001129,CT-033,IPC 384
FIR-001130,CT-004,IPC 392
FIR-001131,CT-021,IPC 379
FIR-001132,CT-012,IPC 66C
FIR-001133,CT-003,IPC 379
FIR-001134,CT-028,IPC 506
FIR-001135,CT-043,IPC 458
FIR-001136,CT-033,IPC 384
FIR-001137,CT-030,IPC 138 (NI Act)
FIR-001138,CT-020,IPC 379
FIR-001139,CT-001,IPC 379
FIR-001140,CT-024,IPC 379
FIR-001141,CT-003,IPC 379
FIR-001142,CT-018,IPC 427
FIR-001143,CT-030,IPC 138 (NI Act)
FIR-001144,CT-023,IPC 379
FIR-001145,CT-003,IPC 379
FIR-001146,CT-013,IPC 67A (IT Act)
FIR-001147,CT-036,IPC 3
FIR-001148,CT-022,IPC 379
FIR-001149,CT-027,IPC 307
FIR-001150,CT-022,IPC 379
FIR-001151,CT-020,IPC 379
FIR-001152,CT-003,IPC 379
FIR-001153,CT-037,IPC 498A
FIR-001154,CT-020,IPC 379
FIR-001155,CT-022,IPC 379
FIR-001156,CT-019,IPC 379
FIR-001157,CT-023,IPC 379
FIR-001158,CT-030,IPC 138 (NI Act)
FIR-001159,CT-003,IPC 379
FIR-001160,CT-004,IPC 392
FIR-001161,CT-026,IPC 353
FIR-001162,CT-031,IPC 406
FIR-001163,CT-002,IPC 379
FIR-001164,CT-032,IPC 392
FIR-001165,CT-040,IPC 66D (IT Act)
FIR-001166,CT-002,IPC 379
FIR-001167,CT-039,IPC 66D (IT Act)
FIR-001168,CT-011,IPC 468
FIR-001169,CT-009,IPC 394
FIR-001170,CT-033,IPC 384
FIR-001171,CT-021,IPC 379
FIR-001172,CT-003,IPC 379
FIR-001173,CT-037,IPC 498A
FIR-001174,CT-026,IPC 353
FIR-001175,CT-024,IPC 379
FIR-001176,CT-031,IPC 406
FIR-001177,CT-035,IPC 498A
FIR-001178,CT-033,IPC 384
FIR-001179,CT-002,IPC 379
FIR-001180,CT-027,IPC 307
FIR-001181,CT-010,IPC 420
FIR-001182,CT-031,IPC 406
FIR-001183,CT-004,IPC 392
FIR-001184,CT-009,IPC 394
FIR-001185,CT-020,BNS TBD - verify
FIR-001186,CT-021,BNS TBD - verify
FIR-001187,CT-043,BNS TBD - verify
FIR-001188,CT-037,BNS TBD - verify
FIR-001189,CT-002,BNS 303
FIR-001190,CT-036,BNS TBD - verify
FIR-001191,CT-024,BNS TBD - verify
FIR-001192,CT-032,BNS TBD - verify
FIR-001193,CT-016,BNS 103 (murder)
FIR-001194,CT-036,BNS TBD - verify
FIR-001195,CT-022,BNS TBD - verify
FIR-001196,CT-023,BNS TBD - verify
FIR-001197,CT-019,BNS TBD - verify
FIR-001198,CT-001,BNS 303
FIR-001199,CT-040,BNS TBD - verify
FIR-001200,CT-041,BNS TBD - verify
FIR-001201,CT-023,BNS TBD - verify
FIR-001202,CT-011,BNS TBD - verify
FIR-001203,CT-035,BNS TBD - verify
FIR-001204,CT-027,BNS TBD - verify
FIR-001205,CT-013,BNS 67A (IT Act - unaffected by BNS)
FIR-001206,CT-002,BNS 303
FIR-001207,CT-034,BNS TBD - verify
FIR-001208,CT-030,BNS TBD - verify
FIR-001209,CT-037,BNS TBD - verify
FIR-001210,CT-021,BNS TBD - verify
FIR-001211,CT-002,BNS 303
FIR-001212,CT-008,BNS TBD - verify
FIR-001213,CT-044,BNS TBD - verify
FIR-001214,CT-026,BNS TBD - verify
FIR-001215,CT-028,BNS TBD - verify
FIR-001216,CT-042,BNS TBD - verify
FIR-001217,CT-019,BNS TBD - verify
FIR-001218,CT-039,BNS TBD - verify
FIR-001219,CT-033,BNS TBD - verify
FIR-001220,CT-039,BNS TBD - verify
FIR-001221,CT-045,IPC 447
FIR-001222,CT-003,IPC 379
FIR-001223,CT-041,IPC 354D
FIR-001224,CT-026,IPC 353
FIR-001225,CT-007,IPC 323
FIR-001226,CT-021,IPC 379
FIR-001227,CT-015,IPC 304B
FIR-001228,CT-003,IPC 379
FIR-001229,CT-024,IPC 379
FIR-001230,CT-042,IPC 457
FIR-001231,CT-040,IPC 66D (IT Act)
FIR-001232,CT-005,IPC 395
FIR-001233,CT-032,IPC 392
FIR-001234,CT-018,IPC 427
FIR-001235,CT-035,IPC 498A
FIR-001236,CT-021,IPC 379
FIR-001237,CT-030,IPC 138 (NI Act)
FIR-001238,CT-031,IPC 406
FIR-001239,CT-003,IPC 379
FIR-001240,CT-019,IPC 379
FIR-001241,CT-030,IPC 138 (NI Act)
FIR-001242,CT-042,IPC 457
FIR-001243,CT-031,IPC 406
FIR-001244,CT-018,IPC 427
FIR-001245,CT-002,IPC 379
FIR-001246,CT-043,IPC 458
FIR-001247,CT-001,IPC 379
FIR-001248,CT-019,IPC 379
FIR-001249,CT-007,IPC 323
FIR-001250,CT-010,IPC 420
FIR-001251,CT-022,IPC 379
FIR-001252,CT-008,IPC 325
FIR-001253,CT-030,IPC 138 (NI Act)
FIR-001254,CT-029,IPC 420
FIR-001255,CT-022,IPC 379
FIR-001256,CT-019,IPC 379
FIR-001257,CT-014,IPC 498A
FIR-001258,CT-011,IPC 468
FIR-001259,CT-002,IPC 379
FIR-001260,CT-025,IPC 379
FIR-001261,CT-021,IPC 379
FIR-001262,CT-029,IPC 420
FIR-001263,CT-019,IPC 379
FIR-001264,CT-026,IPC 353
FIR-001265,CT-026,IPC 353
FIR-001266,CT-026,IPC 353
FIR-001267,CT-014,IPC 498A
FIR-001268,CT-019,IPC 379
FIR-001269,CT-019,IPC 379
FIR-001270,CT-010,IPC 420
FIR-001271,CT-021,IPC 379
FIR-001272,CT-031,IPC 406
FIR-001273,CT-027,IPC 307
FIR-001274,CT-021,IPC 379
FIR-001275,CT-026,IPC 353
FIR-001276,CT-004,IPC 392
FIR-001277,CT-021,IPC 379
FIR-001278,CT-020,IPC 379
FIR-001279,CT-031,IPC 406
FIR-001280,CT-041,IPC 354D
FIR-001281,CT-001,IPC 379
FIR-001282,CT-002,IPC 379
FIR-001283,CT-006,IPC 454
FIR-001284,CT-039,IPC 66D (IT Act)
FIR-001285,CT-023,IPC 379
FIR-001286,CT-003,IPC 379
FIR-001287,CT-033,IPC 384
FIR-001288,CT-025,IPC 379
FIR-001289,CT-020,IPC 379
FIR-001290,CT-004,IPC 392
FIR-001291,CT-043,IPC 458
FIR-001292,CT-020,IPC 379
FIR-001293,CT-021,IPC 379
FIR-001294,CT-032,IPC 392
FIR-001295,CT-011,IPC 468
FIR-001296,CT-007,IPC 323
FIR-001297,CT-028,IPC 506
FIR-001298,CT-002,IPC 379
FIR-001299,CT-009,IPC 394
FIR-001300,CT-019,IPC 379
FIR-001301,CT-009,IPC 394
FIR-001302,CT-038,IPC 66C (IT Act)
FIR-001303,CT-010,IPC 420
FIR-001304,CT-011,IPC 468
FIR-001305,CT-024,BNS TBD - verify
FIR-001306,CT-004,BNS TBD - verify
FIR-001307,CT-006,BNS 331 (verify)
FIR-001308,CT-024,BNS TBD - verify
FIR-001309,CT-040,BNS TBD - verify
FIR-001310,CT-024,BNS TBD - verify
FIR-001311,CT-023,BNS TBD - verify
FIR-001312,CT-020,BNS TBD - verify
FIR-001313,CT-001,BNS 303
FIR-001314,CT-002,BNS 303
FIR-001315,CT-024,BNS TBD - verify
FIR-001316,CT-026,BNS TBD - verify
FIR-001317,CT-033,BNS TBD - verify
FIR-001318,CT-037,BNS TBD - verify
FIR-001319,CT-012,BNS 66C
FIR-001320,CT-038,BNS TBD - verify
FIR-001321,CT-011,BNS TBD - verify
FIR-001322,CT-011,BNS TBD - verify
FIR-001323,CT-010,BNS 318
FIR-001324,CT-034,BNS TBD - verify
FIR-001325,CT-037,BNS TBD - verify
FIR-001326,CT-003,BNS 304
FIR-001327,CT-001,BNS 303
FIR-001328,CT-029,BNS TBD - verify
FIR-001329,CT-034,BNS TBD - verify
FIR-001330,CT-008,BNS TBD - verify
FIR-001331,CT-028,BNS TBD - verify
FIR-001332,CT-019,BNS TBD - verify
FIR-001333,CT-021,BNS TBD - verify
FIR-001334,CT-020,BNS TBD - verify
FIR-001335,CT-030,BNS TBD - verify
FIR-001336,CT-033,BNS TBD - verify
FIR-001337,CT-027,BNS TBD - verify
FIR-001338,CT-029,BNS TBD - verify
FIR-001339,CT-019,BNS TBD - verify
FIR-001340,CT-002,BNS 303
FIR-001341,CT-025,IPC 379
FIR-001342,CT-002,IPC 379
FIR-001343,CT-004,IPC 392
FIR-001344,CT-007,IPC 323
FIR-001345,CT-010,IPC 420
FIR-001346,CT-035,IPC 498A
FIR-001347,CT-033,IPC 384
FIR-001348,CT-029,IPC 420
FIR-001349,CT-014,IPC 498A
FIR-001350,CT-027,IPC 307
FIR-001351,CT-026,IPC 353
FIR-001352,CT-026,IPC 353
FIR-001353,CT-040,IPC 66D (IT Act)
FIR-001354,CT-021,IPC 379
FIR-001355,CT-010,IPC 420
FIR-001356,CT-021,IPC 379
FIR-001357,CT-038,IPC 66C (IT Act)
FIR-001358,CT-025,IPC 379
FIR-001359,CT-015,IPC 304B
FIR-001360,CT-029,IPC 420
FIR-001361,CT-009,IPC 394
FIR-001362,CT-032,IPC 392
FIR-001363,CT-043,IPC 458
FIR-001364,CT-015,IPC 304B
FIR-001365,CT-014,IPC 498A
FIR-001366,CT-002,IPC 379
FIR-001367,CT-009,IPC 394
FIR-001368,CT-004,IPC 392
FIR-001369,CT-026,IPC 353
FIR-001370,CT-043,IPC 458
FIR-001371,CT-005,IPC 395
FIR-001372,CT-027,IPC 307
FIR-001373,CT-013,IPC 67A (IT Act)
FIR-001374,CT-001,IPC 379
FIR-001375,CT-033,IPC 384
FIR-001376,CT-022,IPC 379
FIR-001377,CT-010,IPC 420
FIR-001378,CT-026,IPC 353
FIR-001379,CT-004,IPC 392
FIR-001380,CT-008,IPC 325
FIR-001381,CT-009,IPC 394
FIR-001382,CT-029,IPC 420
FIR-001383,CT-009,IPC 394
FIR-001384,CT-028,IPC 506
FIR-001385,CT-001,IPC 379
FIR-001386,CT-020,IPC 379
FIR-001387,CT-033,IPC 384
FIR-001388,CT-034,IPC 393
FIR-001389,CT-023,IPC 379
FIR-001390,CT-008,IPC 325
FIR-001391,CT-009,IPC 394
FIR-001392,CT-031,IPC 406
FIR-001393,CT-037,IPC 498A
FIR-001394,CT-022,IPC 379
FIR-001395,CT-022,IPC 379
FIR-001396,CT-012,IPC 66C
FIR-001397,CT-035,IPC 498A
FIR-001398,CT-023,IPC 379
FIR-001399,CT-032,IPC 392
FIR-001400,CT-027,IPC 307
FIR-001401,CT-007,IPC 323
FIR-001402,CT-043,IPC 458
FIR-001403,CT-020,IPC 379
FIR-001404,CT-036,IPC 3
FIR-001405,CT-005,IPC 395
FIR-001406,CT-021,IPC 379
FIR-001407,CT-020,IPC 379
FIR-001408,CT-019,IPC 379
FIR-001409,CT-002,IPC 379
FIR-001410,CT-010,IPC 420
FIR-001411,CT-019,IPC 379
FIR-001412,CT-030,IPC 138 (NI Act)
FIR-001413,CT-039,IPC 66D (IT Act)
FIR-001414,CT-035,IPC 498A
FIR-001415,CT-039,IPC 66D (IT Act)
FIR-001416,CT-014,IPC 498A
FIR-001417,CT-024,IPC 379
FIR-001418,CT-006,IPC 454
FIR-001419,CT-031,IPC 406
FIR-001420,CT-002,IPC 379
FIR-001421,CT-028,IPC 506
FIR-001422,CT-002,IPC 379
FIR-001423,CT-021,IPC 379
FIR-001424,CT-011,IPC 468
FIR-001425,CT-023,IPC 379
FIR-001426,CT-003,IPC 379
FIR-001427,CT-022,IPC 379
FIR-001428,CT-040,IPC 66D (IT Act)
FIR-001429,CT-021,IPC 379
FIR-001430,CT-014,IPC 498A
FIR-001431,CT-003,IPC 379
FIR-001432,CT-030,IPC 138 (NI Act)
FIR-001433,CT-006,IPC 454
FIR-001434,CT-022,IPC 379
FIR-001435,CT-021,IPC 379
FIR-001436,CT-027,IPC 307
FIR-001437,CT-028,IPC 506
FIR-001438,CT-014,IPC 498A
FIR-001439,CT-037,IPC 498A
FIR-001440,CT-031,IPC 406
FIR-001441,CT-019,IPC 379
FIR-001442,CT-011,IPC 468
FIR-001443,CT-014,IPC 498A
FIR-001444,CT-001,IPC 379
FIR-001445,CT-028,IPC 506
FIR-001446,CT-023,IPC 379
FIR-001447,CT-016,IPC 302
FIR-001448,CT-002,IPC 379
FIR-001449,CT-026,IPC 353
FIR-001450,CT-024,IPC 379
FIR-001451,CT-022,IPC 379
FIR-001452,CT-041,IPC 354D
FIR-001453,CT-031,IPC 406
FIR-001454,CT-008,IPC 325
FIR-001455,CT-043,IPC 458
FIR-001456,CT-019,IPC 379
FIR-001457,CT-002,IPC 379
FIR-001458,CT-020,IPC 379
FIR-001459,CT-040,IPC 66D (IT Act)
FIR-001460,CT-044,IPC 268
FIR-001461,CT-021,IPC 379
FIR-001462,CT-032,IPC 392
FIR-001463,CT-010,IPC 420
FIR-001464,CT-020,IPC 379
FIR-001465,CT-024,IPC 379
FIR-001466,CT-030,IPC 138 (NI Act)
FIR-001467,CT-034,IPC 393
FIR-001468,CT-007,IPC 323
FIR-001469,CT-011,IPC 468
FIR-001470,CT-034,IPC 393
FIR-001471,CT-029,IPC 420
FIR-001472,CT-023,IPC 379
FIR-001473,CT-019,IPC 379
FIR-001474,CT-021,IPC 379
FIR-001475,CT-011,IPC 468
FIR-001476,CT-009,IPC 394
FIR-001477,CT-025,IPC 379
FIR-001478,CT-028,IPC 506
FIR-001479,CT-011,IPC 468
FIR-001480,CT-003,IPC 379
FIR-001481,CT-029,IPC 420
FIR-001482,CT-028,IPC 506
FIR-001483,CT-027,IPC 307
FIR-001484,CT-001,IPC 379
FIR-001485,CT-040,IPC 66D (IT Act)
FIR-001486,CT-021,IPC 379
FIR-001487,CT-001,IPC 379
FIR-001488,CT-021,IPC 379
FIR-001489,CT-002,IPC 379
FIR-001490,CT-042,IPC 457
FIR-001491,CT-025,IPC 379
FIR-001492,CT-004,IPC 392
FIR-001493,CT-011,IPC 468
FIR-001494,CT-040,IPC 66D (IT Act)
FIR-001495,CT-019,IPC 379
FIR-001496,CT-009,IPC 394
FIR-001497,CT-032,IPC 392
FIR-001498,CT-033,IPC 384
FIR-001499,CT-003,IPC 379
FIR-001500,CT-006,IPC 454
FIR-001501,CT-029,IPC 420
FIR-001502,CT-027,IPC 307
FIR-001503,CT-011,IPC 468
FIR-001504,CT-019,IPC 379
FIR-001505,CT-028,IPC 506
FIR-001506,CT-001,IPC 379
FIR-001507,CT-029,IPC 420
FIR-001508,CT-010,IPC 420
FIR-001509,CT-033,IPC 384
FIR-001510,CT-003,IPC 379
FIR-001511,CT-022,IPC 379
FIR-001512,CT-010,IPC 420
FIR-001513,CT-002,IPC 379
FIR-001514,CT-010,IPC 420
FIR-001515,CT-020,IPC 379
FIR-001516,CT-017,IPC 363
FIR-001517,CT-020,IPC 379
FIR-001518,CT-023,IPC 379
FIR-001519,CT-007,IPC 323
FIR-001520,CT-002,IPC 379
FIR-001521,CT-027,BNS TBD - verify
FIR-001522,CT-034,BNS TBD - verify
FIR-001523,CT-033,BNS TBD - verify
FIR-001524,CT-039,BNS TBD - verify
FIR-001525,CT-010,BNS 318
FIR-001526,CT-012,BNS 66C
FIR-001527,CT-005,BNS TBD - verify
FIR-001528,CT-039,BNS TBD - verify
FIR-001529,CT-003,BNS 304
FIR-001530,CT-010,BNS 318
FIR-001531,CT-014,BNS 85
FIR-001532,CT-028,BNS TBD - verify
FIR-001533,CT-023,BNS TBD - verify
FIR-001534,CT-009,BNS 296
FIR-001535,CT-027,BNS TBD - verify
FIR-001536,CT-020,BNS TBD - verify
FIR-001537,CT-011,BNS TBD - verify
FIR-001538,CT-029,BNS TBD - verify
FIR-001539,CT-021,BNS TBD - verify
FIR-001540,CT-029,BNS TBD - verify
FIR-001541,CT-006,BNS 331 (verify)
FIR-001542,CT-025,BNS TBD - verify
FIR-001543,CT-040,BNS TBD - verify
FIR-001544,CT-028,BNS TBD - verify
FIR-001545,CT-026,BNS TBD - verify
FIR-001546,CT-026,BNS TBD - verify
FIR-001547,CT-001,BNS 303
FIR-001548,CT-033,BNS TBD - verify
FIR-001549,CT-036,BNS TBD - verify
FIR-001550,CT-034,BNS TBD - verify
FIR-001551,CT-033,BNS TBD - verify
FIR-001552,CT-009,BNS 296
FIR-001553,CT-012,BNS 66C
FIR-001554,CT-019,BNS TBD - verify
FIR-001555,CT-009,BNS 296
FIR-001556,CT-008,BNS TBD - verify
FIR-001557,CT-034,BNS TBD - verify
FIR-001558,CT-009,BNS 296
FIR-001559,CT-042,BNS TBD - verify
FIR-001560,CT-014,BNS 85
FIR-001561,CT-009,BNS 296
FIR-001562,CT-022,BNS TBD - verify
FIR-001563,CT-023,BNS TBD - verify
FIR-001564,CT-020,BNS TBD - verify
FIR-001565,CT-023,BNS TBD - verify
FIR-001566,CT-020,BNS TBD - verify
FIR-001567,CT-041,BNS TBD - verify
FIR-001568,CT-025,BNS TBD - verify
FIR-001569,CT-024,BNS TBD - verify
FIR-001570,CT-022,BNS TBD - verify
FIR-001571,CT-031,BNS TBD - verify
FIR-001572,CT-023,BNS TBD - verify
FIR-001573,CT-034,BNS TBD - verify
FIR-001574,CT-011,BNS TBD - verify
FIR-001575,CT-002,BNS 303
FIR-001576,CT-006,BNS 331 (verify)
FIR-001577,CT-036,BNS TBD - verify
FIR-001578,CT-021,BNS TBD - verify
FIR-001579,CT-025,BNS TBD - verify
FIR-001580,CT-033,BNS TBD - verify
FIR-001581,CT-022,BNS TBD - verify
FIR-001582,CT-020,BNS TBD - verify
FIR-001583,CT-007,BNS TBD - verify
FIR-001584,CT-019,BNS TBD - verify
FIR-001585,CT-024,BNS TBD - verify
FIR-001586,CT-011,BNS TBD - verify
FIR-001587,CT-023,BNS TBD - verify
FIR-001588,CT-021,BNS TBD - verify
FIR-001589,CT-010,BNS 318
FIR-001590,CT-028,BNS TBD - verify
FIR-001591,CT-020,BNS TBD - verify
FIR-001592,CT-022,BNS TBD - verify
FIR-001593,CT-019,BNS TBD - verify
FIR-001594,CT-001,BNS 303
FIR-001595,CT-017,BNS 137 (verify split across subsections)
FIR-001596,CT-001,BNS 303
FIR-001597,CT-034,BNS TBD - verify
FIR-001598,CT-029,BNS TBD - verify
FIR-001599,CT-030,BNS TBD - verify
FIR-001600,CT-014,BNS 85
FIR-001601,CT-023,IPC 379
FIR-001602,CT-003,IPC 379
FIR-001603,CT-037,IPC 498A
FIR-001604,CT-023,IPC 379
FIR-001605,CT-029,IPC 420
FIR-001606,CT-002,IPC 379
FIR-001607,CT-007,IPC 323
FIR-001608,CT-027,IPC 307
FIR-001609,CT-011,IPC 468
FIR-001610,CT-031,IPC 406
FIR-001611,CT-007,IPC 323
FIR-001612,CT-007,IPC 323
FIR-001613,CT-027,IPC 307
FIR-001614,CT-024,IPC 379
FIR-001615,CT-018,IPC 427
FIR-001616,CT-042,IPC 457
FIR-001617,CT-039,IPC 66D (IT Act)
FIR-001618,CT-008,IPC 325
FIR-001619,CT-014,IPC 498A
FIR-001620,CT-007,IPC 323
FIR-001621,CT-027,IPC 307
FIR-001622,CT-031,IPC 406
FIR-001623,CT-012,IPC 66C
FIR-001624,CT-008,IPC 325
FIR-001625,CT-006,IPC 454
FIR-001626,CT-022,IPC 379
FIR-001627,CT-011,IPC 468
FIR-001628,CT-002,IPC 379
FIR-001629,CT-030,IPC 138 (NI Act)
FIR-001630,CT-034,IPC 393
FIR-001631,CT-027,IPC 307
FIR-001632,CT-022,IPC 379
FIR-001633,CT-023,IPC 379
FIR-001634,CT-022,IPC 379
FIR-001635,CT-022,IPC 379
FIR-001636,CT-014,IPC 498A
FIR-001637,CT-023,IPC 379
FIR-001638,CT-025,IPC 379
FIR-001639,CT-021,IPC 379
FIR-001640,CT-028,IPC 506
FIR-001641,CT-022,IPC 379
FIR-001642,CT-026,IPC 353
FIR-001643,CT-034,IPC 393
FIR-001644,CT-016,IPC 302
FIR-001645,CT-019,IPC 379
FIR-001646,CT-022,IPC 379
FIR-001647,CT-004,IPC 392
FIR-001648,CT-029,IPC 420
FIR-001649,CT-008,IPC 325
FIR-001650,CT-025,IPC 379
FIR-001651,CT-021,IPC 379
FIR-001652,CT-010,IPC 420
FIR-001653,CT-028,IPC 506
FIR-001654,CT-010,IPC 420
FIR-001655,CT-039,IPC 66D (IT Act)
FIR-001656,CT-005,IPC 395
FIR-001657,CT-032,IPC 392
FIR-001658,CT-021,IPC 379
FIR-001659,CT-035,IPC 498A
FIR-001660,CT-023,IPC 379
FIR-001661,CT-004,IPC 392
FIR-001662,CT-025,IPC 379
FIR-001663,CT-023,IPC 379
FIR-001664,CT-032,IPC 392
FIR-001665,CT-021,IPC 379
FIR-001666,CT-001,IPC 379
FIR-001667,CT-020,IPC 379
FIR-001668,CT-027,IPC 307
FIR-001669,CT-002,IPC 379
FIR-001670,CT-045,IPC 447
FIR-001671,CT-040,IPC 66D (IT Act)
FIR-001672,CT-004,IPC 392
FIR-001673,CT-031,IPC 406
FIR-001674,CT-011,IPC 468
FIR-001675,CT-027,IPC 307
FIR-001676,CT-006,IPC 454
FIR-001677,CT-023,IPC 379
FIR-001678,CT-020,IPC 379
FIR-001679,CT-039,IPC 66D (IT Act)
FIR-001680,CT-035,IPC 498A
FIR-001681,CT-031,IPC 406
FIR-001682,CT-022,IPC 379
FIR-001683,CT-020,IPC 379
FIR-001684,CT-010,IPC 420
FIR-001685,CT-026,BNS TBD - verify
FIR-001686,CT-005,BNS TBD - verify
FIR-001687,CT-040,BNS TBD - verify
FIR-001688,CT-019,BNS TBD - verify
FIR-001689,CT-011,BNS TBD - verify
FIR-001690,CT-038,BNS TBD - verify
FIR-001691,CT-027,BNS TBD - verify
FIR-001692,CT-033,BNS TBD - verify
FIR-001693,CT-023,BNS TBD - verify
FIR-001694,CT-020,BNS TBD - verify
FIR-001695,CT-022,BNS TBD - verify
FIR-001696,CT-003,BNS 304
FIR-001697,CT-037,BNS TBD - verify
FIR-001698,CT-034,BNS TBD - verify
FIR-001699,CT-010,BNS 318
FIR-001700,CT-030,BNS TBD - verify
FIR-001701,CT-022,BNS TBD - verify
FIR-001702,CT-044,BNS TBD - verify
FIR-001703,CT-031,BNS TBD - verify
FIR-001704,CT-043,BNS TBD - verify
FIR-001705,CT-003,BNS 304
FIR-001706,CT-021,BNS TBD - verify
FIR-001707,CT-024,BNS TBD - verify
FIR-001708,CT-015,BNS 80
FIR-001709,CT-021,BNS TBD - verify
FIR-001710,CT-030,BNS TBD - verify
FIR-001711,CT-011,BNS TBD - verify
FIR-001712,CT-005,BNS TBD - verify
FIR-001713,CT-022,BNS TBD - verify
FIR-001714,CT-028,BNS TBD - verify
FIR-001715,CT-002,BNS 303
FIR-001716,CT-010,BNS 318
FIR-001717,CT-002,BNS 303
FIR-001718,CT-029,BNS TBD - verify
FIR-001719,CT-001,BNS 303
FIR-001720,CT-021,BNS TBD - verify
FIR-001721,CT-041,IPC 354D
FIR-001722,CT-020,IPC 379
FIR-001723,CT-021,IPC 379
FIR-001724,CT-009,IPC 394
FIR-001725,CT-022,IPC 379
FIR-001726,CT-003,IPC 379
FIR-001727,CT-024,IPC 379
FIR-001728,CT-004,IPC 392
FIR-001729,CT-009,IPC 394
FIR-001730,CT-036,IPC 3
FIR-001731,CT-030,IPC 138 (NI Act)
FIR-001732,CT-027,IPC 307
FIR-001733,CT-024,IPC 379
FIR-001734,CT-020,IPC 379
FIR-001735,CT-027,IPC 307
FIR-001736,CT-020,IPC 379
FIR-001737,CT-044,IPC 268
FIR-001738,CT-019,IPC 379
FIR-001739,CT-022,IPC 379
FIR-001740,CT-019,IPC 379
FIR-001741,CT-014,IPC 498A
FIR-001742,CT-008,IPC 325
FIR-001743,CT-030,IPC 138 (NI Act)
FIR-001744,CT-023,IPC 379
FIR-001745,CT-007,IPC 323
FIR-001746,CT-011,IPC 468
FIR-001747,CT-012,IPC 66C
FIR-001748,CT-023,IPC 379
FIR-001749,CT-035,IPC 498A
FIR-001750,CT-043,IPC 458
FIR-001751,CT-001,IPC 379
FIR-001752,CT-036,IPC 3
FIR-001753,CT-014,IPC 498A
FIR-001754,CT-034,IPC 393
FIR-001755,CT-022,IPC 379
FIR-001756,CT-033,IPC 384
FIR-001757,CT-042,IPC 457
FIR-001758,CT-004,IPC 392
FIR-001759,CT-039,IPC 66D (IT Act)
FIR-001760,CT-010,IPC 420
FIR-001761,CT-006,IPC 454
FIR-001762,CT-022,IPC 379
FIR-001763,CT-025,IPC 379
FIR-001764,CT-008,IPC 325
FIR-001765,CT-021,IPC 379
FIR-001766,CT-004,IPC 392
FIR-001767,CT-026,IPC 353
FIR-001768,CT-042,IPC 457
FIR-001769,CT-019,IPC 379
FIR-001770,CT-015,IPC 304B
FIR-001771,CT-011,IPC 468
FIR-001772,CT-041,IPC 354D
FIR-001773,CT-027,IPC 307
FIR-001774,CT-027,IPC 307
FIR-001775,CT-022,IPC 379
FIR-001776,CT-035,IPC 498A
FIR-001777,CT-008,IPC 325
FIR-001778,CT-028,IPC 506
FIR-001779,CT-022,IPC 379
FIR-001780,CT-009,IPC 394
FIR-001781,CT-021,IPC 379
FIR-001782,CT-029,IPC 420
FIR-001783,CT-026,IPC 353
FIR-001784,CT-025,IPC 379
FIR-001785,CT-017,IPC 363
FIR-001786,CT-009,IPC 394
FIR-001787,CT-009,IPC 394
FIR-001788,CT-021,IPC 379
FIR-001789,CT-026,IPC 353
FIR-001790,CT-009,IPC 394
FIR-001791,CT-020,IPC 379
FIR-001792,CT-027,IPC 307
FIR-001793,CT-003,IPC 379
FIR-001794,CT-025,IPC 379
FIR-001795,CT-009,IPC 394
FIR-001796,CT-031,IPC 406
FIR-001797,CT-034,IPC 393
FIR-001798,CT-001,IPC 379
FIR-001799,CT-005,IPC 395
FIR-001800,CT-021,IPC 379
FIR-001801,CT-027,IPC 307
FIR-001802,CT-026,IPC 353
FIR-001803,CT-027,IPC 307
FIR-001804,CT-033,IPC 384
FIR-001805,CT-022,IPC 379
FIR-001806,CT-028,IPC 506
FIR-001807,CT-027,IPC 307
FIR-001808,CT-005,IPC 395
FIR-001809,CT-018,IPC 427
FIR-001810,CT-029,IPC 420
FIR-001811,CT-030,IPC 138 (NI Act)
FIR-001812,CT-009,IPC 394
FIR-001813,CT-001,IPC 379
FIR-001814,CT-019,IPC 379
FIR-001815,CT-040,IPC 66D (IT Act)
FIR-001816,CT-002,IPC 379
FIR-001817,CT-029,IPC 420
FIR-001818,CT-020,IPC 379
FIR-001819,CT-003,IPC 379
FIR-001820,CT-030,IPC 138 (NI Act)
FIR-001821,CT-007,IPC 323
FIR-001822,CT-022,IPC 379
FIR-001823,CT-024,IPC 379
FIR-001824,CT-023,IPC 379
FIR-001825,CT-010,IPC 420
FIR-001826,CT-030,IPC 138 (NI Act)
FIR-001827,CT-028,IPC 506
FIR-001828,CT-045,IPC 447
FIR-001829,CT-009,IPC 394
FIR-001830,CT-010,IPC 420
FIR-001831,CT-011,IPC 468
FIR-001832,CT-031,IPC 406
FIR-001833,CT-007,IPC 323
FIR-001834,CT-041,IPC 354D
FIR-001835,CT-013,IPC 67A (IT Act)
FIR-001836,CT-024,IPC 379
FIR-001837,CT-020,IPC 379
FIR-001838,CT-012,IPC 66C
FIR-001839,CT-025,IPC 379
FIR-001840,CT-007,IPC 323
FIR-001841,CT-025,IPC 379
FIR-001842,CT-001,IPC 379
FIR-001843,CT-025,IPC 379
FIR-001844,CT-015,IPC 304B
FIR-001845,CT-029,IPC 420
FIR-001846,CT-019,IPC 379
FIR-001847,CT-025,IPC 379
FIR-001848,CT-034,IPC 393
FIR-001849,CT-023,IPC 379
FIR-001850,CT-043,IPC 458
FIR-001851,CT-023,IPC 379
FIR-001852,CT-007,IPC 323
FIR-001853,CT-020,IPC 379
FIR-001854,CT-030,IPC 138 (NI Act)
FIR-001855,CT-012,IPC 66C
FIR-001856,CT-021,IPC 379
FIR-001857,CT-026,IPC 353
FIR-001858,CT-019,IPC 379
FIR-001859,CT-033,IPC 384
FIR-001860,CT-012,IPC 66C
FIR-001861,CT-005,IPC 395
FIR-001862,CT-021,IPC 379
FIR-001863,CT-007,IPC 323
FIR-001864,CT-037,IPC 498A
FIR-001865,CT-007,IPC 323
FIR-001866,CT-007,IPC 323
FIR-001867,CT-002,IPC 379
FIR-001868,CT-017,IPC 363
FIR-001869,CT-005,IPC 395
FIR-001870,CT-026,IPC 353
FIR-001871,CT-027,IPC 307
FIR-001872,CT-028,IPC 506
FIR-001873,CT-021,IPC 379
FIR-001874,CT-031,IPC 406
FIR-001875,CT-001,IPC 379
FIR-001876,CT-033,IPC 384
FIR-001877,CT-001,IPC 379
FIR-001878,CT-031,IPC 406
FIR-001879,CT-034,IPC 393
FIR-001880,CT-019,IPC 379
FIR-001881,CT-027,IPC 307
FIR-001882,CT-022,IPC 379
FIR-001883,CT-032,IPC 392
FIR-001884,CT-022,IPC 379
FIR-001885,CT-041,IPC 354D
FIR-001886,CT-028,IPC 506
FIR-001887,CT-023,IPC 379
FIR-001888,CT-026,IPC 353
FIR-001889,CT-030,IPC 138 (NI Act)
FIR-001890,CT-045,IPC 447
FIR-001891,CT-020,IPC 379
FIR-001892,CT-017,IPC 363
FIR-001893,CT-009,IPC 394
FIR-001894,CT-018,IPC 427
FIR-001895,CT-021,IPC 379
FIR-001896,CT-007,IPC 323
FIR-001897,CT-027,IPC 307
FIR-001898,CT-010,IPC 420
FIR-001899,CT-033,IPC 384
FIR-001900,CT-020,IPC 379
FIR-001901,CT-024,BNS TBD - verify
FIR-001902,CT-020,BNS TBD - verify
FIR-001903,CT-008,BNS TBD - verify
FIR-001904,CT-039,BNS TBD - verify
FIR-001905,CT-015,BNS 80
FIR-001906,CT-009,BNS 296
FIR-001907,CT-027,BNS TBD - verify
FIR-001908,CT-020,BNS TBD - verify
FIR-001909,CT-009,BNS 296
FIR-001910,CT-001,BNS 303
FIR-001911,CT-022,BNS TBD - verify
FIR-001912,CT-006,BNS 331 (verify)
FIR-001913,CT-005,BNS TBD - verify
FIR-001914,CT-012,BNS 66C
FIR-001915,CT-011,BNS TBD - verify
FIR-001916,CT-024,BNS TBD - verify
FIR-001917,CT-010,BNS 318
FIR-001918,CT-038,BNS TBD - verify
FIR-001919,CT-019,BNS TBD - verify
FIR-001920,CT-027,BNS TBD - verify
FIR-001921,CT-026,BNS TBD - verify
FIR-001922,CT-003,BNS 304
FIR-001923,CT-021,BNS TBD - verify
FIR-001924,CT-011,BNS TBD - verify
FIR-001925,CT-029,BNS TBD - verify
FIR-001926,CT-008,BNS TBD - verify
FIR-001927,CT-025,BNS TBD - verify
FIR-001928,CT-021,BNS TBD - verify
FIR-001929,CT-005,BNS TBD - verify
FIR-001930,CT-024,BNS TBD - verify
FIR-001931,CT-019,BNS TBD - verify
FIR-001932,CT-029,BNS TBD - verify
FIR-001933,CT-004,BNS TBD - verify
FIR-001934,CT-028,BNS TBD - verify
FIR-001935,CT-005,BNS TBD - verify
FIR-001936,CT-029,BNS TBD - verify
FIR-001937,CT-013,BNS 67A (IT Act - unaffected by BNS)
FIR-001938,CT-034,BNS TBD - verify
FIR-001939,CT-038,BNS TBD - verify
FIR-001940,CT-022,BNS TBD - verify
FIR-001941,CT-009,BNS 296
FIR-001942,CT-042,BNS TBD - verify
FIR-001943,CT-020,BNS TBD - verify
FIR-001944,CT-006,BNS 331 (verify)
FIR-001945,CT-010,BNS 318
FIR-001946,CT-001,BNS 303
FIR-001947,CT-031,BNS TBD - verify
FIR-001948,CT-022,BNS TBD - verify
FIR-001949,CT-023,BNS TBD - verify
FIR-001950,CT-027,BNS TBD - verify
FIR-001951,CT-033,BNS TBD - verify
FIR-001952,CT-019,BNS TBD - verify
FIR-001953,CT-020,BNS TBD - verify
FIR-001954,CT-022,BNS TBD - verify
FIR-001955,CT-003,BNS 304
FIR-001956,CT-026,BNS TBD - verify
FIR-001957,CT-019,BNS TBD - verify
FIR-001958,CT-041,BNS TBD - verify
FIR-001959,CT-021,BNS TBD - verify
FIR-001960,CT-014,BNS 85
FIR-001961,CT-020,BNS TBD - verify
FIR-001962,CT-026,BNS TBD - verify
FIR-001963,CT-021,BNS TBD - verify
FIR-001964,CT-013,BNS 67A (IT Act - unaffected by BNS)
FIR-001965,CT-019,BNS TBD - verify
FIR-001966,CT-022,BNS TBD - verify
FIR-001967,CT-044,BNS TBD - verify
FIR-001968,CT-020,BNS TBD - verify
FIR-001969,CT-002,BNS 303
FIR-001970,CT-010,BNS 318
FIR-001971,CT-023,BNS TBD - verify
FIR-001972,CT-010,BNS 318
FIR-001973,CT-010,BNS 318
FIR-001974,CT-023,BNS TBD - verify
FIR-001975,CT-028,BNS TBD - verify
FIR-001976,CT-033,BNS TBD - verify
FIR-001977,CT-005,BNS TBD - verify
FIR-001978,CT-028,BNS TBD - verify
FIR-001979,CT-020,BNS TBD - verify
FIR-001980,CT-013,BNS 67A (IT Act - unaffected by BNS)
FIR-001981,CT-025,IPC 379
FIR-001982,CT-040,IPC 66D (IT Act)
FIR-001983,CT-007,IPC 323
FIR-001984,CT-027,IPC 307
FIR-001985,CT-019,IPC 379
FIR-001986,CT-010,IPC 420
FIR-001987,CT-007,IPC 323
FIR-001988,CT-008,IPC 325
FIR-001989,CT-002,IPC 379
FIR-001990,CT-023,IPC 379
FIR-001991,CT-022,IPC 379
FIR-001992,CT-019,IPC 379
FIR-001993,CT-030,IPC 138 (NI Act)
FIR-001994,CT-044,IPC 268
FIR-001995,CT-014,IPC 498A
FIR-001996,CT-034,IPC 393
FIR-001997,CT-025,IPC 379
FIR-001998,CT-019,IPC 379
FIR-001999,CT-019,IPC 379
FIR-002000,CT-005,IPC 395
FIR-002001,CT-028,IPC 506
FIR-002002,CT-015,IPC 304B
FIR-002003,CT-030,IPC 138 (NI Act)
FIR-002004,CT-022,IPC 379
FIR-002005,CT-034,IPC 393
FIR-002006,CT-003,IPC 379
FIR-002007,CT-016,IPC 302
FIR-002008,CT-024,IPC 379
FIR-002009,CT-001,IPC 379
FIR-002010,CT-030,IPC 138 (NI Act)
FIR-002011,CT-008,IPC 325
FIR-002012,CT-021,IPC 379
FIR-002013,CT-019,IPC 379
FIR-002014,CT-026,IPC 353
FIR-002015,CT-034,IPC 393
FIR-002016,CT-024,IPC 379
FIR-002017,CT-030,IPC 138 (NI Act)
FIR-002018,CT-021,IPC 379
FIR-002019,CT-025,IPC 379
FIR-002020,CT-009,IPC 394
FIR-002021,CT-025,IPC 379
FIR-002022,CT-005,IPC 395
FIR-002023,CT-021,IPC 379
FIR-002024,CT-021,IPC 379
FIR-002025,CT-008,IPC 325
FIR-002026,CT-014,IPC 498A
FIR-002027,CT-022,IPC 379
FIR-002028,CT-043,IPC 458
FIR-002029,CT-001,IPC 379
FIR-002030,CT-001,IPC 379
FIR-002031,CT-024,IPC 379
FIR-002032,CT-030,IPC 138 (NI Act)
FIR-002033,CT-019,IPC 379
FIR-002034,CT-019,IPC 379
FIR-002035,CT-001,IPC 379
FIR-002036,CT-019,IPC 379
FIR-002037,CT-006,IPC 454
FIR-002038,CT-005,IPC 395
FIR-002039,CT-005,IPC 395
FIR-002040,CT-011,IPC 468
FIR-002041,CT-030,IPC 138 (NI Act)
FIR-002042,CT-002,IPC 379
FIR-002043,CT-001,IPC 379
FIR-002044,CT-042,IPC 457
FIR-002045,CT-043,IPC 458
FIR-002046,CT-022,IPC 379
FIR-002047,CT-039,IPC 66D (IT Act)
FIR-002048,CT-006,IPC 454
FIR-002049,CT-022,IPC 379
FIR-002050,CT-002,IPC 379
FIR-002051,CT-015,IPC 304B
FIR-002052,CT-022,IPC 379
FIR-002053,CT-012,IPC 66C
FIR-002054,CT-019,IPC 379
FIR-002055,CT-033,IPC 384
FIR-002056,CT-019,IPC 379
FIR-002057,CT-023,IPC 379
FIR-002058,CT-025,IPC 379
FIR-002059,CT-039,IPC 66D (IT Act)
FIR-002060,CT-001,IPC 379
FIR-002061,CT-039,IPC 66D (IT Act)
FIR-002062,CT-020,IPC 379
FIR-002063,CT-010,IPC 420
FIR-002064,CT-020,IPC 379
FIR-002065,CT-013,BNS 67A (IT Act - unaffected by BNS)
FIR-002066,CT-028,BNS TBD - verify
FIR-002067,CT-042,BNS TBD - verify
FIR-002068,CT-011,BNS TBD - verify
FIR-002069,CT-024,BNS TBD - verify
FIR-002070,CT-033,BNS TBD - verify
FIR-002071,CT-019,BNS TBD - verify
FIR-002072,CT-020,BNS TBD - verify
FIR-002073,CT-020,BNS TBD - verify
FIR-002074,CT-022,BNS TBD - verify
FIR-002075,CT-034,BNS TBD - verify
FIR-002076,CT-005,BNS TBD - verify
FIR-002077,CT-022,BNS TBD - verify
FIR-002078,CT-040,BNS TBD - verify
FIR-002079,CT-001,BNS 303
FIR-002080,CT-007,BNS TBD - verify
FIR-002081,CT-011,BNS TBD - verify
FIR-002082,CT-005,BNS TBD - verify
FIR-002083,CT-035,BNS TBD - verify
FIR-002084,CT-007,BNS TBD - verify
FIR-002085,CT-024,BNS TBD - verify
FIR-002086,CT-012,BNS 66C
FIR-002087,CT-026,BNS TBD - verify
FIR-002088,CT-001,BNS 303
FIR-002089,CT-008,BNS TBD - verify
FIR-002090,CT-001,BNS 303
FIR-002091,CT-006,BNS 331 (verify)
FIR-002092,CT-043,BNS TBD - verify
FIR-002093,CT-002,BNS 303
FIR-002094,CT-002,BNS 303
FIR-002095,CT-024,BNS TBD - verify
FIR-002096,CT-040,BNS TBD - verify
FIR-002097,CT-010,BNS 318
FIR-002098,CT-040,BNS TBD - verify
FIR-002099,CT-010,BNS 318
FIR-002100,CT-019,BNS TBD - verify
FIR-002101,CT-039,IPC 66D (IT Act)
FIR-002102,CT-029,IPC 420
FIR-002103,CT-011,IPC 468
FIR-002104,CT-015,IPC 304B
FIR-002105,CT-010,IPC 420
FIR-002106,CT-021,IPC 379
FIR-002107,CT-033,IPC 384
FIR-002108,CT-032,IPC 392
FIR-002109,CT-038,IPC 66C (IT Act)
FIR-002110,CT-025,IPC 379
FIR-002111,CT-007,IPC 323
FIR-002112,CT-021,IPC 379
FIR-002113,CT-015,IPC 304B
FIR-002114,CT-023,IPC 379
FIR-002115,CT-009,IPC 394
FIR-002116,CT-032,IPC 392
FIR-002117,CT-004,IPC 392
FIR-002118,CT-004,IPC 392
FIR-002119,CT-014,IPC 498A
FIR-002120,CT-025,IPC 379
FIR-002121,CT-005,IPC 395
FIR-002122,CT-022,IPC 379
FIR-002123,CT-009,IPC 394
FIR-002124,CT-006,IPC 454
FIR-002125,CT-036,IPC 3
FIR-002126,CT-026,IPC 353
FIR-002127,CT-032,IPC 392
FIR-002128,CT-024,IPC 379
FIR-002129,CT-041,IPC 354D
FIR-002130,CT-003,IPC 379
FIR-002131,CT-030,IPC 138 (NI Act)
FIR-002132,CT-019,IPC 379
FIR-002133,CT-022,IPC 379
FIR-002134,CT-022,IPC 379
FIR-002135,CT-026,IPC 353
FIR-002136,CT-014,IPC 498A
FIR-002137,CT-040,IPC 66D (IT Act)
FIR-002138,CT-025,IPC 379
FIR-002139,CT-001,IPC 379
FIR-002140,CT-003,IPC 379
FIR-002141,CT-036,IPC 3
FIR-002142,CT-034,IPC 393
FIR-002143,CT-019,IPC 379
FIR-002144,CT-012,IPC 66C
FIR-002145,CT-022,IPC 379
FIR-002146,CT-001,IPC 379
FIR-002147,CT-024,IPC 379
FIR-002148,CT-030,IPC 138 (NI Act)
FIR-002149,CT-031,IPC 406
FIR-002150,CT-035,IPC 498A
FIR-002151,CT-029,IPC 420
FIR-002152,CT-043,IPC 458
FIR-002153,CT-003,IPC 379
FIR-002154,CT-001,IPC 379
FIR-002155,CT-005,IPC 395
FIR-002156,CT-001,IPC 379
FIR-002157,CT-008,IPC 325
FIR-002158,CT-031,BNS TBD - verify
FIR-002159,CT-028,BNS TBD - verify
FIR-002160,CT-019,BNS TBD - verify
FIR-002161,CT-019,BNS TBD - verify
FIR-002162,CT-011,BNS TBD - verify
FIR-002163,CT-004,BNS TBD - verify
FIR-002164,CT-028,BNS TBD - verify
FIR-002165,CT-001,BNS 303
FIR-002166,CT-034,BNS TBD - verify
FIR-002167,CT-011,BNS TBD - verify
FIR-002168,CT-042,BNS TBD - verify
FIR-002169,CT-032,BNS TBD - verify
FIR-002170,CT-019,BNS TBD - verify
FIR-002171,CT-026,BNS TBD - verify
FIR-002172,CT-031,BNS TBD - verify
FIR-002173,CT-005,BNS TBD - verify
FIR-002174,CT-003,BNS 304
FIR-002175,CT-030,BNS TBD - verify
FIR-002176,CT-022,BNS TBD - verify
FIR-002177,CT-022,BNS TBD - verify
FIR-002178,CT-024,BNS TBD - verify
FIR-002179,CT-024,BNS TBD - verify
FIR-002180,CT-032,BNS TBD - verify
FIR-002181,CT-019,BNS TBD - verify
FIR-002182,CT-011,BNS TBD - verify
FIR-002183,CT-043,BNS TBD - verify
FIR-002184,CT-022,BNS TBD - verify
FIR-002185,CT-020,BNS TBD - verify
FIR-002186,CT-032,IPC 392
FIR-002187,CT-024,IPC 379
FIR-002188,CT-031,IPC 406
FIR-002189,CT-001,IPC 379
FIR-002190,CT-027,IPC 307
FIR-002191,CT-002,IPC 379
FIR-002192,CT-020,IPC 379
FIR-002193,CT-008,IPC 325
FIR-002194,CT-035,IPC 498A
FIR-002195,CT-026,IPC 353
FIR-002196,CT-014,IPC 498A
FIR-002197,CT-026,IPC 353
FIR-002198,CT-006,IPC 454
FIR-002199,CT-019,IPC 379
FIR-002200,CT-035,IPC 498A
FIR-002201,CT-001,IPC 379
FIR-002202,CT-016,IPC 302
FIR-002203,CT-006,IPC 454
FIR-002204,CT-019,IPC 379
FIR-002205,CT-042,IPC 457
FIR-002206,CT-040,IPC 66D (IT Act)
FIR-002207,CT-022,IPC 379
FIR-002208,CT-044,IPC 268
FIR-002209,CT-005,IPC 395
FIR-002210,CT-021,IPC 379
FIR-002211,CT-024,IPC 379
FIR-002212,CT-035,IPC 498A
FIR-002213,CT-030,IPC 138 (NI Act)
FIR-002214,CT-004,IPC 392
FIR-002215,CT-019,IPC 379
FIR-002216,CT-026,IPC 353
FIR-002217,CT-002,IPC 379
FIR-002218,CT-044,IPC 268
FIR-002219,CT-040,IPC 66D (IT Act)
FIR-002220,CT-021,IPC 379
FIR-002221,CT-019,IPC 379
FIR-002222,CT-021,IPC 379
FIR-002223,CT-001,IPC 379
FIR-002224,CT-011,IPC 468
FIR-002225,CT-018,IPC 427
FIR-002226,CT-030,IPC 138 (NI Act)
FIR-002227,CT-024,IPC 379
FIR-002228,CT-032,IPC 392
FIR-002229,CT-010,IPC 420
FIR-002230,CT-015,IPC 304B
FIR-002231,CT-002,IPC 379
FIR-002232,CT-009,IPC 394
FIR-002233,CT-015,IPC 304B
FIR-002234,CT-041,IPC 354D
FIR-002235,CT-030,IPC 138 (NI Act)
FIR-002236,CT-011,IPC 468
FIR-002237,CT-038,IPC 66C (IT Act)
FIR-002238,CT-024,IPC 379
FIR-002239,CT-040,IPC 66D (IT Act)
FIR-002240,CT-026,IPC 353
FIR-002241,CT-035,IPC 498A
FIR-002242,CT-038,IPC 66C (IT Act)
FIR-002243,CT-010,BNS 318
FIR-002244,CT-005,BNS TBD - verify
FIR-002245,CT-019,BNS TBD - verify
FIR-002246,CT-003,BNS 304
FIR-002247,CT-025,BNS TBD - verify
FIR-002248,CT-024,BNS TBD - verify
FIR-002249,CT-006,BNS 331 (verify)
FIR-002250,CT-034,BNS TBD - verify
FIR-002251,CT-001,BNS 303
FIR-002252,CT-008,BNS TBD - verify
FIR-002253,CT-008,BNS TBD - verify
FIR-002254,CT-020,BNS TBD - verify
FIR-002255,CT-009,BNS 296
FIR-002256,CT-033,BNS TBD - verify
FIR-002257,CT-031,BNS TBD - verify
FIR-002258,CT-007,BNS TBD - verify
FIR-002259,CT-023,BNS TBD - verify
FIR-002260,CT-031,BNS TBD - verify
FIR-002261,CT-036,BNS TBD - verify
FIR-002262,CT-015,BNS 80
FIR-002263,CT-001,BNS 303
FIR-002264,CT-003,BNS 304
FIR-002265,CT-023,BNS TBD - verify
FIR-002266,CT-003,BNS 304
FIR-002267,CT-023,BNS TBD - verify
FIR-002268,CT-036,BNS TBD - verify
FIR-002269,CT-030,BNS TBD - verify
FIR-002270,CT-007,BNS TBD - verify
FIR-002271,CT-012,IPC 66C
FIR-002272,CT-026,IPC 353
FIR-002273,CT-019,IPC 379
FIR-002274,CT-019,IPC 379
FIR-002275,CT-021,IPC 379
FIR-002276,CT-029,IPC 420
FIR-002277,CT-028,IPC 506
FIR-002278,CT-002,IPC 379
FIR-002279,CT-010,IPC 420
FIR-002280,CT-043,IPC 458
FIR-002281,CT-040,IPC 66D (IT Act)
FIR-002282,CT-043,IPC 458
FIR-002283,CT-040,IPC 66D (IT Act)
FIR-002284,CT-006,IPC 454
FIR-002285,CT-020,IPC 379
FIR-002286,CT-025,IPC 379
FIR-002287,CT-021,IPC 379
FIR-002288,CT-010,IPC 420
FIR-002289,CT-043,IPC 458
FIR-002290,CT-041,IPC 354D
FIR-002291,CT-024,IPC 379
FIR-002292,CT-005,IPC 395
FIR-002293,CT-018,IPC 427
FIR-002294,CT-008,IPC 325
FIR-002295,CT-023,IPC 379
FIR-002296,CT-038,IPC 66C (IT Act)
FIR-002297,CT-033,IPC 384
FIR-002298,CT-032,IPC 392
FIR-002299,CT-023,IPC 379
FIR-002300,CT-020,IPC 379
FIR-002301,CT-001,IPC 379
FIR-002302,CT-003,IPC 379
FIR-002303,CT-024,IPC 379
FIR-002304,CT-036,IPC 3
FIR-002305,CT-031,IPC 406
FIR-002306,CT-022,IPC 379
FIR-002307,CT-008,IPC 325
FIR-002308,CT-005,IPC 395
FIR-002309,CT-002,IPC 379
FIR-002310,CT-025,IPC 379
FIR-002311,CT-034,IPC 393
FIR-002312,CT-019,IPC 379
FIR-002313,CT-042,IPC 457
FIR-002314,CT-026,IPC 353
FIR-002315,CT-017,IPC 363
FIR-002316,CT-026,IPC 353
FIR-002317,CT-023,IPC 379
FIR-002318,CT-029,IPC 420
FIR-002319,CT-016,IPC 302
FIR-002320,CT-022,IPC 379
FIR-002321,CT-004,IPC 392
FIR-002322,CT-012,IPC 66C
FIR-002323,CT-028,IPC 506
FIR-002324,CT-021,IPC 379
FIR-002325,CT-020,IPC 379
FIR-002326,CT-022,IPC 379
FIR-002327,CT-043,IPC 458
FIR-002328,CT-018,BNS 324 range (verify)
FIR-002329,CT-009,BNS 296
FIR-002330,CT-020,BNS TBD - verify
FIR-002331,CT-022,BNS TBD - verify
FIR-002332,CT-002,BNS 303
FIR-002333,CT-009,BNS 296
FIR-002334,CT-003,BNS 304
FIR-002335,CT-012,BNS 66C
FIR-002336,CT-027,BNS TBD - verify
FIR-002337,CT-021,BNS TBD - verify
FIR-002338,CT-021,BNS TBD - verify
FIR-002339,CT-022,BNS TBD - verify
FIR-002340,CT-005,BNS TBD - verify
FIR-002341,CT-030,BNS TBD - verify
FIR-002342,CT-037,BNS TBD - verify
FIR-002343,CT-010,BNS 318
FIR-002344,CT-027,BNS TBD - verify
FIR-002345,CT-023,BNS TBD - verify
FIR-002346,CT-011,BNS TBD - verify
FIR-002347,CT-028,BNS TBD - verify
FIR-002348,CT-025,BNS TBD - verify
FIR-002349,CT-033,BNS TBD - verify
FIR-002350,CT-003,BNS 304
FIR-002351,CT-033,BNS TBD - verify
FIR-002352,CT-032,BNS TBD - verify
FIR-002353,CT-026,BNS TBD - verify
FIR-002354,CT-033,BNS TBD - verify
FIR-002355,CT-027,BNS TBD - verify
FIR-002356,CT-042,IPC 457
FIR-002357,CT-033,IPC 384
FIR-002358,CT-031,IPC 406
FIR-002359,CT-002,IPC 379
FIR-002360,CT-002,IPC 379
FIR-002361,CT-040,IPC 66D (IT Act)
FIR-002362,CT-039,IPC 66D (IT Act)
FIR-002363,CT-002,IPC 379
FIR-002364,CT-021,IPC 379
FIR-002365,CT-025,IPC 379
FIR-002366,CT-005,IPC 395
FIR-002367,CT-036,IPC 3
FIR-002368,CT-019,IPC 379
FIR-002369,CT-020,IPC 379
FIR-002370,CT-027,IPC 307
FIR-002371,CT-002,IPC 379
FIR-002372,CT-043,IPC 458
FIR-002373,CT-021,IPC 379
FIR-002374,CT-014,IPC 498A
FIR-002375,CT-031,IPC 406
FIR-002376,CT-001,IPC 379
FIR-002377,CT-041,IPC 354D
FIR-002378,CT-005,IPC 395
FIR-002379,CT-017,IPC 363
FIR-002380,CT-026,IPC 353
FIR-002381,CT-004,IPC 392
FIR-002382,CT-002,IPC 379
FIR-002383,CT-025,IPC 379
FIR-002384,CT-014,IPC 498A
FIR-002385,CT-033,IPC 384
FIR-002386,CT-039,IPC 66D (IT Act)
FIR-002387,CT-025,IPC 379
FIR-002388,CT-015,IPC 304B
FIR-002389,CT-029,IPC 420
FIR-002390,CT-011,IPC 468
FIR-002391,CT-032,IPC 392
FIR-002392,CT-029,IPC 420
FIR-002393,CT-041,IPC 354D
FIR-002394,CT-042,IPC 457
FIR-002395,CT-012,IPC 66C
FIR-002396,CT-020,IPC 379
FIR-002397,CT-009,IPC 394
FIR-002398,CT-025,IPC 379
FIR-002399,CT-001,IPC 379
FIR-002400,CT-031,IPC 406
FIR-002401,CT-019,IPC 379
FIR-002402,CT-020,IPC 379
FIR-002403,CT-005,IPC 395
FIR-002404,CT-025,IPC 379
FIR-002405,CT-022,IPC 379
FIR-002406,CT-028,IPC 506
FIR-002407,CT-022,IPC 379
FIR-002408,CT-005,IPC 395
FIR-002409,CT-029,IPC 420
FIR-002410,CT-007,IPC 323
FIR-002411,CT-013,IPC 67A (IT Act)
FIR-002412,CT-027,IPC 307
FIR-002413,CT-003,BNS 304
FIR-002414,CT-043,BNS TBD - verify
FIR-002415,CT-007,BNS TBD - verify
FIR-002416,CT-001,BNS 303
FIR-002417,CT-011,BNS TBD - verify
FIR-002418,CT-001,BNS 303
FIR-002419,CT-029,BNS TBD - verify
FIR-002420,CT-023,BNS TBD - verify
FIR-002421,CT-029,BNS TBD - verify
FIR-002422,CT-019,BNS TBD - verify
FIR-002423,CT-030,BNS TBD - verify
FIR-002424,CT-034,BNS TBD - verify
FIR-002425,CT-020,BNS TBD - verify
FIR-002426,CT-010,BNS 318
FIR-002427,CT-023,BNS TBD - verify
FIR-002428,CT-013,BNS 67A (IT Act - unaffected by BNS)
FIR-002429,CT-043,BNS TBD - verify
FIR-002430,CT-003,BNS 304
FIR-002431,CT-008,BNS TBD - verify
FIR-002432,CT-013,BNS 67A (IT Act - unaffected by BNS)
FIR-002433,CT-034,BNS TBD - verify
FIR-002434,CT-027,BNS TBD - verify
FIR-002435,CT-045,BNS TBD - verify
FIR-002436,CT-002,BNS 303
FIR-002437,CT-029,BNS TBD - verify
FIR-002438,CT-023,BNS TBD - verify
FIR-002439,CT-008,BNS TBD - verify
FIR-002440,CT-031,BNS TBD - verify
FIR-002441,CT-020,IPC 379
FIR-002442,CT-012,IPC 66C
FIR-002443,CT-011,IPC 468
FIR-002444,CT-015,IPC 304B
FIR-002445,CT-044,IPC 268
FIR-002446,CT-034,IPC 393
FIR-002447,CT-023,IPC 379
FIR-002448,CT-028,IPC 506
FIR-002449,CT-008,IPC 325
FIR-002450,CT-003,IPC 379
FIR-002451,CT-009,IPC 394
FIR-002452,CT-045,IPC 447
FIR-002453,CT-010,IPC 420
FIR-002454,CT-007,IPC 323
FIR-002455,CT-003,IPC 379
FIR-002456,CT-009,IPC 394
FIR-002457,CT-007,IPC 323
FIR-002458,CT-023,IPC 379
FIR-002459,CT-024,IPC 379
FIR-002460,CT-037,IPC 498A
FIR-002461,CT-036,IPC 3
FIR-002462,CT-001,IPC 379
FIR-002463,CT-045,IPC 447
FIR-002464,CT-030,IPC 138 (NI Act)
FIR-002465,CT-030,IPC 138 (NI Act)
FIR-002466,CT-014,IPC 498A
FIR-002467,CT-007,IPC 323
FIR-002468,CT-010,IPC 420
FIR-002469,CT-006,IPC 454
FIR-002470,CT-024,IPC 379
FIR-002471,CT-009,IPC 394
FIR-002472,CT-041,IPC 354D
FIR-002473,CT-007,IPC 323
FIR-002474,CT-033,IPC 384
FIR-002475,CT-019,IPC 379
FIR-002476,CT-026,IPC 353
FIR-002477,CT-011,IPC 468
FIR-002478,CT-016,IPC 302
FIR-002479,CT-024,IPC 379
FIR-002480,CT-001,IPC 379
FIR-002481,CT-002,IPC 379
FIR-002482,CT-002,IPC 379
FIR-002483,CT-032,IPC 392
FIR-002484,CT-031,IPC 406
FIR-002485,CT-002,IPC 379
FIR-002486,CT-038,IPC 66C (IT Act)
FIR-002487,CT-008,IPC 325
FIR-002488,CT-007,IPC 323
FIR-002489,CT-036,IPC 3
FIR-002490,CT-027,IPC 307
FIR-002491,CT-024,IPC 379
FIR-002492,CT-036,IPC 3
FIR-002493,CT-020,IPC 379
FIR-002494,CT-008,IPC 325
FIR-002495,CT-037,IPC 498A
FIR-002496,CT-024,IPC 379
FIR-002497,CT-021,IPC 379
FIR-002498,CT-021,BNS TBD - verify
FIR-002499,CT-003,BNS 304
FIR-002500,CT-022,BNS TBD - verify
FIR-002501,CT-001,BNS 303
FIR-002502,CT-012,BNS 66C
FIR-002503,CT-011,BNS TBD - verify
FIR-002504,CT-018,BNS 324 range (verify)
FIR-002505,CT-019,BNS TBD - verify
FIR-002506,CT-005,BNS TBD - verify
FIR-002507,CT-008,BNS TBD - verify
FIR-002508,CT-015,BNS 80
FIR-002509,CT-034,BNS TBD - verify
FIR-002510,CT-022,BNS TBD - verify
FIR-002511,CT-027,BNS TBD - verify
FIR-002512,CT-015,BNS 80
FIR-002513,CT-031,BNS TBD - verify
FIR-002514,CT-033,BNS TBD - verify
FIR-002515,CT-005,BNS TBD - verify
FIR-002516,CT-029,BNS TBD - verify
FIR-002517,CT-024,BNS TBD - verify
FIR-002518,CT-045,BNS TBD - verify
FIR-002519,CT-006,BNS 331 (verify)
FIR-002520,CT-031,BNS TBD - verify
FIR-002521,CT-043,BNS TBD - verify
FIR-002522,CT-016,BNS 103 (murder)
FIR-002523,CT-021,BNS TBD - verify
FIR-002524,CT-025,BNS TBD - verify
FIR-002525,CT-028,BNS TBD - verify
FIR-002526,CT-033,IPC 384
FIR-002527,CT-027,IPC 307
FIR-002528,CT-014,IPC 498A
FIR-002529,CT-035,IPC 498A
FIR-002530,CT-018,IPC 427
FIR-002531,CT-025,IPC 379
FIR-002532,CT-030,IPC 138 (NI Act)
FIR-002533,CT-025,IPC 379
FIR-002534,CT-001,IPC 379
FIR-002535,CT-012,IPC 66C
FIR-002536,CT-001,IPC 379
FIR-002537,CT-004,IPC 392
FIR-002538,CT-034,IPC 393
FIR-002539,CT-015,IPC 304B
FIR-002540,CT-042,IPC 457
FIR-002541,CT-012,IPC 66C
FIR-002542,CT-036,IPC 3
FIR-002543,CT-033,IPC 384
FIR-002544,CT-035,IPC 498A
FIR-002545,CT-005,IPC 395
FIR-002546,CT-040,IPC 66D (IT Act)
FIR-002547,CT-001,IPC 379
FIR-002548,CT-037,IPC 498A
FIR-002549,CT-024,IPC 379
FIR-002550,CT-019,IPC 379
FIR-002551,CT-007,IPC 323
FIR-002552,CT-002,IPC 379
FIR-002553,CT-020,IPC 379
FIR-002554,CT-003,IPC 379
FIR-002555,CT-024,IPC 379
FIR-002556,CT-029,IPC 420
FIR-002557,CT-027,IPC 307
FIR-002558,CT-023,IPC 379
FIR-002559,CT-025,IPC 379
FIR-002560,CT-007,IPC 323
FIR-002561,CT-001,IPC 379
FIR-002562,CT-022,IPC 379
FIR-002563,CT-034,IPC 393
FIR-002564,CT-004,IPC 392
FIR-002565,CT-027,IPC 307
FIR-002566,CT-002,IPC 379
FIR-002567,CT-011,IPC 468
FIR-002568,CT-007,IPC 323
FIR-002569,CT-033,IPC 384
FIR-002570,CT-009,IPC 394
FIR-002571,CT-037,IPC 498A
FIR-002572,CT-006,IPC 454
FIR-002573,CT-029,IPC 420
FIR-002574,CT-002,IPC 379
FIR-002575,CT-027,IPC 307
FIR-002576,CT-030,IPC 138 (NI Act)
FIR-002577,CT-024,IPC 379
FIR-002578,CT-020,IPC 379
FIR-002579,CT-005,IPC 395
FIR-002580,CT-015,IPC 304B
FIR-002581,CT-020,IPC 379
FIR-002582,CT-028,IPC 506
FIR-002583,CT-002,BNS 303
FIR-002584,CT-032,BNS TBD - verify
FIR-002585,CT-021,BNS TBD - verify
FIR-002586,CT-029,BNS TBD - verify
FIR-002587,CT-009,BNS 296
FIR-002588,CT-001,BNS 303
FIR-002589,CT-045,BNS TBD - verify
FIR-002590,CT-011,BNS TBD - verify
FIR-002591,CT-002,BNS 303
FIR-002592,CT-019,BNS TBD - verify
FIR-002593,CT-008,BNS TBD - verify
FIR-002594,CT-020,BNS TBD - verify
FIR-002595,CT-035,BNS TBD - verify
FIR-002596,CT-022,BNS TBD - verify
FIR-002597,CT-012,BNS 66C
FIR-002598,CT-005,BNS TBD - verify
FIR-002599,CT-030,BNS TBD - verify
FIR-002600,CT-023,BNS TBD - verify
FIR-002601,CT-026,BNS TBD - verify
FIR-002602,CT-021,BNS TBD - verify
FIR-002603,CT-006,BNS 331 (verify)
FIR-002604,CT-011,BNS TBD - verify
FIR-002605,CT-038,BNS TBD - verify
FIR-002606,CT-012,BNS 66C
FIR-002607,CT-001,BNS 303
FIR-002608,CT-018,BNS 324 range (verify)
FIR-002609,CT-021,BNS TBD - verify
FIR-002610,CT-023,BNS TBD - verify
FIR-002611,CT-043,IPC 458
FIR-002612,CT-002,IPC 379
FIR-002613,CT-034,IPC 393
FIR-002614,CT-025,IPC 379
FIR-002615,CT-028,IPC 506
FIR-002616,CT-029,IPC 420
FIR-002617,CT-004,IPC 392
FIR-002618,CT-031,IPC 406
FIR-002619,CT-038,IPC 66C (IT Act)
FIR-002620,CT-017,IPC 363
FIR-002621,CT-038,IPC 66C (IT Act)
FIR-002622,CT-023,IPC 379
FIR-002623,CT-024,IPC 379
FIR-002624,CT-022,IPC 379
FIR-002625,CT-008,IPC 325
FIR-002626,CT-023,IPC 379
FIR-002627,CT-020,IPC 379
FIR-002628,CT-003,IPC 379
FIR-002629,CT-037,IPC 498A
FIR-002630,CT-014,IPC 498A
FIR-002631,CT-001,IPC 379
FIR-002632,CT-002,IPC 379
FIR-002633,CT-034,IPC 393
FIR-002634,CT-002,IPC 379
FIR-002635,CT-013,IPC 67A (IT Act)
FIR-002636,CT-025,IPC 379
FIR-002637,CT-020,IPC 379
FIR-002638,CT-004,IPC 392
FIR-002639,CT-034,IPC 393
FIR-002640,CT-001,IPC 379
FIR-002641,CT-009,IPC 394
FIR-002642,CT-021,IPC 379
FIR-002643,CT-028,IPC 506
FIR-002644,CT-030,IPC 138 (NI Act)
FIR-002645,CT-021,IPC 379
FIR-002646,CT-020,IPC 379
FIR-002647,CT-022,IPC 379
FIR-002648,CT-011,IPC 468
FIR-002649,CT-023,IPC 379
FIR-002650,CT-010,IPC 420
FIR-002651,CT-026,IPC 353
FIR-002652,CT-034,IPC 393
FIR-002653,CT-021,IPC 379
FIR-002654,CT-043,IPC 458
FIR-002655,CT-022,IPC 379
FIR-002656,CT-011,IPC 468
FIR-002657,CT-011,IPC 468
FIR-002658,CT-031,IPC 406
FIR-002659,CT-040,IPC 66D (IT Act)
FIR-002660,CT-001,IPC 379
FIR-002661,CT-022,IPC 379
FIR-002662,CT-003,IPC 379
FIR-002663,CT-027,IPC 307
FIR-002664,CT-033,IPC 384
FIR-002665,CT-022,IPC 379
FIR-002666,CT-024,IPC 379
FIR-002667,CT-012,IPC 66C
FIR-002668,CT-014,BNS 85
FIR-002669,CT-014,BNS 85
FIR-002670,CT-029,BNS TBD - verify
FIR-002671,CT-036,BNS TBD - verify
FIR-002672,CT-003,BNS 304
FIR-002673,CT-007,BNS TBD - verify
FIR-002674,CT-023,BNS TBD - verify
FIR-002675,CT-024,BNS TBD - verify
FIR-002676,CT-015,BNS 80
FIR-002677,CT-034,BNS TBD - verify
FIR-002678,CT-022,BNS TBD - verify
FIR-002679,CT-029,BNS TBD - verify
FIR-002680,CT-006,BNS 331 (verify)
FIR-002681,CT-010,BNS 318
FIR-002682,CT-009,BNS 296
FIR-002683,CT-023,BNS TBD - verify
FIR-002684,CT-029,BNS TBD - verify
FIR-002685,CT-039,BNS TBD - verify
FIR-002686,CT-035,BNS TBD - verify
FIR-002687,CT-023,BNS TBD - verify
FIR-002688,CT-042,BNS TBD - verify
FIR-002689,CT-026,BNS TBD - verify
FIR-002690,CT-020,BNS TBD - verify
FIR-002691,CT-032,BNS TBD - verify
FIR-002692,CT-001,BNS 303
FIR-002693,CT-019,BNS TBD - verify
FIR-002694,CT-045,BNS TBD - verify
FIR-002695,CT-031,BNS TBD - verify
FIR-002696,CT-003,IPC 379
FIR-002697,CT-033,IPC 384
FIR-002698,CT-039,IPC 66D (IT Act)
FIR-002699,CT-019,IPC 379
FIR-002700,CT-034,IPC 393
FIR-002701,CT-007,IPC 323
FIR-002702,CT-020,IPC 379
FIR-002703,CT-001,IPC 379
FIR-002704,CT-023,IPC 379
FIR-002705,CT-019,IPC 379
FIR-002706,CT-033,IPC 384
FIR-002707,CT-009,IPC 394
FIR-002708,CT-035,IPC 498A
FIR-002709,CT-033,IPC 384
FIR-002710,CT-030,IPC 138 (NI Act)
FIR-002711,CT-010,IPC 420
FIR-002712,CT-022,IPC 379
FIR-002713,CT-024,IPC 379
FIR-002714,CT-023,IPC 379
FIR-002715,CT-021,IPC 379
FIR-002716,CT-025,IPC 379
FIR-002717,CT-010,IPC 420
FIR-002718,CT-023,IPC 379
FIR-002719,CT-028,IPC 506
FIR-002720,CT-008,IPC 325
FIR-002721,CT-010,IPC 420
FIR-002722,CT-014,IPC 498A
FIR-002723,CT-042,IPC 457
FIR-002724,CT-043,IPC 458
FIR-002725,CT-042,IPC 457
FIR-002726,CT-044,IPC 268
FIR-002727,CT-023,IPC 379
FIR-002728,CT-002,IPC 379
FIR-002729,CT-015,IPC 304B
FIR-002730,CT-041,IPC 354D
FIR-002731,CT-020,IPC 379
FIR-002732,CT-001,IPC 379
FIR-002733,CT-014,IPC 498A
FIR-002734,CT-023,IPC 379
FIR-002735,CT-040,IPC 66D (IT Act)
FIR-002736,CT-033,IPC 384
FIR-002737,CT-026,IPC 353
FIR-002738,CT-030,IPC 138 (NI Act)
FIR-002739,CT-034,IPC 393
FIR-002740,CT-029,IPC 420
FIR-002741,CT-038,IPC 66C (IT Act)
FIR-002742,CT-034,IPC 393
FIR-002743,CT-030,IPC 138 (NI Act)
FIR-002744,CT-009,IPC 394
FIR-002745,CT-028,IPC 506
FIR-002746,CT-033,IPC 384
FIR-002747,CT-031,IPC 406
FIR-002748,CT-022,IPC 379
FIR-002749,CT-033,IPC 384
FIR-002750,CT-036,IPC 3
FIR-002751,CT-021,IPC 379
FIR-002752,CT-024,IPC 379
FIR-002753,CT-006,IPC 454
FIR-002754,CT-019,IPC 379
FIR-002755,CT-023,IPC 379
FIR-002756,CT-002,IPC 379
FIR-002757,CT-002,IPC 379
FIR-002758,CT-019,IPC 379
FIR-002759,CT-031,IPC 406
FIR-002760,CT-009,IPC 394
FIR-002761,CT-043,IPC 458
FIR-002762,CT-018,IPC 427
FIR-002763,CT-001,IPC 379
FIR-002764,CT-029,IPC 420
FIR-002765,CT-013,IPC 67A (IT Act)
FIR-002766,CT-018,IPC 427
FIR-002767,CT-026,IPC 353
FIR-002768,CT-031,IPC 406
FIR-002769,CT-023,IPC 379
FIR-002770,CT-019,IPC 379
FIR-002771,CT-010,IPC 420
FIR-002772,CT-008,IPC 325
FIR-002773,CT-033,IPC 384
FIR-002774,CT-045,IPC 447
FIR-002775,CT-024,IPC 379
FIR-002776,CT-010,IPC 420
FIR-002777,CT-029,IPC 420
FIR-002778,CT-024,IPC 379
FIR-002779,CT-001,IPC 379
FIR-002780,CT-014,IPC 498A
FIR-002781,CT-026,IPC 353
FIR-002782,CT-021,IPC 379
FIR-002783,CT-001,IPC 379
FIR-002784,CT-023,IPC 379
FIR-002785,CT-030,IPC 138 (NI Act)
FIR-002786,CT-038,IPC 66C (IT Act)
FIR-002787,CT-008,IPC 325
FIR-002788,CT-025,IPC 379
FIR-002789,CT-037,IPC 498A
FIR-002790,CT-009,IPC 394
FIR-002791,CT-022,IPC 379
FIR-002792,CT-023,IPC 379
FIR-002793,CT-015,IPC 304B
FIR-002794,CT-018,IPC 427
FIR-002795,CT-002,IPC 379
FIR-002796,CT-038,IPC 66C (IT Act)
FIR-002797,CT-021,IPC 379
FIR-002798,CT-003,IPC 379
FIR-002799,CT-022,IPC 379
FIR-002800,CT-019,IPC 379
FIR-002801,CT-024,IPC 379
FIR-002802,CT-010,IPC 420
FIR-002803,CT-020,IPC 379
FIR-002804,CT-005,IPC 395
FIR-002805,CT-022,IPC 379
FIR-002806,CT-039,IPC 66D (IT Act)
FIR-002807,CT-035,IPC 498A
FIR-002808,CT-045,IPC 447
FIR-002809,CT-025,IPC 379
FIR-002810,CT-004,IPC 392
FIR-002811,CT-044,IPC 268
FIR-002812,CT-042,IPC 457
FIR-002813,CT-011,IPC 468
FIR-002814,CT-042,IPC 457
FIR-002815,CT-001,IPC 379
FIR-002816,CT-043,IPC 458
FIR-002817,CT-022,IPC 379
FIR-002818,CT-040,IPC 66D (IT Act)
FIR-002819,CT-036,IPC 3
FIR-002820,CT-004,IPC 392
FIR-002821,CT-031,IPC 406
FIR-002822,CT-001,IPC 379
FIR-002823,CT-016,IPC 302
FIR-002824,CT-021,IPC 379
FIR-002825,CT-019,IPC 379
FIR-002826,CT-001,IPC 379
FIR-002827,CT-043,IPC 458
FIR-002828,CT-010,IPC 420
FIR-002829,CT-019,IPC 379
FIR-002830,CT-003,IPC 379
FIR-002831,CT-019,IPC 379
FIR-002832,CT-019,IPC 379
FIR-002833,CT-037,IPC 498A
FIR-002834,CT-036,IPC 3
FIR-002835,CT-032,IPC 392
FIR-002836,CT-036,IPC 3
FIR-002837,CT-006,IPC 454
FIR-002838,CT-007,IPC 323
FIR-002839,CT-020,IPC 379
FIR-002840,CT-013,IPC 67A (IT Act)
FIR-002841,CT-003,IPC 379
FIR-002842,CT-027,IPC 307
FIR-002843,CT-008,IPC 325
FIR-002844,CT-040,IPC 66D (IT Act)
FIR-002845,CT-026,IPC 353
FIR-002846,CT-042,IPC 457
FIR-002847,CT-041,IPC 354D
FIR-002848,CT-030,IPC 138 (NI Act)
FIR-002849,CT-020,IPC 379
FIR-002850,CT-022,IPC 379
FIR-002851,CT-022,IPC 379
FIR-002852,CT-029,IPC 420
FIR-002853,CT-019,IPC 379
FIR-002854,CT-002,IPC 379
FIR-002855,CT-036,IPC 3
FIR-002856,CT-035,IPC 498A
FIR-002857,CT-028,IPC 506
FIR-002858,CT-012,IPC 66C
FIR-002859,CT-007,IPC 323
FIR-002860,CT-021,IPC 379
FIR-002861,CT-043,IPC 458
FIR-002862,CT-015,IPC 304B
FIR-002863,CT-021,IPC 379
FIR-002864,CT-026,IPC 353
FIR-002865,CT-003,IPC 379
FIR-002866,CT-007,IPC 323
FIR-002867,CT-042,IPC 457
FIR-002868,CT-042,IPC 457
FIR-002869,CT-005,IPC 395
FIR-002870,CT-003,IPC 379
FIR-002871,CT-044,IPC 268
FIR-002872,CT-020,IPC 379
FIR-002873,CT-031,IPC 406
FIR-002874,CT-017,IPC 363
FIR-002875,CT-019,IPC 379
FIR-002876,CT-024,BNS TBD - verify
FIR-002877,CT-011,BNS TBD - verify
FIR-002878,CT-019,BNS TBD - verify
FIR-002879,CT-007,BNS TBD - verify
FIR-002880,CT-018,BNS 324 range (verify)
FIR-002881,CT-019,BNS TBD - verify
FIR-002882,CT-007,BNS TBD - verify
FIR-002883,CT-034,BNS TBD - verify
FIR-002884,CT-031,BNS TBD - verify
FIR-002885,CT-018,BNS 324 range (verify)
FIR-002886,CT-036,BNS TBD - verify
FIR-002887,CT-019,BNS TBD - verify
FIR-002888,CT-033,BNS TBD - verify
FIR-002889,CT-017,BNS 137 (verify split across subsections)
FIR-002890,CT-037,BNS TBD - verify
FIR-002891,CT-015,BNS 80
FIR-002892,CT-010,BNS 318
FIR-002893,CT-013,BNS 67A (IT Act - unaffected by BNS)
FIR-002894,CT-011,BNS TBD - verify
FIR-002895,CT-032,BNS TBD - verify
FIR-002896,CT-030,BNS TBD - verify
FIR-002897,CT-027,BNS TBD - verify
FIR-002898,CT-037,BNS TBD - verify
FIR-002899,CT-035,BNS TBD - verify
FIR-002900,CT-025,BNS TBD - verify
FIR-002901,CT-038,BNS TBD - verify
FIR-002902,CT-042,BNS TBD - verify
FIR-002903,CT-009,BNS 296
FIR-002904,CT-010,BNS 318
FIR-002905,CT-009,BNS 296
FIR-002906,CT-019,BNS TBD - verify
FIR-002907,CT-014,BNS 85
FIR-002908,CT-029,BNS TBD - verify
FIR-002909,CT-045,BNS TBD - verify
FIR-002910,CT-019,BNS TBD - verify
FIR-002911,CT-020,BNS TBD - verify
FIR-002912,CT-001,BNS 303
FIR-002913,CT-027,BNS TBD - verify
FIR-002914,CT-037,BNS TBD - verify
FIR-002915,CT-013,BNS 67A (IT Act - unaffected by BNS)
FIR-002916,CT-021,BNS TBD - verify
FIR-002917,CT-021,BNS TBD - verify
FIR-002918,CT-011,BNS TBD - verify
FIR-002919,CT-034,BNS TBD - verify
FIR-002920,CT-004,BNS TBD - verify
FIR-002921,CT-040,BNS TBD - verify
FIR-002922,CT-009,BNS 296
FIR-002923,CT-022,BNS TBD - verify
FIR-002924,CT-025,BNS TBD - verify
FIR-002925,CT-030,BNS TBD - verify
FIR-002926,CT-024,BNS TBD - verify
FIR-002927,CT-003,BNS 304
FIR-002928,CT-038,BNS TBD - verify
FIR-002929,CT-004,BNS TBD - verify
FIR-002930,CT-003,BNS 304
FIR-002931,CT-019,BNS TBD - verify
FIR-002932,CT-006,BNS 331 (verify)
FIR-002933,CT-014,BNS 85
FIR-002934,CT-015,BNS 80
FIR-002935,CT-024,BNS TBD - verify
FIR-002936,CT-009,BNS 296
FIR-002937,CT-023,BNS TBD - verify
FIR-002938,CT-029,BNS TBD - verify
FIR-002939,CT-006,BNS 331 (verify)
FIR-002940,CT-008,BNS TBD - verify
FIR-002941,CT-034,BNS TBD - verify
FIR-002942,CT-026,BNS TBD - verify
FIR-002943,CT-036,BNS TBD - verify
FIR-002944,CT-038,BNS TBD - verify
FIR-002945,CT-038,BNS TBD - verify
FIR-002946,CT-001,BNS 303
FIR-002947,CT-022,BNS TBD - verify
FIR-002948,CT-001,BNS 303
FIR-002949,CT-030,BNS TBD - verify
FIR-002950,CT-027,BNS TBD - verify
FIR-002951,CT-008,BNS TBD - verify
FIR-002952,CT-029,BNS TBD - verify
FIR-002953,CT-022,BNS TBD - verify
FIR-002954,CT-004,BNS TBD - verify
FIR-002955,CT-011,BNS TBD - verify
FIR-002956,CT-003,IPC 379
FIR-002957,CT-005,IPC 395
FIR-002958,CT-027,IPC 307
FIR-002959,CT-006,IPC 454
FIR-002960,CT-015,IPC 304B
FIR-002961,CT-007,IPC 323
FIR-002962,CT-038,IPC 66C (IT Act)
FIR-002963,CT-031,IPC 406
FIR-002964,CT-027,IPC 307
FIR-002965,CT-020,IPC 379
FIR-002966,CT-036,IPC 3
FIR-002967,CT-022,IPC 379
FIR-002968,CT-039,IPC 66D (IT Act)
FIR-002969,CT-030,IPC 138 (NI Act)
FIR-002970,CT-011,IPC 468
FIR-002971,CT-010,IPC 420
FIR-002972,CT-045,IPC 447
FIR-002973,CT-033,IPC 384
FIR-002974,CT-036,IPC 3
FIR-002975,CT-001,IPC 379
FIR-002976,CT-028,IPC 506
FIR-002977,CT-009,IPC 394
FIR-002978,CT-021,IPC 379
FIR-002979,CT-035,IPC 498A
FIR-002980,CT-007,IPC 323
FIR-002981,CT-023,IPC 379
FIR-002982,CT-021,IPC 379
FIR-002983,CT-002,IPC 379
FIR-002984,CT-025,IPC 379
FIR-002985,CT-006,IPC 454
FIR-002986,CT-006,IPC 454
FIR-002987,CT-008,IPC 325
FIR-002988,CT-016,IPC 302
FIR-002989,CT-028,IPC 506
FIR-002990,CT-003,IPC 379
FIR-002991,CT-007,IPC 323
FIR-002992,CT-023,IPC 379
FIR-002993,CT-021,IPC 379
FIR-002994,CT-020,IPC 379
FIR-002995,CT-028,IPC 506
FIR-002996,CT-034,IPC 393
FIR-002997,CT-022,IPC 379
FIR-002998,CT-032,IPC 392
FIR-002999,CT-002,IPC 379
FIR-003000,CT-024,IPC 379
FIR-003001,CT-013,IPC 67A (IT Act)
FIR-003002,CT-016,IPC 302
FIR-003003,CT-001,IPC 379
FIR-003004,CT-008,IPC 325
FIR-003005,CT-027,IPC 307
FIR-003006,CT-019,IPC 379
FIR-003007,CT-014,IPC 498A
FIR-003008,CT-001,IPC 379
FIR-003009,CT-024,IPC 379
FIR-003010,CT-020,IPC 379
FIR-003011,CT-011,IPC 468
FIR-003012,CT-010,IPC 420
FIR-003013,CT-001,BNS 303
FIR-003014,CT-038,BNS TBD - verify
FIR-003015,CT-022,BNS TBD - verify
FIR-003016,CT-011,BNS TBD - verify
FIR-003017,CT-001,BNS 303
FIR-003018,CT-033,BNS TBD - verify
FIR-003019,CT-023,BNS TBD - verify
FIR-003020,CT-027,BNS TBD - verify
FIR-003021,CT-011,BNS TBD - verify
FIR-003022,CT-010,BNS 318
FIR-003023,CT-030,BNS TBD - verify
FIR-003024,CT-042,BNS TBD - verify
FIR-003025,CT-017,BNS 137 (verify split across subsections)
FIR-003026,CT-035,BNS TBD - verify
FIR-003027,CT-020,BNS TBD - verify
FIR-003028,CT-042,BNS TBD - verify
FIR-003029,CT-042,BNS TBD - verify
FIR-003030,CT-008,BNS TBD - verify
FIR-003031,CT-001,BNS 303
FIR-003032,CT-004,BNS TBD - verify
FIR-003033,CT-026,BNS TBD - verify
FIR-003034,CT-043,BNS TBD - verify
FIR-003035,CT-003,BNS 304
FIR-003036,CT-001,BNS 303
FIR-003037,CT-027,BNS TBD - verify
FIR-003038,CT-025,BNS TBD - verify
FIR-003039,CT-008,BNS TBD - verify
FIR-003040,CT-027,BNS TBD - verify
FIR-003041,CT-023,IPC 379
FIR-003042,CT-022,IPC 379
FIR-003043,CT-024,IPC 379
FIR-003044,CT-028,IPC 506
FIR-003045,CT-031,IPC 406
FIR-003046,CT-021,IPC 379
FIR-003047,CT-008,IPC 325
FIR-003048,CT-019,IPC 379
FIR-003049,CT-038,IPC 66C (IT Act)
FIR-003050,CT-008,IPC 325
FIR-003051,CT-010,IPC 420
FIR-003052,CT-001,IPC 379
FIR-003053,CT-030,IPC 138 (NI Act)
FIR-003054,CT-033,IPC 384
FIR-003055,CT-023,IPC 379
FIR-003056,CT-020,IPC 379
FIR-003057,CT-006,IPC 454
FIR-003058,CT-027,IPC 307
FIR-003059,CT-015,IPC 304B
FIR-003060,CT-043,IPC 458
FIR-003061,CT-021,IPC 379
FIR-003062,CT-025,IPC 379
FIR-003063,CT-003,IPC 379
FIR-003064,CT-026,IPC 353
FIR-003065,CT-026,IPC 353
FIR-003066,CT-022,IPC 379
FIR-003067,CT-037,IPC 498A
FIR-003068,CT-015,IPC 304B
FIR-003069,CT-020,IPC 379
FIR-003070,CT-002,IPC 379
FIR-003071,CT-022,IPC 379
FIR-003072,CT-024,IPC 379
FIR-003073,CT-008,IPC 325
FIR-003074,CT-022,IPC 379
FIR-003075,CT-014,IPC 498A
FIR-003076,CT-007,IPC 323
FIR-003077,CT-023,IPC 379
FIR-003078,CT-002,IPC 379
FIR-003079,CT-001,IPC 379
FIR-003080,CT-024,IPC 379
FIR-003081,CT-022,IPC 379
FIR-003082,CT-001,IPC 379
FIR-003083,CT-031,IPC 406
FIR-003084,CT-006,IPC 454
FIR-003085,CT-011,IPC 468
FIR-003086,CT-026,IPC 353
FIR-003087,CT-045,IPC 447
FIR-003088,CT-019,IPC 379
FIR-003089,CT-033,IPC 384
FIR-003090,CT-013,IPC 67A (IT Act)
FIR-003091,CT-019,IPC 379
FIR-003092,CT-032,IPC 392
FIR-003093,CT-005,IPC 395
FIR-003094,CT-028,IPC 506
FIR-003095,CT-024,IPC 379
FIR-003096,CT-034,IPC 393
FIR-003097,CT-024,IPC 379
FIR-003098,CT-008,BNS TBD - verify
FIR-003099,CT-004,BNS TBD - verify
FIR-003100,CT-009,BNS 296
FIR-003101,CT-011,BNS TBD - verify
FIR-003102,CT-006,BNS 331 (verify)
FIR-003103,CT-014,BNS 85
FIR-003104,CT-016,BNS 103 (murder)
FIR-003105,CT-026,BNS TBD - verify
FIR-003106,CT-036,BNS TBD - verify
FIR-003107,CT-013,BNS 67A (IT Act - unaffected by BNS)
FIR-003108,CT-020,BNS TBD - verify
FIR-003109,CT-035,BNS TBD - verify
FIR-003110,CT-010,BNS 318
FIR-003111,CT-013,BNS 67A (IT Act - unaffected by BNS)
FIR-003112,CT-006,BNS 331 (verify)
FIR-003113,CT-020,BNS TBD - verify
FIR-003114,CT-039,BNS TBD - verify
FIR-003115,CT-005,BNS TBD - verify
FIR-003116,CT-033,BNS TBD - verify
FIR-003117,CT-002,BNS 303
FIR-003118,CT-034,BNS TBD - verify
FIR-003119,CT-033,BNS TBD - verify
FIR-003120,CT-019,BNS TBD - verify
FIR-003121,CT-003,BNS 304
FIR-003122,CT-030,BNS TBD - verify
FIR-003123,CT-020,BNS TBD - verify
FIR-003124,CT-039,BNS TBD - verify
FIR-003125,CT-008,BNS TBD - verify
FIR-003126,CT-008,IPC 325
FIR-003127,CT-036,IPC 3
FIR-003128,CT-043,IPC 458
FIR-003129,CT-022,IPC 379
FIR-003130,CT-023,IPC 379
FIR-003131,CT-010,IPC 420
FIR-003132,CT-004,IPC 392
FIR-003133,CT-031,IPC 406
FIR-003134,CT-019,IPC 379
FIR-003135,CT-007,IPC 323
FIR-003136,CT-027,IPC 307
FIR-003137,CT-019,IPC 379
FIR-003138,CT-031,IPC 406
FIR-003139,CT-045,IPC 447
FIR-003140,CT-021,IPC 379
FIR-003141,CT-014,IPC 498A
FIR-003142,CT-006,IPC 454
FIR-003143,CT-010,IPC 420
FIR-003144,CT-007,IPC 323
FIR-003145,CT-020,IPC 379
FIR-003146,CT-019,IPC 379
FIR-003147,CT-045,IPC 447
FIR-003148,CT-032,IPC 392
FIR-003149,CT-001,IPC 379
FIR-003150,CT-032,IPC 392
FIR-003151,CT-019,IPC 379
FIR-003152,CT-012,IPC 66C
FIR-003153,CT-001,IPC 379
FIR-003154,CT-031,IPC 406
FIR-003155,CT-009,IPC 394
FIR-003156,CT-023,IPC 379
FIR-003157,CT-009,IPC 394
FIR-003158,CT-033,IPC 384
FIR-003159,CT-001,IPC 379
FIR-003160,CT-022,IPC 379
FIR-003161,CT-002,IPC 379
FIR-003162,CT-002,IPC 379
FIR-003163,CT-010,IPC 420
FIR-003164,CT-024,IPC 379
FIR-003165,CT-039,IPC 66D (IT Act)
FIR-003166,CT-014,IPC 498A
FIR-003167,CT-030,IPC 138 (NI Act)
FIR-003168,CT-015,IPC 304B
FIR-003169,CT-034,IPC 393
FIR-003170,CT-042,IPC 457
FIR-003171,CT-030,IPC 138 (NI Act)
FIR-003172,CT-024,IPC 379
FIR-003173,CT-019,IPC 379
FIR-003174,CT-037,IPC 498A
FIR-003175,CT-027,IPC 307
FIR-003176,CT-034,IPC 393
FIR-003177,CT-019,IPC 379
FIR-003178,CT-022,IPC 379
FIR-003179,CT-035,IPC 498A
FIR-003180,CT-034,IPC 393
FIR-003181,CT-026,IPC 353
FIR-003182,CT-022,IPC 379
FIR-003183,CT-025,BNS TBD - verify
FIR-003184,CT-002,BNS 303
FIR-003185,CT-025,BNS TBD - verify
FIR-003186,CT-006,BNS 331 (verify)
FIR-003187,CT-003,BNS 304
FIR-003188,CT-024,BNS TBD - verify
FIR-003189,CT-012,BNS 66C
FIR-003190,CT-003,BNS 304
FIR-003191,CT-031,BNS TBD - verify
FIR-003192,CT-004,BNS TBD - verify
FIR-003193,CT-036,BNS TBD - verify
FIR-003194,CT-026,BNS TBD - verify
FIR-003195,CT-003,BNS 304
FIR-003196,CT-023,BNS TBD - verify
FIR-003197,CT-014,BNS 85
FIR-003198,CT-023,BNS TBD - verify
FIR-003199,CT-021,BNS TBD - verify
FIR-003200,CT-036,BNS TBD - verify
FIR-003201,CT-019,BNS TBD - verify
FIR-003202,CT-027,BNS TBD - verify
FIR-003203,CT-001,BNS 303
FIR-003204,CT-026,BNS TBD - verify
FIR-003205,CT-025,BNS TBD - verify
FIR-003206,CT-029,BNS TBD - verify
FIR-003207,CT-030,BNS TBD - verify
FIR-003208,CT-031,BNS TBD - verify
FIR-003209,CT-024,BNS TBD - verify
FIR-003210,CT-040,BNS TBD - verify
FIR-003211,CT-027,IPC 307
FIR-003212,CT-006,IPC 454
FIR-003213,CT-041,IPC 354D
FIR-003214,CT-001,IPC 379
FIR-003215,CT-006,IPC 454
FIR-003216,CT-015,IPC 304B
FIR-003217,CT-030,IPC 138 (NI Act)
FIR-003218,CT-036,IPC 3
FIR-003219,CT-019,IPC 379
FIR-003220,CT-034,IPC 393
FIR-003221,CT-015,IPC 304B
FIR-003222,CT-020,IPC 379
FIR-003223,CT-010,IPC 420
FIR-003224,CT-024,IPC 379
FIR-003225,CT-011,IPC 468
FIR-003226,CT-007,IPC 323
FIR-003227,CT-023,IPC 379
FIR-003228,CT-023,IPC 379
FIR-003229,CT-013,IPC 67A (IT Act)
FIR-003230,CT-004,IPC 392
FIR-003231,CT-025,IPC 379
FIR-003232,CT-015,IPC 304B
FIR-003233,CT-045,IPC 447
FIR-003234,CT-017,IPC 363
FIR-003235,CT-019,IPC 379
FIR-003236,CT-020,IPC 379
FIR-003237,CT-019,IPC 379
FIR-003238,CT-001,IPC 379
FIR-003239,CT-026,IPC 353
FIR-003240,CT-030,IPC 138 (NI Act)
FIR-003241,CT-013,IPC 67A (IT Act)
FIR-003242,CT-039,IPC 66D (IT Act)
FIR-003243,CT-024,IPC 379
FIR-003244,CT-021,IPC 379
FIR-003245,CT-018,IPC 427
FIR-003246,CT-017,IPC 363
FIR-003247,CT-021,IPC 379
FIR-003248,CT-028,IPC 506
FIR-003249,CT-024,IPC 379
FIR-003250,CT-015,IPC 304B
FIR-003251,CT-027,IPC 307
FIR-003252,CT-021,IPC 379
FIR-003253,CT-033,IPC 384
FIR-003254,CT-008,IPC 325
FIR-003255,CT-002,IPC 379
FIR-003256,CT-012,IPC 66C
FIR-003257,CT-001,IPC 379
FIR-003258,CT-020,IPC 379
FIR-003259,CT-003,IPC 379
FIR-003260,CT-037,IPC 498A
FIR-003261,CT-022,IPC 379
FIR-003262,CT-019,IPC 379
FIR-003263,CT-011,IPC 468
FIR-003264,CT-025,IPC 379
FIR-003265,CT-022,IPC 379
FIR-003266,CT-020,IPC 379
FIR-003267,CT-025,IPC 379
FIR-003268,CT-037,BNS TBD - verify
FIR-003269,CT-040,BNS TBD - verify
FIR-003270,CT-028,BNS TBD - verify
FIR-003271,CT-010,BNS 318
FIR-003272,CT-003,BNS 304
FIR-003273,CT-043,BNS TBD - verify
FIR-003274,CT-036,BNS TBD - verify
FIR-003275,CT-021,BNS TBD - verify
FIR-003276,CT-012,BNS 66C
FIR-003277,CT-015,BNS 80
FIR-003278,CT-030,BNS TBD - verify
FIR-003279,CT-015,BNS 80
FIR-003280,CT-015,BNS 80
FIR-003281,CT-013,BNS 67A (IT Act - unaffected by BNS)
FIR-003282,CT-011,BNS TBD - verify
FIR-003283,CT-039,BNS TBD - verify
FIR-003284,CT-011,BNS TBD - verify
FIR-003285,CT-030,BNS TBD - verify
FIR-003286,CT-033,BNS TBD - verify
FIR-003287,CT-003,BNS 304
FIR-003288,CT-004,BNS TBD - verify
FIR-003289,CT-036,BNS TBD - verify
FIR-003290,CT-008,BNS TBD - verify
FIR-003291,CT-033,BNS TBD - verify
FIR-003292,CT-001,BNS 303
FIR-003293,CT-009,BNS 296
FIR-003294,CT-024,BNS TBD - verify
FIR-003295,CT-002,BNS 303
FIR-003296,CT-018,IPC 427
FIR-003297,CT-028,IPC 506
FIR-003298,CT-040,IPC 66D (IT Act)
FIR-003299,CT-025,IPC 379
FIR-003300,CT-030,IPC 138 (NI Act)
FIR-003301,CT-024,IPC 379
FIR-003302,CT-014,IPC 498A
FIR-003303,CT-019,IPC 379
FIR-003304,CT-014,IPC 498A
FIR-003305,CT-010,IPC 420
FIR-003306,CT-043,IPC 458
FIR-003307,CT-023,IPC 379
FIR-003308,CT-026,IPC 353
FIR-003309,CT-026,IPC 353
FIR-003310,CT-001,IPC 379
FIR-003311,CT-033,IPC 384
FIR-003312,CT-042,IPC 457
FIR-003313,CT-024,IPC 379
FIR-003314,CT-027,IPC 307
FIR-003315,CT-027,IPC 307
FIR-003316,CT-023,IPC 379
FIR-003317,CT-001,IPC 379
FIR-003318,CT-021,IPC 379
FIR-003319,CT-003,IPC 379
FIR-003320,CT-003,IPC 379
FIR-003321,CT-042,IPC 457
FIR-003322,CT-023,IPC 379
FIR-003323,CT-039,IPC 66D (IT Act)
FIR-003324,CT-029,IPC 420
FIR-003325,CT-041,IPC 354D
FIR-003326,CT-002,IPC 379
FIR-003327,CT-002,IPC 379
FIR-003328,CT-013,IPC 67A (IT Act)
FIR-003329,CT-032,IPC 392
FIR-003330,CT-045,IPC 447
FIR-003331,CT-028,IPC 506
FIR-003332,CT-040,IPC 66D (IT Act)
FIR-003333,CT-009,IPC 394
FIR-003334,CT-006,IPC 454
FIR-003335,CT-040,IPC 66D (IT Act)
FIR-003336,CT-019,IPC 379
FIR-003337,CT-007,IPC 323
FIR-003338,CT-002,IPC 379
FIR-003339,CT-028,IPC 506
FIR-003340,CT-025,IPC 379
FIR-003341,CT-009,IPC 394
FIR-003342,CT-004,IPC 392
FIR-003343,CT-001,IPC 379
FIR-003344,CT-025,IPC 379
FIR-003345,CT-027,IPC 307
FIR-003346,CT-037,IPC 498A
FIR-003347,CT-035,IPC 498A
FIR-003348,CT-029,IPC 420
FIR-003349,CT-008,IPC 325
FIR-003350,CT-031,IPC 406
FIR-003351,CT-038,IPC 66C (IT Act)
FIR-003352,CT-020,IPC 379
FIR-003353,CT-011,BNS TBD - verify
FIR-003354,CT-020,BNS TBD - verify
FIR-003355,CT-008,BNS TBD - verify
FIR-003356,CT-026,BNS TBD - verify
FIR-003357,CT-035,BNS TBD - verify
FIR-003358,CT-030,BNS TBD - verify
FIR-003359,CT-043,BNS TBD - verify
FIR-003360,CT-002,BNS 303
FIR-003361,CT-039,BNS TBD - verify
FIR-003362,CT-019,BNS TBD - verify
FIR-003363,CT-034,BNS TBD - verify
FIR-003364,CT-004,BNS TBD - verify
FIR-003365,CT-027,BNS TBD - verify
FIR-003366,CT-001,BNS 303
FIR-003367,CT-004,BNS TBD - verify
FIR-003368,CT-028,BNS TBD - verify
FIR-003369,CT-029,BNS TBD - verify
FIR-003370,CT-009,BNS 296
FIR-003371,CT-015,BNS 80
FIR-003372,CT-007,BNS TBD - verify
FIR-003373,CT-019,BNS TBD - verify
FIR-003374,CT-039,BNS TBD - verify
FIR-003375,CT-021,BNS TBD - verify
FIR-003376,CT-002,BNS 303
FIR-003377,CT-021,BNS TBD - verify
FIR-003378,CT-011,BNS TBD - verify
FIR-003379,CT-005,BNS TBD - verify
FIR-003380,CT-032,BNS TBD - verify
FIR-003381,CT-024,IPC 379
FIR-003382,CT-002,IPC 379
FIR-003383,CT-011,IPC 468
FIR-003384,CT-015,IPC 304B
FIR-003385,CT-002,IPC 379
FIR-003386,CT-030,IPC 138 (NI Act)
FIR-003387,CT-028,IPC 506
FIR-003388,CT-042,IPC 457
FIR-003389,CT-008,IPC 325
FIR-003390,CT-031,IPC 406
FIR-003391,CT-020,IPC 379
FIR-003392,CT-001,IPC 379
FIR-003393,CT-001,IPC 379
FIR-003394,CT-015,IPC 304B
FIR-003395,CT-002,IPC 379
FIR-003396,CT-029,IPC 420
FIR-003397,CT-031,IPC 406
FIR-003398,CT-024,IPC 379
FIR-003399,CT-043,IPC 458
FIR-003400,CT-015,IPC 304B
FIR-003401,CT-032,IPC 392
FIR-003402,CT-020,IPC 379
FIR-003403,CT-037,IPC 498A
FIR-003404,CT-008,IPC 325
FIR-003405,CT-030,IPC 138 (NI Act)
FIR-003406,CT-041,IPC 354D
FIR-003407,CT-009,IPC 394
FIR-003408,CT-002,IPC 379
FIR-003409,CT-006,IPC 454
FIR-003410,CT-034,IPC 393
FIR-003411,CT-014,IPC 498A
FIR-003412,CT-021,IPC 379
FIR-003413,CT-021,IPC 379
FIR-003414,CT-009,IPC 394
FIR-003415,CT-042,IPC 457
FIR-003416,CT-017,IPC 363
FIR-003417,CT-009,IPC 394
FIR-003418,CT-020,IPC 379
FIR-003419,CT-029,IPC 420
FIR-003420,CT-027,IPC 307
FIR-003421,CT-002,IPC 379
FIR-003422,CT-023,IPC 379
FIR-003423,CT-024,IPC 379
FIR-003424,CT-014,IPC 498A
FIR-003425,CT-024,IPC 379
FIR-003426,CT-008,IPC 325
FIR-003427,CT-030,IPC 138 (NI Act)
FIR-003428,CT-024,IPC 379
FIR-003429,CT-021,IPC 379
FIR-003430,CT-024,IPC 379
FIR-003431,CT-032,IPC 392
FIR-003432,CT-015,IPC 304B
FIR-003433,CT-014,IPC 498A
FIR-003434,CT-027,IPC 307
FIR-003435,CT-011,IPC 468
FIR-003436,CT-021,IPC 379
FIR-003437,CT-009,IPC 394
FIR-003438,CT-029,BNS TBD - verify
FIR-003439,CT-034,BNS TBD - verify
FIR-003440,CT-043,BNS TBD - verify
FIR-003441,CT-041,BNS TBD - verify
FIR-003442,CT-021,BNS TBD - verify
FIR-003443,CT-042,BNS TBD - verify
FIR-003444,CT-030,BNS TBD - verify
FIR-003445,CT-023,BNS TBD - verify
FIR-003446,CT-001,BNS 303
FIR-003447,CT-008,BNS TBD - verify
FIR-003448,CT-033,BNS TBD - verify
FIR-003449,CT-029,BNS TBD - verify
FIR-003450,CT-013,BNS 67A (IT Act - unaffected by BNS)
FIR-003451,CT-019,BNS TBD - verify
FIR-003452,CT-028,BNS TBD - verify
FIR-003453,CT-002,BNS 303
FIR-003454,CT-011,BNS TBD - verify
FIR-003455,CT-015,BNS 80
FIR-003456,CT-021,BNS TBD - verify
FIR-003457,CT-026,BNS TBD - verify
FIR-003458,CT-041,BNS TBD - verify
FIR-003459,CT-024,BNS TBD - verify
FIR-003460,CT-023,BNS TBD - verify
FIR-003461,CT-025,BNS TBD - verify
FIR-003462,CT-030,BNS TBD - verify
FIR-003463,CT-014,BNS 85
FIR-003464,CT-014,BNS 85
FIR-003465,CT-022,BNS TBD - verify
FIR-003466,CT-012,IPC 66C
FIR-003467,CT-016,IPC 302
FIR-003468,CT-042,IPC 457
FIR-003469,CT-033,IPC 384
FIR-003470,CT-037,IPC 498A
FIR-003471,CT-002,IPC 379
FIR-003472,CT-022,IPC 379
FIR-003473,CT-001,IPC 379
FIR-003474,CT-025,IPC 379
FIR-003475,CT-006,IPC 454
FIR-003476,CT-001,IPC 379
FIR-003477,CT-040,IPC 66D (IT Act)
FIR-003478,CT-010,IPC 420
FIR-003479,CT-005,IPC 395
FIR-003480,CT-004,IPC 392
FIR-003481,CT-026,IPC 353
FIR-003482,CT-010,IPC 420
FIR-003483,CT-007,IPC 323
FIR-003484,CT-043,IPC 458
FIR-003485,CT-032,IPC 392
FIR-003486,CT-033,IPC 384
FIR-003487,CT-036,IPC 3
FIR-003488,CT-002,IPC 379
FIR-003489,CT-015,IPC 304B
FIR-003490,CT-002,IPC 379
FIR-003491,CT-029,IPC 420
FIR-003492,CT-019,IPC 379
FIR-003493,CT-003,IPC 379
FIR-003494,CT-003,IPC 379
FIR-003495,CT-010,IPC 420
FIR-003496,CT-022,IPC 379
FIR-003497,CT-040,IPC 66D (IT Act)
FIR-003498,CT-017,IPC 363
FIR-003499,CT-041,IPC 354D
FIR-003500,CT-020,IPC 379
FIR-003501,CT-004,IPC 392
FIR-003502,CT-032,IPC 392
FIR-003503,CT-028,IPC 506
FIR-003504,CT-033,IPC 384
FIR-003505,CT-019,IPC 379
FIR-003506,CT-032,IPC 392
FIR-003507,CT-015,IPC 304B
FIR-003508,CT-004,IPC 392
FIR-003509,CT-025,IPC 379
FIR-003510,CT-001,IPC 379
FIR-003511,CT-022,IPC 379
FIR-003512,CT-008,IPC 325
FIR-003513,CT-029,IPC 420
FIR-003514,CT-027,IPC 307
FIR-003515,CT-041,IPC 354D
FIR-003516,CT-004,IPC 392
FIR-003517,CT-021,IPC 379
FIR-003518,CT-005,IPC 395
FIR-003519,CT-013,IPC 67A (IT Act)
FIR-003520,CT-008,IPC 325
FIR-003521,CT-019,IPC 379
FIR-003522,CT-005,IPC 395
FIR-003523,CT-013,BNS 67A (IT Act - unaffected by BNS)
FIR-003524,CT-020,BNS TBD - verify
FIR-003525,CT-009,BNS 296
FIR-003526,CT-042,BNS TBD - verify
FIR-003527,CT-019,BNS TBD - verify
FIR-003528,CT-014,BNS 85
FIR-003529,CT-026,BNS TBD - verify
FIR-003530,CT-021,BNS TBD - verify
FIR-003531,CT-034,BNS TBD - verify
FIR-003532,CT-003,BNS 304
FIR-003533,CT-023,BNS TBD - verify
FIR-003534,CT-010,BNS 318
FIR-003535,CT-020,BNS TBD - verify
FIR-003536,CT-003,BNS 304
FIR-003537,CT-015,BNS 80
FIR-003538,CT-013,BNS 67A (IT Act - unaffected by BNS)
FIR-003539,CT-032,BNS TBD - verify
FIR-003540,CT-020,BNS TBD - verify
FIR-003541,CT-031,BNS TBD - verify
FIR-003542,CT-031,BNS TBD - verify
FIR-003543,CT-023,BNS TBD - verify
FIR-003544,CT-012,BNS 66C
FIR-003545,CT-022,BNS TBD - verify
FIR-003546,CT-005,BNS TBD - verify
FIR-003547,CT-016,BNS 103 (murder)
FIR-003548,CT-003,BNS 304
FIR-003549,CT-023,BNS TBD - verify
FIR-003550,CT-013,BNS 67A (IT Act - unaffected by BNS)
FIR-003551,CT-036,IPC 3
FIR-003552,CT-005,IPC 395
FIR-003553,CT-020,IPC 379
FIR-003554,CT-019,IPC 379
FIR-003555,CT-001,IPC 379
FIR-003556,CT-028,IPC 506
FIR-003557,CT-041,IPC 354D
FIR-003558,CT-029,IPC 420
FIR-003559,CT-022,IPC 379
FIR-003560,CT-003,IPC 379
FIR-003561,CT-021,IPC 379
FIR-003562,CT-008,IPC 325
FIR-003563,CT-004,IPC 392
FIR-003564,CT-021,IPC 379
FIR-003565,CT-021,IPC 379
FIR-003566,CT-042,IPC 457
FIR-003567,CT-003,IPC 379
FIR-003568,CT-010,IPC 420
FIR-003569,CT-019,IPC 379
FIR-003570,CT-011,IPC 468
FIR-003571,CT-020,IPC 379
FIR-003572,CT-011,IPC 468
FIR-003573,CT-021,IPC 379
FIR-003574,CT-009,IPC 394
FIR-003575,CT-003,IPC 379
FIR-003576,CT-035,IPC 498A
FIR-003577,CT-007,IPC 323
FIR-003578,CT-006,IPC 454
FIR-003579,CT-043,IPC 458
FIR-003580,CT-025,IPC 379
FIR-003581,CT-012,IPC 66C
FIR-003582,CT-020,IPC 379
FIR-003583,CT-030,IPC 138 (NI Act)
FIR-003584,CT-022,IPC 379
FIR-003585,CT-029,IPC 420
FIR-003586,CT-022,IPC 379
FIR-003587,CT-022,IPC 379
FIR-003588,CT-017,IPC 363
FIR-003589,CT-025,IPC 379
FIR-003590,CT-013,IPC 67A (IT Act)
FIR-003591,CT-020,IPC 379
FIR-003592,CT-008,IPC 325
FIR-003593,CT-003,IPC 379
FIR-003594,CT-015,IPC 304B
FIR-003595,CT-020,IPC 379
FIR-003596,CT-025,IPC 379
FIR-003597,CT-009,IPC 394
FIR-003598,CT-023,IPC 379
FIR-003599,CT-022,IPC 379
FIR-003600,CT-012,IPC 66C
FIR-003601,CT-028,IPC 506
FIR-003602,CT-012,IPC 66C
FIR-003603,CT-007,IPC 323
FIR-003604,CT-024,IPC 379
FIR-003605,CT-010,IPC 420
FIR-003606,CT-040,IPC 66D (IT Act)
FIR-003607,CT-020,IPC 379
FIR-003608,CT-039,BNS TBD - verify
FIR-003609,CT-021,BNS TBD - verify
FIR-003610,CT-025,BNS TBD - verify
FIR-003611,CT-022,BNS TBD - verify
FIR-003612,CT-041,BNS TBD - verify
FIR-003613,CT-004,BNS TBD - verify
FIR-003614,CT-008,BNS TBD - verify
FIR-003615,CT-020,BNS TBD - verify
FIR-003616,CT-019,BNS TBD - verify
FIR-003617,CT-019,BNS TBD - verify
FIR-003618,CT-022,BNS TBD - verify
FIR-003619,CT-026,BNS TBD - verify
FIR-003620,CT-035,BNS TBD - verify
FIR-003621,CT-006,BNS 331 (verify)
FIR-003622,CT-019,BNS TBD - verify
FIR-003623,CT-001,BNS 303
FIR-003624,CT-037,BNS TBD - verify
FIR-003625,CT-031,BNS TBD - verify
FIR-003626,CT-003,BNS 304
FIR-003627,CT-031,BNS TBD - verify
FIR-003628,CT-003,BNS 304
FIR-003629,CT-009,BNS 296
FIR-003630,CT-005,BNS TBD - verify
FIR-003631,CT-001,BNS 303
FIR-003632,CT-028,BNS TBD - verify
FIR-003633,CT-026,BNS TBD - verify
FIR-003634,CT-007,BNS TBD - verify
FIR-003635,CT-034,BNS TBD - verify
FIR-003636,CT-031,IPC 406
FIR-003637,CT-022,IPC 379
FIR-003638,CT-007,IPC 323
FIR-003639,CT-021,IPC 379
FIR-003640,CT-045,IPC 447
FIR-003641,CT-010,IPC 420
FIR-003642,CT-015,IPC 304B
FIR-003643,CT-022,IPC 379
FIR-003644,CT-023,IPC 379
FIR-003645,CT-007,IPC 323
FIR-003646,CT-011,IPC 468
FIR-003647,CT-023,IPC 379
FIR-003648,CT-003,IPC 379
FIR-003649,CT-025,IPC 379
FIR-003650,CT-021,IPC 379
FIR-003651,CT-028,IPC 506
FIR-003652,CT-012,IPC 66C
FIR-003653,CT-024,IPC 379
FIR-003654,CT-015,IPC 304B
FIR-003655,CT-022,IPC 379
FIR-003656,CT-039,IPC 66D (IT Act)
FIR-003657,CT-029,IPC 420
FIR-003658,CT-001,IPC 379
FIR-003659,CT-024,IPC 379
FIR-003660,CT-021,IPC 379
FIR-003661,CT-022,IPC 379
FIR-003662,CT-032,IPC 392
FIR-003663,CT-021,IPC 379
FIR-003664,CT-011,IPC 468
FIR-003665,CT-030,IPC 138 (NI Act)
FIR-003666,CT-004,IPC 392
FIR-003667,CT-002,IPC 379
FIR-003668,CT-028,IPC 506
FIR-003669,CT-016,IPC 302
FIR-003670,CT-045,IPC 447
FIR-003671,CT-025,IPC 379
FIR-003672,CT-028,IPC 506
FIR-003673,CT-030,IPC 138 (NI Act)
FIR-003674,CT-001,IPC 379
FIR-003675,CT-043,IPC 458
FIR-003676,CT-040,IPC 66D (IT Act)
FIR-003677,CT-029,IPC 420
FIR-003678,CT-003,IPC 379
FIR-003679,CT-022,IPC 379
FIR-003680,CT-025,IPC 379
FIR-003681,CT-015,IPC 304B
FIR-003682,CT-024,IPC 379
FIR-003683,CT-027,IPC 307
FIR-003684,CT-030,IPC 138 (NI Act)
FIR-003685,CT-041,IPC 354D
FIR-003686,CT-010,IPC 420
FIR-003687,CT-001,IPC 379
FIR-003688,CT-030,IPC 138 (NI Act)
FIR-003689,CT-024,IPC 379
FIR-003690,CT-013,IPC 67A (IT Act)
FIR-003691,CT-021,IPC 379
FIR-003692,CT-001,IPC 379
FIR-003693,CT-045,BNS TBD - verify
FIR-003694,CT-020,BNS TBD - verify
FIR-003695,CT-027,BNS TBD - verify
FIR-003696,CT-023,BNS TBD - verify
FIR-003697,CT-019,BNS TBD - verify
FIR-003698,CT-004,BNS TBD - verify
FIR-003699,CT-026,BNS TBD - verify
FIR-003700,CT-032,BNS TBD - verify
FIR-003701,CT-029,BNS TBD - verify
FIR-003702,CT-019,BNS TBD - verify
FIR-003703,CT-019,BNS TBD - verify
FIR-003704,CT-002,BNS 303
FIR-003705,CT-019,BNS TBD - verify
FIR-003706,CT-020,BNS TBD - verify
FIR-003707,CT-018,BNS 324 range (verify)
FIR-003708,CT-008,BNS TBD - verify
FIR-003709,CT-030,BNS TBD - verify
FIR-003710,CT-019,BNS TBD - verify
FIR-003711,CT-021,BNS TBD - verify
FIR-003712,CT-026,BNS TBD - verify
FIR-003713,CT-031,BNS TBD - verify
FIR-003714,CT-022,BNS TBD - verify
FIR-003715,CT-011,BNS TBD - verify
FIR-003716,CT-003,BNS 304
FIR-003717,CT-026,BNS TBD - verify
FIR-003718,CT-039,BNS TBD - verify
FIR-003719,CT-014,BNS 85
FIR-003720,CT-033,BNS TBD - verify
