victim_id,fir_id,injury_severity,complaint_type
VIC-02644,FIR-000001,MINOR,SELF
VIC-01414,FIR-000002,NONE,SELF
VIC-01825,FIR-000002,SEVERE,SELF
VIC-01502,FIR-000003,SEVERE,SELF
VIC-02399,FIR-000004,MINOR,FAMILY_MEMBER
VIC-01494,FIR-000005,NONE,SELF
VIC-02442,FIR-000005,MINOR,SELF
VIC-01856,FIR-000006,NONE,SELF
VIC-01615,FIR-000007,NONE,SELF
VIC-02596,FIR-000008,MODERATE,THIRD_PARTY
VIC-01181,FIR-000009,MINOR,THIRD_PARTY
VIC-00968,FIR-000009,NONE,POLICE_SUO_MOTU
VIC-03166,FIR-000010,NONE,THIRD_PARTY
VIC-01895,FIR-000011,MINOR,SELF
VIC-00766,FIR-000012,NONE,SELF
VIC-02103,FIR-000013,MODERATE,SELF
VIC-01614,FIR-000013,NONE,SELF
VIC-03530,FIR-000014,MINOR,SELF
VIC-01864,FIR-000015,NONE,SELF
VIC-02622,FIR-000015,MINOR,SELF
VIC-01177,FIR-000016,MINOR,FAMILY_MEMBER
VIC-01618,FIR-000016,MINOR,FAMILY_MEMBER
VIC-02074,FIR-000017,NONE,FAMILY_MEMBER
VIC-02982,FIR-000017,NONE,THIRD_PARTY
VIC-00518,FIR-000018,MODERATE,SELF
VIC-01223,FIR-000019,NONE,THIRD_PARTY
VIC-00098,FIR-000020,NONE,SELF
VIC-02616,FIR-000021,MODERATE,SELF
VIC-00573,FIR-000022,MINOR,SELF
VIC-01856,FIR-000023,SEVERE,SELF
VIC-00808,FIR-000024,MINOR,SELF
VIC-03675,FIR-000025,MINOR,SELF
VIC-03725,FIR-000026,NONE,FAMILY_MEMBER
VIC-01454,FIR-000027,MODERATE,FAMILY_MEMBER
VIC-03471,FIR-000028,MINOR,SELF
VIC-00680,FIR-000029,NONE,SELF
VIC-00246,FIR-000030,NONE,SELF
VIC-01223,FIR-000031,NONE,FAMILY_MEMBER
VIC-01508,FIR-000032,NONE,SELF
VIC-01997,FIR-000033,MINOR,SELF
VIC-03068,FIR-000034,MINOR,SELF
VIC-01548,FIR-000035,NONE,FAMILY_MEMBER
VIC-02602,FIR-000035,NONE,SELF
VIC-01573,FIR-000036,NONE,SELF
VIC-02644,FIR-000036,SEVERE,SELF
VIC-00591,FIR-000037,MINOR,FAMILY_MEMBER
VIC-00272,FIR-000038,NONE,SELF
VIC-03224,FIR-000038,NONE,SELF
VIC-02022,FIR-000039,NONE,FAMILY_MEMBER
VIC-01404,FIR-000039,MINOR,POLICE_SUO_MOTU
VIC-01058,FIR-000040,MINOR,SELF
VIC-03040,FIR-000040,NONE,FAMILY_MEMBER
VIC-03422,FIR-000041,MODERATE,SELF
VIC-00927,FIR-000042,MODERATE,SELF
VIC-01232,FIR-000043,MINOR,FAMILY_MEMBER
VIC-01231,FIR-000044,MODERATE,SELF
VIC-03460,FIR-000045,MODERATE,THIRD_PARTY
VIC-03708,FIR-000045,NONE,SELF
VIC-03042,FIR-000046,NONE,FAMILY_MEMBER
VIC-02553,FIR-000047,MINOR,THIRD_PARTY
VIC-03643,FIR-000048,NONE,SELF
VIC-00126,FIR-000049,NONE,SELF
VIC-02015,FIR-000050,SEVERE,SELF
VIC-00959,FIR-000051,MINOR,SELF
VIC-01544,FIR-000052,MODERATE,SELF
VIC-00615,FIR-000053,MINOR,SELF
VIC-03310,FIR-000054,MINOR,SELF
VIC-00134,FIR-000055,NONE,POLICE_SUO_MOTU
VIC-03387,FIR-000056,MINOR,FAMILY_MEMBER
VIC-01269,FIR-000057,NONE,SELF
VIC-02517,FIR-000058,NONE,THIRD_PARTY
VIC-03376,FIR-000059,SEVERE,SELF
VIC-02521,FIR-000059,MODERATE,SELF
VIC-01894,FIR-000060,MINOR,SELF
VIC-00394,FIR-000061,MINOR,SELF
VIC-01388,FIR-000062,MINOR,FAMILY_MEMBER
VIC-02085,FIR-000063,NONE,FAMILY_MEMBER
VIC-01713,FIR-000063,MODERATE,SELF
VIC-01338,FIR-000064,NONE,SELF
VIC-00151,FIR-000064,NONE,FAMILY_MEMBER
VIC-01839,FIR-000065,NONE,FAMILY_MEMBER
VIC-01311,FIR-000066,MINOR,FAMILY_MEMBER
VIC-02640,FIR-000067,MINOR,FAMILY_MEMBER
VIC-03550,FIR-000068,MINOR,SELF
VIC-00121,FIR-000069,MODERATE,THIRD_PARTY
VIC-01899,FIR-000070,MINOR,SELF
VIC-00545,FIR-000071,MODERATE,FAMILY_MEMBER
VIC-03750,FIR-000072,MODERATE,THIRD_PARTY
VIC-00992,FIR-000073,MINOR,SELF
VIC-03622,FIR-000074,NONE,SELF
VIC-01139,FIR-000074,SEVERE,FAMILY_MEMBER
VIC-02821,FIR-000075,NONE,FAMILY_MEMBER
VIC-03161,FIR-000076,MODERATE,SELF
VIC-02698,FIR-000077,MODERATE,FAMILY_MEMBER
VIC-02166,FIR-000078,SEVERE,FAMILY_MEMBER
VIC-03891,FIR-000079,MODERATE,SELF
VIC-01189,FIR-000080,MINOR,FAMILY_MEMBER
VIC-02602,FIR-000080,NONE,FAMILY_MEMBER
VIC-03398,FIR-000081,MODERATE,THIRD_PARTY
VIC-02494,FIR-000081,MINOR,THIRD_PARTY
VIC-01085,FIR-000082,NONE,FAMILY_MEMBER
VIC-01856,FIR-000082,MINOR,FAMILY_MEMBER
VIC-01856,FIR-000083,NONE,POLICE_SUO_MOTU
VIC-01762,FIR-000084,NONE,SELF
VIC-03685,FIR-000085,MINOR,SELF
VIC-03002,FIR-000085,MODERATE,FAMILY_MEMBER
VIC-00210,FIR-000086,MINOR,FAMILY_MEMBER
VIC-03194,FIR-000087,NONE,SELF
VIC-02200,FIR-000088,MINOR,SELF
VIC-00968,FIR-000088,SEVERE,SELF
VIC-01058,FIR-000089,NONE,SELF
VIC-01747,FIR-000090,NONE,SELF
VIC-02191,FIR-000091,MINOR,FAMILY_MEMBER
VIC-00498,FIR-000092,MODERATE,SELF
VIC-03254,FIR-000093,MODERATE,SELF
VIC-01383,FIR-000094,NONE,FAMILY_MEMBER
VIC-00501,FIR-000095,MINOR,FAMILY_MEMBER
VIC-01460,FIR-000095,MODERATE,SELF
VIC-03871,FIR-000096,NONE,SELF
VIC-03250,FIR-000097,MODERATE,POLICE_SUO_MOTU
VIC-01402,FIR-000097,NONE,THIRD_PARTY
VIC-03788,FIR-000098,MODERATE,SELF
VIC-03100,FIR-000099,MINOR,THIRD_PARTY
VIC-00687,FIR-000100,NONE,FAMILY_MEMBER
VIC-03063,FIR-000100,MINOR,POLICE_SUO_MOTU
VIC-03825,FIR-000101,SEVERE,SELF
VIC-02632,FIR-000102,NONE,THIRD_PARTY
VIC-00518,FIR-000102,NONE,SELF
VIC-02658,FIR-000103,NONE,FAMILY_MEMBER
VIC-01839,FIR-000103,MODERATE,SELF
VIC-02300,FIR-000104,MODERATE,FAMILY_MEMBER
VIC-02268,FIR-000104,SEVERE,FAMILY_MEMBER
VIC-00134,FIR-000105,MODERATE,FAMILY_MEMBER
VIC-01744,FIR-000106,NONE,THIRD_PARTY
VIC-00561,FIR-000107,MINOR,THIRD_PARTY
VIC-03481,FIR-000108,MINOR,SELF
VIC-00308,FIR-000108,MINOR,FAMILY_MEMBER
VIC-02521,FIR-000109,NONE,FAMILY_MEMBER
VIC-02470,FIR-000110,MINOR,SELF
VIC-01083,FIR-000110,MODERATE,SELF
VIC-02385,FIR-000111,MODERATE,SELF
VIC-02254,FIR-000112,MODERATE,THIRD_PARTY
VIC-03831,FIR-000113,MINOR,FAMILY_MEMBER
VIC-01219,FIR-000114,NONE,SELF
VIC-03597,FIR-000115,MINOR,FAMILY_MEMBER
VIC-00214,FIR-000115,NONE,SELF
VIC-03100,FIR-000116,NONE,THIRD_PARTY
VIC-00438,FIR-000116,NONE,FAMILY_MEMBER
VIC-00336,FIR-000117,NONE,SELF
VIC-00426,FIR-000118,MINOR,SELF
VIC-02901,FIR-000118,NONE,FAMILY_MEMBER
VIC-00978,FIR-000119,SEVERE,SELF
VIC-01120,FIR-000119,MINOR,FAMILY_MEMBER
VIC-00975,FIR-000120,NONE,SELF
VIC-00789,FIR-000120,MODERATE,SELF
VIC-01686,FIR-000121,SEVERE,SELF
VIC-00511,FIR-000122,MODERATE,SELF
VIC-01856,FIR-000123,MINOR,SELF
VIC-00756,FIR-000124,MODERATE,FAMILY_MEMBER
VIC-02913,FIR-000125,NONE,POLICE_SUO_MOTU
VIC-02996,FIR-000125,NONE,SELF
VIC-00009,FIR-000126,MINOR,FAMILY_MEMBER
VIC-00417,FIR-000126,NONE,SELF
VIC-00505,FIR-000127,MODERATE,SELF
VIC-02787,FIR-000128,NONE,FAMILY_MEMBER
VIC-01595,FIR-000129,NONE,THIRD_PARTY
VIC-02713,FIR-000129,NONE,SELF
VIC-02644,FIR-000130,MINOR,SELF
VIC-03066,FIR-000131,MINOR,SELF
VIC-03610,FIR-000131,NONE,SELF
VIC-01939,FIR-000132,MODERATE,SELF
VIC-02639,FIR-000133,NONE,SELF
VIC-01600,FIR-000134,NONE,SELF
VIC-00547,FIR-000134,NONE,SELF
VIC-03886,FIR-000135,MINOR,FAMILY_MEMBER
VIC-01519,FIR-000136,MINOR,FAMILY_MEMBER
VIC-03275,FIR-000137,NONE,SELF
VIC-00439,FIR-000138,NONE,SELF
VIC-02232,FIR-000139,MODERATE,FAMILY_MEMBER
VIC-02571,FIR-000139,MINOR,SELF
VIC-03275,FIR-000140,MODERATE,SELF
VIC-00768,FIR-000141,NONE,SELF
VIC-03296,FIR-000142,NONE,SELF
VIC-03449,FIR-000142,SEVERE,FAMILY_MEMBER
VIC-02559,FIR-000143,NONE,SELF
VIC-01931,FIR-000144,MODERATE,SELF
VIC-02304,FIR-000145,NONE,SELF
VIC-01683,FIR-000146,MODERATE,SELF
VIC-00298,FIR-000147,NONE,POLICE_SUO_MOTU
VIC-00905,FIR-000148,MODERATE,SELF
VIC-03761,FIR-000149,MINOR,SELF
VIC-01843,FIR-000150,MODERATE,SELF
VIC-00384,FIR-000151,MODERATE,FAMILY_MEMBER
VIC-02577,FIR-000151,SEVERE,SELF
VIC-00685,FIR-000152,MINOR,FAMILY_MEMBER
VIC-03347,FIR-000153,SEVERE,FAMILY_MEMBER
VIC-02064,FIR-000154,MINOR,THIRD_PARTY
VIC-01750,FIR-000154,MINOR,THIRD_PARTY
VIC-00673,FIR-000155,NONE,SELF
VIC-00088,FIR-000155,MINOR,SELF
VIC-00186,FIR-000156,MODERATE,SELF
VIC-00544,FIR-000156,NONE,SELF
VIC-00129,FIR-000157,NONE,THIRD_PARTY
VIC-03606,FIR-000158,MODERATE,THIRD_PARTY
VIC-03415,FIR-000159,SEVERE,SELF
VIC-02184,FIR-000160,NONE,THIRD_PARTY
VIC-00279,FIR-000161,NONE,SELF
VIC-01091,FIR-000162,MODERATE,FAMILY_MEMBER
VIC-03691,FIR-000163,SEVERE,THIRD_PARTY
VIC-01352,FIR-000163,MODERATE,SELF
VIC-02324,FIR-000164,NONE,SELF
VIC-03428,FIR-000164,MODERATE,SELF
VIC-03005,FIR-000165,MODERATE,THIRD_PARTY
VIC-03165,FIR-000166,MINOR,THIRD_PARTY
VIC-02845,FIR-000167,NONE,SELF
VIC-02186,FIR-000167,SEVERE,SELF
VIC-02920,FIR-000168,MODERATE,SELF
VIC-03273,FIR-000169,NONE,THIRD_PARTY
VIC-03623,FIR-000170,NONE,SELF
VIC-00384,FIR-000171,NONE,SELF
VIC-01752,FIR-000172,MINOR,THIRD_PARTY
VIC-02863,FIR-000173,MINOR,SELF
VIC-02953,FIR-000174,MINOR,SELF
VIC-02791,FIR-000175,NONE,THIRD_PARTY
VIC-03347,FIR-000175,NONE,SELF
VIC-01091,FIR-000176,MODERATE,SELF
VIC-02610,FIR-000177,MINOR,SELF
VIC-03097,FIR-000178,MODERATE,FAMILY_MEMBER
VIC-02478,FIR-000179,NONE,SELF
VIC-00472,FIR-000180,MODERATE,SELF
VIC-00653,FIR-000181,NONE,THIRD_PARTY
VIC-01953,FIR-000182,NONE,SELF
VIC-03377,FIR-000183,MODERATE,SELF
VIC-01287,FIR-000183,NONE,SELF
VIC-00975,FIR-000184,NONE,FAMILY_MEMBER
VIC-02608,FIR-000185,NONE,SELF
VIC-02172,FIR-000185,NONE,SELF
VIC-03268,FIR-000186,NONE,SELF
VIC-01500,FIR-000187,NONE,SELF
VIC-02264,FIR-000188,MODERATE,FAMILY_MEMBER
VIC-01681,FIR-000189,MINOR,FAMILY_MEMBER
VIC-00070,FIR-000190,MODERATE,FAMILY_MEMBER
VIC-02154,FIR-000191,NONE,SELF
VIC-00193,FIR-000191,SEVERE,THIRD_PARTY
VIC-03647,FIR-000192,MINOR,SELF
VIC-01060,FIR-000193,SEVERE,FAMILY_MEMBER
VIC-03607,FIR-000194,SEVERE,SELF
VIC-02165,FIR-000195,MINOR,SELF
VIC-00580,FIR-000196,MINOR,FAMILY_MEMBER
VIC-02341,FIR-000197,MINOR,FAMILY_MEMBER
VIC-00085,FIR-000198,NONE,SELF
VIC-02971,FIR-000199,MODERATE,SELF
VIC-01032,FIR-000200,NONE,THIRD_PARTY
VIC-02588,FIR-000201,NONE,SELF
VIC-03104,FIR-000201,NONE,THIRD_PARTY
VIC-02954,FIR-000202,MINOR,SELF
VIC-03545,FIR-000203,SEVERE,SELF
VIC-01685,FIR-000204,MODERATE,THIRD_PARTY
VIC-02173,FIR-000205,MINOR,THIRD_PARTY
VIC-01509,FIR-000206,NONE,FAMILY_MEMBER
VIC-03402,FIR-000206,SEVERE,SELF
VIC-03407,FIR-000207,MINOR,FAMILY_MEMBER
VIC-01187,FIR-000207,MINOR,SELF
VIC-03754,FIR-000208,NONE,POLICE_SUO_MOTU
VIC-00796,FIR-000208,MODERATE,SELF
VIC-01617,FIR-000209,MODERATE,THIRD_PARTY
VIC-02914,FIR-000210,MINOR,SELF
VIC-03226,FIR-000210,NONE,SELF
VIC-00375,FIR-000211,MINOR,SELF
VIC-01659,FIR-000211,MINOR,POLICE_SUO_MOTU
VIC-00143,FIR-000212,MODERATE,POLICE_SUO_MOTU
VIC-02069,FIR-000213,MINOR,POLICE_SUO_MOTU
VIC-00391,FIR-000213,MINOR,SELF
VIC-03540,FIR-000214,MINOR,SELF
VIC-00109,FIR-000215,SEVERE,SELF
VIC-03190,FIR-000215,MINOR,SELF
VIC-02740,FIR-000216,NONE,SELF
VIC-01119,FIR-000216,MODERATE,FAMILY_MEMBER
VIC-03755,FIR-000217,NONE,FAMILY_MEMBER
VIC-01507,FIR-000217,MINOR,SELF
VIC-02473,FIR-000218,NONE,SELF
VIC-03162,FIR-000218,MINOR,SELF
VIC-02171,FIR-000219,MINOR,THIRD_PARTY
VIC-01669,FIR-000220,NONE,THIRD_PARTY
VIC-00577,FIR-000221,NONE,SELF
VIC-00378,FIR-000222,NONE,SELF
VIC-00533,FIR-000223,MINOR,SELF
VIC-02583,FIR-000224,NONE,FAMILY_MEMBER
VIC-01756,FIR-000225,MINOR,FAMILY_MEMBER
VIC-00478,FIR-000226,MODERATE,SELF
VIC-03867,FIR-000227,NONE,POLICE_SUO_MOTU
VIC-00833,FIR-000227,NONE,SELF
VIC-03125,FIR-000228,NONE,SELF
VIC-03053,FIR-000229,NONE,POLICE_SUO_MOTU
VIC-01395,FIR-000230,NONE,THIRD_PARTY
VIC-00752,FIR-000230,MINOR,SELF
VIC-03126,FIR-000231,MINOR,THIRD_PARTY
VIC-01142,FIR-000232,MODERATE,SELF
VIC-00021,FIR-000233,MODERATE,POLICE_SUO_MOTU
VIC-00973,FIR-000234,MINOR,FAMILY_MEMBER
VIC-03661,FIR-000234,MINOR,SELF
VIC-02518,FIR-000235,MODERATE,SELF
VIC-02843,FIR-000236,NONE,THIRD_PARTY
VIC-02380,FIR-000237,MODERATE,THIRD_PARTY
VIC-00065,FIR-000238,MODERATE,SELF
VIC-01651,FIR-000239,MODERATE,FAMILY_MEMBER
VIC-03141,FIR-000240,MINOR,THIRD_PARTY
VIC-03401,FIR-000241,MINOR,FAMILY_MEMBER
VIC-02990,FIR-000241,MINOR,FAMILY_MEMBER
VIC-02139,FIR-000242,NONE,SELF
VIC-01574,FIR-000242,MINOR,FAMILY_MEMBER
VIC-01206,FIR-000243,NONE,SELF
VIC-03510,FIR-000244,NONE,SELF
VIC-03197,FIR-000245,MODERATE,SELF
VIC-01761,FIR-000246,MINOR,FAMILY_MEMBER
VIC-01671,FIR-000246,MINOR,SELF
VIC-02623,FIR-000247,NONE,FAMILY_MEMBER
VIC-02610,FIR-000248,NONE,SELF
VIC-02968,FIR-000248,NONE,FAMILY_MEMBER
VIC-03719,FIR-000249,NONE,SELF
VIC-03675,FIR-000250,MINOR,SELF
VIC-01167,FIR-000250,MODERATE,THIRD_PARTY
VIC-00483,FIR-000251,SEVERE,THIRD_PARTY
VIC-01779,FIR-000251,NONE,SELF
VIC-02419,FIR-000252,MODERATE,SELF
VIC-02708,FIR-000252,NONE,FAMILY_MEMBER
VIC-01667,FIR-000253,MINOR,THIRD_PARTY
VIC-03313,FIR-000254,MINOR,FAMILY_MEMBER
VIC-00780,FIR-000255,MODERATE,SELF
VIC-00493,FIR-000256,NONE,SELF
VIC-00986,FIR-000257,MINOR,FAMILY_MEMBER
VIC-03683,FIR-000258,NONE,SELF
VIC-01960,FIR-000258,MODERATE,SELF
VIC-02460,FIR-000259,NONE,THIRD_PARTY
VIC-03031,FIR-000260,NONE,SELF
VIC-02507,FIR-000261,NONE,POLICE_SUO_MOTU
VIC-01454,FIR-000262,NONE,SELF
VIC-02497,FIR-000262,MINOR,THIRD_PARTY
VIC-03169,FIR-000263,NONE,FAMILY_MEMBER
VIC-01816,FIR-000264,MINOR,FAMILY_MEMBER
VIC-02612,FIR-000265,NONE,SELF
VIC-01154,FIR-000266,NONE,SELF
VIC-02974,FIR-000267,MINOR,THIRD_PARTY
VIC-02443,FIR-000267,NONE,SELF
VIC-02479,FIR-000268,MODERATE,THIRD_PARTY
VIC-02316,FIR-000268,MINOR,FAMILY_MEMBER
VIC-01628,FIR-000269,SEVERE,FAMILY_MEMBER
VIC-00800,FIR-000269,NONE,SELF
VIC-03815,FIR-000270,NONE,FAMILY_MEMBER
VIC-01644,FIR-000271,NONE,SELF
VIC-00121,FIR-000272,MINOR,SELF
VIC-00897,FIR-000273,MODERATE,SELF
VIC-00543,FIR-000274,MINOR,SELF
VIC-00780,FIR-000275,NONE,SELF
VIC-01216,FIR-000275,NONE,FAMILY_MEMBER
VIC-02371,FIR-000276,NONE,SELF
VIC-00388,FIR-000277,MINOR,SELF
VIC-02794,FIR-000278,NONE,SELF
VIC-00581,FIR-000279,SEVERE,FAMILY_MEMBER
VIC-00308,FIR-000280,NONE,SELF
VIC-03362,FIR-000281,MINOR,THIRD_PARTY
VIC-02128,FIR-000282,SEVERE,SELF
VIC-03399,FIR-000283,MINOR,FAMILY_MEMBER
VIC-01745,FIR-000284,MODERATE,SELF
VIC-00471,FIR-000285,MODERATE,SELF
VIC-01305,FIR-000285,MINOR,SELF
VIC-03027,FIR-000286,NONE,FAMILY_MEMBER
VIC-02709,FIR-000287,SEVERE,SELF
VIC-03527,FIR-000288,SEVERE,SELF
VIC-00601,FIR-000289,MODERATE,SELF
VIC-02615,FIR-000290,MODERATE,SELF
VIC-00633,FIR-000290,NONE,SELF
VIC-03184,FIR-000291,NONE,POLICE_SUO_MOTU
VIC-02813,FIR-000291,NONE,FAMILY_MEMBER
VIC-03155,FIR-000292,SEVERE,SELF
VIC-01630,FIR-000293,SEVERE,FAMILY_MEMBER
VIC-02189,FIR-000294,MODERATE,SELF
VIC-02495,FIR-000294,MINOR,FAMILY_MEMBER
VIC-00520,FIR-000295,MODERATE,SELF
VIC-00139,FIR-000295,SEVERE,FAMILY_MEMBER
VIC-01775,FIR-000296,SEVERE,FAMILY_MEMBER
VIC-01196,FIR-000297,MINOR,SELF
VIC-02498,FIR-000298,MINOR,FAMILY_MEMBER
VIC-01851,FIR-000299,MINOR,SELF
VIC-00147,FIR-000300,MINOR,SELF
VIC-00734,FIR-000300,NONE,SELF
VIC-02209,FIR-000301,MODERATE,FAMILY_MEMBER
VIC-01126,FIR-000302,NONE,SELF
VIC-02719,FIR-000303,SEVERE,SELF
VIC-00615,FIR-000304,MODERATE,FAMILY_MEMBER
VIC-03308,FIR-000305,MODERATE,SELF
VIC-03072,FIR-000306,NONE,FAMILY_MEMBER
VIC-01633,FIR-000307,MINOR,FAMILY_MEMBER
VIC-02849,FIR-000308,NONE,SELF
VIC-01477,FIR-000308,MODERATE,SELF
VIC-01871,FIR-000309,MINOR,SELF
VIC-02220,FIR-000310,NONE,FAMILY_MEMBER
VIC-00748,FIR-000311,SEVERE,SELF
VIC-00804,FIR-000311,NONE,THIRD_PARTY
VIC-01011,FIR-000312,MINOR,SELF
VIC-01103,FIR-000313,MODERATE,THIRD_PARTY
VIC-02238,FIR-000314,SEVERE,THIRD_PARTY
VIC-00674,FIR-000315,NONE,FAMILY_MEMBER
VIC-00765,FIR-000315,MINOR,SELF
VIC-01407,FIR-000316,NONE,POLICE_SUO_MOTU
VIC-00908,FIR-000316,MODERATE,SELF
VIC-01516,FIR-000317,NONE,THIRD_PARTY
VIC-02911,FIR-000318,NONE,SELF
VIC-02006,FIR-000318,MINOR,POLICE_SUO_MOTU
VIC-00065,FIR-000319,MINOR,FAMILY_MEMBER
VIC-01177,FIR-000319,MODERATE,SELF
VIC-00492,FIR-000320,MODERATE,THIRD_PARTY
VIC-03410,FIR-000321,NONE,SELF
VIC-00193,FIR-000321,NONE,THIRD_PARTY
VIC-00336,FIR-000322,MODERATE,SELF
VIC-01859,FIR-000323,NONE,THIRD_PARTY
VIC-02457,FIR-000324,MODERATE,THIRD_PARTY
VIC-02149,FIR-000325,NONE,FAMILY_MEMBER
VIC-00066,FIR-000326,SEVERE,SELF
VIC-02636,FIR-000327,MODERATE,SELF
VIC-00357,FIR-000327,NONE,SELF
VIC-03883,FIR-000328,SEVERE,FAMILY_MEMBER
VIC-02479,FIR-000329,MODERATE,SELF
VIC-00532,FIR-000330,NONE,SELF
VIC-01648,FIR-000331,NONE,SELF
VIC-03316,FIR-000332,MODERATE,SELF
VIC-02391,FIR-000333,MINOR,FAMILY_MEMBER
VIC-01812,FIR-000333,NONE,THIRD_PARTY
VIC-02090,FIR-000334,NONE,FAMILY_MEMBER
VIC-01391,FIR-000335,MODERATE,SELF
VIC-03227,FIR-000336,MODERATE,FAMILY_MEMBER
VIC-02517,FIR-000337,SEVERE,POLICE_SUO_MOTU
VIC-01362,FIR-000338,NONE,THIRD_PARTY
VIC-01177,FIR-000338,NONE,THIRD_PARTY
VIC-02652,FIR-000339,MODERATE,SELF
VIC-03383,FIR-000340,MODERATE,THIRD_PARTY
VIC-00284,FIR-000341,NONE,SELF
VIC-02138,FIR-000341,NONE,FAMILY_MEMBER
VIC-01189,FIR-000342,NONE,SELF
VIC-02540,FIR-000343,SEVERE,SELF
VIC-03837,FIR-000344,NONE,SELF
VIC-03889,FIR-000345,NONE,SELF
VIC-03466,FIR-000346,MINOR,FAMILY_MEMBER
VIC-03803,FIR-000347,NONE,SELF
VIC-03309,FIR-000348,MODERATE,FAMILY_MEMBER
VIC-00258,FIR-000348,NONE,FAMILY_MEMBER
VIC-02568,FIR-000349,NONE,SELF
VIC-00034,FIR-000349,MODERATE,SELF
VIC-00836,FIR-000350,MODERATE,SELF
VIC-01932,FIR-000351,MINOR,FAMILY_MEMBER
VIC-00741,FIR-000352,MODERATE,SELF
VIC-01488,FIR-000353,MINOR,SELF
VIC-02340,FIR-000354,SEVERE,SELF
VIC-03177,FIR-000355,MODERATE,FAMILY_MEMBER
VIC-00988,FIR-000356,MODERATE,SELF
VIC-00474,FIR-000357,MINOR,SELF
VIC-01815,FIR-000358,MODERATE,FAMILY_MEMBER
VIC-00763,FIR-000359,SEVERE,THIRD_PARTY
VIC-00707,FIR-000359,NONE,POLICE_SUO_MOTU
VIC-01688,FIR-000360,MODERATE,POLICE_SUO_MOTU
VIC-03275,FIR-000360,NONE,THIRD_PARTY
VIC-02266,FIR-000361,MINOR,SELF
VIC-02878,FIR-000362,SEVERE,FAMILY_MEMBER
VIC-01312,FIR-000363,MINOR,SELF
VIC-02004,FIR-000363,MODERATE,SELF
VIC-00662,FIR-000364,MODERATE,SELF
VIC-01070,FIR-000365,MODERATE,FAMILY_MEMBER
VIC-02041,FIR-000365,MINOR,FAMILY_MEMBER
VIC-03379,FIR-000366,MODERATE,FAMILY_MEMBER
VIC-01803,FIR-000367,NONE,SELF
VIC-01920,FIR-000368,MODERATE,THIRD_PARTY
VIC-02900,FIR-000369,MODERATE,SELF
VIC-03748,FIR-000370,MINOR,SELF
VIC-00404,FIR-000371,NONE,SELF
VIC-00223,FIR-000372,MINOR,SELF
VIC-02271,FIR-000373,MINOR,THIRD_PARTY
VIC-01908,FIR-000373,MINOR,SELF
VIC-00863,FIR-000374,MINOR,FAMILY_MEMBER
VIC-01464,FIR-000375,NONE,FAMILY_MEMBER
VIC-00250,FIR-000375,MODERATE,THIRD_PARTY
VIC-00055,FIR-000376,NONE,SELF
VIC-03221,FIR-000376,MINOR,FAMILY_MEMBER
VIC-01421,FIR-000377,MODERATE,SELF
VIC-03681,FIR-000378,SEVERE,SELF
VIC-00686,FIR-000379,MODERATE,FAMILY_MEMBER
VIC-01427,FIR-000379,MINOR,SELF
VIC-03555,FIR-000380,MODERATE,SELF
VIC-00021,FIR-000381,MINOR,POLICE_SUO_MOTU
VIC-02048,FIR-000382,NONE,POLICE_SUO_MOTU
VIC-01713,FIR-000383,MODERATE,SELF
VIC-03785,FIR-000384,MODERATE,SELF
VIC-00220,FIR-000385,NONE,FAMILY_MEMBER
VIC-01568,FIR-000386,MINOR,SELF
VIC-02956,FIR-000387,NONE,SELF
VIC-02168,FIR-000388,MODERATE,THIRD_PARTY
VIC-02989,FIR-000389,NONE,SELF
VIC-00854,FIR-000390,MINOR,FAMILY_MEMBER
VIC-03323,FIR-000391,NONE,SELF
VIC-00722,FIR-000392,NONE,SELF
VIC-02562,FIR-000393,MINOR,THIRD_PARTY
VIC-02362,FIR-000393,MINOR,POLICE_SUO_MOTU
VIC-00528,FIR-000394,NONE,THIRD_PARTY
VIC-01434,FIR-000395,MODERATE,THIRD_PARTY
VIC-02684,FIR-000396,NONE,THIRD_PARTY
VIC-01415,FIR-000397,NONE,FAMILY_MEMBER
VIC-01404,FIR-000398,NONE,SELF
VIC-03831,FIR-000399,NONE,SELF
VIC-03785,FIR-000400,NONE,THIRD_PARTY
VIC-03042,FIR-000401,MODERATE,SELF
VIC-01731,FIR-000402,NONE,FAMILY_MEMBER
VIC-02284,FIR-000402,MINOR,SELF
VIC-02945,FIR-000403,MODERATE,SELF
VIC-01689,FIR-000404,NONE,SELF
VIC-03691,FIR-000405,NONE,SELF
VIC-03599,FIR-000406,MINOR,FAMILY_MEMBER
VIC-02910,FIR-000406,MODERATE,SELF
VIC-00633,FIR-000407,SEVERE,SELF
VIC-02621,FIR-000408,MINOR,SELF
VIC-01520,FIR-000409,MINOR,FAMILY_MEMBER
VIC-01524,FIR-000409,NONE,THIRD_PARTY
VIC-03448,FIR-000410,NONE,THIRD_PARTY
VIC-01779,FIR-000410,NONE,SELF
VIC-03210,FIR-000411,MINOR,SELF
VIC-03247,FIR-000412,MINOR,SELF
VIC-03864,FIR-000413,NONE,SELF
VIC-02118,FIR-000414,NONE,FAMILY_MEMBER
VIC-02428,FIR-000415,NONE,FAMILY_MEMBER
VIC-01899,FIR-000416,NONE,SELF
VIC-00417,FIR-000416,NONE,SELF
VIC-00196,FIR-000417,MODERATE,SELF
VIC-02016,FIR-000418,NONE,THIRD_PARTY
VIC-02884,FIR-000418,NONE,SELF
VIC-03521,FIR-000419,MINOR,SELF
VIC-01040,FIR-000420,MINOR,SELF
VIC-02749,FIR-000421,MODERATE,FAMILY_MEMBER
VIC-03318,FIR-000422,SEVERE,SELF
VIC-01613,FIR-000423,MINOR,SELF
VIC-00986,FIR-000424,MODERATE,FAMILY_MEMBER
VIC-00391,FIR-000425,MINOR,SELF
VIC-02414,FIR-000426,NONE,SELF
VIC-01990,FIR-000427,MINOR,SELF
VIC-00375,FIR-000428,MINOR,SELF
VIC-02929,FIR-000429,MINOR,FAMILY_MEMBER
VIC-02853,FIR-000429,NONE,SELF
VIC-00270,FIR-000430,NONE,SELF
VIC-00156,FIR-000431,MODERATE,SELF
VIC-03807,FIR-000432,SEVERE,FAMILY_MEMBER
VIC-02019,FIR-000432,MINOR,FAMILY_MEMBER
VIC-02807,FIR-000433,NONE,SELF
VIC-00419,FIR-000434,MINOR,SELF
VIC-01175,FIR-000435,SEVERE,SELF
VIC-03404,FIR-000436,NONE,SELF
VIC-02112,FIR-000437,MINOR,FAMILY_MEMBER
VIC-02501,FIR-000438,MINOR,SELF
VIC-00677,FIR-000439,MODERATE,THIRD_PARTY
VIC-00188,FIR-000440,MINOR,THIRD_PARTY
VIC-00346,FIR-000440,MINOR,THIRD_PARTY
VIC-02584,FIR-000441,MODERATE,FAMILY_MEMBER
VIC-03836,FIR-000442,MINOR,POLICE_SUO_MOTU
VIC-02875,FIR-000443,MODERATE,FAMILY_MEMBER
VIC-03196,FIR-000444,MINOR,THIRD_PARTY
VIC-01821,FIR-000445,SEVERE,FAMILY_MEMBER
VIC-02564,FIR-000445,MINOR,SELF
VIC-02521,FIR-000446,SEVERE,THIRD_PARTY
VIC-00567,FIR-000447,NONE,SELF
VIC-03619,FIR-000447,NONE,SELF
VIC-01804,FIR-000448,SEVERE,SELF
VIC-02209,FIR-000448,NONE,THIRD_PARTY
VIC-01427,FIR-000449,NONE,FAMILY_MEMBER
VIC-00774,FIR-000450,NONE,SELF
VIC-00375,FIR-000450,MODERATE,FAMILY_MEMBER
VIC-02047,FIR-000451,MINOR,FAMILY_MEMBER
VIC-02458,FIR-000451,MINOR,FAMILY_MEMBER
VIC-03081,FIR-000452,NONE,THIRD_PARTY
VIC-02723,FIR-000453,MINOR,SELF
VIC-00483,FIR-000454,NONE,FAMILY_MEMBER
VIC-01453,FIR-000455,MINOR,SELF
VIC-01017,FIR-000455,NONE,SELF
VIC-02287,FIR-000456,NONE,FAMILY_MEMBER
VIC-03191,FIR-000456,SEVERE,FAMILY_MEMBER
VIC-02627,FIR-000457,NONE,SELF
VIC-02517,FIR-000457,MODERATE,SELF
VIC-01019,FIR-000458,MODERATE,THIRD_PARTY
VIC-00591,FIR-000459,NONE,SELF
VIC-00584,FIR-000460,NONE,THIRD_PARTY
VIC-02582,FIR-000461,MINOR,SELF
VIC-02351,FIR-000462,SEVERE,FAMILY_MEMBER
VIC-02854,FIR-000463,MINOR,FAMILY_MEMBER
VIC-01059,FIR-000464,NONE,SELF
VIC-02160,FIR-000464,MINOR,FAMILY_MEMBER
VIC-00260,FIR-000465,NONE,SELF
VIC-03671,FIR-000466,MODERATE,FAMILY_MEMBER
VIC-03095,FIR-000466,SEVERE,FAMILY_MEMBER
VIC-00838,FIR-000467,MODERATE,SELF
VIC-01400,FIR-000468,NONE,SELF
VIC-02094,FIR-000469,NONE,SELF
VIC-00090,FIR-000469,SEVERE,SELF
VIC-02030,FIR-000470,NONE,SELF
VIC-01303,FIR-000470,MINOR,THIRD_PARTY
VIC-03227,FIR-000471,MINOR,SELF
VIC-01984,FIR-000472,MODERATE,THIRD_PARTY
VIC-02868,FIR-000473,NONE,SELF
VIC-03798,FIR-000474,SEVERE,SELF
VIC-00564,FIR-000474,NONE,SELF
VIC-00429,FIR-000475,MODERATE,THIRD_PARTY
VIC-02567,FIR-000476,NONE,SELF
VIC-02529,FIR-000477,MODERATE,SELF
VIC-02534,FIR-000478,MINOR,SELF
VIC-02324,FIR-000478,NONE,THIRD_PARTY
VIC-01070,FIR-000479,SEVERE,THIRD_PARTY
VIC-00553,FIR-000480,MODERATE,FAMILY_MEMBER
VIC-01433,FIR-000481,NONE,THIRD_PARTY
VIC-00501,FIR-000482,NONE,SELF
VIC-00254,FIR-000482,NONE,FAMILY_MEMBER
VIC-01618,FIR-000483,NONE,SELF
VIC-02906,FIR-000483,MINOR,SELF
VIC-02456,FIR-000484,NONE,SELF
VIC-02668,FIR-000485,MINOR,THIRD_PARTY
VIC-01025,FIR-000486,NONE,SELF
VIC-03544,FIR-000487,NONE,THIRD_PARTY
VIC-01767,FIR-000488,MINOR,SELF
VIC-01074,FIR-000488,NONE,THIRD_PARTY
VIC-03544,FIR-000489,NONE,FAMILY_MEMBER
VIC-03656,FIR-000489,NONE,SELF
VIC-00905,FIR-000490,NONE,SELF
VIC-01742,FIR-000490,NONE,THIRD_PARTY
VIC-03588,FIR-000491,NONE,SELF
VIC-01379,FIR-000492,MODERATE,SELF
VIC-00899,FIR-000493,SEVERE,SELF
VIC-00486,FIR-000494,NONE,SELF
VIC-01695,FIR-000494,SEVERE,SELF
VIC-00551,FIR-000495,MODERATE,FAMILY_MEMBER
VIC-00725,FIR-000496,NONE,POLICE_SUO_MOTU
VIC-03489,FIR-000497,MINOR,POLICE_SUO_MOTU
VIC-01591,FIR-000498,SEVERE,SELF
VIC-00444,FIR-000499,MINOR,SELF
VIC-02913,FIR-000499,MINOR,FAMILY_MEMBER
VIC-03499,FIR-000500,SEVERE,SELF
VIC-01507,FIR-000501,MINOR,POLICE_SUO_MOTU
VIC-01078,FIR-000501,MODERATE,FAMILY_MEMBER
VIC-00455,FIR-000502,SEVERE,SELF
VIC-03112,FIR-000503,MODERATE,SELF
VIC-02989,FIR-000504,NONE,FAMILY_MEMBER
VIC-03355,FIR-000505,MINOR,SELF
VIC-01269,FIR-000506,NONE,FAMILY_MEMBER
VIC-01329,FIR-000507,MODERATE,SELF
VIC-00194,FIR-000508,NONE,THIRD_PARTY
VIC-02674,FIR-000508,NONE,FAMILY_MEMBER
VIC-00807,FIR-000509,MODERATE,SELF
VIC-03829,FIR-000510,MODERATE,SELF
VIC-03017,FIR-000511,MODERATE,SELF
VIC-03005,FIR-000511,MODERATE,SELF
VIC-03130,FIR-000512,NONE,FAMILY_MEMBER
VIC-00682,FIR-000513,MINOR,SELF
VIC-01555,FIR-000514,MINOR,THIRD_PARTY
VIC-01449,FIR-000514,MODERATE,FAMILY_MEMBER
VIC-02486,FIR-000515,MODERATE,POLICE_SUO_MOTU
VIC-02928,FIR-000516,MINOR,SELF
VIC-03248,FIR-000516,SEVERE,SELF
VIC-01093,FIR-000517,MINOR,SELF
VIC-00049,FIR-000518,NONE,THIRD_PARTY
VIC-02599,FIR-000518,MODERATE,SELF
VIC-01943,FIR-000519,MINOR,SELF
VIC-00706,FIR-000520,NONE,SELF
VIC-01073,FIR-000521,MINOR,THIRD_PARTY
VIC-01482,FIR-000522,MINOR,SELF
VIC-03213,FIR-000523,MINOR,SELF
VIC-03279,FIR-000524,MODERATE,SELF
VIC-02199,FIR-000525,MINOR,SELF
VIC-03177,FIR-000526,MINOR,FAMILY_MEMBER
VIC-03181,FIR-000527,NONE,THIRD_PARTY
VIC-00250,FIR-000527,NONE,POLICE_SUO_MOTU
VIC-03431,FIR-000528,MINOR,SELF
VIC-01544,FIR-000529,NONE,THIRD_PARTY
VIC-03819,FIR-000530,NONE,SELF
VIC-03407,FIR-000530,MINOR,SELF
VIC-00976,FIR-000531,MINOR,SELF
VIC-02702,FIR-000532,MINOR,SELF
VIC-00644,FIR-000532,SEVERE,FAMILY_MEMBER
VIC-02109,FIR-000533,SEVERE,FAMILY_MEMBER
VIC-00869,FIR-000533,NONE,SELF
VIC-02608,FIR-000534,NONE,SELF
VIC-01835,FIR-000534,MINOR,SELF
VIC-02587,FIR-000535,MINOR,THIRD_PARTY
VIC-02772,FIR-000535,MINOR,SELF
VIC-01211,FIR-000536,NONE,SELF
VIC-02968,FIR-000537,NONE,FAMILY_MEMBER
VIC-02627,FIR-000538,SEVERE,FAMILY_MEMBER
VIC-03221,FIR-000538,MINOR,SELF
VIC-02628,FIR-000539,NONE,SELF
VIC-02412,FIR-000539,NONE,FAMILY_MEMBER
VIC-03530,FIR-000540,MINOR,FAMILY_MEMBER
VIC-00378,FIR-000541,SEVERE,POLICE_SUO_MOTU
VIC-01793,FIR-000541,MODERATE,SELF
VIC-03803,FIR-000542,SEVERE,FAMILY_MEMBER
VIC-00377,FIR-000542,NONE,THIRD_PARTY
VIC-03554,FIR-000543,NONE,SELF
VIC-00921,FIR-000544,SEVERE,SELF
VIC-01327,FIR-000544,NONE,FAMILY_MEMBER
VIC-03164,FIR-000545,MINOR,SELF
VIC-01505,FIR-000545,MODERATE,FAMILY_MEMBER
VIC-01206,FIR-000546,MINOR,SELF
VIC-01660,FIR-000547,NONE,FAMILY_MEMBER
VIC-02212,FIR-000548,MINOR,FAMILY_MEMBER
VIC-02318,FIR-000548,NONE,SELF
VIC-03202,FIR-000549,MINOR,SELF
VIC-00740,FIR-000550,NONE,THIRD_PARTY
VIC-02378,FIR-000551,NONE,SELF
VIC-01421,FIR-000552,MINOR,POLICE_SUO_MOTU
VIC-03575,FIR-000553,NONE,SELF
VIC-00024,FIR-000554,MODERATE,POLICE_SUO_MOTU
VIC-03828,FIR-000554,NONE,SELF
VIC-01288,FIR-000555,SEVERE,SELF
VIC-00370,FIR-000556,MINOR,SELF
VIC-03212,FIR-000557,NONE,SELF
VIC-00593,FIR-000558,NONE,FAMILY_MEMBER
VIC-03851,FIR-000558,NONE,SELF
VIC-01956,FIR-000559,NONE,FAMILY_MEMBER
VIC-03612,FIR-000560,SEVERE,THIRD_PARTY
VIC-03753,FIR-000561,NONE,THIRD_PARTY
VIC-01992,FIR-000562,MODERATE,SELF
VIC-00012,FIR-000563,MODERATE,SELF
VIC-03402,FIR-000564,NONE,FAMILY_MEMBER
VIC-00204,FIR-000564,NONE,SELF
VIC-01680,FIR-000565,NONE,SELF
VIC-03389,FIR-000565,NONE,THIRD_PARTY
VIC-00668,FIR-000566,SEVERE,FAMILY_MEMBER
VIC-01147,FIR-000567,NONE,SELF
VIC-03873,FIR-000567,SEVERE,SELF
VIC-01854,FIR-000568,NONE,SELF
VIC-03826,FIR-000569,MINOR,THIRD_PARTY
VIC-00134,FIR-000570,NONE,SELF
VIC-02860,FIR-000570,MODERATE,SELF
VIC-00005,FIR-000571,MINOR,THIRD_PARTY
VIC-03344,FIR-000572,MINOR,SELF
VIC-03062,FIR-000572,MODERATE,FAMILY_MEMBER
VIC-03252,FIR-000573,MINOR,THIRD_PARTY
VIC-00404,FIR-000574,NONE,SELF
VIC-02989,FIR-000575,NONE,FAMILY_MEMBER
VIC-02066,FIR-000576,MINOR,SELF
VIC-02864,FIR-000576,NONE,THIRD_PARTY
VIC-01919,FIR-000577,MINOR,FAMILY_MEMBER
VIC-01412,FIR-000578,NONE,SELF
VIC-01694,FIR-000579,MODERATE,SELF
VIC-02954,FIR-000579,MINOR,SELF
VIC-03322,FIR-000580,MINOR,SELF
VIC-00146,FIR-000581,NONE,SELF
VIC-02300,FIR-000581,MINOR,SELF
VIC-03656,FIR-000582,NONE,POLICE_SUO_MOTU
VIC-01794,FIR-000583,NONE,FAMILY_MEMBER
VIC-01382,FIR-000583,MODERATE,SELF
VIC-01119,FIR-000584,SEVERE,SELF
VIC-02410,FIR-000585,MINOR,POLICE_SUO_MOTU
VIC-03814,FIR-000586,MINOR,SELF
VIC-00725,FIR-000586,NONE,SELF
VIC-02584,FIR-000587,SEVERE,SELF
VIC-02213,FIR-000587,NONE,SELF
VIC-01134,FIR-000588,MODERATE,SELF
VIC-00328,FIR-000589,NONE,SELF
VIC-03378,FIR-000590,NONE,SELF
VIC-01330,FIR-000591,NONE,SELF
VIC-02993,FIR-000591,NONE,POLICE_SUO_MOTU
VIC-03896,FIR-000592,NONE,SELF
VIC-00389,FIR-000593,MINOR,FAMILY_MEMBER
VIC-03300,FIR-000593,NONE,THIRD_PARTY
VIC-02879,FIR-000594,NONE,FAMILY_MEMBER
VIC-03766,FIR-000595,NONE,THIRD_PARTY
VIC-00341,FIR-000596,MINOR,POLICE_SUO_MOTU
VIC-02732,FIR-000596,NONE,SELF
VIC-02318,FIR-000597,NONE,POLICE_SUO_MOTU
VIC-03112,FIR-000598,MODERATE,THIRD_PARTY
VIC-00879,FIR-000599,MODERATE,THIRD_PARTY
VIC-03269,FIR-000600,MINOR,FAMILY_MEMBER
VIC-02596,FIR-000600,MODERATE,SELF
VIC-01415,FIR-000601,NONE,SELF
VIC-02437,FIR-000602,MINOR,THIRD_PARTY
VIC-01500,FIR-000603,MINOR,THIRD_PARTY
VIC-00198,FIR-000604,NONE,SELF
VIC-01246,FIR-000605,MODERATE,SELF
VIC-02372,FIR-000605,NONE,SELF
VIC-00384,FIR-000606,MINOR,SELF
VIC-00264,FIR-000607,NONE,SELF
VIC-00907,FIR-000608,SEVERE,SELF
VIC-02235,FIR-000609,NONE,FAMILY_MEMBER
VIC-02323,FIR-000610,NONE,SELF
VIC-02149,FIR-000611,SEVERE,FAMILY_MEMBER
VIC-01630,FIR-000612,MINOR,THIRD_PARTY
VIC-00302,FIR-000613,MINOR,FAMILY_MEMBER
VIC-00181,FIR-000613,MODERATE,THIRD_PARTY
VIC-00496,FIR-000614,MODERATE,POLICE_SUO_MOTU
VIC-01137,FIR-000614,NONE,FAMILY_MEMBER
VIC-00085,FIR-000615,NONE,SELF
VIC-03474,FIR-000615,MODERATE,SELF
VIC-01426,FIR-000616,MODERATE,SELF
VIC-01045,FIR-000617,NONE,SELF
VIC-01044,FIR-000618,NONE,SELF
VIC-02878,FIR-000619,MODERATE,SELF
VIC-00391,FIR-000620,NONE,FAMILY_MEMBER
VIC-02517,FIR-000621,MODERATE,SELF
VIC-02277,FIR-000622,SEVERE,SELF
VIC-03699,FIR-000623,NONE,SELF
VIC-02525,FIR-000624,SEVERE,SELF
VIC-03783,FIR-000625,SEVERE,SELF
VIC-03236,FIR-000626,SEVERE,SELF
VIC-03526,FIR-000626,NONE,SELF
VIC-01277,FIR-000627,NONE,SELF
VIC-02749,FIR-000628,MODERATE,SELF
VIC-00024,FIR-000628,NONE,SELF
VIC-01893,FIR-000629,SEVERE,THIRD_PARTY
VIC-03717,FIR-000630,MINOR,SELF
VIC-02924,FIR-000631,MODERATE,SELF
VIC-00690,FIR-000632,NONE,FAMILY_MEMBER
VIC-01445,FIR-000633,SEVERE,SELF
VIC-02003,FIR-000634,MODERATE,FAMILY_MEMBER
VIC-03166,FIR-000635,NONE,SELF
VIC-02256,FIR-000636,NONE,FAMILY_MEMBER
VIC-01870,FIR-000637,NONE,FAMILY_MEMBER
VIC-02904,FIR-000638,NONE,POLICE_SUO_MOTU
VIC-02192,FIR-000639,MODERATE,FAMILY_MEMBER
VIC-01538,FIR-000640,MINOR,SELF
VIC-01965,FIR-000640,MODERATE,THIRD_PARTY
VIC-01274,FIR-000641,MODERATE,FAMILY_MEMBER
VIC-02959,FIR-000642,MODERATE,SELF
VIC-02258,FIR-000642,NONE,SELF
VIC-00937,FIR-000643,NONE,THIRD_PARTY
VIC-01142,FIR-000644,MINOR,SELF
VIC-03070,FIR-000645,MODERATE,FAMILY_MEMBER
VIC-01475,FIR-000646,MINOR,FAMILY_MEMBER
VIC-03014,FIR-000647,MINOR,SELF
VIC-00208,FIR-000648,NONE,FAMILY_MEMBER
VIC-01740,FIR-000649,MINOR,THIRD_PARTY
VIC-02842,FIR-000650,NONE,THIRD_PARTY
VIC-01712,FIR-000651,NONE,SELF
VIC-00808,FIR-000651,NONE,POLICE_SUO_MOTU
VIC-02437,FIR-000652,NONE,THIRD_PARTY
VIC-03700,FIR-000653,MINOR,FAMILY_MEMBER
VIC-02801,FIR-000654,NONE,SELF
VIC-03619,FIR-000655,MODERATE,POLICE_SUO_MOTU
VIC-03544,FIR-000656,MINOR,THIRD_PARTY
VIC-02175,FIR-000657,NONE,THIRD_PARTY
VIC-03039,FIR-000658,MINOR,SELF
VIC-00618,FIR-000659,MINOR,THIRD_PARTY
VIC-01999,FIR-000660,NONE,SELF
VIC-01711,FIR-000661,MODERATE,THIRD_PARTY
VIC-03085,FIR-000661,MODERATE,SELF
VIC-00627,FIR-000662,NONE,SELF
VIC-01242,FIR-000663,MINOR,FAMILY_MEMBER
VIC-00149,FIR-000664,MINOR,SELF
VIC-02806,FIR-000664,NONE,FAMILY_MEMBER
VIC-01409,FIR-000665,NONE,FAMILY_MEMBER
VIC-00531,FIR-000666,MODERATE,SELF
VIC-00363,FIR-000667,NONE,SELF
VIC-00563,FIR-000668,SEVERE,FAMILY_MEMBER
VIC-01314,FIR-000669,NONE,SELF
VIC-03483,FIR-000669,MINOR,THIRD_PARTY
VIC-03888,FIR-000670,SEVERE,POLICE_SUO_MOTU
VIC-03811,FIR-000671,MINOR,FAMILY_MEMBER
VIC-02914,FIR-000672,NONE,FAMILY_MEMBER
VIC-00824,FIR-000673,MINOR,THIRD_PARTY
VIC-01154,FIR-000674,SEVERE,POLICE_SUO_MOTU
VIC-01498,FIR-000674,MINOR,SELF
VIC-03889,FIR-000675,NONE,THIRD_PARTY
VIC-03295,FIR-000676,NONE,FAMILY_MEMBER
VIC-02845,FIR-000676,NONE,THIRD_PARTY
VIC-02826,FIR-000677,MINOR,SELF
VIC-01858,FIR-000677,MINOR,FAMILY_MEMBER
VIC-02957,FIR-000678,MODERATE,THIRD_PARTY
VIC-01477,FIR-000679,SEVERE,SELF
VIC-01110,FIR-000680,NONE,THIRD_PARTY
VIC-03306,FIR-000681,NONE,SELF
VIC-01406,FIR-000682,NONE,SELF
VIC-02612,FIR-000683,SEVERE,THIRD_PARTY
VIC-00359,FIR-000684,MODERATE,SELF
VIC-00585,FIR-000684,NONE,THIRD_PARTY
VIC-03459,FIR-000685,MINOR,SELF
VIC-02171,FIR-000686,NONE,SELF
VIC-00487,FIR-000686,NONE,SELF
VIC-02735,FIR-000687,SEVERE,FAMILY_MEMBER
VIC-01016,FIR-000687,MODERATE,SELF
VIC-03182,FIR-000688,NONE,SELF
VIC-02321,FIR-000689,MINOR,FAMILY_MEMBER
VIC-03717,FIR-000690,MINOR,SELF
VIC-00500,FIR-000691,MINOR,SELF
VIC-03818,FIR-000692,NONE,SELF
VIC-03820,FIR-000693,MINOR,SELF
VIC-02695,FIR-000694,NONE,THIRD_PARTY
VIC-03267,FIR-000695,MINOR,SELF
VIC-02041,FIR-000696,NONE,SELF
VIC-02655,FIR-000697,SEVERE,FAMILY_MEMBER
VIC-01399,FIR-000698,MODERATE,THIRD_PARTY
VIC-02318,FIR-000699,MINOR,FAMILY_MEMBER
VIC-00014,FIR-000700,NONE,THIRD_PARTY
VIC-00264,FIR-000701,MINOR,SELF
VIC-02200,FIR-000702,NONE,THIRD_PARTY
VIC-02697,FIR-000703,SEVERE,SELF
VIC-02796,FIR-000704,NONE,SELF
VIC-01310,FIR-000704,MINOR,THIRD_PARTY
VIC-02475,FIR-000705,NONE,POLICE_SUO_MOTU
VIC-03763,FIR-000706,NONE,SELF
VIC-00652,FIR-000707,SEVERE,SELF
VIC-01383,FIR-000707,MODERATE,SELF
VIC-00110,FIR-000708,MINOR,SELF
VIC-03212,FIR-000709,NONE,SELF
VIC-03389,FIR-000710,MODERATE,FAMILY_MEMBER
VIC-00693,FIR-000711,NONE,FAMILY_MEMBER
VIC-02523,FIR-000712,NONE,SELF
VIC-00006,FIR-000712,NONE,THIRD_PARTY
VIC-03202,FIR-000713,MODERATE,FAMILY_MEMBER
VIC-01749,FIR-000714,NONE,SELF
VIC-03717,FIR-000715,NONE,POLICE_SUO_MOTU
VIC-02487,FIR-000716,MINOR,POLICE_SUO_MOTU
VIC-03399,FIR-000717,MODERATE,SELF
VIC-02013,FIR-000717,NONE,SELF
VIC-03374,FIR-000718,SEVERE,SELF
VIC-00721,FIR-000719,MODERATE,POLICE_SUO_MOTU
VIC-02498,FIR-000719,MINOR,FAMILY_MEMBER
VIC-03193,FIR-000720,MINOR,SELF
VIC-00595,FIR-000721,NONE,POLICE_SUO_MOTU
VIC-00626,FIR-000722,NONE,SELF
VIC-02200,FIR-000723,MODERATE,SELF
VIC-02746,FIR-000724,MODERATE,FAMILY_MEMBER
VIC-02724,FIR-000724,SEVERE,FAMILY_MEMBER
VIC-01449,FIR-000725,MINOR,SELF
VIC-01383,FIR-000726,NONE,FAMILY_MEMBER
VIC-00993,FIR-000726,MODERATE,FAMILY_MEMBER
VIC-01003,FIR-000727,NONE,FAMILY_MEMBER
VIC-02801,FIR-000728,MODERATE,SELF
VIC-01211,FIR-000729,NONE,THIRD_PARTY
VIC-03163,FIR-000729,NONE,FAMILY_MEMBER
VIC-00294,FIR-000730,NONE,SELF
VIC-03214,FIR-000731,NONE,SELF
VIC-02691,FIR-000732,NONE,SELF
VIC-00185,FIR-000733,NONE,SELF
VIC-02565,FIR-000734,MINOR,SELF
VIC-00295,FIR-000735,NONE,FAMILY_MEMBER
VIC-01113,FIR-000736,NONE,THIRD_PARTY
VIC-02427,FIR-000737,SEVERE,FAMILY_MEMBER
VIC-03297,FIR-000738,NONE,SELF
VIC-01716,FIR-000739,SEVERE,FAMILY_MEMBER
VIC-00532,FIR-000740,MODERATE,SELF
VIC-02342,FIR-000741,NONE,FAMILY_MEMBER
VIC-01896,FIR-000742,MINOR,FAMILY_MEMBER
VIC-02320,FIR-000742,SEVERE,SELF
VIC-03659,FIR-000743,MINOR,SELF
VIC-00541,FIR-000744,MINOR,SELF
VIC-01390,FIR-000745,MINOR,POLICE_SUO_MOTU
VIC-01947,FIR-000745,MINOR,SELF
VIC-00852,FIR-000746,SEVERE,FAMILY_MEMBER
VIC-00451,FIR-000747,MINOR,FAMILY_MEMBER
VIC-00120,FIR-000747,SEVERE,FAMILY_MEMBER
VIC-00745,FIR-000748,NONE,SELF
VIC-02401,FIR-000748,NONE,THIRD_PARTY
VIC-01549,FIR-000749,NONE,SELF
VIC-03275,FIR-000749,SEVERE,SELF
VIC-03227,FIR-000750,SEVERE,SELF
VIC-03124,FIR-000751,MINOR,SELF
VIC-03783,FIR-000752,NONE,THIRD_PARTY
VIC-03648,FIR-000753,NONE,FAMILY_MEMBER
VIC-00136,FIR-000754,NONE,SELF
VIC-00816,FIR-000755,NONE,FAMILY_MEMBER
VIC-03814,FIR-000756,MINOR,SELF
VIC-01418,FIR-000756,NONE,FAMILY_MEMBER
VIC-02846,FIR-000757,NONE,SELF
VIC-02120,FIR-000758,NONE,SELF
VIC-03496,FIR-000759,NONE,SELF
VIC-03443,FIR-000760,MINOR,SELF
VIC-01696,FIR-000761,MINOR,SELF
VIC-03583,FIR-000762,SEVERE,THIRD_PARTY
VIC-01260,FIR-000762,MODERATE,FAMILY_MEMBER
VIC-00497,FIR-000763,NONE,THIRD_PARTY
VIC-03085,FIR-000763,MINOR,THIRD_PARTY
VIC-02369,FIR-000764,MINOR,SELF
VIC-03593,FIR-000764,MINOR,SELF
VIC-02866,FIR-000765,MINOR,SELF
VIC-01454,FIR-000765,MINOR,SELF
VIC-00896,FIR-000766,SEVERE,FAMILY_MEMBER
VIC-02140,FIR-000767,MINOR,THIRD_PARTY
VIC-00033,FIR-000768,SEVERE,FAMILY_MEMBER
VIC-00710,FIR-000769,NONE,SELF
VIC-03684,FIR-000770,MODERATE,SELF
VIC-01691,FIR-000771,NONE,SELF
VIC-00515,FIR-000772,NONE,SELF
VIC-03475,FIR-000773,NONE,THIRD_PARTY
VIC-02321,FIR-000774,NONE,SELF
VIC-00437,FIR-000775,NONE,SELF
VIC-01891,FIR-000775,NONE,SELF
VIC-01605,FIR-000776,NONE,FAMILY_MEMBER
VIC-00010,FIR-000777,MINOR,SELF
VIC-02497,FIR-000778,NONE,SELF
VIC-02264,FIR-000778,NONE,SELF
VIC-00347,FIR-000779,NONE,THIRD_PARTY
VIC-01352,FIR-000780,NONE,SELF
VIC-02748,FIR-000781,MODERATE,SELF
VIC-01270,FIR-000781,MINOR,SELF
VIC-00909,FIR-000782,MINOR,FAMILY_MEMBER
VIC-02764,FIR-000783,MODERATE,SELF
VIC-00134,FIR-000784,MINOR,THIRD_PARTY
VIC-01286,FIR-000784,MODERATE,THIRD_PARTY
VIC-03086,FIR-000785,MINOR,SELF
VIC-02649,FIR-000786,MINOR,SELF
VIC-00264,FIR-000786,MINOR,SELF
VIC-01305,FIR-000787,NONE,SELF
VIC-03880,FIR-000788,NONE,SELF
VIC-03868,FIR-000788,NONE,SELF
VIC-02987,FIR-000789,SEVERE,SELF
VIC-00628,FIR-000790,MINOR,SELF
VIC-01644,FIR-000791,MINOR,SELF
VIC-02074,FIR-000792,NONE,SELF
VIC-02836,FIR-000793,NONE,THIRD_PARTY
VIC-03342,FIR-000794,NONE,THIRD_PARTY
VIC-01960,FIR-000794,MINOR,SELF
VIC-03066,FIR-000795,NONE,SELF
VIC-00230,FIR-000795,NONE,THIRD_PARTY
VIC-02278,FIR-000796,MODERATE,THIRD_PARTY
VIC-00119,FIR-000796,NONE,FAMILY_MEMBER
VIC-00521,FIR-000797,MINOR,SELF
VIC-03275,FIR-000797,MINOR,FAMILY_MEMBER
VIC-00373,FIR-000798,MINOR,SELF
VIC-03265,FIR-000798,NONE,SELF
VIC-03600,FIR-000799,MODERATE,THIRD_PARTY
VIC-01895,FIR-000800,MODERATE,POLICE_SUO_MOTU
VIC-02606,FIR-000801,MINOR,SELF
VIC-00434,FIR-000801,MINOR,THIRD_PARTY
VIC-01081,FIR-000802,NONE,SELF
VIC-02199,FIR-000802,MODERATE,SELF
VIC-00608,FIR-000803,NONE,THIRD_PARTY
VIC-00638,FIR-000803,NONE,SELF
VIC-01406,FIR-000804,NONE,FAMILY_MEMBER
VIC-01044,FIR-000804,SEVERE,FAMILY_MEMBER
VIC-01021,FIR-000805,MINOR,SELF
VIC-00764,FIR-000806,NONE,SELF
VIC-00489,FIR-000806,MINOR,POLICE_SUO_MOTU
VIC-02820,FIR-000807,MINOR,THIRD_PARTY
VIC-00978,FIR-000808,MINOR,SELF
VIC-00148,FIR-000809,MODERATE,THIRD_PARTY
VIC-01444,FIR-000809,NONE,POLICE_SUO_MOTU
VIC-00730,FIR-000810,MINOR,FAMILY_MEMBER
VIC-00691,FIR-000811,NONE,SELF
VIC-00870,FIR-000811,MINOR,SELF
VIC-00613,FIR-000812,NONE,SELF
VIC-03322,FIR-000813,NONE,THIRD_PARTY
VIC-03723,FIR-000814,NONE,FAMILY_MEMBER
VIC-01139,FIR-000815,NONE,SELF
VIC-01044,FIR-000816,MODERATE,SELF
VIC-03779,FIR-000816,NONE,SELF
VIC-03524,FIR-000817,NONE,FAMILY_MEMBER
VIC-00293,FIR-000818,MINOR,THIRD_PARTY
VIC-02793,FIR-000818,MINOR,SELF
VIC-01750,FIR-000819,MINOR,SELF
VIC-01297,FIR-000820,MINOR,SELF
VIC-02040,FIR-000820,MINOR,FAMILY_MEMBER
VIC-00630,FIR-000821,NONE,SELF
VIC-00581,FIR-000822,MODERATE,SELF
VIC-00619,FIR-000823,MINOR,SELF
VIC-03805,FIR-000824,MODERATE,SELF
VIC-03103,FIR-000825,MINOR,FAMILY_MEMBER
VIC-02738,FIR-000826,MODERATE,SELF
VIC-02961,FIR-000827,NONE,FAMILY_MEMBER
VIC-00312,FIR-000828,NONE,SELF
VIC-02258,FIR-000829,NONE,SELF
VIC-02205,FIR-000830,MODERATE,SELF
VIC-02886,FIR-000831,MODERATE,SELF
VIC-00622,FIR-000832,NONE,THIRD_PARTY
VIC-01213,FIR-000833,MINOR,THIRD_PARTY
VIC-01526,FIR-000833,MINOR,THIRD_PARTY
VIC-01645,FIR-000834,NONE,SELF
VIC-01339,FIR-000835,NONE,SELF
VIC-01252,FIR-000835,MODERATE,THIRD_PARTY
VIC-01044,FIR-000836,NONE,THIRD_PARTY
VIC-02615,FIR-000837,MINOR,SELF
VIC-01341,FIR-000837,MODERATE,POLICE_SUO_MOTU
VIC-03565,FIR-000838,NONE,SELF
VIC-02967,FIR-000839,NONE,SELF
VIC-02929,FIR-000840,SEVERE,THIRD_PARTY
VIC-00071,FIR-000841,NONE,SELF
VIC-02179,FIR-000842,NONE,POLICE_SUO_MOTU
VIC-02094,FIR-000843,SEVERE,FAMILY_MEMBER
VIC-00369,FIR-000844,MINOR,FAMILY_MEMBER
VIC-03115,FIR-000844,MINOR,FAMILY_MEMBER
VIC-02829,FIR-000845,MINOR,FAMILY_MEMBER
VIC-00816,FIR-000845,NONE,SELF
VIC-01730,FIR-000846,MINOR,FAMILY_MEMBER
VIC-00256,FIR-000847,NONE,THIRD_PARTY
VIC-00793,FIR-000848,MINOR,SELF
VIC-00191,FIR-000849,NONE,SELF
VIC-02818,FIR-000850,NONE,SELF
VIC-03451,FIR-000851,MODERATE,SELF
VIC-00256,FIR-000852,NONE,SELF
VIC-00672,FIR-000852,MODERATE,FAMILY_MEMBER
VIC-00727,FIR-000853,MODERATE,POLICE_SUO_MOTU
VIC-03573,FIR-000853,MINOR,THIRD_PARTY
VIC-00835,FIR-000854,NONE,SELF
VIC-01378,FIR-000855,MINOR,THIRD_PARTY
VIC-03740,FIR-000855,MODERATE,THIRD_PARTY
VIC-01714,FIR-000856,MINOR,POLICE_SUO_MOTU
VIC-00778,FIR-000857,NONE,SELF
VIC-00593,FIR-000858,NONE,SELF
VIC-01431,FIR-000859,MODERATE,SELF
VIC-02165,FIR-000860,MINOR,FAMILY_MEMBER
VIC-00082,FIR-000861,MINOR,THIRD_PARTY
VIC-00390,FIR-000861,MINOR,SELF
VIC-02384,FIR-000862,NONE,FAMILY_MEMBER
VIC-03508,FIR-000863,MINOR,SELF
VIC-02545,FIR-000863,NONE,FAMILY_MEMBER
VIC-03762,FIR-000864,MINOR,SELF
VIC-01717,FIR-000864,MINOR,SELF
VIC-01434,FIR-000865,MINOR,SELF
VIC-03367,FIR-000866,MODERATE,FAMILY_MEMBER
VIC-03367,FIR-000867,NONE,SELF
VIC-02355,FIR-000868,MODERATE,SELF
VIC-02078,FIR-000869,MINOR,THIRD_PARTY
VIC-02468,FIR-000870,NONE,SELF
VIC-03024,FIR-000871,NONE,SELF
VIC-00419,FIR-000872,MINOR,SELF
VIC-01733,FIR-000872,MINOR,POLICE_SUO_MOTU
VIC-02535,FIR-000873,NONE,SELF
VIC-01874,FIR-000874,NONE,FAMILY_MEMBER
VIC-02531,FIR-000875,MODERATE,SELF
VIC-00793,FIR-000876,MODERATE,THIRD_PARTY
VIC-01893,FIR-000877,NONE,THIRD_PARTY
VIC-02581,FIR-000877,NONE,SELF
VIC-00438,FIR-000878,SEVERE,SELF
VIC-00838,FIR-000879,NONE,FAMILY_MEMBER
VIC-03303,FIR-000880,NONE,SELF
VIC-03636,FIR-000881,SEVERE,SELF
VIC-01879,FIR-000881,NONE,SELF
VIC-00075,FIR-000882,MODERATE,SELF
VIC-02131,FIR-000883,NONE,SELF
VIC-02276,FIR-000884,NONE,FAMILY_MEMBER
VIC-02732,FIR-000885,MODERATE,FAMILY_MEMBER
VIC-01073,FIR-000886,MODERATE,FAMILY_MEMBER
VIC-03546,FIR-000887,NONE,SELF
VIC-03749,FIR-000888,NONE,SELF
VIC-00740,FIR-000888,MODERATE,FAMILY_MEMBER
VIC-03562,FIR-000889,MODERATE,SELF
VIC-03893,FIR-000890,NONE,SELF
VIC-00785,FIR-000891,MODERATE,POLICE_SUO_MOTU
VIC-01206,FIR-000892,MINOR,FAMILY_MEMBER
VIC-02954,FIR-000893,SEVERE,FAMILY_MEMBER
VIC-03598,FIR-000894,MINOR,SELF
VIC-01752,FIR-000895,NONE,FAMILY_MEMBER
VIC-01211,FIR-000896,NONE,POLICE_SUO_MOTU
VIC-00178,FIR-000897,NONE,SELF
VIC-03697,FIR-000898,SEVERE,THIRD_PARTY
VIC-00551,FIR-000899,MODERATE,SELF
VIC-02447,FIR-000900,MINOR,SELF
VIC-00731,FIR-000901,NONE,THIRD_PARTY
VIC-03681,FIR-000902,NONE,FAMILY_MEMBER
VIC-00121,FIR-000903,NONE,SELF
VIC-01182,FIR-000904,MINOR,SELF
VIC-02461,FIR-000904,MINOR,SELF
VIC-02189,FIR-000905,NONE,SELF
VIC-00562,FIR-000905,NONE,FAMILY_MEMBER
VIC-03396,FIR-000906,MODERATE,FAMILY_MEMBER
VIC-00524,FIR-000907,MINOR,THIRD_PARTY
VIC-02938,FIR-000908,MODERATE,SELF
VIC-00587,FIR-000908,MINOR,SELF
VIC-02196,FIR-000909,MINOR,FAMILY_MEMBER
VIC-02918,FIR-000910,MINOR,FAMILY_MEMBER
VIC-01251,FIR-000911,NONE,THIRD_PARTY
VIC-00416,FIR-000912,MINOR,POLICE_SUO_MOTU
VIC-00345,FIR-000913,MINOR,SELF
VIC-02609,FIR-000914,NONE,SELF
VIC-01836,FIR-000914,MINOR,SELF
VIC-00880,FIR-000915,NONE,SELF
VIC-02905,FIR-000916,NONE,THIRD_PARTY
VIC-02379,FIR-000917,NONE,THIRD_PARTY
VIC-00817,FIR-000917,NONE,THIRD_PARTY
VIC-00404,FIR-000918,MINOR,SELF
VIC-00325,FIR-000919,MODERATE,SELF
VIC-02135,FIR-000920,SEVERE,POLICE_SUO_MOTU
VIC-02369,FIR-000921,MINOR,THIRD_PARTY
VIC-01445,FIR-000922,MODERATE,SELF
VIC-00040,FIR-000922,NONE,FAMILY_MEMBER
VIC-01284,FIR-000923,NONE,SELF
VIC-02708,FIR-000924,NONE,SELF
VIC-03213,FIR-000925,MINOR,SELF
VIC-01741,FIR-000926,MINOR,SELF
VIC-00359,FIR-000927,MODERATE,SELF
VIC-03314,FIR-000928,NONE,THIRD_PARTY
VIC-03333,FIR-000929,NONE,FAMILY_MEMBER
VIC-03640,FIR-000929,NONE,FAMILY_MEMBER
VIC-00216,FIR-000930,MINOR,FAMILY_MEMBER
VIC-00460,FIR-000931,NONE,FAMILY_MEMBER
VIC-00934,FIR-000931,MINOR,SELF
VIC-02904,FIR-000932,NONE,SELF
VIC-02718,FIR-000933,MINOR,THIRD_PARTY
VIC-01135,FIR-000934,MODERATE,SELF
VIC-03847,FIR-000935,SEVERE,FAMILY_MEMBER
VIC-01795,FIR-000936,NONE,THIRD_PARTY
VIC-02009,FIR-000937,NONE,FAMILY_MEMBER
VIC-03873,FIR-000938,MINOR,SELF
VIC-00293,FIR-000939,MINOR,FAMILY_MEMBER
VIC-03675,FIR-000940,MINOR,FAMILY_MEMBER
VIC-02167,FIR-000941,MINOR,FAMILY_MEMBER
VIC-00336,FIR-000942,MINOR,THIRD_PARTY
VIC-02168,FIR-000942,NONE,POLICE_SUO_MOTU
VIC-03236,FIR-000943,NONE,THIRD_PARTY
VIC-03116,FIR-000943,MODERATE,SELF
VIC-00340,FIR-000944,NONE,SELF
VIC-01400,FIR-000945,MODERATE,THIRD_PARTY
VIC-01951,FIR-000946,MODERATE,SELF
VIC-00047,FIR-000947,MODERATE,SELF
VIC-02690,FIR-000947,SEVERE,POLICE_SUO_MOTU
VIC-00684,FIR-000948,MODERATE,SELF
VIC-00606,FIR-000949,MINOR,SELF
VIC-01489,FIR-000950,NONE,THIRD_PARTY
VIC-03076,FIR-000951,NONE,FAMILY_MEMBER
VIC-03130,FIR-000952,NONE,FAMILY_MEMBER
VIC-00580,FIR-000952,NONE,SELF
VIC-03573,FIR-000953,NONE,FAMILY_MEMBER
VIC-03548,FIR-000954,NONE,SELF
VIC-01402,FIR-000955,MINOR,SELF
VIC-02058,FIR-000956,MODERATE,SELF
VIC-01227,FIR-000957,NONE,SELF
VIC-03821,FIR-000958,MINOR,FAMILY_MEMBER
VIC-03627,FIR-000959,MINOR,SELF
VIC-01643,FIR-000960,MINOR,SELF
VIC-02885,FIR-000961,NONE,SELF
VIC-03078,FIR-000962,MODERATE,SELF
VIC-01845,FIR-000963,MINOR,SELF
VIC-01539,FIR-000964,NONE,SELF
VIC-03594,FIR-000965,NONE,SELF
VIC-02513,FIR-000966,NONE,SELF
VIC-01992,FIR-000967,NONE,SELF
VIC-03137,FIR-000968,MINOR,SELF
VIC-00726,FIR-000969,MINOR,SELF
VIC-01623,FIR-000970,NONE,THIRD_PARTY
VIC-03887,FIR-000971,NONE,THIRD_PARTY
VIC-02601,FIR-000972,SEVERE,SELF
VIC-00510,FIR-000973,NONE,FAMILY_MEMBER
VIC-00877,FIR-000974,NONE,SELF
VIC-02086,FIR-000975,MODERATE,SELF
VIC-00476,FIR-000976,MINOR,FAMILY_MEMBER
VIC-03796,FIR-000977,NONE,SELF
VIC-01648,FIR-000978,NONE,FAMILY_MEMBER
VIC-03524,FIR-000978,MINOR,POLICE_SUO_MOTU
VIC-00710,FIR-000979,MINOR,FAMILY_MEMBER
VIC-02514,FIR-000979,MINOR,FAMILY_MEMBER
VIC-01437,FIR-000980,NONE,FAMILY_MEMBER
VIC-03142,FIR-000980,NONE,FAMILY_MEMBER
VIC-00505,FIR-000981,MINOR,THIRD_PARTY
VIC-03302,FIR-000982,MINOR,FAMILY_MEMBER
VIC-01572,FIR-000983,MODERATE,THIRD_PARTY
VIC-00144,FIR-000984,NONE,THIRD_PARTY
VIC-03113,FIR-000984,MINOR,SELF
VIC-01816,FIR-000985,MINOR,SELF
VIC-00879,FIR-000986,MINOR,FAMILY_MEMBER
VIC-00387,FIR-000987,NONE,SELF
VIC-03859,FIR-000988,SEVERE,SELF
VIC-00095,FIR-000989,NONE,SELF
VIC-01084,FIR-000989,MODERATE,POLICE_SUO_MOTU
VIC-03405,FIR-000990,MODERATE,THIRD_PARTY
VIC-01411,FIR-000990,MINOR,SELF
VIC-00081,FIR-000991,NONE,FAMILY_MEMBER
VIC-01115,FIR-000992,NONE,SELF
VIC-00984,FIR-000993,MODERATE,FAMILY_MEMBER
VIC-02524,FIR-000994,NONE,POLICE_SUO_MOTU
VIC-01135,FIR-000995,MINOR,SELF
VIC-03013,FIR-000995,MINOR,SELF
VIC-03823,FIR-000996,MINOR,SELF
VIC-02032,FIR-000997,MODERATE,FAMILY_MEMBER
VIC-01189,FIR-000998,NONE,SELF
VIC-00146,FIR-000999,NONE,SELF
VIC-00882,FIR-001000,NONE,SELF
VIC-02674,FIR-001001,NONE,THIRD_PARTY
VIC-01643,FIR-001002,NONE,FAMILY_MEMBER
VIC-02956,FIR-001003,NONE,FAMILY_MEMBER
VIC-02390,FIR-001004,NONE,SELF
VIC-00246,FIR-001005,NONE,SELF
VIC-00107,FIR-001006,MODERATE,SELF
VIC-03190,FIR-001007,NONE,SELF
VIC-02215,FIR-001008,MODERATE,FAMILY_MEMBER
VIC-00310,FIR-001009,MINOR,SELF
VIC-01524,FIR-001010,NONE,THIRD_PARTY
VIC-03246,FIR-001011,NONE,SELF
VIC-02242,FIR-001011,MODERATE,POLICE_SUO_MOTU
VIC-02118,FIR-001012,NONE,SELF
VIC-00924,FIR-001013,MODERATE,SELF
VIC-03697,FIR-001013,NONE,SELF
VIC-00591,FIR-001014,NONE,SELF
VIC-00582,FIR-001015,SEVERE,THIRD_PARTY
VIC-00346,FIR-001016,NONE,THIRD_PARTY
VIC-00739,FIR-001017,NONE,SELF
VIC-01724,FIR-001017,MINOR,SELF
VIC-01927,FIR-001018,MINOR,FAMILY_MEMBER
VIC-02283,FIR-001019,NONE,POLICE_SUO_MOTU
VIC-03389,FIR-001020,MINOR,FAMILY_MEMBER
VIC-00539,FIR-001021,NONE,FAMILY_MEMBER
VIC-02200,FIR-001022,MINOR,THIRD_PARTY
VIC-03608,FIR-001023,MINOR,FAMILY_MEMBER
VIC-02195,FIR-001024,MODERATE,SELF
VIC-03721,FIR-001025,SEVERE,FAMILY_MEMBER
VIC-03719,FIR-001026,NONE,SELF
VIC-02094,FIR-001027,MODERATE,SELF
VIC-02313,FIR-001028,NONE,SELF
VIC-00536,FIR-001029,NONE,SELF
VIC-02975,FIR-001030,MODERATE,THIRD_PARTY
VIC-00826,FIR-001031,NONE,POLICE_SUO_MOTU
VIC-03415,FIR-001031,NONE,SELF
VIC-02089,FIR-001032,MINOR,SELF
VIC-00481,FIR-001033,NONE,POLICE_SUO_MOTU
VIC-01124,FIR-001033,MINOR,SELF
VIC-00817,FIR-001034,MODERATE,SELF
VIC-00044,FIR-001034,NONE,SELF
VIC-00009,FIR-001035,NONE,SELF
VIC-01019,FIR-001035,MODERATE,FAMILY_MEMBER
VIC-02432,FIR-001036,NONE,SELF
VIC-02342,FIR-001036,MODERATE,FAMILY_MEMBER
VIC-01664,FIR-001037,MODERATE,SELF
VIC-01575,FIR-001038,MINOR,FAMILY_MEMBER
VIC-00963,FIR-001038,NONE,SELF
VIC-02384,FIR-001039,MINOR,THIRD_PARTY
VIC-01884,FIR-001039,MODERATE,FAMILY_MEMBER
VIC-03003,FIR-001040,NONE,SELF
VIC-03727,FIR-001041,MINOR,SELF
VIC-00186,FIR-001041,NONE,FAMILY_MEMBER
VIC-01136,FIR-001042,MINOR,SELF
VIC-00397,FIR-001042,MODERATE,SELF
VIC-02144,FIR-001043,MODERATE,SELF
VIC-01513,FIR-001044,MINOR,SELF
VIC-03297,FIR-001045,NONE,POLICE_SUO_MOTU
VIC-03473,FIR-001046,MINOR,SELF
VIC-01138,FIR-001047,MINOR,SELF
VIC-02488,FIR-001048,MINOR,SELF
VIC-01657,FIR-001049,MINOR,SELF
VIC-00240,FIR-001049,MINOR,SELF
VIC-00378,FIR-001050,MODERATE,SELF
VIC-03771,FIR-001051,NONE,SELF
VIC-01184,FIR-001052,SEVERE,SELF
VIC-02175,FIR-001053,NONE,THIRD_PARTY
VIC-02822,FIR-001053,NONE,SELF
VIC-02610,FIR-001054,SEVERE,SELF
VIC-01801,FIR-001055,NONE,SELF
VIC-03161,FIR-001056,MINOR,SELF
VIC-00476,FIR-001057,MINOR,THIRD_PARTY
VIC-01341,FIR-001058,NONE,SELF
VIC-00469,FIR-001059,MODERATE,SELF
VIC-01084,FIR-001060,MINOR,SELF
VIC-02140,FIR-001061,NONE,SELF
VIC-03717,FIR-001062,NONE,POLICE_SUO_MOTU
VIC-03790,FIR-001063,MINOR,SELF
VIC-00375,FIR-001064,SEVERE,FAMILY_MEMBER
VIC-01783,FIR-001065,MODERATE,SELF
VIC-03742,FIR-001066,SEVERE,SELF
VIC-00189,FIR-001066,SEVERE,SELF
VIC-00865,FIR-001067,MODERATE,SELF
VIC-00310,FIR-001068,NONE,SELF
VIC-02946,FIR-001068,MODERATE,FAMILY_MEMBER
VIC-02015,FIR-001069,MODERATE,SELF
VIC-00341,FIR-001070,MINOR,SELF
VIC-03101,FIR-001071,NONE,FAMILY_MEMBER
VIC-00751,FIR-001072,NONE,POLICE_SUO_MOTU
VIC-03471,FIR-001072,MINOR,THIRD_PARTY
VIC-03787,FIR-001073,NONE,SELF
VIC-02546,FIR-001073,MODERATE,THIRD_PARTY
VIC-02092,FIR-001074,MODERATE,SELF
VIC-02633,FIR-001075,NONE,SELF
VIC-00627,FIR-001076,SEVERE,SELF
VIC-01980,FIR-001077,SEVERE,POLICE_SUO_MOTU
VIC-00821,FIR-001078,NONE,SELF
VIC-00593,FIR-001079,SEVERE,SELF
VIC-03455,FIR-001080,NONE,FAMILY_MEMBER
VIC-00682,FIR-001081,NONE,SELF
VIC-02633,FIR-001082,MODERATE,FAMILY_MEMBER
VIC-02020,FIR-001083,MODERATE,SELF
VIC-01021,FIR-001084,NONE,FAMILY_MEMBER
VIC-02774,FIR-001085,MINOR,SELF
VIC-00249,FIR-001086,MINOR,SELF
VIC-01602,FIR-001086,MINOR,THIRD_PARTY
VIC-03345,FIR-001087,NONE,SELF
VIC-01520,FIR-001088,NONE,FAMILY_MEMBER
VIC-00764,FIR-001089,NONE,SELF
VIC-02504,FIR-001090,MODERATE,SELF
VIC-02035,FIR-001091,NONE,FAMILY_MEMBER
VIC-00222,FIR-001092,NONE,SELF
VIC-03269,FIR-001093,MINOR,FAMILY_MEMBER
VIC-03308,FIR-001094,NONE,THIRD_PARTY
VIC-03765,FIR-001094,SEVERE,THIRD_PARTY
VIC-02034,FIR-001095,MODERATE,FAMILY_MEMBER
VIC-01700,FIR-001096,NONE,FAMILY_MEMBER
VIC-03622,FIR-001097,SEVERE,FAMILY_MEMBER
VIC-02801,FIR-001097,MODERATE,POLICE_SUO_MOTU
VIC-01059,FIR-001098,NONE,FAMILY_MEMBER
VIC-02606,FIR-001098,MINOR,SELF
VIC-02576,FIR-001099,NONE,SELF
VIC-00916,FIR-001099,NONE,SELF
VIC-00682,FIR-001100,MINOR,FAMILY_MEMBER
VIC-00015,FIR-001101,MINOR,FAMILY_MEMBER
VIC-00231,FIR-001101,MODERATE,SELF
VIC-02751,FIR-001102,MINOR,FAMILY_MEMBER
VIC-00513,FIR-001102,MODERATE,FAMILY_MEMBER
VIC-01574,FIR-001103,NONE,SELF
VIC-00811,FIR-001103,MINOR,THIRD_PARTY
VIC-00412,FIR-001104,MODERATE,SELF
VIC-02760,FIR-001105,MODERATE,SELF
VIC-01907,FIR-001105,MODERATE,SELF
VIC-02741,FIR-001106,MODERATE,SELF
VIC-01619,FIR-001107,SEVERE,SELF
VIC-01601,FIR-001107,MINOR,FAMILY_MEMBER
VIC-01567,FIR-001108,MINOR,THIRD_PARTY
VIC-00082,FIR-001109,NONE,SELF
VIC-02539,FIR-001110,MINOR,SELF
VIC-02966,FIR-001111,SEVERE,THIRD_PARTY
VIC-00451,FIR-001111,MODERATE,THIRD_PARTY
VIC-00019,FIR-001112,MINOR,SELF
VIC-00191,FIR-001112,SEVERE,POLICE_SUO_MOTU
VIC-03657,FIR-001113,MODERATE,SELF
VIC-00461,FIR-001114,MINOR,THIRD_PARTY
VIC-03504,FIR-001115,NONE,SELF
VIC-01682,FIR-001116,MINOR,THIRD_PARTY
VIC-00937,FIR-001117,NONE,SELF
VIC-01545,FIR-001117,MINOR,SELF
VIC-01590,FIR-001118,MINOR,SELF
VIC-00947,FIR-001118,MINOR,THIRD_PARTY
VIC-02253,FIR-001119,NONE,SELF
VIC-02154,FIR-001119,MODERATE,SELF
VIC-00637,FIR-001120,MINOR,THIRD_PARTY
VIC-00501,FIR-001121,NONE,SELF
VIC-03746,FIR-001122,MODERATE,SELF
VIC-03718,FIR-001123,MINOR,THIRD_PARTY
VIC-02426,FIR-001123,NONE,FAMILY_MEMBER
VIC-01064,FIR-001124,NONE,THIRD_PARTY
VIC-03327,FIR-001125,MINOR,SELF
VIC-02567,FIR-001126,MODERATE,SELF
VIC-03161,FIR-001127,NONE,FAMILY_MEMBER
VIC-00134,FIR-001128,MINOR,SELF
VIC-01900,FIR-001129,NONE,SELF
VIC-02178,FIR-001130,SEVERE,FAMILY_MEMBER
VIC-00887,FIR-001131,NONE,SELF
VIC-03180,FIR-001132,NONE,SELF
VIC-03443,FIR-001132,NONE,THIRD_PARTY
VIC-01571,FIR-001133,NONE,FAMILY_MEMBER
VIC-01616,FIR-001134,MINOR,SELF
VIC-02274,FIR-001135,MINOR,SELF
VIC-01027,FIR-001136,NONE,SELF
VIC-00590,FIR-001137,MINOR,SELF
VIC-00846,FIR-001137,SEVERE,SELF
VIC-01950,FIR-001138,MINOR,SELF
VIC-02167,FIR-001139,MINOR,SELF
VIC-03670,FIR-001140,MINOR,SELF
VIC-02144,FIR-001141,SEVERE,FAMILY_MEMBER
VIC-01371,FIR-001142,MODERATE,FAMILY_MEMBER
VIC-00105,FIR-001143,MINOR,THIRD_PARTY
VIC-00820,FIR-001144,MINOR,FAMILY_MEMBER
VIC-03497,FIR-001145,MINOR,POLICE_SUO_MOTU
VIC-01288,FIR-001145,NONE,FAMILY_MEMBER
VIC-03018,FIR-001146,MINOR,FAMILY_MEMBER
VIC-00630,FIR-001147,MINOR,SELF
VIC-02829,FIR-001148,NONE,THIRD_PARTY
VIC-03071,FIR-001149,MODERATE,SELF
VIC-00722,FIR-001150,NONE,FAMILY_MEMBER
VIC-00308,FIR-001151,MODERATE,THIRD_PARTY
VIC-02486,FIR-001152,NONE,SELF
VIC-02448,FIR-001153,MODERATE,SELF
VIC-01656,FIR-001154,MINOR,SELF
VIC-03423,FIR-001155,MINOR,FAMILY_MEMBER
VIC-00734,FIR-001156,NONE,THIRD_PARTY
VIC-02330,FIR-001157,MODERATE,SELF
VIC-00756,FIR-001158,MINOR,SELF
VIC-00249,FIR-001158,MINOR,SELF
VIC-03634,FIR-001159,MODERATE,THIRD_PARTY
VIC-03785,FIR-001160,NONE,THIRD_PARTY
VIC-01206,FIR-001160,MINOR,THIRD_PARTY
VIC-00757,FIR-001161,MINOR,SELF
VIC-02366,FIR-001162,NONE,SELF
VIC-01142,FIR-001163,MODERATE,SELF
VIC-02275,FIR-001163,NONE,SELF
VIC-03098,FIR-001164,SEVERE,SELF
VIC-02985,FIR-001165,MINOR,POLICE_SUO_MOTU
VIC-00897,FIR-001166,MODERATE,SELF
VIC-03106,FIR-001167,MINOR,SELF
VIC-00483,FIR-001168,MODERATE,SELF
VIC-03164,FIR-001169,MINOR,SELF
VIC-01720,FIR-001170,MINOR,FAMILY_MEMBER
VIC-00681,FIR-001171,MINOR,SELF
VIC-02409,FIR-001171,MINOR,FAMILY_MEMBER
VIC-01855,FIR-001172,MODERATE,SELF
VIC-02964,FIR-001173,MINOR,SELF
VIC-00695,FIR-001174,NONE,SELF
VIC-03451,FIR-001175,MODERATE,FAMILY_MEMBER
VIC-03704,FIR-001176,NONE,THIRD_PARTY
VIC-01101,FIR-001177,NONE,FAMILY_MEMBER
VIC-03682,FIR-001178,NONE,POLICE_SUO_MOTU
VIC-00688,FIR-001179,NONE,SELF
VIC-02671,FIR-001180,MODERATE,SELF
VIC-03624,FIR-001181,MODERATE,POLICE_SUO_MOTU
VIC-03262,FIR-001181,MODERATE,THIRD_PARTY
VIC-02066,FIR-001182,MODERATE,THIRD_PARTY
VIC-02556,FIR-001183,NONE,FAMILY_MEMBER
VIC-03481,FIR-001184,NONE,THIRD_PARTY
VIC-03326,FIR-001185,MINOR,SELF
VIC-02643,FIR-001186,NONE,SELF
VIC-01107,FIR-001187,NONE,THIRD_PARTY
VIC-03196,FIR-001187,NONE,FAMILY_MEMBER
VIC-00524,FIR-001188,SEVERE,SELF
VIC-00812,FIR-001189,NONE,SELF
VIC-00045,FIR-001190,NONE,FAMILY_MEMBER
VIC-02320,FIR-001191,NONE,SELF
VIC-03264,FIR-001191,NONE,SELF
VIC-00939,FIR-001192,NONE,SELF
VIC-01735,FIR-001193,MODERATE,SELF
VIC-03643,FIR-001194,NONE,SELF
VIC-00105,FIR-001195,MODERATE,SELF
VIC-03140,FIR-001195,NONE,SELF
VIC-03602,FIR-001196,MINOR,SELF
VIC-00783,FIR-001197,NONE,SELF
VIC-00944,FIR-001197,MODERATE,SELF
VIC-02949,FIR-001198,MODERATE,SELF
VIC-02729,FIR-001199,MODERATE,SELF
VIC-01889,FIR-001200,MINOR,SELF
VIC-02837,FIR-001201,MODERATE,THIRD_PARTY
VIC-02234,FIR-001202,NONE,THIRD_PARTY
VIC-02185,FIR-001203,MODERATE,FAMILY_MEMBER
VIC-01240,FIR-001204,MODERATE,SELF
VIC-01566,FIR-001205,MODERATE,SELF
VIC-00697,FIR-001206,MINOR,POLICE_SUO_MOTU
VIC-03575,FIR-001207,MINOR,SELF
VIC-02726,FIR-001208,NONE,SELF
VIC-03101,FIR-001209,MODERATE,FAMILY_MEMBER
VIC-02218,FIR-001210,NONE,FAMILY_MEMBER
VIC-01958,FIR-001211,NONE,FAMILY_MEMBER
VIC-01630,FIR-001212,MINOR,FAMILY_MEMBER
VIC-03785,FIR-001213,NONE,FAMILY_MEMBER
VIC-03020,FIR-001213,NONE,FAMILY_MEMBER
VIC-00708,FIR-001214,NONE,SELF
VIC-01445,FIR-001215,MODERATE,FAMILY_MEMBER
VIC-00689,FIR-001215,MODERATE,POLICE_SUO_MOTU
VIC-00773,FIR-001216,MINOR,SELF
VIC-00800,FIR-001217,MODERATE,SELF
VIC-02349,FIR-001218,NONE,SELF
VIC-01711,FIR-001219,NONE,THIRD_PARTY
VIC-01633,FIR-001220,NONE,THIRD_PARTY
VIC-00216,FIR-001221,SEVERE,SELF
VIC-00274,FIR-001221,MINOR,SELF
VIC-02518,FIR-001222,NONE,FAMILY_MEMBER
VIC-01519,FIR-001223,MODERATE,SELF
VIC-03426,FIR-001224,MINOR,SELF
VIC-00024,FIR-001225,MINOR,SELF
VIC-01890,FIR-001226,MINOR,SELF
VIC-03066,FIR-001227,MINOR,THIRD_PARTY
VIC-00532,FIR-001228,NONE,SELF
VIC-00043,FIR-001229,NONE,SELF
VIC-01736,FIR-001230,NONE,THIRD_PARTY
VIC-02758,FIR-001231,NONE,POLICE_SUO_MOTU
VIC-00470,FIR-001232,NONE,THIRD_PARTY
VIC-01160,FIR-001232,MODERATE,POLICE_SUO_MOTU
VIC-02931,FIR-001233,NONE,SELF
VIC-03750,FIR-001234,MODERATE,SELF
VIC-02698,FIR-001234,MODERATE,SELF
VIC-00130,FIR-001235,MINOR,FAMILY_MEMBER
VIC-00738,FIR-001236,MINOR,SELF
VIC-01756,FIR-001236,MODERATE,SELF
VIC-02255,FIR-001237,MINOR,POLICE_SUO_MOTU
VIC-02026,FIR-001237,MINOR,FAMILY_MEMBER
VIC-00169,FIR-001238,MODERATE,SELF
VIC-03161,FIR-001239,NONE,FAMILY_MEMBER
VIC-01755,FIR-001240,MODERATE,FAMILY_MEMBER
VIC-01047,FIR-001241,MINOR,FAMILY_MEMBER
VIC-01202,FIR-001242,MODERATE,SELF
VIC-00561,FIR-001243,MINOR,FAMILY_MEMBER
VIC-00811,FIR-001244,MINOR,FAMILY_MEMBER
VIC-00014,FIR-001245,MINOR,SELF
VIC-01282,FIR-001246,MINOR,THIRD_PARTY
VIC-01601,FIR-001246,MODERATE,SELF
VIC-03422,FIR-001247,MODERATE,FAMILY_MEMBER
VIC-02186,FIR-001247,NONE,FAMILY_MEMBER
VIC-02653,FIR-001248,MINOR,FAMILY_MEMBER
VIC-03714,FIR-001249,MINOR,SELF
VIC-01537,FIR-001250,NONE,FAMILY_MEMBER
VIC-01440,FIR-001251,MODERATE,SELF
VIC-01915,FIR-001251,NONE,THIRD_PARTY
VIC-03788,FIR-001252,MODERATE,POLICE_SUO_MOTU
VIC-02700,FIR-001252,NONE,FAMILY_MEMBER
VIC-03058,FIR-001253,MINOR,SELF
VIC-03787,FIR-001254,MINOR,FAMILY_MEMBER
VIC-01262,FIR-001255,NONE,FAMILY_MEMBER
VIC-01578,FIR-001256,NONE,POLICE_SUO_MOTU
VIC-01333,FIR-001257,MODERATE,SELF
VIC-01741,FIR-001258,MINOR,SELF
VIC-01803,FIR-001259,MINOR,SELF
VIC-03636,FIR-001260,SEVERE,SELF
VIC-01723,FIR-001261,MINOR,THIRD_PARTY
VIC-03179,FIR-001262,NONE,SELF
VIC-02082,FIR-001262,MINOR,SELF
VIC-02770,FIR-001263,MINOR,THIRD_PARTY
VIC-02346,FIR-001264,MINOR,SELF
VIC-02841,FIR-001265,MINOR,THIRD_PARTY
VIC-01638,FIR-001265,NONE,THIRD_PARTY
VIC-03475,FIR-001266,NONE,FAMILY_MEMBER
VIC-00566,FIR-001266,NONE,SELF
VIC-01731,FIR-001267,MODERATE,FAMILY_MEMBER
VIC-02963,FIR-001268,MINOR,SELF
VIC-03124,FIR-001269,NONE,FAMILY_MEMBER
VIC-03672,FIR-001270,MODERATE,SELF
VIC-00727,FIR-001271,MODERATE,SELF
VIC-02757,FIR-001271,SEVERE,THIRD_PARTY
VIC-02302,FIR-001272,NONE,FAMILY_MEMBER
VIC-03152,FIR-001272,NONE,THIRD_PARTY
VIC-03746,FIR-001273,SEVERE,SELF
VIC-01075,FIR-001274,NONE,FAMILY_MEMBER
VIC-00845,FIR-001274,MODERATE,FAMILY_MEMBER
VIC-03622,FIR-001275,NONE,FAMILY_MEMBER
VIC-02621,FIR-001276,MINOR,SELF
VIC-03175,FIR-001276,MINOR,POLICE_SUO_MOTU
VIC-02453,FIR-001277,NONE,FAMILY_MEMBER
VIC-00009,FIR-001278,NONE,POLICE_SUO_MOTU
VIC-01113,FIR-001278,NONE,THIRD_PARTY
VIC-03221,FIR-001279,NONE,SELF
VIC-02779,FIR-001280,MODERATE,SELF
VIC-01932,FIR-001281,MINOR,THIRD_PARTY
VIC-02626,FIR-001282,NONE,SELF
VIC-02162,FIR-001283,MINOR,FAMILY_MEMBER
VIC-01555,FIR-001284,MINOR,SELF
VIC-03773,FIR-001284,MODERATE,SELF
VIC-01346,FIR-001285,NONE,THIRD_PARTY
VIC-00469,FIR-001285,MINOR,THIRD_PARTY
VIC-01223,FIR-001286,NONE,THIRD_PARTY
VIC-02102,FIR-001286,MINOR,SELF
VIC-03519,FIR-001287,NONE,SELF
VIC-03875,FIR-001288,MINOR,SELF
VIC-01226,FIR-001289,MODERATE,SELF
VIC-02706,FIR-001289,MODERATE,SELF
VIC-01389,FIR-001290,SEVERE,SELF
VIC-00364,FIR-001291,NONE,SELF
VIC-00461,FIR-001292,MODERATE,THIRD_PARTY
VIC-03277,FIR-001293,MINOR,SELF
VIC-03540,FIR-001294,MODERATE,SELF
VIC-03103,FIR-001295,MODERATE,POLICE_SUO_MOTU
VIC-03615,FIR-001296,NONE,SELF
VIC-02582,FIR-001297,MINOR,FAMILY_MEMBER
VIC-03365,FIR-001298,MODERATE,THIRD_PARTY
VIC-00773,FIR-001299,NONE,FAMILY_MEMBER
VIC-02694,FIR-001300,MODERATE,SELF
VIC-03846,FIR-001301,SEVERE,POLICE_SUO_MOTU
VIC-00749,FIR-001302,MINOR,SELF
VIC-03797,FIR-001303,MODERATE,SELF
VIC-00004,FIR-001304,NONE,FAMILY_MEMBER
VIC-03459,FIR-001305,MODERATE,FAMILY_MEMBER
VIC-02861,FIR-001306,MODERATE,SELF
VIC-03339,FIR-001307,MINOR,SELF
VIC-02784,FIR-001307,NONE,SELF
VIC-03443,FIR-001308,MODERATE,SELF
VIC-02937,FIR-001309,MINOR,POLICE_SUO_MOTU
VIC-03847,FIR-001310,MODERATE,SELF
VIC-00946,FIR-001311,MINOR,SELF
VIC-02476,FIR-001311,MODERATE,POLICE_SUO_MOTU
VIC-00530,FIR-001312,NONE,SELF
VIC-03504,FIR-001313,MODERATE,THIRD_PARTY
VIC-00207,FIR-001313,SEVERE,SELF
VIC-01683,FIR-001314,MINOR,SELF
VIC-01859,FIR-001315,SEVERE,FAMILY_MEMBER
VIC-01413,FIR-001316,NONE,POLICE_SUO_MOTU
VIC-02693,FIR-001317,MODERATE,FAMILY_MEMBER
VIC-03241,FIR-001317,SEVERE,SELF
VIC-03424,FIR-001318,SEVERE,FAMILY_MEMBER
VIC-02503,FIR-001319,NONE,THIRD_PARTY
VIC-01012,FIR-001320,NONE,SELF
VIC-01031,FIR-001321,MODERATE,THIRD_PARTY
VIC-02163,FIR-001322,MODERATE,POLICE_SUO_MOTU
VIC-00517,FIR-001323,MINOR,SELF
VIC-00204,FIR-001324,MINOR,FAMILY_MEMBER
VIC-01634,FIR-001324,NONE,FAMILY_MEMBER
VIC-02934,FIR-001325,MINOR,SELF
VIC-03833,FIR-001326,MINOR,SELF
VIC-03325,FIR-001327,MINOR,SELF
VIC-01926,FIR-001328,NONE,FAMILY_MEMBER
VIC-02640,FIR-001328,NONE,FAMILY_MEMBER
VIC-02733,FIR-001329,SEVERE,SELF
VIC-02906,FIR-001330,MINOR,SELF
VIC-01380,FIR-001330,MODERATE,SELF
VIC-01754,FIR-001331,MINOR,THIRD_PARTY
VIC-01070,FIR-001331,MINOR,FAMILY_MEMBER
VIC-03851,FIR-001332,SEVERE,FAMILY_MEMBER
VIC-00140,FIR-001333,MINOR,THIRD_PARTY
VIC-00540,FIR-001333,MODERATE,SELF
VIC-03831,FIR-001334,NONE,FAMILY_MEMBER
VIC-01764,FIR-001335,MINOR,POLICE_SUO_MOTU
VIC-03750,FIR-001336,MODERATE,POLICE_SUO_MOTU
VIC-01269,FIR-001337,NONE,THIRD_PARTY
VIC-00670,FIR-001338,NONE,POLICE_SUO_MOTU
VIC-02535,FIR-001339,NONE,SELF
VIC-02032,FIR-001340,NONE,SELF
VIC-00255,FIR-001341,NONE,SELF
VIC-00185,FIR-001342,NONE,SELF
VIC-02448,FIR-001343,MODERATE,FAMILY_MEMBER
VIC-01883,FIR-001344,NONE,SELF
VIC-01272,FIR-001345,NONE,SELF
VIC-00677,FIR-001346,MINOR,SELF
VIC-03548,FIR-001347,NONE,SELF
VIC-03625,FIR-001348,NONE,THIRD_PARTY
VIC-00313,FIR-001348,MODERATE,FAMILY_MEMBER
VIC-02819,FIR-001349,MINOR,FAMILY_MEMBER
VIC-00940,FIR-001349,SEVERE,SELF
VIC-01098,FIR-001350,NONE,SELF
VIC-00301,FIR-001351,MINOR,SELF
VIC-03040,FIR-001352,NONE,FAMILY_MEMBER
VIC-01851,FIR-001353,NONE,FAMILY_MEMBER
VIC-01020,FIR-001354,MINOR,SELF
VIC-03364,FIR-001355,MINOR,SELF
VIC-03396,FIR-001356,MODERATE,FAMILY_MEMBER
VIC-02211,FIR-001357,NONE,SELF
VIC-03230,FIR-001358,MODERATE,SELF
VIC-02211,FIR-001358,NONE,SELF
VIC-02922,FIR-001359,MODERATE,SELF
VIC-02272,FIR-001360,NONE,THIRD_PARTY
VIC-00087,FIR-001361,MINOR,SELF
VIC-00645,FIR-001362,MINOR,SELF
VIC-02835,FIR-001363,MINOR,FAMILY_MEMBER
VIC-02959,FIR-001363,NONE,FAMILY_MEMBER
VIC-01865,FIR-001364,NONE,THIRD_PARTY
VIC-03051,FIR-001365,MODERATE,SELF
VIC-02288,FIR-001366,MINOR,POLICE_SUO_MOTU
VIC-00513,FIR-001367,MODERATE,FAMILY_MEMBER
VIC-02961,FIR-001368,MODERATE,FAMILY_MEMBER
VIC-00324,FIR-001369,NONE,FAMILY_MEMBER
VIC-03321,FIR-001369,NONE,SELF
VIC-01387,FIR-001370,MINOR,SELF
VIC-02696,FIR-001371,NONE,FAMILY_MEMBER
VIC-01210,FIR-001371,SEVERE,FAMILY_MEMBER
VIC-00075,FIR-001372,NONE,FAMILY_MEMBER
VIC-00033,FIR-001373,SEVERE,SELF
VIC-02860,FIR-001374,SEVERE,SELF
VIC-03165,FIR-001375,NONE,FAMILY_MEMBER
VIC-00261,FIR-001376,NONE,FAMILY_MEMBER
VIC-02987,FIR-001377,NONE,SELF
VIC-01991,FIR-001377,MODERATE,POLICE_SUO_MOTU
VIC-01017,FIR-001378,NONE,FAMILY_MEMBER
VIC-02271,FIR-001379,SEVERE,SELF
VIC-01234,FIR-001380,NONE,SELF
VIC-00025,FIR-001381,NONE,SELF
VIC-01355,FIR-001381,SEVERE,SELF
VIC-00978,FIR-001382,MINOR,SELF
VIC-03634,FIR-001383,MINOR,FAMILY_MEMBER
VIC-02556,FIR-001384,MINOR,SELF
VIC-02427,FIR-001385,NONE,SELF
VIC-00972,FIR-001385,MINOR,SELF
VIC-01389,FIR-001386,NONE,SELF
VIC-02329,FIR-001387,MINOR,FAMILY_MEMBER
VIC-00460,FIR-001387,MINOR,THIRD_PARTY
VIC-02242,FIR-001388,MODERATE,SELF
VIC-01899,FIR-001388,NONE,THIRD_PARTY
VIC-01318,FIR-001389,NONE,SELF
VIC-00180,FIR-001390,NONE,FAMILY_MEMBER
VIC-01169,FIR-001391,SEVERE,SELF
VIC-02284,FIR-001391,NONE,FAMILY_MEMBER
VIC-01425,FIR-001392,MINOR,SELF
VIC-01297,FIR-001393,NONE,SELF
VIC-02810,FIR-001394,NONE,SELF
VIC-00215,FIR-001394,NONE,SELF
VIC-01673,FIR-001395,NONE,SELF
VIC-00125,FIR-001396,MINOR,SELF
VIC-03655,FIR-001397,MINOR,SELF
VIC-01500,FIR-001397,MINOR,SELF
VIC-00018,FIR-001398,NONE,SELF
VIC-01734,FIR-001399,MINOR,SELF
VIC-01803,FIR-001400,MINOR,SELF
VIC-00857,FIR-001401,NONE,SELF
VIC-02907,FIR-001402,NONE,SELF
VIC-02786,FIR-001403,MODERATE,FAMILY_MEMBER
VIC-02862,FIR-001404,MINOR,FAMILY_MEMBER
VIC-03699,FIR-001404,MINOR,FAMILY_MEMBER
VIC-03837,FIR-001405,NONE,FAMILY_MEMBER
VIC-01591,FIR-001406,MODERATE,FAMILY_MEMBER
VIC-02488,FIR-001407,MINOR,FAMILY_MEMBER
VIC-00029,FIR-001408,NONE,SELF
VIC-03056,FIR-001409,MINOR,THIRD_PARTY
VIC-00364,FIR-001409,MINOR,SELF
VIC-02309,FIR-001410,NONE,SELF
VIC-00889,FIR-001411,NONE,THIRD_PARTY
VIC-01963,FIR-001412,NONE,FAMILY_MEMBER
VIC-01659,FIR-001413,NONE,SELF
VIC-03030,FIR-001414,NONE,SELF
VIC-01541,FIR-001414,MINOR,FAMILY_MEMBER
VIC-01940,FIR-001415,SEVERE,FAMILY_MEMBER
VIC-01335,FIR-001416,MINOR,SELF
VIC-02357,FIR-001417,NONE,FAMILY_MEMBER
VIC-00774,FIR-001418,NONE,FAMILY_MEMBER
VIC-00871,FIR-001419,SEVERE,SELF
VIC-00612,FIR-001420,MODERATE,SELF
VIC-01316,FIR-001421,MODERATE,SELF
VIC-03673,FIR-001422,NONE,THIRD_PARTY
VIC-02826,FIR-001423,MINOR,SELF
VIC-00121,FIR-001424,NONE,THIRD_PARTY
VIC-00875,FIR-001425,MINOR,SELF
VIC-02562,FIR-001425,MODERATE,SELF
VIC-01913,FIR-001426,NONE,THIRD_PARTY
VIC-02867,FIR-001427,SEVERE,POLICE_SUO_MOTU
VIC-01959,FIR-001428,NONE,THIRD_PARTY
VIC-00215,FIR-001429,NONE,FAMILY_MEMBER
VIC-03151,FIR-001430,NONE,FAMILY_MEMBER
VIC-02623,FIR-001431,MINOR,FAMILY_MEMBER
VIC-02032,FIR-001432,NONE,FAMILY_MEMBER
VIC-03108,FIR-001433,NONE,SELF
VIC-00565,FIR-001433,NONE,THIRD_PARTY
VIC-00655,FIR-001434,NONE,SELF
VIC-00782,FIR-001434,MODERATE,FAMILY_MEMBER
VIC-03317,FIR-001435,SEVERE,THIRD_PARTY
VIC-02986,FIR-001436,NONE,FAMILY_MEMBER
VIC-02438,FIR-001436,MINOR,FAMILY_MEMBER
VIC-02405,FIR-001437,MINOR,FAMILY_MEMBER
VIC-01093,FIR-001438,MODERATE,FAMILY_MEMBER
VIC-01692,FIR-001439,NONE,FAMILY_MEMBER
VIC-00059,FIR-001440,MODERATE,FAMILY_MEMBER
VIC-00851,FIR-001440,NONE,SELF
VIC-00523,FIR-001441,NONE,SELF
VIC-03659,FIR-001441,NONE,SELF
VIC-02884,FIR-001442,SEVERE,SELF
VIC-01350,FIR-001443,MINOR,FAMILY_MEMBER
VIC-00017,FIR-001444,MINOR,SELF
VIC-03766,FIR-001445,MODERATE,SELF
VIC-02176,FIR-001446,MODERATE,SELF
VIC-03644,FIR-001447,SEVERE,SELF
VIC-02065,FIR-001448,MINOR,SELF
VIC-00579,FIR-001449,SEVERE,SELF
VIC-02659,FIR-001450,MINOR,SELF
VIC-00277,FIR-001451,NONE,SELF
VIC-00819,FIR-001452,MINOR,SELF
VIC-01916,FIR-001453,MODERATE,FAMILY_MEMBER
VIC-01111,FIR-001454,NONE,FAMILY_MEMBER
VIC-01818,FIR-001455,MINOR,FAMILY_MEMBER
VIC-02779,FIR-001456,MINOR,POLICE_SUO_MOTU
VIC-03515,FIR-001456,SEVERE,SELF
VIC-03439,FIR-001457,MINOR,FAMILY_MEMBER
VIC-01642,FIR-001458,NONE,SELF
VIC-03001,FIR-001459,MINOR,SELF
VIC-02726,FIR-001460,SEVERE,THIRD_PARTY
VIC-03079,FIR-001460,MODERATE,THIRD_PARTY
VIC-00706,FIR-001461,NONE,SELF
VIC-02146,FIR-001462,MINOR,SELF
VIC-03506,FIR-001463,NONE,FAMILY_MEMBER
VIC-01699,FIR-001463,NONE,SELF
VIC-01052,FIR-001464,MODERATE,SELF
VIC-01935,FIR-001465,SEVERE,SELF
VIC-03413,FIR-001465,NONE,SELF
VIC-00070,FIR-001466,MINOR,SELF
VIC-01925,FIR-001466,MODERATE,FAMILY_MEMBER
VIC-01673,FIR-001467,NONE,THIRD_PARTY
VIC-00631,FIR-001468,SEVERE,SELF
VIC-03266,FIR-001469,MINOR,FAMILY_MEMBER
VIC-00915,FIR-001470,NONE,FAMILY_MEMBER
VIC-00871,FIR-001471,NONE,FAMILY_MEMBER
VIC-01775,FIR-001471,MINOR,THIRD_PARTY
VIC-03460,FIR-001472,SEVERE,THIRD_PARTY
VIC-01118,FIR-001473,NONE,SELF
VIC-00860,FIR-001473,NONE,FAMILY_MEMBER
VIC-03746,FIR-001474,NONE,SELF
VIC-02832,FIR-001475,MINOR,POLICE_SUO_MOTU
VIC-00059,FIR-001475,MINOR,SELF
VIC-01029,FIR-001476,MINOR,THIRD_PARTY
VIC-02247,FIR-001477,NONE,FAMILY_MEMBER
VIC-02528,FIR-001478,NONE,SELF
VIC-03283,FIR-001479,NONE,SELF
VIC-02460,FIR-001479,SEVERE,SELF
VIC-03568,FIR-001480,NONE,SELF
VIC-01750,FIR-001481,MINOR,SELF
VIC-01790,FIR-001482,MINOR,FAMILY_MEMBER
VIC-01265,FIR-001483,NONE,THIRD_PARTY
VIC-03724,FIR-001483,MINOR,FAMILY_MEMBER
VIC-03091,FIR-001484,MODERATE,THIRD_PARTY
VIC-03580,FIR-001485,NONE,SELF
VIC-01722,FIR-001486,NONE,FAMILY_MEMBER
VIC-03652,FIR-001486,MINOR,FAMILY_MEMBER
VIC-02935,FIR-001487,MINOR,SELF
VIC-01199,FIR-001488,SEVERE,SELF
VIC-02867,FIR-001489,NONE,SELF
VIC-00876,FIR-001489,MINOR,FAMILY_MEMBER
VIC-03326,FIR-001490,MINOR,THIRD_PARTY
VIC-02051,FIR-001491,NONE,FAMILY_MEMBER
VIC-03373,FIR-001491,NONE,SELF
VIC-02432,FIR-001492,MODERATE,THIRD_PARTY
VIC-01885,FIR-001493,MODERATE,SELF
VIC-01845,FIR-001493,MINOR,THIRD_PARTY
VIC-00702,FIR-001494,NONE,FAMILY_MEMBER
VIC-03833,FIR-001495,MODERATE,POLICE_SUO_MOTU
VIC-03275,FIR-001496,MODERATE,FAMILY_MEMBER
VIC-02262,FIR-001497,NONE,SELF
VIC-01063,FIR-001498,NONE,FAMILY_MEMBER
VIC-00830,FIR-001499,MINOR,SELF
VIC-02216,FIR-001500,MINOR,SELF
VIC-00861,FIR-001500,MINOR,SELF
VIC-02468,FIR-001501,NONE,FAMILY_MEMBER
VIC-03122,FIR-001502,MODERATE,SELF
VIC-02071,FIR-001503,NONE,SELF
VIC-03528,FIR-001504,NONE,SELF
VIC-00975,FIR-001505,MINOR,FAMILY_MEMBER
VIC-03221,FIR-001506,MINOR,SELF
VIC-02242,FIR-001507,MODERATE,SELF
VIC-02323,FIR-001507,MINOR,SELF
VIC-03212,FIR-001508,MODERATE,SELF
VIC-02658,FIR-001509,MODERATE,SELF
VIC-03481,FIR-001510,SEVERE,SELF
VIC-00541,FIR-001511,NONE,FAMILY_MEMBER
VIC-02267,FIR-001512,MINOR,SELF
VIC-02715,FIR-001513,SEVERE,SELF
VIC-03774,FIR-001514,NONE,FAMILY_MEMBER
VIC-01886,FIR-001515,MINOR,SELF
VIC-00923,FIR-001516,SEVERE,SELF
VIC-03279,FIR-001517,MINOR,SELF
VIC-03299,FIR-001518,MINOR,THIRD_PARTY
VIC-02590,FIR-001519,NONE,THIRD_PARTY
VIC-00135,FIR-001520,NONE,FAMILY_MEMBER
VIC-02767,FIR-001521,MODERATE,SELF
VIC-01079,FIR-001522,NONE,SELF
VIC-00313,FIR-001523,NONE,SELF
VIC-03768,FIR-001524,MODERATE,FAMILY_MEMBER
VIC-03250,FIR-001525,NONE,SELF
VIC-01819,FIR-001525,NONE,FAMILY_MEMBER
VIC-02187,FIR-001526,MINOR,FAMILY_MEMBER
VIC-03575,FIR-001527,MINOR,SELF
VIC-00951,FIR-001528,MINOR,SELF
VIC-01747,FIR-001529,MINOR,SELF
VIC-02354,FIR-001529,MODERATE,SELF
VIC-03163,FIR-001530,MINOR,THIRD_PARTY
VIC-03336,FIR-001530,NONE,SELF
VIC-03012,FIR-001531,MINOR,FAMILY_MEMBER
VIC-03755,FIR-001531,MINOR,SELF
VIC-02881,FIR-001532,MINOR,FAMILY_MEMBER
VIC-02086,FIR-001532,NONE,FAMILY_MEMBER
VIC-00560,FIR-001533,MINOR,SELF
VIC-02712,FIR-001534,NONE,SELF
VIC-01230,FIR-001535,NONE,THIRD_PARTY
VIC-00283,FIR-001535,MINOR,FAMILY_MEMBER
VIC-01773,FIR-001536,MODERATE,SELF
VIC-01195,FIR-001537,MODERATE,THIRD_PARTY
VIC-02979,FIR-001538,NONE,FAMILY_MEMBER
VIC-02664,FIR-001539,NONE,FAMILY_MEMBER
VIC-03806,FIR-001540,MINOR,SELF
VIC-03885,FIR-001541,NONE,SELF
VIC-02313,FIR-001542,MINOR,FAMILY_MEMBER
VIC-00406,FIR-001543,NONE,FAMILY_MEMBER
VIC-02735,FIR-001543,MINOR,FAMILY_MEMBER
VIC-03348,FIR-001544,MINOR,FAMILY_MEMBER
VIC-03015,FIR-001545,SEVERE,FAMILY_MEMBER
VIC-00514,FIR-001545,MINOR,SELF
VIC-00825,FIR-001546,MODERATE,SELF
VIC-02599,FIR-001547,NONE,THIRD_PARTY
VIC-02397,FIR-001548,NONE,THIRD_PARTY
VIC-01797,FIR-001549,MINOR,FAMILY_MEMBER
VIC-01784,FIR-001550,SEVERE,SELF
VIC-03749,FIR-001551,NONE,SELF
VIC-00132,FIR-001551,NONE,THIRD_PARTY
VIC-00902,FIR-001552,NONE,FAMILY_MEMBER
VIC-00856,FIR-001553,MODERATE,POLICE_SUO_MOTU
VIC-02000,FIR-001554,NONE,FAMILY_MEMBER
VIC-02517,FIR-001555,NONE,SELF
VIC-00493,FIR-001556,NONE,SELF
VIC-03516,FIR-001557,NONE,SELF
VIC-01779,FIR-001558,MODERATE,SELF
VIC-03333,FIR-001558,NONE,SELF
VIC-01555,FIR-001559,NONE,FAMILY_MEMBER
VIC-01563,FIR-001560,MODERATE,FAMILY_MEMBER
VIC-02539,FIR-001560,NONE,FAMILY_MEMBER
VIC-03326,FIR-001561,NONE,FAMILY_MEMBER
VIC-03248,FIR-001562,SEVERE,SELF
VIC-03284,FIR-001563,NONE,SELF
VIC-03838,FIR-001564,MODERATE,SELF
VIC-03585,FIR-001565,MINOR,SELF
VIC-00937,FIR-001566,MINOR,SELF
VIC-00271,FIR-001567,NONE,SELF
VIC-03027,FIR-001567,MINOR,SELF
VIC-00811,FIR-001568,NONE,SELF
VIC-01876,FIR-001569,MINOR,SELF
VIC-00549,FIR-001570,MODERATE,SELF
VIC-01093,FIR-001570,NONE,SELF
VIC-02105,FIR-001571,NONE,FAMILY_MEMBER
VIC-00245,FIR-001572,NONE,FAMILY_MEMBER
VIC-00997,FIR-001572,NONE,SELF
VIC-00266,FIR-001573,NONE,SELF
VIC-00426,FIR-001574,SEVERE,SELF
VIC-01869,FIR-001575,NONE,FAMILY_MEMBER
VIC-02149,FIR-001575,NONE,SELF
VIC-00217,FIR-001576,MINOR,SELF
VIC-02320,FIR-001577,MINOR,SELF
VIC-03739,FIR-001577,NONE,FAMILY_MEMBER
VIC-00217,FIR-001578,NONE,SELF
VIC-01374,FIR-001579,SEVERE,FAMILY_MEMBER
VIC-02849,FIR-001579,NONE,SELF
VIC-03035,FIR-001580,NONE,SELF
VIC-01654,FIR-001580,MINOR,SELF
VIC-03026,FIR-001581,MINOR,SELF
VIC-01739,FIR-001582,MODERATE,SELF
VIC-00556,FIR-001583,MODERATE,SELF
VIC-03560,FIR-001584,SEVERE,SELF
VIC-02596,FIR-001585,NONE,SELF
VIC-03103,FIR-001586,NONE,SELF
VIC-01049,FIR-001586,MINOR,SELF
VIC-02629,FIR-001587,NONE,SELF
VIC-03263,FIR-001588,NONE,SELF
VIC-03523,FIR-001589,MINOR,SELF
VIC-02051,FIR-001590,NONE,FAMILY_MEMBER
VIC-03249,FIR-001591,NONE,SELF
VIC-01097,FIR-001592,NONE,SELF
VIC-01014,FIR-001593,MINOR,SELF
VIC-02561,FIR-001593,SEVERE,THIRD_PARTY
VIC-02610,FIR-001594,MINOR,SELF
VIC-01658,FIR-001595,MODERATE,SELF
VIC-01656,FIR-001596,NONE,SELF
VIC-03130,FIR-001597,MODERATE,POLICE_SUO_MOTU
VIC-01009,FIR-001597,MODERATE,SELF
VIC-01230,FIR-001598,NONE,SELF
VIC-01657,FIR-001599,MODERATE,FAMILY_MEMBER
VIC-03597,FIR-001599,MINOR,POLICE_SUO_MOTU
VIC-01253,FIR-001600,MINOR,SELF
VIC-02867,FIR-001601,SEVERE,SELF
VIC-02259,FIR-001602,MODERATE,FAMILY_MEMBER
VIC-03093,FIR-001603,SEVERE,SELF
VIC-01388,FIR-001604,MINOR,SELF
VIC-03826,FIR-001605,MINOR,SELF
VIC-01328,FIR-001606,NONE,THIRD_PARTY
VIC-02049,FIR-001607,MODERATE,SELF
VIC-00415,FIR-001608,NONE,SELF
VIC-02617,FIR-001609,NONE,FAMILY_MEMBER
VIC-02693,FIR-001610,NONE,SELF
VIC-02760,FIR-001610,SEVERE,SELF
VIC-02687,FIR-001611,NONE,SELF
VIC-01859,FIR-001612,NONE,SELF
VIC-03175,FIR-001613,MODERATE,SELF
VIC-01736,FIR-001614,MODERATE,POLICE_SUO_MOTU
VIC-00070,FIR-001615,NONE,FAMILY_MEMBER
VIC-00483,FIR-001615,NONE,SELF
VIC-02426,FIR-001616,MODERATE,FAMILY_MEMBER
VIC-02632,FIR-001617,NONE,SELF
VIC-00674,FIR-001618,NONE,FAMILY_MEMBER
VIC-00784,FIR-001619,MINOR,SELF
VIC-03304,FIR-001620,MINOR,THIRD_PARTY
VIC-02346,FIR-001621,NONE,THIRD_PARTY
VIC-00744,FIR-001622,MINOR,FAMILY_MEMBER
VIC-01885,FIR-001623,NONE,SELF
VIC-01907,FIR-001624,MODERATE,SELF
VIC-02458,FIR-001624,NONE,SELF
VIC-03217,FIR-001625,MODERATE,SELF
VIC-02326,FIR-001626,MINOR,FAMILY_MEMBER
VIC-00798,FIR-001627,NONE,SELF
VIC-02728,FIR-001628,MINOR,SELF
VIC-01121,FIR-001629,MINOR,SELF
VIC-03396,FIR-001629,MINOR,FAMILY_MEMBER
VIC-00292,FIR-001630,MODERATE,SELF
VIC-01029,FIR-001631,SEVERE,SELF
VIC-02369,FIR-001632,MINOR,FAMILY_MEMBER
VIC-00195,FIR-001633,MODERATE,FAMILY_MEMBER
VIC-00159,FIR-001634,NONE,FAMILY_MEMBER
VIC-03495,FIR-001634,MINOR,SELF
VIC-03064,FIR-001635,SEVERE,THIRD_PARTY
VIC-01010,FIR-001635,NONE,SELF
VIC-02940,FIR-001636,SEVERE,SELF
VIC-00227,FIR-001636,NONE,SELF
VIC-02317,FIR-001637,SEVERE,SELF
VIC-00409,FIR-001638,NONE,SELF
VIC-01327,FIR-001638,MODERATE,SELF
VIC-02030,FIR-001639,NONE,THIRD_PARTY
VIC-02793,FIR-001640,NONE,THIRD_PARTY
VIC-00677,FIR-001640,NONE,SELF
VIC-03821,FIR-001641,MINOR,THIRD_PARTY
VIC-00377,FIR-001641,NONE,THIRD_PARTY
VIC-01299,FIR-001642,NONE,SELF
VIC-02489,FIR-001643,NONE,SELF
VIC-01559,FIR-001644,NONE,SELF
VIC-00979,FIR-001644,MINOR,POLICE_SUO_MOTU
VIC-01236,FIR-001645,MINOR,SELF
VIC-02366,FIR-001646,SEVERE,SELF
VIC-00488,FIR-001646,NONE,THIRD_PARTY
VIC-03769,FIR-001647,NONE,SELF
VIC-02712,FIR-001648,NONE,SELF
VIC-01381,FIR-001649,NONE,SELF
VIC-01278,FIR-001650,MODERATE,SELF
VIC-01160,FIR-001650,MINOR,THIRD_PARTY
VIC-02224,FIR-001651,MINOR,FAMILY_MEMBER
VIC-03748,FIR-001651,SEVERE,SELF
VIC-03890,FIR-001652,MINOR,POLICE_SUO_MOTU
VIC-02576,FIR-001653,MODERATE,SELF
VIC-03757,FIR-001654,MINOR,SELF
VIC-00597,FIR-001655,MODERATE,SELF
VIC-00354,FIR-001655,MINOR,SELF
VIC-01660,FIR-001656,NONE,SELF
VIC-02718,FIR-001657,NONE,SELF
VIC-03773,FIR-001657,NONE,THIRD_PARTY
VIC-02086,FIR-001658,MINOR,POLICE_SUO_MOTU
VIC-02039,FIR-001659,MINOR,THIRD_PARTY
VIC-02534,FIR-001659,SEVERE,SELF
VIC-01114,FIR-001660,SEVERE,THIRD_PARTY
VIC-00577,FIR-001661,NONE,SELF
VIC-00499,FIR-001662,NONE,FAMILY_MEMBER
VIC-02262,FIR-001663,NONE,SELF
VIC-01206,FIR-001664,MINOR,THIRD_PARTY
VIC-02483,FIR-001665,MINOR,SELF
VIC-02975,FIR-001666,MODERATE,SELF
VIC-01528,FIR-001667,MODERATE,SELF
VIC-02733,FIR-001668,NONE,THIRD_PARTY
VIC-03194,FIR-001669,SEVERE,THIRD_PARTY
VIC-02635,FIR-001669,MINOR,SELF
VIC-01789,FIR-001670,NONE,FAMILY_MEMBER
VIC-01473,FIR-001670,SEVERE,FAMILY_MEMBER
VIC-02148,FIR-001671,NONE,SELF
VIC-00098,FIR-001672,MODERATE,SELF
VIC-03864,FIR-001673,NONE,SELF
VIC-00518,FIR-001674,MODERATE,SELF
VIC-01076,FIR-001675,NONE,FAMILY_MEMBER
VIC-01179,FIR-001675,MODERATE,FAMILY_MEMBER
VIC-02628,FIR-001676,MINOR,FAMILY_MEMBER
VIC-03717,FIR-001677,MODERATE,SELF
VIC-00103,FIR-001678,MINOR,SELF
VIC-03167,FIR-001678,NONE,SELF
VIC-02972,FIR-001679,SEVERE,SELF
VIC-01592,FIR-001680,MINOR,SELF
VIC-03801,FIR-001680,NONE,SELF
VIC-02859,FIR-001681,MODERATE,SELF
VIC-03017,FIR-001682,NONE,SELF
VIC-00201,FIR-001683,MINOR,SELF
VIC-02490,FIR-001683,MODERATE,SELF
VIC-01592,FIR-001684,NONE,SELF
VIC-01521,FIR-001685,MINOR,SELF
VIC-01698,FIR-001686,NONE,SELF
VIC-02408,FIR-001687,MODERATE,SELF
VIC-02098,FIR-001688,NONE,SELF
VIC-02623,FIR-001689,MINOR,SELF
VIC-03430,FIR-001690,MINOR,THIRD_PARTY
VIC-00038,FIR-001691,MINOR,FAMILY_MEMBER
VIC-01027,FIR-001692,NONE,SELF
VIC-03313,FIR-001693,MINOR,SELF
VIC-01011,FIR-001694,SEVERE,SELF
VIC-01292,FIR-001695,MINOR,THIRD_PARTY
VIC-00370,FIR-001696,MODERATE,FAMILY_MEMBER
VIC-01797,FIR-001697,NONE,POLICE_SUO_MOTU
VIC-02542,FIR-001698,MODERATE,FAMILY_MEMBER
VIC-00911,FIR-001699,MODERATE,SELF
VIC-02152,FIR-001700,NONE,SELF
VIC-02479,FIR-001701,MINOR,SELF
VIC-00372,FIR-001702,MINOR,SELF
VIC-00643,FIR-001702,MINOR,THIRD_PARTY
VIC-01901,FIR-001703,MINOR,FAMILY_MEMBER
VIC-00987,FIR-001704,MINOR,THIRD_PARTY
VIC-00860,FIR-001704,MINOR,POLICE_SUO_MOTU
VIC-00517,FIR-001705,MODERATE,FAMILY_MEMBER
VIC-00945,FIR-001706,MINOR,SELF
VIC-03196,FIR-001706,SEVERE,SELF
VIC-03308,FIR-001707,MINOR,SELF
VIC-02454,FIR-001708,NONE,FAMILY_MEMBER
VIC-00239,FIR-001709,MINOR,SELF
VIC-00408,FIR-001710,NONE,SELF
VIC-02774,FIR-001711,NONE,SELF
VIC-02457,FIR-001712,NONE,FAMILY_MEMBER
VIC-03681,FIR-001713,NONE,SELF
VIC-03293,FIR-001714,SEVERE,SELF
VIC-01578,FIR-001714,MINOR,SELF
VIC-00310,FIR-001715,NONE,SELF
VIC-01180,FIR-001715,MODERATE,SELF
VIC-01212,FIR-001716,SEVERE,SELF
VIC-02865,FIR-001716,SEVERE,THIRD_PARTY
VIC-01753,FIR-001717,SEVERE,FAMILY_MEMBER
VIC-02699,FIR-001718,MINOR,THIRD_PARTY
VIC-03211,FIR-001719,MINOR,FAMILY_MEMBER
VIC-01953,FIR-001720,MINOR,SELF
VIC-02955,FIR-001720,MINOR,SELF
VIC-01601,FIR-001721,MINOR,SELF
VIC-03585,FIR-001722,MINOR,SELF
VIC-00620,FIR-001722,NONE,SELF
VIC-00294,FIR-001723,MODERATE,SELF
VIC-02651,FIR-001724,MINOR,SELF
VIC-01172,FIR-001725,MODERATE,FAMILY_MEMBER
VIC-00165,FIR-001725,NONE,FAMILY_MEMBER
VIC-03721,FIR-001726,NONE,FAMILY_MEMBER
VIC-03579,FIR-001727,NONE,FAMILY_MEMBER
VIC-01412,FIR-001728,MINOR,FAMILY_MEMBER
VIC-00855,FIR-001729,NONE,SELF
VIC-02923,FIR-001729,NONE,SELF
VIC-01356,FIR-001730,MINOR,THIRD_PARTY
VIC-02146,FIR-001731,NONE,SELF
VIC-00125,FIR-001732,MODERATE,THIRD_PARTY
VIC-01753,FIR-001732,NONE,SELF
VIC-00903,FIR-001733,MODERATE,SELF
VIC-01146,FIR-001734,NONE,SELF
VIC-03726,FIR-001734,NONE,POLICE_SUO_MOTU
VIC-03811,FIR-001735,MODERATE,FAMILY_MEMBER
VIC-01808,FIR-001736,MINOR,FAMILY_MEMBER
VIC-01142,FIR-001736,MODERATE,FAMILY_MEMBER
VIC-00089,FIR-001737,NONE,FAMILY_MEMBER
VIC-02370,FIR-001738,NONE,FAMILY_MEMBER
VIC-01368,FIR-001739,MODERATE,SELF
VIC-03138,FIR-001740,NONE,SELF
VIC-00907,FIR-001741,MODERATE,FAMILY_MEMBER
VIC-00883,FIR-001742,NONE,THIRD_PARTY
VIC-02358,FIR-001743,NONE,SELF
VIC-01521,FIR-001743,SEVERE,SELF
VIC-02022,FIR-001744,MINOR,POLICE_SUO_MOTU
VIC-03501,FIR-001744,MINOR,FAMILY_MEMBER
VIC-02019,FIR-001745,MODERATE,SELF
VIC-03540,FIR-001746,MINOR,FAMILY_MEMBER
VIC-00100,FIR-001746,NONE,FAMILY_MEMBER
VIC-01855,FIR-001747,MINOR,THIRD_PARTY
VIC-03172,FIR-001748,NONE,SELF
VIC-00640,FIR-001748,MINOR,THIRD_PARTY
VIC-03659,FIR-001749,NONE,SELF
VIC-00024,FIR-001750,MINOR,SELF
VIC-03310,FIR-001751,MINOR,SELF
VIC-03382,FIR-001752,NONE,THIRD_PARTY
VIC-02067,FIR-001753,NONE,THIRD_PARTY
VIC-03063,FIR-001753,SEVERE,SELF
VIC-01733,FIR-001754,MODERATE,FAMILY_MEMBER
VIC-02087,FIR-001755,NONE,POLICE_SUO_MOTU
VIC-02965,FIR-001756,MODERATE,SELF
VIC-02035,FIR-001757,MINOR,SELF
VIC-03591,FIR-001758,SEVERE,SELF
VIC-01518,FIR-001758,SEVERE,SELF
VIC-03552,FIR-001759,NONE,SELF
VIC-03720,FIR-001760,MINOR,SELF
VIC-03646,FIR-001761,MODERATE,SELF
VIC-00450,FIR-001762,MINOR,FAMILY_MEMBER
VIC-02831,FIR-001762,MODERATE,FAMILY_MEMBER
VIC-00310,FIR-001763,MODERATE,FAMILY_MEMBER
VIC-01171,FIR-001764,NONE,SELF
VIC-01114,FIR-001764,NONE,SELF
VIC-00311,FIR-001765,MINOR,THIRD_PARTY
VIC-00423,FIR-001766,NONE,FAMILY_MEMBER
VIC-01443,FIR-001767,MINOR,SELF
VIC-01859,FIR-001768,MINOR,SELF
VIC-03444,FIR-001769,MODERATE,SELF
VIC-00602,FIR-001770,MODERATE,FAMILY_MEMBER
VIC-02484,FIR-001771,MINOR,FAMILY_MEMBER
VIC-00422,FIR-001772,MINOR,SELF
VIC-03273,FIR-001773,MINOR,SELF
VIC-03386,FIR-001774,MODERATE,SELF
VIC-00828,FIR-001775,MINOR,SELF
VIC-03424,FIR-001776,NONE,POLICE_SUO_MOTU
VIC-01047,FIR-001777,NONE,SELF
VIC-01802,FIR-001778,MODERATE,SELF
VIC-01014,FIR-001779,MINOR,FAMILY_MEMBER
VIC-00653,FIR-001780,NONE,FAMILY_MEMBER
VIC-03709,FIR-001780,MODERATE,SELF
VIC-01353,FIR-001781,MINOR,SELF
VIC-02478,FIR-001782,MODERATE,SELF
VIC-00622,FIR-001783,MODERATE,SELF
VIC-03383,FIR-001783,MINOR,SELF
VIC-03323,FIR-001784,MINOR,SELF
VIC-03026,FIR-001785,MODERATE,SELF
VIC-03865,FIR-001786,NONE,SELF
VIC-01914,FIR-001787,MODERATE,THIRD_PARTY
VIC-03785,FIR-001788,MINOR,THIRD_PARTY
VIC-03136,FIR-001789,MODERATE,FAMILY_MEMBER
VIC-00684,FIR-001789,SEVERE,FAMILY_MEMBER
VIC-03892,FIR-001790,MODERATE,SELF
VIC-01307,FIR-001791,NONE,FAMILY_MEMBER
VIC-03775,FIR-001791,NONE,SELF
VIC-01816,FIR-001792,NONE,SELF
VIC-00577,FIR-001793,NONE,FAMILY_MEMBER
VIC-00213,FIR-001794,NONE,FAMILY_MEMBER
VIC-01832,FIR-001795,SEVERE,SELF
VIC-03801,FIR-001795,MODERATE,THIRD_PARTY
VIC-02387,FIR-001796,MINOR,SELF
VIC-02499,FIR-001796,MINOR,FAMILY_MEMBER
VIC-01213,FIR-001797,NONE,FAMILY_MEMBER
VIC-00961,FIR-001798,NONE,FAMILY_MEMBER
VIC-01502,FIR-001799,NONE,THIRD_PARTY
VIC-02763,FIR-001800,NONE,FAMILY_MEMBER
VIC-01880,FIR-001800,MINOR,POLICE_SUO_MOTU
VIC-02374,FIR-001801,NONE,SELF
VIC-01879,FIR-001802,NONE,FAMILY_MEMBER
VIC-00997,FIR-001802,MINOR,FAMILY_MEMBER
VIC-02404,FIR-001803,NONE,THIRD_PARTY
VIC-00394,FIR-001804,NONE,SELF
VIC-00037,FIR-001805,NONE,SELF
VIC-02296,FIR-001805,MINOR,SELF
VIC-01378,FIR-001806,MINOR,THIRD_PARTY
VIC-01306,FIR-001807,NONE,SELF
VIC-02016,FIR-001807,MODERATE,FAMILY_MEMBER
VIC-01934,FIR-001808,MINOR,THIRD_PARTY
VIC-02912,FIR-001809,MINOR,SELF
VIC-02781,FIR-001810,MODERATE,THIRD_PARTY
VIC-03861,FIR-001811,SEVERE,SELF
VIC-01734,FIR-001812,NONE,FAMILY_MEMBER
VIC-01365,FIR-001813,NONE,THIRD_PARTY
VIC-02041,FIR-001814,MINOR,SELF
VIC-02385,FIR-001814,MINOR,FAMILY_MEMBER
VIC-03622,FIR-001815,MINOR,SELF
VIC-00072,FIR-001816,NONE,FAMILY_MEMBER
VIC-00854,FIR-001817,MODERATE,SELF
VIC-00832,FIR-001818,MODERATE,THIRD_PARTY
VIC-00961,FIR-001819,NONE,SELF
VIC-02451,FIR-001820,MODERATE,THIRD_PARTY
VIC-01500,FIR-001821,NONE,SELF
VIC-02412,FIR-001822,NONE,FAMILY_MEMBER
VIC-03316,FIR-001823,SEVERE,THIRD_PARTY
VIC-00294,FIR-001824,MINOR,THIRD_PARTY
VIC-00265,FIR-001825,NONE,THIRD_PARTY
VIC-02798,FIR-001826,NONE,FAMILY_MEMBER
VIC-00904,FIR-001827,MINOR,SELF
VIC-01614,FIR-001828,NONE,THIRD_PARTY
VIC-00338,FIR-001829,NONE,SELF
VIC-01429,FIR-001830,MODERATE,THIRD_PARTY
VIC-03663,FIR-001831,MINOR,SELF
VIC-03327,FIR-001832,SEVERE,SELF
VIC-00362,FIR-001833,NONE,SELF
VIC-00869,FIR-001833,MINOR,FAMILY_MEMBER
VIC-02037,FIR-001834,SEVERE,FAMILY_MEMBER
VIC-00572,FIR-001835,NONE,FAMILY_MEMBER
VIC-02734,FIR-001836,MINOR,SELF
VIC-01459,FIR-001837,MINOR,FAMILY_MEMBER
VIC-03328,FIR-001837,MINOR,SELF
VIC-01961,FIR-001838,NONE,THIRD_PARTY
VIC-02223,FIR-001838,MODERATE,SELF
VIC-02155,FIR-001839,SEVERE,FAMILY_MEMBER
VIC-00364,FIR-001839,MODERATE,FAMILY_MEMBER
VIC-00705,FIR-001840,MINOR,SELF
VIC-03403,FIR-001841,MINOR,SELF
VIC-02637,FIR-001842,NONE,THIRD_PARTY
VIC-00768,FIR-001843,MINOR,FAMILY_MEMBER
VIC-02926,FIR-001843,MINOR,FAMILY_MEMBER
VIC-01255,FIR-001844,MINOR,SELF
VIC-01968,FIR-001845,MINOR,SELF
VIC-01558,FIR-001846,NONE,SELF
VIC-02282,FIR-001846,NONE,FAMILY_MEMBER
VIC-03126,FIR-001847,SEVERE,THIRD_PARTY
VIC-00448,FIR-001848,MODERATE,FAMILY_MEMBER
VIC-00772,FIR-001849,MINOR,POLICE_SUO_MOTU
VIC-03535,FIR-001850,NONE,SELF
VIC-01808,FIR-001851,NONE,SELF
VIC-02153,FIR-001851,MINOR,SELF
VIC-00018,FIR-001852,MODERATE,SELF
VIC-00742,FIR-001853,MINOR,SELF
VIC-02620,FIR-001854,MINOR,SELF
VIC-00069,FIR-001854,MODERATE,FAMILY_MEMBER
VIC-03593,FIR-001855,NONE,FAMILY_MEMBER
VIC-03423,FIR-001856,MINOR,SELF
VIC-00095,FIR-001857,MINOR,FAMILY_MEMBER
VIC-00664,FIR-001858,NONE,SELF
VIC-02597,FIR-001859,MINOR,SELF
VIC-00159,FIR-001860,MINOR,SELF
VIC-01072,FIR-001860,MODERATE,THIRD_PARTY
VIC-01064,FIR-001861,MODERATE,FAMILY_MEMBER
VIC-03247,FIR-001862,MODERATE,SELF
VIC-02027,FIR-001863,MODERATE,FAMILY_MEMBER
VIC-03758,FIR-001864,MINOR,FAMILY_MEMBER
VIC-03606,FIR-001864,MINOR,SELF
VIC-03232,FIR-001865,NONE,FAMILY_MEMBER
VIC-01042,FIR-001866,NONE,SELF
VIC-02249,FIR-001867,SEVERE,FAMILY_MEMBER
VIC-02106,FIR-001868,NONE,FAMILY_MEMBER
VIC-01216,FIR-001869,MINOR,THIRD_PARTY
VIC-02683,FIR-001870,MINOR,SELF
VIC-02026,FIR-001871,NONE,POLICE_SUO_MOTU
VIC-00985,FIR-001872,NONE,THIRD_PARTY
VIC-01937,FIR-001872,NONE,SELF
VIC-01191,FIR-001873,NONE,FAMILY_MEMBER
VIC-03160,FIR-001873,MODERATE,FAMILY_MEMBER
VIC-01232,FIR-001874,NONE,POLICE_SUO_MOTU
VIC-01382,FIR-001875,MODERATE,SELF
VIC-01252,FIR-001876,NONE,SELF
VIC-03851,FIR-001877,MINOR,SELF
VIC-03370,FIR-001877,NONE,SELF
VIC-03106,FIR-001878,MINOR,SELF
VIC-00931,FIR-001879,SEVERE,SELF
VIC-01290,FIR-001880,NONE,FAMILY_MEMBER
VIC-02809,FIR-001881,NONE,FAMILY_MEMBER
VIC-01373,FIR-001882,MINOR,SELF
VIC-02823,FIR-001883,MINOR,SELF
VIC-01134,FIR-001884,SEVERE,SELF
VIC-00930,FIR-001884,MODERATE,SELF
VIC-02801,FIR-001885,MINOR,FAMILY_MEMBER
VIC-02542,FIR-001886,MODERATE,FAMILY_MEMBER
VIC-03267,FIR-001886,MODERATE,THIRD_PARTY
VIC-01445,FIR-001887,MINOR,SELF
VIC-00757,FIR-001888,MODERATE,THIRD_PARTY
VIC-01779,FIR-001888,MODERATE,SELF
VIC-00455,FIR-001889,MINOR,SELF
VIC-02270,FIR-001890,MODERATE,SELF
VIC-01064,FIR-001891,MINOR,SELF
VIC-03723,FIR-001892,MINOR,FAMILY_MEMBER
VIC-02727,FIR-001893,SEVERE,SELF
VIC-02803,FIR-001894,NONE,SELF
VIC-03051,FIR-001894,NONE,SELF
VIC-00819,FIR-001895,NONE,SELF
VIC-03455,FIR-001895,NONE,SELF
VIC-01734,FIR-001896,MODERATE,FAMILY_MEMBER
VIC-01055,FIR-001897,MODERATE,SELF
VIC-02154,FIR-001898,NONE,POLICE_SUO_MOTU
VIC-00058,FIR-001899,MINOR,THIRD_PARTY
VIC-02472,FIR-001900,MODERATE,SELF
VIC-02534,FIR-001901,MINOR,THIRD_PARTY
VIC-02024,FIR-001901,SEVERE,SELF
VIC-02522,FIR-001902,MODERATE,SELF
VIC-02774,FIR-001903,MODERATE,SELF
VIC-03293,FIR-001903,NONE,SELF
VIC-00939,FIR-001904,MODERATE,SELF
VIC-00158,FIR-001904,NONE,SELF
VIC-00220,FIR-001905,NONE,FAMILY_MEMBER
VIC-00170,FIR-001905,MODERATE,SELF
VIC-00439,FIR-001906,NONE,SELF
VIC-01551,FIR-001907,MINOR,FAMILY_MEMBER
VIC-01200,FIR-001908,MINOR,FAMILY_MEMBER
VIC-00349,FIR-001909,MINOR,FAMILY_MEMBER
VIC-03617,FIR-001910,MINOR,SELF
VIC-02809,FIR-001911,MINOR,SELF
VIC-01982,FIR-001911,MINOR,FAMILY_MEMBER
VIC-03798,FIR-001912,MINOR,SELF
VIC-00519,FIR-001913,NONE,FAMILY_MEMBER
VIC-01852,FIR-001914,NONE,SELF
VIC-02808,FIR-001915,MINOR,FAMILY_MEMBER
VIC-03360,FIR-001916,MINOR,SELF
VIC-02324,FIR-001917,MODERATE,FAMILY_MEMBER
VIC-01783,FIR-001918,MODERATE,SELF
VIC-02105,FIR-001919,MINOR,SELF
VIC-03484,FIR-001920,MINOR,FAMILY_MEMBER
VIC-00805,FIR-001921,NONE,SELF
VIC-00728,FIR-001922,NONE,FAMILY_MEMBER
VIC-01000,FIR-001923,MINOR,FAMILY_MEMBER
VIC-03851,FIR-001924,NONE,SELF
VIC-02061,FIR-001925,NONE,FAMILY_MEMBER
VIC-00195,FIR-001926,NONE,FAMILY_MEMBER
VIC-01672,FIR-001927,MINOR,SELF
VIC-02198,FIR-001928,MODERATE,SELF
VIC-00395,FIR-001929,NONE,THIRD_PARTY
VIC-02724,FIR-001929,NONE,SELF
VIC-00411,FIR-001930,NONE,SELF
VIC-00655,FIR-001931,NONE,SELF
VIC-01482,FIR-001932,MODERATE,SELF
VIC-02807,FIR-001933,MODERATE,THIRD_PARTY
VIC-02143,FIR-001933,NONE,FAMILY_MEMBER
VIC-00038,FIR-001934,NONE,FAMILY_MEMBER
VIC-03844,FIR-001935,MODERATE,POLICE_SUO_MOTU
VIC-01909,FIR-001936,MODERATE,FAMILY_MEMBER
VIC-01975,FIR-001937,NONE,SELF
VIC-02863,FIR-001938,MODERATE,FAMILY_MEMBER
VIC-01871,FIR-001939,NONE,SELF
VIC-03570,FIR-001939,MODERATE,FAMILY_MEMBER
VIC-01314,FIR-001940,NONE,SELF
VIC-03133,FIR-001941,NONE,FAMILY_MEMBER
VIC-03271,FIR-001942,MINOR,SELF
VIC-01722,FIR-001942,MINOR,SELF
VIC-03370,FIR-001943,NONE,SELF
VIC-01799,FIR-001944,MINOR,FAMILY_MEMBER
VIC-02053,FIR-001945,MINOR,FAMILY_MEMBER
VIC-01452,FIR-001946,MINOR,SELF
VIC-03397,FIR-001946,NONE,FAMILY_MEMBER
VIC-01525,FIR-001947,NONE,SELF
VIC-03491,FIR-001948,MINOR,FAMILY_MEMBER
VIC-02458,FIR-001949,NONE,FAMILY_MEMBER
VIC-01183,FIR-001949,MINOR,POLICE_SUO_MOTU
VIC-03629,FIR-001950,NONE,SELF
VIC-01216,FIR-001951,SEVERE,SELF
VIC-00397,FIR-001952,MINOR,SELF
VIC-01535,FIR-001952,NONE,SELF
VIC-02179,FIR-001953,MODERATE,SELF
VIC-00112,FIR-001954,MODERATE,SELF
VIC-02316,FIR-001954,NONE,SELF
VIC-00470,FIR-001955,MINOR,FAMILY_MEMBER
VIC-00602,FIR-001956,NONE,FAMILY_MEMBER
VIC-02986,FIR-001957,NONE,THIRD_PARTY
VIC-02362,FIR-001957,SEVERE,FAMILY_MEMBER
VIC-03884,FIR-001958,MINOR,FAMILY_MEMBER
VIC-01571,FIR-001959,NONE,SELF
VIC-02940,FIR-001960,SEVERE,SELF
VIC-00698,FIR-001961,NONE,SELF
VIC-00084,FIR-001962,NONE,SELF
VIC-03875,FIR-001963,MINOR,SELF
VIC-01836,FIR-001964,MINOR,FAMILY_MEMBER
VIC-02133,FIR-001964,MINOR,THIRD_PARTY
VIC-02517,FIR-001965,MINOR,FAMILY_MEMBER
VIC-00553,FIR-001966,NONE,SELF
VIC-03239,FIR-001967,NONE,SELF
VIC-02539,FIR-001968,MINOR,SELF
VIC-01773,FIR-001969,NONE,SELF
VIC-03499,FIR-001969,SEVERE,FAMILY_MEMBER
VIC-01671,FIR-001970,NONE,SELF
VIC-01502,FIR-001971,MODERATE,SELF
VIC-01698,FIR-001972,NONE,FAMILY_MEMBER
VIC-03744,FIR-001973,MINOR,SELF
VIC-02153,FIR-001974,MODERATE,FAMILY_MEMBER
VIC-00220,FIR-001975,NONE,POLICE_SUO_MOTU
VIC-02806,FIR-001976,MINOR,SELF
VIC-01426,FIR-001977,NONE,FAMILY_MEMBER
VIC-03287,FIR-001978,SEVERE,SELF
VIC-00992,FIR-001979,NONE,FAMILY_MEMBER
VIC-01097,FIR-001979,MINOR,FAMILY_MEMBER
VIC-03420,FIR-001980,NONE,SELF
VIC-01212,FIR-001981,NONE,FAMILY_MEMBER
VIC-01725,FIR-001982,SEVERE,THIRD_PARTY
VIC-02401,FIR-001983,MINOR,THIRD_PARTY
VIC-03001,FIR-001984,NONE,FAMILY_MEMBER
VIC-03654,FIR-001985,NONE,SELF
VIC-02870,FIR-001986,MODERATE,SELF
VIC-03028,FIR-001987,MODERATE,THIRD_PARTY
VIC-03409,FIR-001987,MINOR,SELF
VIC-03355,FIR-001988,MODERATE,SELF
VIC-00498,FIR-001989,MINOR,SELF
VIC-01058,FIR-001990,NONE,SELF
VIC-00958,FIR-001991,NONE,SELF
VIC-02471,FIR-001991,NONE,THIRD_PARTY
VIC-02136,FIR-001992,MINOR,SELF
VIC-00189,FIR-001992,MINOR,SELF
VIC-03229,FIR-001993,MINOR,SELF
VIC-00132,FIR-001994,MINOR,FAMILY_MEMBER
VIC-01922,FIR-001995,MINOR,THIRD_PARTY
VIC-03792,FIR-001996,NONE,SELF
VIC-00884,FIR-001997,SEVERE,SELF
VIC-01959,FIR-001998,MINOR,SELF
VIC-02895,FIR-001998,NONE,SELF
VIC-02665,FIR-001999,NONE,SELF
VIC-01108,FIR-001999,NONE,FAMILY_MEMBER
VIC-00941,FIR-002000,MODERATE,SELF
VIC-01007,FIR-002000,NONE,SELF
VIC-00386,FIR-002001,MODERATE,SELF
VIC-03022,FIR-002002,SEVERE,THIRD_PARTY
VIC-02659,FIR-002002,NONE,FAMILY_MEMBER
VIC-01507,FIR-002003,NONE,FAMILY_MEMBER
VIC-03664,FIR-002004,SEVERE,SELF
VIC-00267,FIR-002005,SEVERE,SELF
VIC-02360,FIR-002006,NONE,SELF
VIC-02540,FIR-002007,MODERATE,THIRD_PARTY
VIC-03404,FIR-002008,MINOR,SELF
VIC-02595,FIR-002009,MINOR,SELF
VIC-00312,FIR-002010,MINOR,THIRD_PARTY
VIC-02634,FIR-002010,NONE,SELF
VIC-02368,FIR-002011,MINOR,SELF
VIC-01968,FIR-002012,NONE,SELF
VIC-01735,FIR-002013,MINOR,FAMILY_MEMBER
VIC-02201,FIR-002014,NONE,FAMILY_MEMBER
VIC-03370,FIR-002015,MINOR,FAMILY_MEMBER
VIC-00541,FIR-002016,MODERATE,SELF
VIC-00610,FIR-002017,NONE,SELF
VIC-00770,FIR-002018,NONE,SELF
VIC-02207,FIR-002019,MINOR,POLICE_SUO_MOTU
VIC-01936,FIR-002019,NONE,THIRD_PARTY
VIC-03697,FIR-002020,MINOR,FAMILY_MEMBER
VIC-01483,FIR-002021,MODERATE,SELF
VIC-01572,FIR-002022,SEVERE,THIRD_PARTY
VIC-01843,FIR-002023,NONE,SELF
VIC-01423,FIR-002024,NONE,FAMILY_MEMBER
VIC-03701,FIR-002024,SEVERE,THIRD_PARTY
VIC-03601,FIR-002025,SEVERE,SELF
VIC-00034,FIR-002025,NONE,SELF
VIC-01283,FIR-002026,NONE,FAMILY_MEMBER
VIC-01287,FIR-002026,NONE,SELF
VIC-00019,FIR-002027,NONE,FAMILY_MEMBER
VIC-01123,FIR-002027,NONE,SELF
VIC-01167,FIR-002028,MODERATE,FAMILY_MEMBER
VIC-01777,FIR-002029,MINOR,FAMILY_MEMBER
VIC-00068,FIR-002030,MINOR,SELF
VIC-00092,FIR-002031,MODERATE,THIRD_PARTY
VIC-03467,FIR-002032,NONE,SELF
VIC-02321,FIR-002033,MODERATE,SELF
VIC-03873,FIR-002034,MINOR,SELF
VIC-01469,FIR-002034,MINOR,FAMILY_MEMBER
VIC-02224,FIR-002035,MODERATE,SELF
VIC-02013,FIR-002036,MINOR,SELF
VIC-00838,FIR-002037,NONE,SELF
VIC-02502,FIR-002037,MODERATE,POLICE_SUO_MOTU
VIC-03617,FIR-002038,SEVERE,THIRD_PARTY
VIC-02645,FIR-002039,NONE,SELF
VIC-03885,FIR-002040,NONE,SELF
VIC-00256,FIR-002040,SEVERE,FAMILY_MEMBER
VIC-02880,FIR-002041,MINOR,SELF
VIC-01232,FIR-002042,SEVERE,THIRD_PARTY
VIC-02796,FIR-002043,MODERATE,SELF
VIC-01753,FIR-002044,MODERATE,FAMILY_MEMBER
VIC-01233,FIR-002044,MINOR,FAMILY_MEMBER
VIC-01022,FIR-002045,MINOR,SELF
VIC-03521,FIR-002046,MINOR,SELF
VIC-01437,FIR-002047,NONE,FAMILY_MEMBER
VIC-03483,FIR-002048,MODERATE,SELF
VIC-00345,FIR-002049,SEVERE,FAMILY_MEMBER
VIC-02633,FIR-002050,SEVERE,THIRD_PARTY
VIC-01830,FIR-002051,NONE,SELF
VIC-01587,FIR-002052,NONE,SELF
VIC-00884,FIR-002053,NONE,FAMILY_MEMBER
VIC-02438,FIR-002053,NONE,SELF
VIC-02944,FIR-002054,NONE,SELF
VIC-00804,FIR-002055,NONE,SELF
VIC-03450,FIR-002056,MODERATE,SELF
VIC-03629,FIR-002057,MINOR,SELF
VIC-01891,FIR-002057,MODERATE,SELF
VIC-01004,FIR-002058,SEVERE,SELF
VIC-02201,FIR-002059,SEVERE,FAMILY_MEMBER
VIC-02032,FIR-002060,NONE,SELF
VIC-01534,FIR-002060,MINOR,FAMILY_MEMBER
VIC-03438,FIR-002061,MINOR,SELF
VIC-01828,FIR-002062,MODERATE,FAMILY_MEMBER
VIC-03086,FIR-002063,MODERATE,SELF
VIC-02284,FIR-002063,MINOR,SELF
VIC-00245,FIR-002064,MINOR,SELF
VIC-01824,FIR-002064,NONE,SELF
VIC-03140,FIR-002065,NONE,FAMILY_MEMBER
VIC-03231,FIR-002066,NONE,FAMILY_MEMBER
VIC-00138,FIR-002067,MODERATE,SELF
VIC-00992,FIR-002068,MODERATE,FAMILY_MEMBER
VIC-03279,FIR-002069,NONE,FAMILY_MEMBER
VIC-00739,FIR-002070,SEVERE,THIRD_PARTY
VIC-00131,FIR-002071,MINOR,THIRD_PARTY
VIC-02901,FIR-002072,NONE,SELF
VIC-00288,FIR-002073,NONE,SELF
VIC-03087,FIR-002073,MINOR,THIRD_PARTY
VIC-03136,FIR-002074,MINOR,FAMILY_MEMBER
VIC-00330,FIR-002075,NONE,SELF
VIC-03068,FIR-002076,SEVERE,FAMILY_MEMBER
VIC-01747,FIR-002076,NONE,FAMILY_MEMBER
VIC-00381,FIR-002077,MINOR,FAMILY_MEMBER
VIC-00001,FIR-002078,NONE,SELF
VIC-02667,FIR-002079,MODERATE,THIRD_PARTY
VIC-02516,FIR-002080,NONE,SELF
VIC-02460,FIR-002081,MINOR,SELF
VIC-02943,FIR-002082,NONE,SELF
VIC-00736,FIR-002083,MINOR,THIRD_PARTY
VIC-03434,FIR-002084,MINOR,SELF
VIC-00716,FIR-002084,SEVERE,SELF
VIC-03587,FIR-002085,NONE,SELF
VIC-01848,FIR-002086,MODERATE,SELF
VIC-01859,FIR-002087,MODERATE,SELF
VIC-03542,FIR-002088,NONE,SELF
VIC-01156,FIR-002089,NONE,THIRD_PARTY
VIC-03754,FIR-002090,MODERATE,FAMILY_MEMBER
VIC-01464,FIR-002091,SEVERE,SELF
VIC-03521,FIR-002092,MINOR,SELF
VIC-01239,FIR-002093,NONE,SELF
VIC-01502,FIR-002093,NONE,FAMILY_MEMBER
VIC-01532,FIR-002094,NONE,THIRD_PARTY
VIC-02190,FIR-002095,MODERATE,SELF
VIC-03833,FIR-002095,MINOR,SELF
VIC-02003,FIR-002096,MINOR,SELF
VIC-00238,FIR-002097,MODERATE,SELF
VIC-02775,FIR-002097,MODERATE,SELF
VIC-01537,FIR-002098,NONE,THIRD_PARTY
VIC-00454,FIR-002099,NONE,SELF
VIC-00882,FIR-002099,MINOR,THIRD_PARTY
VIC-02182,FIR-002100,MODERATE,FAMILY_MEMBER
VIC-00169,FIR-002101,MODERATE,POLICE_SUO_MOTU
VIC-01058,FIR-002102,MODERATE,SELF
VIC-02486,FIR-002102,SEVERE,SELF
VIC-02492,FIR-002103,MODERATE,FAMILY_MEMBER
VIC-00992,FIR-002103,SEVERE,THIRD_PARTY
VIC-00242,FIR-002104,MINOR,SELF
VIC-00339,FIR-002104,NONE,SELF
VIC-03616,FIR-002105,MINOR,SELF
VIC-01314,FIR-002106,NONE,SELF
VIC-01216,FIR-002106,NONE,SELF
VIC-03661,FIR-002107,NONE,POLICE_SUO_MOTU
VIC-02249,FIR-002108,NONE,FAMILY_MEMBER
VIC-03439,FIR-002109,MODERATE,SELF
VIC-03631,FIR-002110,NONE,FAMILY_MEMBER
VIC-00753,FIR-002110,MINOR,SELF
VIC-03707,FIR-002111,MINOR,SELF
VIC-00337,FIR-002112,SEVERE,THIRD_PARTY
VIC-02090,FIR-002113,SEVERE,FAMILY_MEMBER
VIC-02445,FIR-002113,NONE,SELF
VIC-02877,FIR-002114,MODERATE,FAMILY_MEMBER
VIC-01025,FIR-002114,NONE,FAMILY_MEMBER
VIC-03377,FIR-002115,MINOR,SELF
VIC-02045,FIR-002116,NONE,FAMILY_MEMBER
VIC-03423,FIR-002117,MINOR,FAMILY_MEMBER
VIC-03474,FIR-002118,MINOR,SELF
VIC-02902,FIR-002118,NONE,SELF
VIC-02515,FIR-002119,MINOR,THIRD_PARTY
VIC-03114,FIR-002120,NONE,FAMILY_MEMBER
VIC-00598,FIR-002121,NONE,POLICE_SUO_MOTU
VIC-01095,FIR-002122,MINOR,FAMILY_MEMBER
VIC-00784,FIR-002123,MINOR,THIRD_PARTY
VIC-01210,FIR-002124,NONE,THIRD_PARTY
VIC-03624,FIR-002125,SEVERE,FAMILY_MEMBER
VIC-02501,FIR-002125,SEVERE,SELF
VIC-01378,FIR-002126,NONE,FAMILY_MEMBER
VIC-01074,FIR-002126,NONE,FAMILY_MEMBER
VIC-01080,FIR-002127,MINOR,THIRD_PARTY
VIC-02487,FIR-002127,SEVERE,SELF
VIC-00342,FIR-002128,MINOR,POLICE_SUO_MOTU
VIC-01607,FIR-002129,SEVERE,SELF
VIC-01349,FIR-002130,MINOR,SELF
VIC-02290,FIR-002131,MINOR,SELF
VIC-02982,FIR-002131,MODERATE,SELF
VIC-02513,FIR-002132,MINOR,SELF
VIC-00215,FIR-002133,MINOR,SELF
VIC-00095,FIR-002134,MODERATE,POLICE_SUO_MOTU
VIC-03556,FIR-002134,NONE,SELF
VIC-02414,FIR-002135,NONE,FAMILY_MEMBER
VIC-00327,FIR-002135,MODERATE,FAMILY_MEMBER
VIC-02946,FIR-002136,NONE,FAMILY_MEMBER
VIC-02404,FIR-002137,MODERATE,FAMILY_MEMBER
VIC-03895,FIR-002138,MODERATE,SELF
VIC-00500,FIR-002139,NONE,THIRD_PARTY
VIC-00956,FIR-002140,NONE,SELF
VIC-02915,FIR-002141,MINOR,SELF
VIC-02985,FIR-002142,NONE,FAMILY_MEMBER
VIC-01500,FIR-002143,NONE,SELF
VIC-02166,FIR-002144,MODERATE,SELF
VIC-02707,FIR-002145,NONE,THIRD_PARTY
VIC-02718,FIR-002145,SEVERE,SELF
VIC-02153,FIR-002146,SEVERE,FAMILY_MEMBER
VIC-00454,FIR-002147,MINOR,SELF
VIC-00171,FIR-002147,MINOR,SELF
VIC-01221,FIR-002148,MINOR,THIRD_PARTY
VIC-02029,FIR-002149,MINOR,FAMILY_MEMBER
VIC-01910,FIR-002150,SEVERE,FAMILY_MEMBER
VIC-01946,FIR-002151,NONE,SELF
VIC-03841,FIR-002152,MINOR,THIRD_PARTY
VIC-02457,FIR-002153,MINOR,THIRD_PARTY
VIC-02202,FIR-002154,MODERATE,POLICE_SUO_MOTU
VIC-02891,FIR-002155,MINOR,POLICE_SUO_MOTU
VIC-03804,FIR-002156,NONE,SELF
VIC-02671,FIR-002157,NONE,FAMILY_MEMBER
VIC-01054,FIR-002157,NONE,SELF
VIC-00295,FIR-002158,MODERATE,FAMILY_MEMBER
VIC-02505,FIR-002159,MINOR,SELF
VIC-00033,FIR-002160,SEVERE,SELF
VIC-02066,FIR-002161,MODERATE,SELF
VIC-03213,FIR-002161,NONE,SELF
VIC-01948,FIR-002162,MINOR,SELF
VIC-00593,FIR-002162,NONE,SELF
VIC-01251,FIR-002163,MODERATE,FAMILY_MEMBER
VIC-00200,FIR-002164,MINOR,SELF
VIC-00202,FIR-002165,SEVERE,THIRD_PARTY
VIC-01125,FIR-002166,NONE,SELF
VIC-02268,FIR-002166,NONE,THIRD_PARTY
VIC-03063,FIR-002167,NONE,FAMILY_MEMBER
VIC-03060,FIR-002168,MINOR,THIRD_PARTY
VIC-03608,FIR-002169,NONE,SELF
VIC-02520,FIR-002170,MODERATE,SELF
VIC-01651,FIR-002171,MINOR,SELF
VIC-03070,FIR-002172,NONE,THIRD_PARTY
VIC-02349,FIR-002173,NONE,FAMILY_MEMBER
VIC-02174,FIR-002173,MODERATE,SELF
VIC-02797,FIR-002174,NONE,SELF
VIC-00351,FIR-002175,MODERATE,THIRD_PARTY
VIC-03481,FIR-002176,MODERATE,THIRD_PARTY
VIC-01008,FIR-002176,MODERATE,FAMILY_MEMBER
VIC-02249,FIR-002177,NONE,THIRD_PARTY
VIC-00892,FIR-002178,SEVERE,SELF
VIC-01182,FIR-002179,MODERATE,SELF
VIC-00092,FIR-002180,MODERATE,THIRD_PARTY
VIC-02305,FIR-002181,MINOR,THIRD_PARTY
VIC-01980,FIR-002182,NONE,SELF
VIC-01225,FIR-002183,NONE,SELF
VIC-02754,FIR-002184,NONE,THIRD_PARTY
VIC-00729,FIR-002184,MINOR,FAMILY_MEMBER
VIC-01378,FIR-002185,MINOR,SELF
VIC-01554,FIR-002186,MODERATE,FAMILY_MEMBER
VIC-00476,FIR-002187,NONE,FAMILY_MEMBER
VIC-02616,FIR-002188,MODERATE,SELF
VIC-02693,FIR-002189,MINOR,SELF
VIC-02309,FIR-002189,NONE,SELF
VIC-03145,FIR-002190,MINOR,THIRD_PARTY
VIC-02843,FIR-002191,NONE,THIRD_PARTY
VIC-01900,FIR-002192,MINOR,POLICE_SUO_MOTU
VIC-03891,FIR-002193,NONE,SELF
VIC-03809,FIR-002194,NONE,FAMILY_MEMBER
VIC-02844,FIR-002195,MINOR,SELF
VIC-01497,FIR-002195,MINOR,SELF
VIC-02572,FIR-002196,SEVERE,FAMILY_MEMBER
VIC-01347,FIR-002197,MODERATE,SELF
VIC-00622,FIR-002198,NONE,SELF
VIC-02264,FIR-002199,NONE,FAMILY_MEMBER
VIC-01933,FIR-002200,MODERATE,SELF
VIC-00401,FIR-002201,MINOR,SELF
VIC-02175,FIR-002202,MODERATE,SELF
VIC-01682,FIR-002203,NONE,SELF
VIC-02614,FIR-002204,NONE,SELF
VIC-01641,FIR-002205,MODERATE,POLICE_SUO_MOTU
VIC-01043,FIR-002206,MODERATE,SELF
VIC-03304,FIR-002207,MODERATE,SELF
VIC-02924,FIR-002208,NONE,SELF
VIC-02046,FIR-002209,SEVERE,SELF
VIC-02658,FIR-002210,NONE,FAMILY_MEMBER
VIC-00080,FIR-002210,NONE,SELF
VIC-00162,FIR-002211,MODERATE,SELF
VIC-02568,FIR-002212,NONE,SELF
VIC-00730,FIR-002213,SEVERE,SELF
VIC-02883,FIR-002214,NONE,FAMILY_MEMBER
VIC-00969,FIR-002215,MINOR,FAMILY_MEMBER
VIC-01646,FIR-002216,MINOR,SELF
VIC-01755,FIR-002216,MINOR,SELF
VIC-02881,FIR-002217,MINOR,SELF
VIC-01862,FIR-002217,NONE,SELF
VIC-00876,FIR-002218,NONE,SELF
VIC-00030,FIR-002219,NONE,SELF
VIC-01270,FIR-002220,NONE,FAMILY_MEMBER
VIC-01660,FIR-002221,MODERATE,THIRD_PARTY
VIC-02918,FIR-002221,MODERATE,FAMILY_MEMBER
VIC-00257,FIR-002222,SEVERE,SELF
VIC-03145,FIR-002223,MODERATE,THIRD_PARTY
VIC-03428,FIR-002223,SEVERE,FAMILY_MEMBER
VIC-02576,FIR-002224,MINOR,SELF
VIC-00104,FIR-002225,MINOR,POLICE_SUO_MOTU
VIC-03886,FIR-002225,SEVERE,SELF
VIC-02422,FIR-002226,SEVERE,FAMILY_MEMBER
VIC-00580,FIR-002226,MODERATE,THIRD_PARTY
VIC-02390,FIR-002227,NONE,THIRD_PARTY
VIC-03264,FIR-002228,MODERATE,SELF
VIC-03551,FIR-002229,NONE,SELF
VIC-02205,FIR-002230,MINOR,POLICE_SUO_MOTU
VIC-03424,FIR-002230,NONE,POLICE_SUO_MOTU
VIC-01082,FIR-002231,MINOR,SELF
VIC-02868,FIR-002231,NONE,SELF
VIC-03787,FIR-002232,NONE,SELF
VIC-02817,FIR-002232,MINOR,THIRD_PARTY
VIC-03654,FIR-002233,MINOR,SELF
VIC-02606,FIR-002233,NONE,SELF
VIC-00411,FIR-002234,MINOR,SELF
VIC-02959,FIR-002234,MINOR,SELF
VIC-01145,FIR-002235,MODERATE,THIRD_PARTY
VIC-00680,FIR-002236,NONE,SELF
VIC-00996,FIR-002237,NONE,POLICE_SUO_MOTU
VIC-01815,FIR-002238,NONE,SELF
VIC-00802,FIR-002238,NONE,SELF
VIC-01920,FIR-002239,SEVERE,SELF
VIC-01728,FIR-002239,MINOR,SELF
VIC-03177,FIR-002240,MINOR,SELF
VIC-00261,FIR-002241,MINOR,FAMILY_MEMBER
VIC-00385,FIR-002242,MINOR,SELF
VIC-01617,FIR-002243,MINOR,FAMILY_MEMBER
VIC-02353,FIR-002244,NONE,SELF
VIC-03461,FIR-002245,NONE,SELF
VIC-02519,FIR-002245,MINOR,SELF
VIC-00152,FIR-002246,NONE,THIRD_PARTY
VIC-00084,FIR-002247,NONE,THIRD_PARTY
VIC-02332,FIR-002247,NONE,FAMILY_MEMBER
VIC-00064,FIR-002248,NONE,SELF
VIC-02889,FIR-002249,SEVERE,SELF
VIC-02263,FIR-002249,NONE,THIRD_PARTY
VIC-01627,FIR-002250,SEVERE,SELF
VIC-01894,FIR-002251,NONE,SELF
VIC-02451,FIR-002252,NONE,THIRD_PARTY
VIC-01397,FIR-002253,SEVERE,SELF
VIC-01735,FIR-002254,MINOR,THIRD_PARTY
VIC-01866,FIR-002255,NONE,SELF
VIC-03802,FIR-002256,MINOR,SELF
VIC-03097,FIR-002257,MINOR,SELF
VIC-02546,FIR-002257,MINOR,SELF
VIC-03291,FIR-002258,NONE,SELF
VIC-01546,FIR-002259,MINOR,FAMILY_MEMBER
VIC-03589,FIR-002260,NONE,SELF
VIC-03616,FIR-002261,MINOR,SELF
VIC-02388,FIR-002262,MODERATE,FAMILY_MEMBER
VIC-03310,FIR-002263,MODERATE,FAMILY_MEMBER
VIC-00334,FIR-002264,MODERATE,FAMILY_MEMBER
VIC-02050,FIR-002265,MINOR,SELF
VIC-01039,FIR-002266,SEVERE,FAMILY_MEMBER
VIC-01607,FIR-002267,NONE,THIRD_PARTY
VIC-00818,FIR-002268,NONE,SELF
VIC-01799,FIR-002268,MODERATE,SELF
VIC-03514,FIR-002269,NONE,SELF
VIC-02688,FIR-002270,MODERATE,THIRD_PARTY
VIC-02602,FIR-002271,MINOR,SELF
VIC-03124,FIR-002271,MINOR,SELF
VIC-02377,FIR-002272,MODERATE,FAMILY_MEMBER
VIC-03738,FIR-002273,MODERATE,SELF
VIC-01394,FIR-002274,NONE,SELF
VIC-03674,FIR-002274,MINOR,SELF
VIC-01798,FIR-002275,MODERATE,SELF
VIC-01411,FIR-002276,NONE,THIRD_PARTY
VIC-00211,FIR-002277,MINOR,FAMILY_MEMBER
VIC-03848,FIR-002277,NONE,FAMILY_MEMBER
VIC-01694,FIR-002278,MODERATE,SELF
VIC-02360,FIR-002278,MINOR,SELF
VIC-03045,FIR-002279,NONE,SELF
VIC-01868,FIR-002280,NONE,SELF
VIC-01384,FIR-002281,NONE,POLICE_SUO_MOTU
VIC-00043,FIR-002282,MINOR,SELF
VIC-01429,FIR-002283,MODERATE,SELF
VIC-02986,FIR-002284,MINOR,THIRD_PARTY
VIC-01671,FIR-002285,NONE,SELF
VIC-03203,FIR-002285,MINOR,SELF
VIC-01806,FIR-002286,MODERATE,SELF
VIC-00168,FIR-002286,MODERATE,SELF
VIC-00592,FIR-002287,NONE,SELF
VIC-03310,FIR-002288,MODERATE,SELF
VIC-03877,FIR-002289,MINOR,SELF
VIC-02446,FIR-002290,MINOR,SELF
VIC-03691,FIR-002291,MINOR,SELF
VIC-00950,FIR-002291,NONE,THIRD_PARTY
VIC-00884,FIR-002292,MINOR,THIRD_PARTY
VIC-03226,FIR-002293,MINOR,FAMILY_MEMBER
VIC-03882,FIR-002294,NONE,POLICE_SUO_MOTU
VIC-03757,FIR-002295,NONE,FAMILY_MEMBER
VIC-01793,FIR-002296,MINOR,SELF
VIC-00371,FIR-002297,NONE,SELF
VIC-03419,FIR-002297,NONE,FAMILY_MEMBER
VIC-02176,FIR-002298,MODERATE,FAMILY_MEMBER
VIC-01962,FIR-002298,MODERATE,SELF
VIC-02588,FIR-002299,MODERATE,FAMILY_MEMBER
VIC-01484,FIR-002300,NONE,SELF
VIC-03286,FIR-002300,NONE,SELF
VIC-01240,FIR-002301,SEVERE,SELF
VIC-03522,FIR-002302,SEVERE,SELF
VIC-01830,FIR-002302,MINOR,SELF
VIC-02418,FIR-002303,SEVERE,SELF
VIC-03574,FIR-002304,MODERATE,FAMILY_MEMBER
VIC-01644,FIR-002305,SEVERE,THIRD_PARTY
VIC-02711,FIR-002306,NONE,THIRD_PARTY
VIC-03182,FIR-002306,MINOR,THIRD_PARTY
VIC-03267,FIR-002307,MINOR,SELF
VIC-01484,FIR-002308,MODERATE,SELF
VIC-02731,FIR-002309,MINOR,SELF
VIC-00035,FIR-002309,NONE,FAMILY_MEMBER
VIC-01930,FIR-002310,NONE,SELF
VIC-01998,FIR-002311,NONE,FAMILY_MEMBER
VIC-02817,FIR-002312,NONE,FAMILY_MEMBER
VIC-03635,FIR-002313,MINOR,SELF
VIC-00274,FIR-002313,NONE,SELF
VIC-02852,FIR-002314,NONE,THIRD_PARTY
VIC-03582,FIR-002315,MINOR,FAMILY_MEMBER
VIC-00701,FIR-002316,MINOR,FAMILY_MEMBER
VIC-03381,FIR-002317,NONE,THIRD_PARTY
VIC-03722,FIR-002318,MODERATE,SELF
VIC-00773,FIR-002319,NONE,FAMILY_MEMBER
VIC-00581,FIR-002320,SEVERE,FAMILY_MEMBER
VIC-02639,FIR-002321,NONE,SELF
VIC-01825,FIR-002322,SEVERE,SELF
VIC-01098,FIR-002323,MODERATE,SELF
VIC-02598,FIR-002324,MINOR,SELF
VIC-01771,FIR-002325,MINOR,POLICE_SUO_MOTU
VIC-00114,FIR-002326,MINOR,SELF
VIC-00190,FIR-002326,NONE,FAMILY_MEMBER
VIC-00518,FIR-002327,NONE,FAMILY_MEMBER
VIC-00016,FIR-002328,MODERATE,FAMILY_MEMBER
VIC-03089,FIR-002328,MINOR,SELF
VIC-01408,FIR-002329,MINOR,THIRD_PARTY
VIC-03321,FIR-002330,NONE,SELF
VIC-02476,FIR-002330,MINOR,SELF
VIC-03703,FIR-002331,MODERATE,SELF
VIC-03520,FIR-002332,NONE,FAMILY_MEMBER
VIC-00752,FIR-002332,NONE,THIRD_PARTY
VIC-00650,FIR-002333,NONE,SELF
VIC-03792,FIR-002333,MINOR,FAMILY_MEMBER
VIC-03243,FIR-002334,SEVERE,FAMILY_MEMBER
VIC-01779,FIR-002335,MODERATE,SELF
VIC-01217,FIR-002336,NONE,SELF
VIC-01247,FIR-002337,MINOR,SELF
VIC-03552,FIR-002338,NONE,SELF
VIC-02913,FIR-002339,MODERATE,SELF
VIC-00177,FIR-002340,MODERATE,FAMILY_MEMBER
VIC-00928,FIR-002341,NONE,SELF
VIC-02331,FIR-002342,MODERATE,POLICE_SUO_MOTU
VIC-02325,FIR-002343,NONE,FAMILY_MEMBER
VIC-00935,FIR-002344,MINOR,SELF
VIC-02845,FIR-002345,MODERATE,FAMILY_MEMBER
VIC-01500,FIR-002345,NONE,SELF
VIC-02456,FIR-002346,NONE,FAMILY_MEMBER
VIC-03781,FIR-002347,MODERATE,POLICE_SUO_MOTU
VIC-00608,FIR-002348,MINOR,SELF
VIC-03081,FIR-002348,MINOR,THIRD_PARTY
VIC-01060,FIR-002349,MINOR,THIRD_PARTY
VIC-00053,FIR-002350,MODERATE,FAMILY_MEMBER
VIC-02501,FIR-002351,MODERATE,SELF
VIC-03019,FIR-002352,NONE,THIRD_PARTY
VIC-02611,FIR-002353,NONE,FAMILY_MEMBER
VIC-02526,FIR-002354,MINOR,SELF
VIC-03226,FIR-002354,MINOR,THIRD_PARTY
VIC-02438,FIR-002355,NONE,SELF
VIC-03739,FIR-002355,NONE,SELF
VIC-01329,FIR-002356,NONE,FAMILY_MEMBER
VIC-02354,FIR-002357,NONE,POLICE_SUO_MOTU
VIC-01857,FIR-002358,MINOR,THIRD_PARTY
VIC-01850,FIR-002359,MINOR,SELF
VIC-01065,FIR-002360,MINOR,SELF
VIC-01019,FIR-002361,NONE,FAMILY_MEMBER
VIC-02966,FIR-002361,MODERATE,SELF
VIC-03324,FIR-002362,MODERATE,THIRD_PARTY
VIC-00947,FIR-002363,MINOR,SELF
VIC-00869,FIR-002364,MODERATE,FAMILY_MEMBER
VIC-02822,FIR-002365,NONE,SELF
VIC-00912,FIR-002365,NONE,SELF
VIC-00404,FIR-002366,MODERATE,SELF
VIC-00953,FIR-002366,NONE,SELF
VIC-00905,FIR-002367,MINOR,SELF
VIC-01889,FIR-002367,SEVERE,SELF
VIC-02927,FIR-002368,MODERATE,SELF
VIC-01328,FIR-002369,SEVERE,SELF
VIC-01338,FIR-002370,NONE,SELF
VIC-01461,FIR-002371,NONE,THIRD_PARTY
VIC-01093,FIR-002372,MINOR,FAMILY_MEMBER
VIC-02653,FIR-002373,MODERATE,FAMILY_MEMBER
VIC-02376,FIR-002374,MINOR,SELF
VIC-01261,FIR-002374,NONE,THIRD_PARTY
VIC-02118,FIR-002375,NONE,SELF
VIC-03629,FIR-002376,NONE,SELF
VIC-02821,FIR-002377,NONE,POLICE_SUO_MOTU
VIC-02526,FIR-002378,MODERATE,SELF
VIC-02037,FIR-002378,MODERATE,SELF
VIC-03817,FIR-002379,NONE,FAMILY_MEMBER
VIC-02661,FIR-002380,NONE,SELF
VIC-01764,FIR-002381,NONE,SELF
VIC-02743,FIR-002382,MODERATE,FAMILY_MEMBER
VIC-02934,FIR-002382,MINOR,SELF
VIC-01877,FIR-002383,MINOR,SELF
VIC-02254,FIR-002384,MINOR,SELF
VIC-02440,FIR-002385,MINOR,THIRD_PARTY
VIC-02838,FIR-002386,SEVERE,SELF
VIC-03370,FIR-002387,NONE,SELF
VIC-03135,FIR-002387,MODERATE,FAMILY_MEMBER
VIC-01930,FIR-002388,MODERATE,SELF
VIC-00814,FIR-002388,NONE,FAMILY_MEMBER
VIC-01581,FIR-002389,SEVERE,FAMILY_MEMBER
VIC-02082,FIR-002389,MINOR,SELF
VIC-02806,FIR-002390,NONE,SELF
VIC-02572,FIR-002391,NONE,FAMILY_MEMBER
VIC-02281,FIR-002392,MINOR,SELF
VIC-00050,FIR-002393,MINOR,SELF
VIC-02966,FIR-002394,MINOR,FAMILY_MEMBER
VIC-01190,FIR-002395,MINOR,FAMILY_MEMBER
VIC-01159,FIR-002396,NONE,SELF
VIC-00118,FIR-002397,SEVERE,SELF
VIC-03623,FIR-002398,MINOR,FAMILY_MEMBER
VIC-02334,FIR-002398,NONE,FAMILY_MEMBER
VIC-02248,FIR-002399,NONE,SELF
VIC-01080,FIR-002400,MINOR,THIRD_PARTY
VIC-01712,FIR-002401,MINOR,SELF
VIC-03659,FIR-002402,NONE,SELF
VIC-03891,FIR-002403,MINOR,SELF
VIC-01020,FIR-002404,SEVERE,SELF
VIC-01798,FIR-002405,NONE,THIRD_PARTY
VIC-03443,FIR-002406,MINOR,POLICE_SUO_MOTU
VIC-00877,FIR-002407,NONE,SELF
VIC-00076,FIR-002408,MINOR,SELF
VIC-00444,FIR-002409,MINOR,SELF
VIC-02243,FIR-002410,MINOR,SELF
VIC-02723,FIR-002411,NONE,POLICE_SUO_MOTU
VIC-01189,FIR-002411,NONE,SELF
VIC-02417,FIR-002412,SEVERE,SELF
VIC-01968,FIR-002413,MINOR,FAMILY_MEMBER
VIC-01645,FIR-002414,MINOR,SELF
VIC-01547,FIR-002415,NONE,SELF
VIC-01156,FIR-002416,NONE,SELF
VIC-02472,FIR-002417,NONE,SELF
VIC-03838,FIR-002418,NONE,SELF
VIC-00436,FIR-002419,MINOR,FAMILY_MEMBER
VIC-01112,FIR-002420,MINOR,SELF
VIC-02034,FIR-002420,MINOR,SELF
VIC-00643,FIR-002421,NONE,SELF
VIC-00229,FIR-002422,NONE,SELF
VIC-02200,FIR-002422,MODERATE,SELF
VIC-01850,FIR-002423,MODERATE,POLICE_SUO_MOTU
VIC-02701,FIR-002424,NONE,FAMILY_MEMBER
VIC-03781,FIR-002425,MINOR,FAMILY_MEMBER
VIC-03721,FIR-002426,NONE,SELF
VIC-00178,FIR-002426,MODERATE,THIRD_PARTY
VIC-00521,FIR-002427,MINOR,FAMILY_MEMBER
VIC-01991,FIR-002427,MINOR,SELF
VIC-01706,FIR-002428,NONE,SELF
VIC-02260,FIR-002429,MODERATE,THIRD_PARTY
VIC-00061,FIR-002430,NONE,FAMILY_MEMBER
VIC-01029,FIR-002431,MINOR,THIRD_PARTY
VIC-03557,FIR-002432,MINOR,SELF
VIC-02518,FIR-002433,MODERATE,THIRD_PARTY
VIC-00905,FIR-002434,NONE,SELF
VIC-00499,FIR-002434,SEVERE,FAMILY_MEMBER
VIC-02351,FIR-002435,MINOR,SELF
VIC-03206,FIR-002436,MODERATE,THIRD_PARTY
VIC-03404,FIR-002437,NONE,FAMILY_MEMBER
VIC-01292,FIR-002438,MODERATE,SELF
VIC-02455,FIR-002438,NONE,SELF
VIC-02741,FIR-002439,MODERATE,SELF
VIC-00322,FIR-002440,NONE,SELF
VIC-00425,FIR-002440,NONE,THIRD_PARTY
VIC-01279,FIR-002441,NONE,POLICE_SUO_MOTU
VIC-02857,FIR-002441,MODERATE,SELF
VIC-02406,FIR-002442,MINOR,SELF
VIC-01697,FIR-002443,NONE,FAMILY_MEMBER
VIC-01857,FIR-002444,NONE,FAMILY_MEMBER
VIC-00264,FIR-002444,NONE,SELF
VIC-03730,FIR-002445,NONE,SELF
VIC-03132,FIR-002445,NONE,SELF
VIC-03239,FIR-002446,NONE,FAMILY_MEMBER
VIC-03182,FIR-002446,MODERATE,THIRD_PARTY
VIC-02379,FIR-002447,MINOR,POLICE_SUO_MOTU
VIC-00941,FIR-002448,NONE,SELF
VIC-02519,FIR-002449,NONE,SELF
VIC-00291,FIR-002450,NONE,SELF
VIC-03314,FIR-002451,MINOR,SELF
VIC-00187,FIR-002452,NONE,THIRD_PARTY
VIC-03427,FIR-002453,NONE,SELF
VIC-01362,FIR-002454,NONE,FAMILY_MEMBER
VIC-00154,FIR-002455,NONE,SELF
VIC-03894,FIR-002456,MINOR,SELF
VIC-03174,FIR-002457,MINOR,FAMILY_MEMBER
VIC-01034,FIR-002458,MINOR,SELF
VIC-03311,FIR-002459,NONE,POLICE_SUO_MOTU
VIC-01868,FIR-002459,MODERATE,SELF
VIC-03530,FIR-002460,NONE,SELF
VIC-00797,FIR-002461,MODERATE,THIRD_PARTY
VIC-03816,FIR-002462,MODERATE,SELF
VIC-03409,FIR-002463,NONE,SELF
VIC-00381,FIR-002464,NONE,SELF
VIC-01369,FIR-002465,MODERATE,SELF
VIC-00952,FIR-002465,NONE,FAMILY_MEMBER
VIC-02795,FIR-002466,SEVERE,SELF
VIC-00447,FIR-002467,MINOR,FAMILY_MEMBER
VIC-01476,FIR-002468,NONE,SELF
VIC-00227,FIR-002468,NONE,FAMILY_MEMBER
VIC-02567,FIR-002469,MINOR,SELF
VIC-03030,FIR-002470,MINOR,FAMILY_MEMBER
VIC-01862,FIR-002471,NONE,FAMILY_MEMBER
VIC-03740,FIR-002472,NONE,SELF
VIC-03762,FIR-002473,NONE,FAMILY_MEMBER
VIC-02155,FIR-002474,NONE,SELF
VIC-00629,FIR-002475,MODERATE,FAMILY_MEMBER
VIC-00379,FIR-002476,NONE,SELF
VIC-02362,FIR-002477,NONE,SELF
VIC-03758,FIR-002477,MINOR,SELF
VIC-03481,FIR-002478,MINOR,SELF
VIC-01895,FIR-002479,MINOR,SELF
VIC-01592,FIR-002479,NONE,SELF
VIC-02509,FIR-002480,NONE,THIRD_PARTY
VIC-01642,FIR-002481,NONE,FAMILY_MEMBER
VIC-01835,FIR-002481,NONE,THIRD_PARTY
VIC-01343,FIR-002482,NONE,SELF
VIC-00973,FIR-002483,NONE,SELF
VIC-00406,FIR-002483,MODERATE,POLICE_SUO_MOTU
VIC-00619,FIR-002484,NONE,SELF
VIC-01349,FIR-002485,NONE,THIRD_PARTY
VIC-00220,FIR-002485,NONE,FAMILY_MEMBER
VIC-00456,FIR-002486,MINOR,FAMILY_MEMBER
VIC-01339,FIR-002486,MINOR,SELF
VIC-02302,FIR-002487,NONE,SELF
VIC-02554,FIR-002487,MINOR,SELF
VIC-00005,FIR-002488,NONE,FAMILY_MEMBER
VIC-02684,FIR-002488,MODERATE,SELF
VIC-02474,FIR-002489,NONE,FAMILY_MEMBER
VIC-03359,FIR-002490,MINOR,SELF
VIC-02761,FIR-002490,SEVERE,SELF
VIC-00512,FIR-002491,MINOR,THIRD_PARTY
VIC-01624,FIR-002492,MODERATE,THIRD_PARTY
VIC-00270,FIR-002492,MINOR,SELF
VIC-02241,FIR-002493,NONE,SELF
VIC-02156,FIR-002494,MODERATE,SELF
VIC-02497,FIR-002495,MINOR,FAMILY_MEMBER
VIC-01694,FIR-002496,NONE,SELF
VIC-02489,FIR-002496,NONE,SELF
VIC-02421,FIR-002497,NONE,THIRD_PARTY
VIC-03086,FIR-002498,NONE,FAMILY_MEMBER
VIC-03008,FIR-002499,NONE,SELF
VIC-02186,FIR-002500,NONE,THIRD_PARTY
VIC-03734,FIR-002501,NONE,SELF
VIC-01889,FIR-002501,MINOR,FAMILY_MEMBER
VIC-03523,FIR-002502,NONE,SELF
VIC-03120,FIR-002503,NONE,SELF
VIC-01018,FIR-002504,MODERATE,FAMILY_MEMBER
VIC-02221,FIR-002505,MINOR,SELF
VIC-01267,FIR-002506,MODERATE,SELF
VIC-03805,FIR-002506,NONE,FAMILY_MEMBER
VIC-01962,FIR-002507,NONE,SELF
VIC-02769,FIR-002508,NONE,FAMILY_MEMBER
VIC-03195,FIR-002509,MINOR,SELF
VIC-01460,FIR-002510,MINOR,FAMILY_MEMBER
VIC-01599,FIR-002511,SEVERE,SELF
VIC-01572,FIR-002512,NONE,SELF
VIC-01217,FIR-002513,NONE,FAMILY_MEMBER
VIC-02695,FIR-002514,MINOR,FAMILY_MEMBER
VIC-02956,FIR-002515,MINOR,THIRD_PARTY
VIC-01471,FIR-002516,SEVERE,THIRD_PARTY
VIC-02312,FIR-002517,SEVERE,THIRD_PARTY
VIC-02795,FIR-002518,NONE,SELF
VIC-03779,FIR-002519,MINOR,SELF
VIC-01455,FIR-002520,NONE,FAMILY_MEMBER
VIC-00657,FIR-002521,NONE,FAMILY_MEMBER
VIC-00657,FIR-002521,NONE,SELF
VIC-03615,FIR-002522,SEVERE,SELF
VIC-02368,FIR-002523,SEVERE,FAMILY_MEMBER
VIC-02289,FIR-002523,NONE,SELF
VIC-00702,FIR-002524,MODERATE,SELF
VIC-02934,FIR-002524,MINOR,SELF
VIC-02934,FIR-002525,MINOR,SELF
VIC-00612,FIR-002526,NONE,SELF
VIC-03701,FIR-002526,MINOR,SELF
VIC-01038,FIR-002527,MODERATE,SELF
VIC-01701,FIR-002528,MODERATE,SELF
VIC-02900,FIR-002529,NONE,SELF
VIC-02066,FIR-002530,MODERATE,SELF
VIC-02203,FIR-002531,MODERATE,FAMILY_MEMBER
VIC-00852,FIR-002532,MINOR,SELF
VIC-00552,FIR-002533,NONE,SELF
VIC-00946,FIR-002534,NONE,THIRD_PARTY
VIC-03593,FIR-002535,MODERATE,SELF
VIC-00839,FIR-002536,MINOR,POLICE_SUO_MOTU
VIC-00580,FIR-002536,MODERATE,FAMILY_MEMBER
VIC-01703,FIR-002537,MODERATE,SELF
VIC-03686,FIR-002537,MODERATE,FAMILY_MEMBER
VIC-02770,FIR-002538,NONE,SELF
VIC-01042,FIR-002538,NONE,THIRD_PARTY
VIC-02911,FIR-002539,MINOR,SELF
VIC-03136,FIR-002540,NONE,FAMILY_MEMBER
VIC-02946,FIR-002541,MODERATE,SELF
VIC-03401,FIR-002542,MINOR,SELF
VIC-00488,FIR-002543,NONE,SELF
VIC-02442,FIR-002544,MINOR,FAMILY_MEMBER
VIC-00800,FIR-002545,NONE,THIRD_PARTY
VIC-02860,FIR-002546,NONE,SELF
VIC-03832,FIR-002547,NONE,SELF
VIC-02526,FIR-002548,NONE,SELF
VIC-02865,FIR-002549,MODERATE,SELF
VIC-01393,FIR-002550,MODERATE,FAMILY_MEMBER
VIC-00192,FIR-002550,MODERATE,SELF
VIC-03347,FIR-002551,NONE,SELF
VIC-00744,FIR-002551,MINOR,FAMILY_MEMBER
VIC-00166,FIR-002552,NONE,POLICE_SUO_MOTU
VIC-00975,FIR-002553,NONE,THIRD_PARTY
VIC-03650,FIR-002554,MODERATE,SELF
VIC-03428,FIR-002555,MINOR,SELF
VIC-03455,FIR-002555,NONE,THIRD_PARTY
VIC-00902,FIR-002556,NONE,FAMILY_MEMBER
VIC-02707,FIR-002557,MODERATE,FAMILY_MEMBER
VIC-01336,FIR-002557,MODERATE,SELF
VIC-02032,FIR-002558,MINOR,POLICE_SUO_MOTU
VIC-03217,FIR-002559,MINOR,FAMILY_MEMBER
VIC-01084,FIR-002560,MODERATE,SELF
VIC-01025,FIR-002561,NONE,THIRD_PARTY
VIC-01594,FIR-002561,NONE,FAMILY_MEMBER
VIC-02174,FIR-002562,MINOR,THIRD_PARTY
VIC-01642,FIR-002562,NONE,SELF
VIC-00477,FIR-002563,MODERATE,SELF
VIC-02438,FIR-002563,MODERATE,SELF
VIC-01879,FIR-002564,MINOR,FAMILY_MEMBER
VIC-02080,FIR-002564,MINOR,THIRD_PARTY
VIC-00029,FIR-002565,MINOR,THIRD_PARTY
VIC-03033,FIR-002566,NONE,SELF
VIC-02618,FIR-002567,MINOR,THIRD_PARTY
VIC-00519,FIR-002567,MINOR,FAMILY_MEMBER
VIC-03830,FIR-002568,NONE,FAMILY_MEMBER
VIC-00866,FIR-002568,MINOR,SELF
VIC-01445,FIR-002569,MODERATE,SELF
VIC-03865,FIR-002570,MINOR,FAMILY_MEMBER
VIC-03041,FIR-002571,NONE,SELF
VIC-00995,FIR-002572,NONE,THIRD_PARTY
VIC-01927,FIR-002573,NONE,FAMILY_MEMBER
VIC-03481,FIR-002574,MODERATE,FAMILY_MEMBER
VIC-01281,FIR-002575,MINOR,THIRD_PARTY
VIC-03562,FIR-002575,MODERATE,SELF
VIC-01683,FIR-002576,MINOR,THIRD_PARTY
VIC-00555,FIR-002576,NONE,FAMILY_MEMBER
VIC-01220,FIR-002577,MODERATE,THIRD_PARTY
VIC-01602,FIR-002578,NONE,THIRD_PARTY
VIC-01397,FIR-002578,MINOR,THIRD_PARTY
VIC-01350,FIR-002579,SEVERE,FAMILY_MEMBER
VIC-02414,FIR-002580,MODERATE,FAMILY_MEMBER
VIC-01242,FIR-002580,MINOR,FAMILY_MEMBER
VIC-01707,FIR-002581,MINOR,FAMILY_MEMBER
VIC-01954,FIR-002581,MINOR,POLICE_SUO_MOTU
VIC-00160,FIR-002582,MINOR,POLICE_SUO_MOTU
VIC-02672,FIR-002583,MINOR,THIRD_PARTY
VIC-01589,FIR-002584,NONE,THIRD_PARTY
VIC-00792,FIR-002584,NONE,SELF
VIC-02190,FIR-002585,NONE,FAMILY_MEMBER
VIC-02915,FIR-002586,MINOR,SELF
VIC-02383,FIR-002587,MINOR,SELF
VIC-03137,FIR-002588,NONE,SELF
VIC-00567,FIR-002588,SEVERE,FAMILY_MEMBER
VIC-01879,FIR-002589,NONE,FAMILY_MEMBER
VIC-01167,FIR-002590,MINOR,SELF
VIC-00573,FIR-002591,SEVERE,SELF
VIC-01737,FIR-002592,MODERATE,SELF
VIC-01463,FIR-002593,NONE,SELF
VIC-03741,FIR-002594,SEVERE,SELF
VIC-01643,FIR-002595,SEVERE,SELF
VIC-01123,FIR-002596,MODERATE,FAMILY_MEMBER
VIC-00656,FIR-002596,NONE,FAMILY_MEMBER
VIC-02601,FIR-002597,NONE,FAMILY_MEMBER
VIC-00059,FIR-002597,MODERATE,SELF
VIC-03712,FIR-002598,NONE,THIRD_PARTY
VIC-00971,FIR-002599,MINOR,FAMILY_MEMBER
VIC-01213,FIR-002599,NONE,FAMILY_MEMBER
VIC-03838,FIR-002600,NONE,SELF
VIC-01364,FIR-002601,NONE,POLICE_SUO_MOTU
VIC-01364,FIR-002601,MINOR,SELF
VIC-03286,FIR-002602,MINOR,THIRD_PARTY
VIC-02000,FIR-002603,MINOR,POLICE_SUO_MOTU
VIC-01077,FIR-002604,MINOR,SELF
VIC-03039,FIR-002605,MODERATE,SELF
VIC-03358,FIR-002606,MODERATE,THIRD_PARTY
VIC-00072,FIR-002607,NONE,FAMILY_MEMBER
VIC-01535,FIR-002608,SEVERE,FAMILY_MEMBER
VIC-02481,FIR-002609,NONE,FAMILY_MEMBER
VIC-00869,FIR-002610,NONE,SELF
VIC-00159,FIR-002610,NONE,FAMILY_MEMBER
VIC-00136,FIR-002611,MINOR,FAMILY_MEMBER
VIC-01567,FIR-002612,NONE,SELF
VIC-02810,FIR-002612,NONE,FAMILY_MEMBER
VIC-03503,FIR-002613,MODERATE,FAMILY_MEMBER
VIC-03208,FIR-002614,MINOR,SELF
VIC-00102,FIR-002615,MINOR,SELF
VIC-03097,FIR-002616,MODERATE,SELF
VIC-00956,FIR-002616,MINOR,SELF
VIC-00222,FIR-002617,NONE,FAMILY_MEMBER
VIC-02194,FIR-002618,MODERATE,FAMILY_MEMBER
VIC-00255,FIR-002619,MINOR,SELF
VIC-02124,FIR-002619,MODERATE,FAMILY_MEMBER
VIC-00686,FIR-002620,MINOR,FAMILY_MEMBER
VIC-01704,FIR-002621,MODERATE,SELF
VIC-03609,FIR-002622,NONE,SELF
VIC-02837,FIR-002623,MODERATE,FAMILY_MEMBER
VIC-03895,FIR-002623,NONE,SELF
VIC-01404,FIR-002624,NONE,SELF
VIC-01027,FIR-002625,MINOR,SELF
VIC-00766,FIR-002626,MODERATE,FAMILY_MEMBER
VIC-01918,FIR-002627,MINOR,THIRD_PARTY
VIC-03707,FIR-002628,MINOR,SELF
VIC-03774,FIR-002628,NONE,SELF
VIC-02041,FIR-002629,MODERATE,SELF
VIC-03002,FIR-002630,NONE,SELF
VIC-03546,FIR-002631,MINOR,FAMILY_MEMBER
VIC-02770,FIR-002632,MODERATE,SELF
VIC-03256,FIR-002632,NONE,FAMILY_MEMBER
VIC-01252,FIR-002633,SEVERE,POLICE_SUO_MOTU
VIC-01507,FIR-002633,MINOR,SELF
VIC-00505,FIR-002634,MODERATE,FAMILY_MEMBER
VIC-02805,FIR-002635,NONE,POLICE_SUO_MOTU
VIC-01107,FIR-002635,NONE,SELF
VIC-00351,FIR-002636,SEVERE,FAMILY_MEMBER
VIC-01692,FIR-002637,NONE,FAMILY_MEMBER
VIC-03193,FIR-002638,MODERATE,SELF
VIC-00699,FIR-002639,NONE,SELF
VIC-03888,FIR-002639,NONE,THIRD_PARTY
VIC-01740,FIR-002640,SEVERE,FAMILY_MEMBER
VIC-01856,FIR-002641,MINOR,FAMILY_MEMBER
VIC-00220,FIR-002642,NONE,SELF
VIC-03790,FIR-002643,NONE,FAMILY_MEMBER
VIC-02275,FIR-002644,MODERATE,SELF
VIC-00609,FIR-002645,NONE,SELF
VIC-03811,FIR-002646,MINOR,FAMILY_MEMBER
VIC-02022,FIR-002647,SEVERE,SELF
VIC-03705,FIR-002648,MINOR,FAMILY_MEMBER
VIC-01888,FIR-002648,MINOR,FAMILY_MEMBER
VIC-00943,FIR-002649,MODERATE,SELF
VIC-03066,FIR-002649,SEVERE,FAMILY_MEMBER
VIC-01420,FIR-002650,NONE,FAMILY_MEMBER
VIC-01057,FIR-002651,MINOR,SELF
VIC-00463,FIR-002652,NONE,FAMILY_MEMBER
VIC-00656,FIR-002653,MODERATE,THIRD_PARTY
VIC-00769,FIR-002654,NONE,THIRD_PARTY
VIC-03557,FIR-002655,MINOR,SELF
VIC-03038,FIR-002655,MINOR,FAMILY_MEMBER
VIC-00472,FIR-002656,MODERATE,THIRD_PARTY
VIC-01146,FIR-002657,NONE,SELF
VIC-03260,FIR-002657,MINOR,FAMILY_MEMBER
VIC-01222,FIR-002658,MINOR,SELF
VIC-02410,FIR-002659,MINOR,SELF
VIC-01383,FIR-002660,MINOR,SELF
VIC-01820,FIR-002661,NONE,SELF
VIC-01789,FIR-002662,NONE,SELF
VIC-01808,FIR-002663,MODERATE,SELF
VIC-00371,FIR-002663,MINOR,SELF
VIC-02839,FIR-002664,MODERATE,POLICE_SUO_MOTU
VIC-03675,FIR-002665,MINOR,FAMILY_MEMBER
VIC-00911,FIR-002666,MODERATE,SELF
VIC-02363,FIR-002666,MINOR,SELF
VIC-01860,FIR-002667,MODERATE,SELF
VIC-03482,FIR-002668,MODERATE,THIRD_PARTY
VIC-01365,FIR-002669,MINOR,THIRD_PARTY
VIC-01372,FIR-002670,MODERATE,SELF
VIC-03504,FIR-002671,SEVERE,THIRD_PARTY
VIC-02424,FIR-002671,NONE,SELF
VIC-02798,FIR-002672,NONE,FAMILY_MEMBER
VIC-01250,FIR-002672,NONE,SELF
VIC-00425,FIR-002673,MINOR,SELF
VIC-03254,FIR-002674,MODERATE,SELF
VIC-02045,FIR-002675,NONE,SELF
VIC-03554,FIR-002676,NONE,SELF
VIC-03767,FIR-002677,MINOR,FAMILY_MEMBER
VIC-02220,FIR-002677,MINOR,THIRD_PARTY
VIC-02101,FIR-002678,NONE,SELF
VIC-01138,FIR-002679,NONE,THIRD_PARTY
VIC-03833,FIR-002680,MINOR,FAMILY_MEMBER
VIC-03648,FIR-002680,SEVERE,FAMILY_MEMBER
VIC-02849,FIR-002681,MINOR,FAMILY_MEMBER
VIC-02861,FIR-002681,MINOR,SELF
VIC-00112,FIR-002682,NONE,THIRD_PARTY
VIC-02163,FIR-002682,NONE,SELF
VIC-03229,FIR-002683,MINOR,SELF
VIC-01476,FIR-002684,MINOR,THIRD_PARTY
VIC-00542,FIR-002684,MODERATE,SELF
VIC-03324,FIR-002685,MINOR,FAMILY_MEMBER
VIC-01034,FIR-002685,MINOR,THIRD_PARTY
VIC-02810,FIR-002686,NONE,FAMILY_MEMBER
VIC-00835,FIR-002686,MODERATE,POLICE_SUO_MOTU
VIC-02665,FIR-002687,MODERATE,THIRD_PARTY
VIC-02658,FIR-002688,NONE,SELF
VIC-00771,FIR-002689,MODERATE,FAMILY_MEMBER
VIC-02563,FIR-002689,NONE,SELF
VIC-00762,FIR-002690,MINOR,SELF
VIC-02102,FIR-002691,MINOR,SELF
VIC-01421,FIR-002691,MINOR,SELF
VIC-01449,FIR-002692,MINOR,FAMILY_MEMBER
VIC-00118,FIR-002693,NONE,THIRD_PARTY
VIC-00572,FIR-002694,NONE,SELF
VIC-01562,FIR-002695,MINOR,SELF
VIC-02513,FIR-002696,NONE,FAMILY_MEMBER
VIC-02155,FIR-002696,MODERATE,SELF
VIC-02838,FIR-002697,MODERATE,POLICE_SUO_MOTU
VIC-00551,FIR-002698,NONE,SELF
VIC-03337,FIR-002699,MINOR,FAMILY_MEMBER
VIC-03005,FIR-002700,MODERATE,SELF
VIC-03760,FIR-002700,NONE,THIRD_PARTY
VIC-01201,FIR-002701,NONE,SELF
VIC-01969,FIR-002701,MINOR,SELF
VIC-03186,FIR-002702,NONE,SELF
VIC-03027,FIR-002702,NONE,SELF
VIC-03035,FIR-002703,MINOR,SELF
VIC-03045,FIR-002704,NONE,SELF
VIC-01090,FIR-002705,MINOR,SELF
VIC-02608,FIR-002706,MODERATE,SELF
VIC-01742,FIR-002706,NONE,POLICE_SUO_MOTU
VIC-03438,FIR-002707,MINOR,FAMILY_MEMBER
VIC-01341,FIR-002708,MINOR,FAMILY_MEMBER
VIC-00498,FIR-002708,MODERATE,SELF
VIC-00698,FIR-002709,MINOR,THIRD_PARTY
VIC-00093,FIR-002710,NONE,SELF
VIC-03127,FIR-002710,MODERATE,SELF
VIC-01682,FIR-002711,MINOR,FAMILY_MEMBER
VIC-02371,FIR-002712,MODERATE,THIRD_PARTY
VIC-01201,FIR-002713,NONE,SELF
VIC-02202,FIR-002713,MODERATE,SELF
VIC-03213,FIR-002714,MODERATE,SELF
VIC-00954,FIR-002714,MINOR,THIRD_PARTY
VIC-02494,FIR-002715,NONE,POLICE_SUO_MOTU
VIC-02750,FIR-002715,SEVERE,SELF
VIC-00935,FIR-002716,NONE,FAMILY_MEMBER
VIC-02826,FIR-002717,NONE,SELF
VIC-03761,FIR-002718,MINOR,SELF
VIC-00663,FIR-002719,NONE,FAMILY_MEMBER
VIC-02429,FIR-002720,MINOR,SELF
VIC-01125,FIR-002720,NONE,SELF
VIC-00846,FIR-002721,NONE,SELF
VIC-02359,FIR-002722,MINOR,FAMILY_MEMBER
VIC-02044,FIR-002723,NONE,FAMILY_MEMBER
VIC-01458,FIR-002724,MINOR,FAMILY_MEMBER
VIC-03175,FIR-002725,SEVERE,SELF
VIC-01500,FIR-002726,MODERATE,SELF
VIC-01336,FIR-002727,MINOR,SELF
VIC-00679,FIR-002728,MINOR,SELF
VIC-01705,FIR-002729,MINOR,SELF
VIC-03556,FIR-002729,NONE,POLICE_SUO_MOTU
VIC-02335,FIR-002730,NONE,SELF
VIC-02657,FIR-002731,NONE,FAMILY_MEMBER
VIC-02909,FIR-002731,MINOR,SELF
VIC-03646,FIR-002732,SEVERE,SELF
VIC-00635,FIR-002733,MINOR,SELF
VIC-00588,FIR-002734,MODERATE,SELF
VIC-02740,FIR-002734,MODERATE,FAMILY_MEMBER
VIC-00305,FIR-002735,NONE,SELF
VIC-02908,FIR-002736,NONE,SELF
VIC-02013,FIR-002736,NONE,SELF
VIC-00166,FIR-002737,MODERATE,FAMILY_MEMBER
VIC-02552,FIR-002738,MODERATE,SELF
VIC-02241,FIR-002739,NONE,POLICE_SUO_MOTU
VIC-02799,FIR-002740,MODERATE,SELF
VIC-03023,FIR-002741,SEVERE,THIRD_PARTY
VIC-03018,FIR-002741,MODERATE,FAMILY_MEMBER
VIC-01187,FIR-002742,MINOR,FAMILY_MEMBER
VIC-00638,FIR-002742,NONE,FAMILY_MEMBER
VIC-00159,FIR-002743,NONE,THIRD_PARTY
VIC-01299,FIR-002744,MINOR,SELF
VIC-01960,FIR-002745,MINOR,SELF
VIC-00970,FIR-002746,SEVERE,SELF
VIC-03687,FIR-002747,MINOR,POLICE_SUO_MOTU
VIC-01240,FIR-002748,MODERATE,FAMILY_MEMBER
VIC-03282,FIR-002748,MINOR,SELF
VIC-03143,FIR-002749,MINOR,SELF
VIC-00339,FIR-002750,NONE,SELF
VIC-00478,FIR-002751,NONE,FAMILY_MEMBER
VIC-03617,FIR-002751,MINOR,SELF
VIC-00378,FIR-002752,NONE,THIRD_PARTY
VIC-02154,FIR-002753,SEVERE,SELF
VIC-00288,FIR-002754,MINOR,FAMILY_MEMBER
VIC-00772,FIR-002755,NONE,FAMILY_MEMBER
VIC-00148,FIR-002756,MINOR,SELF
VIC-02301,FIR-002757,MODERATE,FAMILY_MEMBER
VIC-00957,FIR-002758,MODERATE,THIRD_PARTY
VIC-01231,FIR-002759,SEVERE,FAMILY_MEMBER
VIC-01984,FIR-002760,NONE,THIRD_PARTY
VIC-02307,FIR-002761,NONE,SELF
VIC-01191,FIR-002762,NONE,THIRD_PARTY
VIC-00844,FIR-002763,MODERATE,SELF
VIC-03273,FIR-002764,NONE,SELF
VIC-00070,FIR-002764,NONE,THIRD_PARTY
VIC-00238,FIR-002765,MODERATE,SELF
VIC-01467,FIR-002766,MODERATE,FAMILY_MEMBER
VIC-01546,FIR-002767,MODERATE,SELF
VIC-02713,FIR-002768,MINOR,FAMILY_MEMBER
VIC-03493,FIR-002769,MINOR,POLICE_SUO_MOTU
VIC-02827,FIR-002770,MODERATE,POLICE_SUO_MOTU
VIC-03112,FIR-002771,MODERATE,FAMILY_MEMBER
VIC-00843,FIR-002771,NONE,SELF
VIC-03397,FIR-002772,MINOR,SELF
VIC-01626,FIR-002773,NONE,FAMILY_MEMBER
VIC-03137,FIR-002774,NONE,FAMILY_MEMBER
VIC-02020,FIR-002774,NONE,FAMILY_MEMBER
VIC-02200,FIR-002775,MINOR,THIRD_PARTY
VIC-02292,FIR-002776,MINOR,SELF
VIC-00126,FIR-002777,MODERATE,SELF
VIC-01201,FIR-002778,NONE,FAMILY_MEMBER
VIC-02262,FIR-002778,NONE,THIRD_PARTY
VIC-02457,FIR-002779,MODERATE,THIRD_PARTY
VIC-01332,FIR-002780,SEVERE,THIRD_PARTY
VIC-03873,FIR-002781,NONE,SELF
VIC-00867,FIR-002782,MINOR,SELF
VIC-00099,FIR-002783,SEVERE,THIRD_PARTY
VIC-03077,FIR-002784,NONE,SELF
VIC-02910,FIR-002785,MINOR,SELF
VIC-00596,FIR-002786,SEVERE,SELF
VIC-01685,FIR-002787,NONE,SELF
VIC-03276,FIR-002788,NONE,SELF
VIC-00906,FIR-002789,MINOR,SELF
VIC-01874,FIR-002790,NONE,THIRD_PARTY
VIC-00153,FIR-002791,NONE,SELF
VIC-00455,FIR-002792,MODERATE,SELF
VIC-00445,FIR-002793,MODERATE,FAMILY_MEMBER
VIC-00298,FIR-002793,MINOR,SELF
VIC-00128,FIR-002794,MODERATE,THIRD_PARTY
VIC-00682,FIR-002795,NONE,FAMILY_MEMBER
VIC-02906,FIR-002796,MINOR,SELF
VIC-01058,FIR-002796,NONE,SELF
VIC-03085,FIR-002797,NONE,THIRD_PARTY
VIC-03464,FIR-002797,SEVERE,SELF
VIC-00112,FIR-002798,NONE,THIRD_PARTY
VIC-01290,FIR-002799,NONE,SELF
VIC-03228,FIR-002800,MINOR,SELF
VIC-00380,FIR-002801,MINOR,SELF
VIC-00624,FIR-002801,MINOR,SELF
VIC-03277,FIR-002802,MINOR,THIRD_PARTY
VIC-02670,FIR-002803,MODERATE,POLICE_SUO_MOTU
VIC-00851,FIR-002804,NONE,SELF
VIC-03583,FIR-002805,NONE,FAMILY_MEMBER
VIC-00088,FIR-002806,SEVERE,FAMILY_MEMBER
VIC-03199,FIR-002806,MODERATE,FAMILY_MEMBER
VIC-02197,FIR-002807,NONE,SELF
VIC-03507,FIR-002808,MODERATE,FAMILY_MEMBER
VIC-00075,FIR-002808,MODERATE,FAMILY_MEMBER
VIC-03054,FIR-002809,SEVERE,THIRD_PARTY
VIC-00708,FIR-002810,MODERATE,THIRD_PARTY
VIC-01374,FIR-002811,MODERATE,SELF
VIC-01456,FIR-002812,NONE,FAMILY_MEMBER
VIC-02360,FIR-002812,NONE,SELF
VIC-02854,FIR-002813,MINOR,FAMILY_MEMBER
VIC-00535,FIR-002814,MINOR,SELF
VIC-01404,FIR-002814,NONE,POLICE_SUO_MOTU
VIC-03813,FIR-002815,MODERATE,SELF
VIC-01254,FIR-002816,MINOR,FAMILY_MEMBER
VIC-03078,FIR-002816,NONE,SELF
VIC-01677,FIR-002817,MODERATE,FAMILY_MEMBER
VIC-03726,FIR-002818,MODERATE,FAMILY_MEMBER
VIC-02814,FIR-002818,SEVERE,THIRD_PARTY
VIC-03835,FIR-002819,SEVERE,SELF
VIC-02688,FIR-002820,NONE,SELF
VIC-00168,FIR-002821,MODERATE,THIRD_PARTY
VIC-01236,FIR-002822,MINOR,SELF
VIC-01182,FIR-002822,NONE,FAMILY_MEMBER
VIC-01005,FIR-002823,NONE,SELF
VIC-03333,FIR-002824,MODERATE,SELF
VIC-02191,FIR-002825,MODERATE,FAMILY_MEMBER
VIC-02351,FIR-002826,SEVERE,SELF
VIC-03762,FIR-002826,NONE,THIRD_PARTY
VIC-03894,FIR-002827,MODERATE,SELF
VIC-00533,FIR-002828,MODERATE,FAMILY_MEMBER
VIC-01920,FIR-002829,SEVERE,FAMILY_MEMBER
VIC-00299,FIR-002830,SEVERE,THIRD_PARTY
VIC-00476,FIR-002831,SEVERE,SELF
VIC-01043,FIR-002832,NONE,FAMILY_MEMBER
VIC-00988,FIR-002833,NONE,FAMILY_MEMBER
VIC-02902,FIR-002833,MODERATE,THIRD_PARTY
VIC-02665,FIR-002834,MINOR,SELF
VIC-02910,FIR-002835,NONE,SELF
VIC-02680,FIR-002836,MODERATE,FAMILY_MEMBER
VIC-02296,FIR-002837,MINOR,SELF
VIC-01370,FIR-002838,SEVERE,SELF
VIC-02273,FIR-002839,MODERATE,FAMILY_MEMBER
VIC-00680,FIR-002839,MINOR,FAMILY_MEMBER
VIC-02728,FIR-002840,MINOR,FAMILY_MEMBER
VIC-03730,FIR-002841,MODERATE,SELF
VIC-02649,FIR-002842,SEVERE,SELF
VIC-01649,FIR-002842,MODERATE,FAMILY_MEMBER
VIC-02938,FIR-002843,NONE,SELF
VIC-00040,FIR-002844,MODERATE,FAMILY_MEMBER
VIC-01843,FIR-002845,MODERATE,SELF
VIC-02162,FIR-002845,MINOR,FAMILY_MEMBER
VIC-03129,FIR-002846,MINOR,THIRD_PARTY
VIC-02043,FIR-002847,MODERATE,FAMILY_MEMBER
VIC-03643,FIR-002848,MODERATE,SELF
VIC-02755,FIR-002849,MINOR,SELF
VIC-03544,FIR-002850,MINOR,FAMILY_MEMBER
VIC-03492,FIR-002851,MINOR,SELF
VIC-01618,FIR-002852,NONE,SELF
VIC-01477,FIR-002852,MINOR,SELF
VIC-00422,FIR-002853,MINOR,FAMILY_MEMBER
VIC-00015,FIR-002854,MODERATE,THIRD_PARTY
VIC-00580,FIR-002855,NONE,SELF
VIC-00239,FIR-002856,NONE,THIRD_PARTY
VIC-01048,FIR-002857,NONE,POLICE_SUO_MOTU
VIC-00990,FIR-002858,NONE,THIRD_PARTY
VIC-01891,FIR-002859,MODERATE,THIRD_PARTY
VIC-00161,FIR-002859,MODERATE,SELF
VIC-00601,FIR-002860,MINOR,SELF
VIC-00501,FIR-002861,NONE,FAMILY_MEMBER
VIC-00080,FIR-002862,NONE,FAMILY_MEMBER
VIC-01637,FIR-002863,MODERATE,FAMILY_MEMBER
VIC-00856,FIR-002863,NONE,SELF
VIC-00531,FIR-002864,NONE,THIRD_PARTY
VIC-03877,FIR-002865,MODERATE,SELF
VIC-03502,FIR-002866,MODERATE,SELF
VIC-02375,FIR-002867,NONE,SELF
VIC-03378,FIR-002868,MODERATE,FAMILY_MEMBER
VIC-00029,FIR-002868,MINOR,FAMILY_MEMBER
VIC-03833,FIR-002869,MODERATE,SELF
VIC-00783,FIR-002870,NONE,FAMILY_MEMBER
VIC-02202,FIR-002871,MODERATE,SELF
VIC-02600,FIR-002872,MODERATE,SELF
VIC-02243,FIR-002873,MINOR,SELF
VIC-02427,FIR-002874,MINOR,FAMILY_MEMBER
VIC-02815,FIR-002875,MINOR,SELF
VIC-02214,FIR-002876,NONE,POLICE_SUO_MOTU
VIC-03458,FIR-002877,MODERATE,SELF
VIC-00393,FIR-002878,NONE,FAMILY_MEMBER
VIC-02543,FIR-002879,MINOR,SELF
VIC-00596,FIR-002880,MINOR,SELF
VIC-02468,FIR-002881,MINOR,SELF
VIC-00544,FIR-002882,MINOR,FAMILY_MEMBER
VIC-00906,FIR-002883,MINOR,FAMILY_MEMBER
VIC-02773,FIR-002884,MINOR,THIRD_PARTY
VIC-01525,FIR-002885,NONE,SELF
VIC-02677,FIR-002886,MINOR,SELF
VIC-02806,FIR-002887,MODERATE,SELF
VIC-03592,FIR-002888,SEVERE,FAMILY_MEMBER
VIC-00151,FIR-002889,MINOR,SELF
VIC-03452,FIR-002890,NONE,FAMILY_MEMBER
VIC-00553,FIR-002890,MINOR,SELF
VIC-02112,FIR-002891,NONE,SELF
VIC-00626,FIR-002892,NONE,SELF
VIC-00992,FIR-002892,SEVERE,SELF
VIC-01699,FIR-002893,NONE,FAMILY_MEMBER
VIC-01184,FIR-002894,NONE,FAMILY_MEMBER
VIC-01172,FIR-002895,MINOR,SELF
VIC-00306,FIR-002896,MINOR,SELF
VIC-03025,FIR-002897,MODERATE,SELF
VIC-00806,FIR-002898,NONE,SELF
VIC-01549,FIR-002899,MINOR,SELF
VIC-00697,FIR-002900,SEVERE,SELF
VIC-02312,FIR-002901,NONE,POLICE_SUO_MOTU
VIC-01604,FIR-002901,NONE,SELF
VIC-01239,FIR-002902,MINOR,SELF
VIC-03063,FIR-002903,MINOR,POLICE_SUO_MOTU
VIC-01247,FIR-002904,SEVERE,SELF
VIC-02573,FIR-002905,MINOR,FAMILY_MEMBER
VIC-02516,FIR-002905,NONE,THIRD_PARTY
VIC-03257,FIR-002906,NONE,THIRD_PARTY
VIC-03647,FIR-002907,MINOR,THIRD_PARTY
VIC-01499,FIR-002908,MINOR,FAMILY_MEMBER
VIC-01616,FIR-002908,MODERATE,THIRD_PARTY
VIC-02354,FIR-002909,MODERATE,SELF
VIC-00958,FIR-002910,MINOR,FAMILY_MEMBER
VIC-03222,FIR-002911,MODERATE,FAMILY_MEMBER
VIC-03865,FIR-002911,MINOR,FAMILY_MEMBER
VIC-00360,FIR-002912,MINOR,SELF
VIC-01841,FIR-002913,MINOR,FAMILY_MEMBER
VIC-02211,FIR-002913,MINOR,POLICE_SUO_MOTU
VIC-02414,FIR-002914,MODERATE,SELF
VIC-01619,FIR-002915,NONE,SELF
VIC-01456,FIR-002916,MINOR,FAMILY_MEMBER
VIC-03286,FIR-002917,MINOR,FAMILY_MEMBER
VIC-03173,FIR-002918,MODERATE,SELF
VIC-00725,FIR-002919,SEVERE,SELF
VIC-00132,FIR-002920,MODERATE,SELF
VIC-00185,FIR-002921,NONE,THIRD_PARTY
VIC-01750,FIR-002922,NONE,SELF
VIC-01649,FIR-002923,NONE,SELF
VIC-03744,FIR-002923,MINOR,FAMILY_MEMBER
VIC-00763,FIR-002924,NONE,THIRD_PARTY
VIC-00629,FIR-002924,NONE,FAMILY_MEMBER
VIC-01439,FIR-002925,MINOR,SELF
VIC-00288,FIR-002926,MINOR,THIRD_PARTY
VIC-01240,FIR-002927,NONE,SELF
VIC-00537,FIR-002928,MODERATE,SELF
VIC-00412,FIR-002929,MODERATE,SELF
VIC-03726,FIR-002930,NONE,FAMILY_MEMBER
VIC-03236,FIR-002931,MINOR,SELF
VIC-00128,FIR-002931,NONE,THIRD_PARTY
VIC-00388,FIR-002932,SEVERE,SELF
VIC-00225,FIR-002932,NONE,THIRD_PARTY
VIC-03055,FIR-002933,MINOR,SELF
VIC-01489,FIR-002933,NONE,SELF
VIC-03205,FIR-002934,MINOR,THIRD_PARTY
VIC-00334,FIR-002935,MINOR,FAMILY_MEMBER
VIC-02197,FIR-002936,NONE,SELF
VIC-00836,FIR-002937,MODERATE,FAMILY_MEMBER
VIC-03481,FIR-002937,MINOR,FAMILY_MEMBER
VIC-01498,FIR-002938,NONE,THIRD_PARTY
VIC-02459,FIR-002938,MINOR,SELF
VIC-00576,FIR-002939,NONE,SELF
VIC-00553,FIR-002940,NONE,THIRD_PARTY
VIC-00170,FIR-002941,MINOR,THIRD_PARTY
VIC-01958,FIR-002941,MODERATE,SELF
VIC-02139,FIR-002942,MINOR,SELF
VIC-01045,FIR-002942,MINOR,SELF
VIC-00743,FIR-002943,SEVERE,FAMILY_MEMBER
VIC-02662,FIR-002944,NONE,SELF
VIC-01518,FIR-002945,SEVERE,SELF
VIC-00452,FIR-002946,NONE,SELF
VIC-00336,FIR-002947,MODERATE,FAMILY_MEMBER
VIC-02737,FIR-002947,MODERATE,FAMILY_MEMBER
VIC-02494,FIR-002948,SEVERE,SELF
VIC-01463,FIR-002948,MINOR,FAMILY_MEMBER
VIC-03749,FIR-002949,NONE,SELF
VIC-00472,FIR-002949,MODERATE,THIRD_PARTY
VIC-02696,FIR-002950,MINOR,FAMILY_MEMBER
VIC-03465,FIR-002951,NONE,FAMILY_MEMBER
VIC-00442,FIR-002951,MINOR,SELF
VIC-01472,FIR-002952,NONE,SELF
VIC-03452,FIR-002953,NONE,SELF
VIC-01123,FIR-002954,MODERATE,THIRD_PARTY
VIC-01037,FIR-002955,NONE,FAMILY_MEMBER
VIC-00175,FIR-002955,MODERATE,FAMILY_MEMBER
VIC-00419,FIR-002956,NONE,THIRD_PARTY
VIC-01741,FIR-002957,MINOR,SELF
VIC-03360,FIR-002958,MINOR,FAMILY_MEMBER
VIC-03395,FIR-002959,SEVERE,SELF
VIC-00540,FIR-002959,MINOR,SELF
VIC-02719,FIR-002960,MINOR,SELF
VIC-00167,FIR-002961,MINOR,SELF
VIC-00321,FIR-002961,NONE,FAMILY_MEMBER
VIC-01471,FIR-002962,MINOR,THIRD_PARTY
VIC-00734,FIR-002963,NONE,SELF
VIC-01861,FIR-002964,MINOR,SELF
VIC-02460,FIR-002964,MODERATE,SELF
VIC-01171,FIR-002965,MINOR,SELF
VIC-02754,FIR-002966,MODERATE,THIRD_PARTY
VIC-00552,FIR-002967,SEVERE,POLICE_SUO_MOTU
VIC-01827,FIR-002968,SEVERE,SELF
VIC-03149,FIR-002969,MODERATE,SELF
VIC-01500,FIR-002969,NONE,SELF
VIC-03589,FIR-002970,MINOR,THIRD_PARTY
VIC-01979,FIR-002971,MINOR,SELF
VIC-00645,FIR-002971,MODERATE,FAMILY_MEMBER
VIC-00648,FIR-002972,NONE,SELF
VIC-03899,FIR-002972,NONE,SELF
VIC-01121,FIR-002973,NONE,SELF
VIC-03391,FIR-002973,MODERATE,THIRD_PARTY
VIC-03312,FIR-002974,MINOR,FAMILY_MEMBER
VIC-00443,FIR-002975,NONE,THIRD_PARTY
VIC-00616,FIR-002975,NONE,SELF
VIC-00816,FIR-002976,MODERATE,SELF
VIC-03763,FIR-002977,MINOR,SELF
VIC-01181,FIR-002978,MINOR,SELF
VIC-02941,FIR-002978,MODERATE,SELF
VIC-01110,FIR-002979,SEVERE,THIRD_PARTY
VIC-03336,FIR-002980,NONE,FAMILY_MEMBER
VIC-00127,FIR-002981,MODERATE,SELF
VIC-02098,FIR-002981,NONE,FAMILY_MEMBER
VIC-03453,FIR-002982,MINOR,THIRD_PARTY
VIC-03122,FIR-002982,MINOR,FAMILY_MEMBER
VIC-00396,FIR-002983,SEVERE,SELF
VIC-00889,FIR-002984,MINOR,THIRD_PARTY
VIC-02118,FIR-002985,NONE,SELF
VIC-03886,FIR-002985,MODERATE,FAMILY_MEMBER
VIC-01673,FIR-002986,NONE,SELF
VIC-01783,FIR-002987,MODERATE,FAMILY_MEMBER
VIC-01940,FIR-002987,MINOR,SELF
VIC-00523,FIR-002988,MINOR,FAMILY_MEMBER
VIC-02141,FIR-002988,SEVERE,SELF
VIC-03375,FIR-002989,MINOR,SELF
VIC-02619,FIR-002990,NONE,SELF
VIC-02157,FIR-002991,MINOR,FAMILY_MEMBER
VIC-01023,FIR-002992,NONE,SELF
VIC-02093,FIR-002993,SEVERE,SELF
VIC-01937,FIR-002994,MINOR,THIRD_PARTY
VIC-02181,FIR-002994,NONE,SELF
VIC-02853,FIR-002995,MODERATE,SELF
VIC-02564,FIR-002996,MINOR,SELF
VIC-02936,FIR-002997,SEVERE,FAMILY_MEMBER
VIC-03184,FIR-002998,MODERATE,SELF
VIC-00142,FIR-002999,MINOR,SELF
VIC-03238,FIR-003000,SEVERE,SELF
VIC-00499,FIR-003000,NONE,SELF
VIC-00584,FIR-003001,MINOR,THIRD_PARTY
VIC-02900,FIR-003002,MINOR,SELF
VIC-03260,FIR-003003,MINOR,SELF
VIC-01485,FIR-003004,NONE,THIRD_PARTY
VIC-03218,FIR-003004,MINOR,SELF
VIC-01915,FIR-003005,NONE,SELF
VIC-02594,FIR-003006,NONE,SELF
VIC-02194,FIR-003007,MODERATE,THIRD_PARTY
VIC-03006,FIR-003008,MINOR,SELF
VIC-01653,FIR-003009,NONE,FAMILY_MEMBER
VIC-03616,FIR-003009,NONE,SELF
VIC-01046,FIR-003010,NONE,SELF
VIC-02012,FIR-003011,SEVERE,FAMILY_MEMBER
VIC-01485,FIR-003011,NONE,SELF
VIC-02467,FIR-003012,NONE,FAMILY_MEMBER
VIC-01188,FIR-003013,MINOR,FAMILY_MEMBER
VIC-02998,FIR-003013,SEVERE,FAMILY_MEMBER
VIC-01624,FIR-003014,MINOR,SELF
VIC-03517,FIR-003014,MINOR,SELF
VIC-01684,FIR-003015,MODERATE,POLICE_SUO_MOTU
VIC-01043,FIR-003016,SEVERE,SELF
VIC-02252,FIR-003017,MODERATE,SELF
VIC-02642,FIR-003018,MINOR,SELF
VIC-00871,FIR-003018,MODERATE,SELF
VIC-01970,FIR-003019,MINOR,SELF
VIC-01748,FIR-003019,NONE,FAMILY_MEMBER
VIC-00046,FIR-003020,SEVERE,FAMILY_MEMBER
VIC-03435,FIR-003021,MINOR,SELF
VIC-01643,FIR-003022,MINOR,SELF
VIC-02225,FIR-003022,NONE,SELF
VIC-03745,FIR-003023,NONE,POLICE_SUO_MOTU
VIC-02369,FIR-003024,MODERATE,FAMILY_MEMBER
VIC-01267,FIR-003025,SEVERE,FAMILY_MEMBER
VIC-00461,FIR-003026,NONE,SELF
VIC-00362,FIR-003027,MINOR,FAMILY_MEMBER
VIC-03842,FIR-003028,NONE,SELF
VIC-00341,FIR-003029,MINOR,FAMILY_MEMBER
VIC-03024,FIR-003030,SEVERE,FAMILY_MEMBER
VIC-03818,FIR-003031,NONE,SELF
VIC-00809,FIR-003032,SEVERE,SELF
VIC-02824,FIR-003033,NONE,FAMILY_MEMBER
VIC-01638,FIR-003033,MINOR,SELF
VIC-00859,FIR-003034,NONE,FAMILY_MEMBER
VIC-01265,FIR-003035,NONE,SELF
VIC-00902,FIR-003036,MODERATE,POLICE_SUO_MOTU
VIC-02230,FIR-003037,MODERATE,SELF
VIC-00787,FIR-003038,NONE,FAMILY_MEMBER
VIC-02008,FIR-003038,MODERATE,SELF
VIC-03401,FIR-003039,NONE,FAMILY_MEMBER
VIC-02154,FIR-003039,SEVERE,SELF
VIC-01029,FIR-003040,MINOR,SELF
VIC-02473,FIR-003041,NONE,SELF
VIC-00399,FIR-003042,MODERATE,SELF
VIC-03382,FIR-003043,MINOR,FAMILY_MEMBER
VIC-02576,FIR-003043,SEVERE,FAMILY_MEMBER
VIC-03710,FIR-003044,MINOR,SELF
VIC-02512,FIR-003045,SEVERE,SELF
VIC-01586,FIR-003045,MINOR,POLICE_SUO_MOTU
VIC-00185,FIR-003046,MODERATE,FAMILY_MEMBER
VIC-00917,FIR-003047,MINOR,SELF
VIC-02318,FIR-003048,MINOR,SELF
VIC-01921,FIR-003049,NONE,THIRD_PARTY
VIC-02794,FIR-003050,MINOR,SELF
VIC-00030,FIR-003051,NONE,FAMILY_MEMBER
VIC-02534,FIR-003051,NONE,POLICE_SUO_MOTU
VIC-03312,FIR-003052,NONE,THIRD_PARTY
VIC-02402,FIR-003053,MINOR,SELF
VIC-03554,FIR-003054,MINOR,FAMILY_MEMBER
VIC-02509,FIR-003055,MINOR,FAMILY_MEMBER
VIC-03858,FIR-003055,NONE,SELF
VIC-03350,FIR-003056,SEVERE,FAMILY_MEMBER
VIC-03887,FIR-003056,MINOR,SELF
VIC-03620,FIR-003057,MINOR,SELF
VIC-02008,FIR-003057,NONE,SELF
VIC-03582,FIR-003058,NONE,SELF
VIC-01767,FIR-003059,MINOR,SELF
VIC-02512,FIR-003059,NONE,SELF
VIC-02574,FIR-003060,MODERATE,SELF
VIC-03538,FIR-003061,NONE,SELF
VIC-01038,FIR-003061,NONE,SELF
VIC-02652,FIR-003062,NONE,FAMILY_MEMBER
VIC-02504,FIR-003063,NONE,THIRD_PARTY
VIC-03595,FIR-003064,NONE,SELF
VIC-03551,FIR-003065,SEVERE,FAMILY_MEMBER
VIC-00030,FIR-003065,NONE,SELF
VIC-03789,FIR-003066,MINOR,SELF
VIC-01512,FIR-003067,NONE,FAMILY_MEMBER
VIC-00112,FIR-003068,MINOR,SELF
VIC-01126,FIR-003069,NONE,SELF
VIC-03322,FIR-003070,SEVERE,SELF
VIC-00532,FIR-003070,NONE,FAMILY_MEMBER
VIC-00944,FIR-003071,MODERATE,SELF
VIC-03649,FIR-003072,NONE,SELF
VIC-02834,FIR-003073,SEVERE,FAMILY_MEMBER
VIC-03054,FIR-003074,NONE,SELF
VIC-00560,FIR-003074,SEVERE,SELF
VIC-01319,FIR-003075,MINOR,FAMILY_MEMBER
VIC-01119,FIR-003075,MODERATE,SELF
VIC-01534,FIR-003076,MINOR,SELF
VIC-00452,FIR-003076,MINOR,FAMILY_MEMBER
VIC-02121,FIR-003077,NONE,THIRD_PARTY
VIC-00829,FIR-003078,MINOR,POLICE_SUO_MOTU
VIC-02794,FIR-003079,NONE,SELF
VIC-03532,FIR-003079,MINOR,SELF
VIC-00862,FIR-003080,MODERATE,SELF
VIC-01409,FIR-003080,MINOR,FAMILY_MEMBER
VIC-00761,FIR-003081,MODERATE,SELF
VIC-01369,FIR-003082,MINOR,SELF
VIC-03745,FIR-003083,MINOR,FAMILY_MEMBER
VIC-00747,FIR-003084,NONE,FAMILY_MEMBER
VIC-02335,FIR-003085,NONE,SELF
VIC-01491,FIR-003085,MINOR,FAMILY_MEMBER
VIC-00420,FIR-003086,MINOR,POLICE_SUO_MOTU
VIC-01018,FIR-003086,MINOR,THIRD_PARTY
VIC-02841,FIR-003087,MINOR,POLICE_SUO_MOTU
VIC-00184,FIR-003088,MINOR,FAMILY_MEMBER
VIC-03631,FIR-003089,NONE,SELF
VIC-03100,FIR-003089,SEVERE,SELF
VIC-01235,FIR-003090,MINOR,FAMILY_MEMBER
VIC-00804,FIR-003090,MODERATE,SELF
VIC-01895,FIR-003091,NONE,THIRD_PARTY
VIC-02779,FIR-003092,NONE,SELF
VIC-00757,FIR-003093,MINOR,FAMILY_MEMBER
VIC-02270,FIR-003094,MODERATE,SELF
VIC-03292,FIR-003095,SEVERE,SELF
VIC-01754,FIR-003095,MINOR,SELF
VIC-01094,FIR-003096,SEVERE,POLICE_SUO_MOTU
VIC-02700,FIR-003097,MINOR,SELF
VIC-00884,FIR-003097,NONE,POLICE_SUO_MOTU
VIC-02944,FIR-003098,MODERATE,SELF
VIC-03379,FIR-003098,NONE,SELF
VIC-03045,FIR-003099,NONE,SELF
VIC-01040,FIR-003100,MINOR,FAMILY_MEMBER
VIC-01561,FIR-003100,NONE,SELF
VIC-03729,FIR-003101,NONE,THIRD_PARTY
VIC-00014,FIR-003102,SEVERE,SELF
VIC-01087,FIR-003103,MODERATE,THIRD_PARTY
VIC-00854,FIR-003104,SEVERE,SELF
VIC-02573,FIR-003104,MINOR,SELF
VIC-00018,FIR-003105,NONE,SELF
VIC-00150,FIR-003106,MODERATE,FAMILY_MEMBER
VIC-03309,FIR-003107,SEVERE,SELF
VIC-00134,FIR-003108,MINOR,THIRD_PARTY
VIC-01420,FIR-003108,NONE,SELF
VIC-03003,FIR-003109,MODERATE,FAMILY_MEMBER
VIC-02153,FIR-003110,SEVERE,SELF
VIC-01350,FIR-003110,MINOR,SELF
VIC-03515,FIR-003111,NONE,SELF
VIC-03133,FIR-003112,MINOR,SELF
VIC-02404,FIR-003113,NONE,POLICE_SUO_MOTU
VIC-00757,FIR-003113,MODERATE,SELF
VIC-02163,FIR-003114,MODERATE,FAMILY_MEMBER
VIC-02424,FIR-003115,NONE,SELF
VIC-02982,FIR-003116,MODERATE,THIRD_PARTY
VIC-03039,FIR-003117,MINOR,SELF
VIC-03378,FIR-003118,MODERATE,SELF
VIC-00472,FIR-003119,MODERATE,THIRD_PARTY
VIC-00558,FIR-003120,MINOR,SELF
VIC-02853,FIR-003121,NONE,SELF
VIC-01480,FIR-003122,NONE,SELF
VIC-03169,FIR-003122,SEVERE,SELF
VIC-03518,FIR-003123,NONE,FAMILY_MEMBER
VIC-01797,FIR-003124,MODERATE,SELF
VIC-02035,FIR-003125,SEVERE,SELF
VIC-00737,FIR-003125,NONE,THIRD_PARTY
VIC-01833,FIR-003126,NONE,SELF
VIC-01868,FIR-003127,MINOR,SELF
VIC-01356,FIR-003128,MODERATE,FAMILY_MEMBER
VIC-02332,FIR-003129,MINOR,SELF
VIC-03463,FIR-003130,MODERATE,SELF
VIC-02777,FIR-003130,MINOR,FAMILY_MEMBER
VIC-00631,FIR-003131,NONE,FAMILY_MEMBER
VIC-03530,FIR-003132,MODERATE,SELF
VIC-00086,FIR-003133,NONE,SELF
VIC-00627,FIR-003134,MINOR,FAMILY_MEMBER
VIC-00258,FIR-003135,SEVERE,THIRD_PARTY
VIC-00828,FIR-003136,NONE,SELF
VIC-03356,FIR-003136,NONE,SELF
VIC-00986,FIR-003137,MODERATE,SELF
VIC-01378,FIR-003137,MODERATE,SELF
VIC-00504,FIR-003138,MINOR,FAMILY_MEMBER
VIC-01528,FIR-003139,MODERATE,THIRD_PARTY
VIC-03526,FIR-003139,MODERATE,SELF
VIC-02510,FIR-003140,NONE,SELF
VIC-02003,FIR-003141,MINOR,FAMILY_MEMBER
VIC-00345,FIR-003141,NONE,SELF
VIC-00650,FIR-003142,NONE,FAMILY_MEMBER
VIC-01602,FIR-003143,MINOR,THIRD_PARTY
VIC-00994,FIR-003144,MODERATE,FAMILY_MEMBER
VIC-02145,FIR-003144,MINOR,POLICE_SUO_MOTU
VIC-01435,FIR-003145,MINOR,SELF
VIC-03237,FIR-003146,MODERATE,SELF
VIC-03446,FIR-003147,NONE,SELF
VIC-01507,FIR-003148,MODERATE,FAMILY_MEMBER
VIC-03853,FIR-003149,MINOR,SELF
VIC-00010,FIR-003150,MINOR,THIRD_PARTY
VIC-02125,FIR-003151,NONE,FAMILY_MEMBER
VIC-02519,FIR-003152,NONE,SELF
VIC-01843,FIR-003152,MINOR,FAMILY_MEMBER
VIC-01656,FIR-003153,NONE,THIRD_PARTY
VIC-03028,FIR-003154,NONE,SELF
VIC-00380,FIR-003154,NONE,SELF
VIC-01970,FIR-003155,NONE,FAMILY_MEMBER
VIC-01126,FIR-003155,MODERATE,SELF
VIC-02803,FIR-003156,MODERATE,FAMILY_MEMBER
VIC-00982,FIR-003157,MINOR,FAMILY_MEMBER
VIC-02839,FIR-003158,MINOR,SELF
VIC-02321,FIR-003159,NONE,SELF
VIC-00362,FIR-003159,NONE,THIRD_PARTY
VIC-03249,FIR-003160,MINOR,FAMILY_MEMBER
VIC-01353,FIR-003161,MODERATE,SELF
VIC-01144,FIR-003162,NONE,SELF
VIC-03109,FIR-003163,NONE,FAMILY_MEMBER
VIC-03137,FIR-003164,SEVERE,SELF
VIC-02128,FIR-003165,NONE,THIRD_PARTY
VIC-02315,FIR-003166,MODERATE,SELF
VIC-03609,FIR-003167,MINOR,SELF
VIC-00928,FIR-003168,MINOR,SELF
VIC-00219,FIR-003169,SEVERE,FAMILY_MEMBER
VIC-02015,FIR-003170,SEVERE,FAMILY_MEMBER
VIC-02031,FIR-003171,MINOR,SELF
VIC-01351,FIR-003171,NONE,SELF
VIC-02768,FIR-003172,MODERATE,FAMILY_MEMBER
VIC-02729,FIR-003172,SEVERE,POLICE_SUO_MOTU
VIC-01579,FIR-003173,MINOR,SELF
VIC-01382,FIR-003173,NONE,FAMILY_MEMBER
VIC-01681,FIR-003174,NONE,SELF
VIC-01630,FIR-003174,SEVERE,SELF
VIC-01046,FIR-003175,SEVERE,SELF
VIC-00728,FIR-003176,NONE,SELF
VIC-02806,FIR-003176,MINOR,SELF
VIC-01511,FIR-003177,NONE,SELF
VIC-02342,FIR-003178,SEVERE,SELF
VIC-00811,FIR-003179,MINOR,FAMILY_MEMBER
VIC-03369,FIR-003179,MINOR,SELF
VIC-00769,FIR-003180,SEVERE,THIRD_PARTY
VIC-03806,FIR-003181,MINOR,SELF
VIC-03499,FIR-003182,MINOR,FAMILY_MEMBER
VIC-00528,FIR-003183,NONE,SELF
VIC-00322,FIR-003184,MODERATE,FAMILY_MEMBER
VIC-00178,FIR-003185,NONE,SELF
VIC-01432,FIR-003186,MINOR,THIRD_PARTY
VIC-02378,FIR-003187,MODERATE,SELF
VIC-00086,FIR-003187,NONE,SELF
VIC-02525,FIR-003188,MINOR,SELF
VIC-01297,FIR-003189,SEVERE,SELF
VIC-03553,FIR-003190,NONE,SELF
VIC-01501,FIR-003191,NONE,SELF
VIC-00628,FIR-003192,MODERATE,POLICE_SUO_MOTU
VIC-01338,FIR-003193,MODERATE,SELF
VIC-01831,FIR-003194,NONE,THIRD_PARTY
VIC-02497,FIR-003195,NONE,SELF
VIC-01741,FIR-003196,MINOR,SELF
VIC-03202,FIR-003196,NONE,SELF
VIC-01648,FIR-003197,MODERATE,SELF
VIC-01725,FIR-003198,MINOR,SELF
VIC-02577,FIR-003199,MODERATE,FAMILY_MEMBER
VIC-00019,FIR-003200,MODERATE,SELF
VIC-02807,FIR-003201,SEVERE,SELF
VIC-01308,FIR-003202,MINOR,SELF
VIC-02859,FIR-003203,MINOR,THIRD_PARTY
VIC-00830,FIR-003204,MODERATE,POLICE_SUO_MOTU
VIC-02353,FIR-003205,MODERATE,FAMILY_MEMBER
VIC-02351,FIR-003206,NONE,SELF
VIC-02871,FIR-003206,NONE,SELF
VIC-03350,FIR-003207,NONE,SELF
VIC-00596,FIR-003207,MODERATE,FAMILY_MEMBER
VIC-00724,FIR-003208,NONE,SELF
VIC-02573,FIR-003209,SEVERE,SELF
VIC-03324,FIR-003210,NONE,SELF
VIC-01323,FIR-003211,MODERATE,SELF
VIC-02094,FIR-003211,NONE,FAMILY_MEMBER
VIC-01496,FIR-003212,MODERATE,SELF
VIC-00027,FIR-003213,NONE,FAMILY_MEMBER
VIC-01907,FIR-003214,MODERATE,SELF
VIC-01155,FIR-003215,NONE,FAMILY_MEMBER
VIC-02540,FIR-003216,MINOR,SELF
VIC-03059,FIR-003217,NONE,SELF
VIC-02468,FIR-003218,NONE,THIRD_PARTY
VIC-00831,FIR-003218,SEVERE,FAMILY_MEMBER
VIC-01840,FIR-003219,MINOR,THIRD_PARTY
VIC-01860,FIR-003220,NONE,SELF
VIC-02926,FIR-003221,NONE,FAMILY_MEMBER
VIC-01962,FIR-003222,NONE,SELF
VIC-03381,FIR-003223,MINOR,FAMILY_MEMBER
VIC-01014,FIR-003224,MODERATE,SELF
VIC-01540,FIR-003225,NONE,SELF
VIC-01056,FIR-003226,MODERATE,SELF
VIC-02579,FIR-003227,NONE,POLICE_SUO_MOTU
VIC-03032,FIR-003228,NONE,SELF
VIC-02720,FIR-003229,MINOR,THIRD_PARTY
VIC-01511,FIR-003229,NONE,SELF
VIC-01518,FIR-003230,MODERATE,SELF
VIC-00747,FIR-003231,MINOR,FAMILY_MEMBER
VIC-03889,FIR-003232,SEVERE,FAMILY_MEMBER
VIC-03804,FIR-003232,NONE,FAMILY_MEMBER
VIC-03030,FIR-003233,NONE,POLICE_SUO_MOTU
VIC-01786,FIR-003234,MODERATE,FAMILY_MEMBER
VIC-01141,FIR-003234,MODERATE,SELF
VIC-00201,FIR-003235,NONE,SELF
VIC-02732,FIR-003236,NONE,SELF
VIC-02732,FIR-003237,MINOR,SELF
VIC-03487,FIR-003237,MINOR,SELF
VIC-00550,FIR-003238,MINOR,SELF
VIC-02307,FIR-003239,NONE,FAMILY_MEMBER
VIC-02458,FIR-003239,SEVERE,SELF
VIC-00829,FIR-003240,MINOR,POLICE_SUO_MOTU
VIC-02306,FIR-003241,MINOR,POLICE_SUO_MOTU
VIC-01451,FIR-003242,MODERATE,THIRD_PARTY
VIC-00839,FIR-003242,NONE,SELF
VIC-03825,FIR-003243,MODERATE,SELF
VIC-02174,FIR-003243,MODERATE,FAMILY_MEMBER
VIC-03634,FIR-003244,NONE,SELF
VIC-02151,FIR-003245,MINOR,SELF
VIC-00536,FIR-003246,MODERATE,SELF
VIC-03867,FIR-003247,SEVERE,SELF
VIC-02516,FIR-003248,SEVERE,FAMILY_MEMBER
VIC-01258,FIR-003249,NONE,SELF
VIC-02371,FIR-003249,MINOR,FAMILY_MEMBER
VIC-00315,FIR-003250,MINOR,SELF
VIC-02624,FIR-003251,MINOR,SELF
VIC-00365,FIR-003252,MINOR,POLICE_SUO_MOTU
VIC-00864,FIR-003252,NONE,FAMILY_MEMBER
VIC-03133,FIR-003253,MINOR,FAMILY_MEMBER
VIC-02173,FIR-003254,NONE,FAMILY_MEMBER
VIC-00951,FIR-003255,NONE,THIRD_PARTY
VIC-00219,FIR-003256,NONE,FAMILY_MEMBER
VIC-01039,FIR-003257,MINOR,SELF
VIC-00646,FIR-003257,MINOR,THIRD_PARTY
VIC-01509,FIR-003258,NONE,SELF
VIC-00563,FIR-003259,MINOR,SELF
VIC-02092,FIR-003259,MINOR,THIRD_PARTY
VIC-02728,FIR-003260,MODERATE,THIRD_PARTY
VIC-02656,FIR-003261,NONE,SELF
VIC-02969,FIR-003262,MINOR,THIRD_PARTY
VIC-00304,FIR-003263,SEVERE,FAMILY_MEMBER
VIC-00846,FIR-003264,NONE,SELF
VIC-01354,FIR-003265,MINOR,SELF
VIC-01882,FIR-003266,NONE,FAMILY_MEMBER
VIC-00771,FIR-003267,NONE,FAMILY_MEMBER
VIC-00764,FIR-003268,MODERATE,SELF
VIC-02195,FIR-003269,NONE,THIRD_PARTY
VIC-00992,FIR-003270,NONE,SELF
VIC-03780,FIR-003271,MINOR,THIRD_PARTY
VIC-00435,FIR-003271,NONE,FAMILY_MEMBER
VIC-01994,FIR-003272,MODERATE,FAMILY_MEMBER
VIC-01141,FIR-003273,MODERATE,SELF
VIC-02517,FIR-003274,MINOR,THIRD_PARTY
VIC-03718,FIR-003274,MINOR,SELF
VIC-03534,FIR-003275,MINOR,SELF
VIC-01315,FIR-003275,NONE,SELF
VIC-00413,FIR-003276,NONE,FAMILY_MEMBER
VIC-01568,FIR-003277,NONE,SELF
VIC-03448,FIR-003278,SEVERE,FAMILY_MEMBER
VIC-01237,FIR-003278,MODERATE,SELF
VIC-03618,FIR-003279,NONE,SELF
VIC-02469,FIR-003280,MODERATE,SELF
VIC-00017,FIR-003281,MINOR,THIRD_PARTY
VIC-01209,FIR-003282,NONE,SELF
VIC-03762,FIR-003282,SEVERE,FAMILY_MEMBER
VIC-01935,FIR-003283,MINOR,FAMILY_MEMBER
VIC-03242,FIR-003284,NONE,FAMILY_MEMBER
VIC-01809,FIR-003285,MINOR,FAMILY_MEMBER
VIC-00778,FIR-003285,NONE,SELF
VIC-03032,FIR-003286,NONE,THIRD_PARTY
VIC-01998,FIR-003287,NONE,SELF
VIC-01383,FIR-003288,MINOR,FAMILY_MEMBER
VIC-01106,FIR-003289,NONE,SELF
VIC-02994,FIR-003290,MODERATE,SELF
VIC-03278,FIR-003291,SEVERE,SELF
VIC-01309,FIR-003292,MINOR,SELF
VIC-02978,FIR-003293,MINOR,SELF
VIC-03022,FIR-003294,MODERATE,FAMILY_MEMBER
VIC-03534,FIR-003295,NONE,FAMILY_MEMBER
VIC-02388,FIR-003296,SEVERE,SELF
VIC-00029,FIR-003297,MODERATE,SELF
VIC-02881,FIR-003298,NONE,FAMILY_MEMBER
VIC-03501,FIR-003299,NONE,SELF
VIC-00665,FIR-003300,MODERATE,SELF
VIC-00624,FIR-003301,NONE,THIRD_PARTY
VIC-03897,FIR-003302,MINOR,POLICE_SUO_MOTU
VIC-01218,FIR-003303,MINOR,FAMILY_MEMBER
VIC-00494,FIR-003304,NONE,SELF
VIC-02485,FIR-003305,SEVERE,THIRD_PARTY
VIC-01119,FIR-003305,MINOR,FAMILY_MEMBER
VIC-00784,FIR-003306,MODERATE,FAMILY_MEMBER
VIC-00105,FIR-003306,MODERATE,SELF
VIC-00563,FIR-003307,NONE,SELF
VIC-00700,FIR-003308,MODERATE,SELF
VIC-01027,FIR-003308,SEVERE,POLICE_SUO_MOTU
VIC-02976,FIR-003309,MODERATE,THIRD_PARTY
VIC-01953,FIR-003310,MODERATE,FAMILY_MEMBER
VIC-00572,FIR-003311,NONE,THIRD_PARTY
VIC-03610,FIR-003311,NONE,SELF
VIC-03333,FIR-003312,MINOR,SELF
VIC-03764,FIR-003313,MODERATE,FAMILY_MEMBER
VIC-02417,FIR-003314,MODERATE,SELF
VIC-02902,FIR-003315,NONE,SELF
VIC-03591,FIR-003316,MODERATE,SELF
VIC-01839,FIR-003317,MINOR,SELF
VIC-02819,FIR-003317,NONE,SELF
VIC-02260,FIR-003318,MODERATE,SELF
VIC-02451,FIR-003319,MODERATE,SELF
VIC-01893,FIR-003320,MODERATE,SELF
VIC-01771,FIR-003320,NONE,THIRD_PARTY
VIC-02179,FIR-003321,MINOR,SELF
VIC-01780,FIR-003322,MODERATE,POLICE_SUO_MOTU
VIC-02257,FIR-003323,NONE,SELF
VIC-02259,FIR-003324,NONE,THIRD_PARTY
VIC-02655,FIR-003325,NONE,FAMILY_MEMBER
VIC-02250,FIR-003326,MINOR,SELF
VIC-03763,FIR-003327,NONE,SELF
VIC-03745,FIR-003328,MINOR,FAMILY_MEMBER
VIC-02516,FIR-003328,MINOR,FAMILY_MEMBER
VIC-01747,FIR-003329,MINOR,FAMILY_MEMBER
VIC-01306,FIR-003330,NONE,FAMILY_MEMBER
VIC-03339,FIR-003331,MINOR,THIRD_PARTY
VIC-01536,FIR-003332,NONE,FAMILY_MEMBER
VIC-02320,FIR-003333,NONE,FAMILY_MEMBER
VIC-03740,FIR-003333,NONE,FAMILY_MEMBER
VIC-02886,FIR-003334,SEVERE,SELF
VIC-00048,FIR-003335,MODERATE,THIRD_PARTY
VIC-03372,FIR-003336,NONE,SELF
VIC-00668,FIR-003337,SEVERE,FAMILY_MEMBER
VIC-03466,FIR-003338,MODERATE,FAMILY_MEMBER
VIC-01438,FIR-003339,NONE,FAMILY_MEMBER
VIC-00450,FIR-003340,SEVERE,FAMILY_MEMBER
VIC-03324,FIR-003341,MINOR,SELF
VIC-03525,FIR-003341,MODERATE,SELF
VIC-02480,FIR-003342,NONE,THIRD_PARTY
VIC-02013,FIR-003343,NONE,THIRD_PARTY
VIC-01069,FIR-003344,NONE,THIRD_PARTY
VIC-02058,FIR-003344,MODERATE,SELF
VIC-03540,FIR-003345,MODERATE,THIRD_PARTY
VIC-02595,FIR-003345,MODERATE,SELF
VIC-03577,FIR-003346,MINOR,FAMILY_MEMBER
VIC-03401,FIR-003347,NONE,SELF
VIC-03594,FIR-003348,NONE,THIRD_PARTY
VIC-03069,FIR-003349,NONE,FAMILY_MEMBER
VIC-03651,FIR-003350,MODERATE,SELF
VIC-00844,FIR-003351,NONE,POLICE_SUO_MOTU
VIC-02064,FIR-003352,MINOR,POLICE_SUO_MOTU
VIC-01770,FIR-003352,MODERATE,SELF
VIC-02758,FIR-003353,MODERATE,SELF
VIC-02182,FIR-003353,NONE,THIRD_PARTY
VIC-02242,FIR-003354,SEVERE,FAMILY_MEMBER
VIC-00529,FIR-003355,NONE,SELF
VIC-02229,FIR-003356,NONE,SELF
VIC-02516,FIR-003357,MINOR,SELF
VIC-00753,FIR-003358,MODERATE,SELF
VIC-03747,FIR-003359,MODERATE,SELF
VIC-03426,FIR-003360,MINOR,FAMILY_MEMBER
VIC-01257,FIR-003361,NONE,SELF
VIC-00185,FIR-003362,MODERATE,SELF
VIC-02577,FIR-003363,NONE,SELF
VIC-03053,FIR-003364,MINOR,SELF
VIC-00602,FIR-003365,MINOR,SELF
VIC-01734,FIR-003366,MODERATE,POLICE_SUO_MOTU
VIC-02004,FIR-003367,NONE,FAMILY_MEMBER
VIC-02458,FIR-003368,MODERATE,FAMILY_MEMBER
VIC-02269,FIR-003369,SEVERE,THIRD_PARTY
VIC-01794,FIR-003370,SEVERE,THIRD_PARTY
VIC-00510,FIR-003371,MODERATE,FAMILY_MEMBER
VIC-00915,FIR-003372,MINOR,FAMILY_MEMBER
VIC-00105,FIR-003373,MINOR,SELF
VIC-02405,FIR-003373,NONE,SELF
VIC-03312,FIR-003374,MODERATE,FAMILY_MEMBER
VIC-00915,FIR-003375,NONE,SELF
VIC-00126,FIR-003375,MINOR,POLICE_SUO_MOTU
VIC-02982,FIR-003376,MINOR,SELF
VIC-03590,FIR-003377,MINOR,SELF
VIC-02330,FIR-003378,NONE,POLICE_SUO_MOTU
VIC-01603,FIR-003379,MODERATE,SELF
VIC-02462,FIR-003380,NONE,SELF
VIC-00333,FIR-003380,MINOR,SELF
VIC-02116,FIR-003381,NONE,SELF
VIC-00224,FIR-003382,MODERATE,POLICE_SUO_MOTU
VIC-01879,FIR-003383,MINOR,SELF
VIC-02573,FIR-003384,NONE,SELF
VIC-01157,FIR-003385,SEVERE,THIRD_PARTY
VIC-02115,FIR-003386,MODERATE,FAMILY_MEMBER
VIC-02062,FIR-003387,MODERATE,SELF
VIC-00675,FIR-003388,MINOR,THIRD_PARTY
VIC-03273,FIR-003388,NONE,THIRD_PARTY
VIC-00573,FIR-003389,MINOR,SELF
VIC-02534,FIR-003390,NONE,FAMILY_MEMBER
VIC-00712,FIR-003391,NONE,SELF
VIC-02202,FIR-003392,MINOR,THIRD_PARTY
VIC-00095,FIR-003393,SEVERE,POLICE_SUO_MOTU
VIC-01643,FIR-003394,NONE,SELF
VIC-01198,FIR-003395,NONE,THIRD_PARTY
VIC-02850,FIR-003395,NONE,SELF
VIC-00065,FIR-003396,SEVERE,SELF
VIC-02596,FIR-003397,NONE,SELF
VIC-01204,FIR-003398,NONE,FAMILY_MEMBER
VIC-03442,FIR-003399,NONE,SELF
VIC-02693,FIR-003400,MODERATE,FAMILY_MEMBER
VIC-00876,FIR-003401,MINOR,SELF
VIC-00933,FIR-003401,MINOR,SELF
VIC-03598,FIR-003402,MODERATE,THIRD_PARTY
VIC-00640,FIR-003403,NONE,SELF
VIC-03806,FIR-003404,SEVERE,SELF
VIC-01745,FIR-003404,MODERATE,SELF
VIC-01083,FIR-003405,SEVERE,FAMILY_MEMBER
VIC-03225,FIR-003406,NONE,SELF
VIC-03677,FIR-003406,MODERATE,SELF
VIC-03109,FIR-003407,MINOR,SELF
VIC-01562,FIR-003408,MODERATE,SELF
VIC-02268,FIR-003408,NONE,SELF
VIC-00635,FIR-003409,NONE,SELF
VIC-00273,FIR-003410,NONE,THIRD_PARTY
VIC-00031,FIR-003411,MINOR,SELF
VIC-00198,FIR-003411,MODERATE,SELF
VIC-02765,FIR-003412,NONE,SELF
VIC-01793,FIR-003413,MINOR,THIRD_PARTY
VIC-01498,FIR-003413,MODERATE,FAMILY_MEMBER
VIC-01739,FIR-003414,NONE,THIRD_PARTY
VIC-02737,FIR-003415,MODERATE,FAMILY_MEMBER
VIC-00581,FIR-003416,MINOR,FAMILY_MEMBER
VIC-01350,FIR-003417,NONE,SELF
VIC-02193,FIR-003418,SEVERE,SELF
VIC-02627,FIR-003418,MINOR,SELF
VIC-02378,FIR-003419,MODERATE,FAMILY_MEMBER
VIC-00785,FIR-003420,NONE,SELF
VIC-00943,FIR-003420,MODERATE,SELF
VIC-03018,FIR-003421,SEVERE,SELF
VIC-00124,FIR-003422,NONE,THIRD_PARTY
VIC-01451,FIR-003423,MODERATE,SELF
VIC-01792,FIR-003424,MODERATE,SELF
VIC-03736,FIR-003425,NONE,SELF
VIC-01939,FIR-003425,MINOR,SELF
VIC-02317,FIR-003426,NONE,FAMILY_MEMBER
VIC-01157,FIR-003427,MODERATE,SELF
VIC-03580,FIR-003428,MINOR,SELF
VIC-03039,FIR-003429,MINOR,SELF
VIC-01895,FIR-003430,MINOR,FAMILY_MEMBER
VIC-03700,FIR-003431,MINOR,SELF
VIC-00085,FIR-003431,MINOR,SELF
VIC-00615,FIR-003432,MODERATE,SELF
VIC-00164,FIR-003433,NONE,SELF
VIC-03500,FIR-003433,SEVERE,SELF
VIC-01920,FIR-003434,NONE,FAMILY_MEMBER
VIC-00558,FIR-003434,NONE,THIRD_PARTY
VIC-01216,FIR-003435,NONE,FAMILY_MEMBER
VIC-00892,FIR-003435,NONE,SELF
VIC-02837,FIR-003436,MODERATE,SELF
VIC-02448,FIR-003436,MINOR,SELF
VIC-01884,FIR-003437,MINOR,SELF
VIC-00995,FIR-003437,MINOR,FAMILY_MEMBER
VIC-02335,FIR-003438,MINOR,SELF
VIC-02862,FIR-003439,MODERATE,SELF
VIC-03452,FIR-003439,MINOR,SELF
VIC-00791,FIR-003440,MODERATE,SELF
VIC-03536,FIR-003441,MINOR,SELF
VIC-02168,FIR-003441,NONE,THIRD_PARTY
VIC-00097,FIR-003442,NONE,FAMILY_MEMBER
VIC-03533,FIR-003442,MINOR,SELF
VIC-03761,FIR-003443,MODERATE,FAMILY_MEMBER
VIC-00166,FIR-003444,NONE,THIRD_PARTY
VIC-01502,FIR-003444,NONE,SELF
VIC-00503,FIR-003445,SEVERE,SELF
VIC-03296,FIR-003446,NONE,FAMILY_MEMBER
VIC-01954,FIR-003446,MODERATE,SELF
VIC-00696,FIR-003447,MODERATE,THIRD_PARTY
VIC-01812,FIR-003448,MODERATE,THIRD_PARTY
VIC-03255,FIR-003448,NONE,SELF
VIC-00889,FIR-003449,SEVERE,SELF
VIC-00793,FIR-003450,MODERATE,SELF
VIC-02491,FIR-003451,MINOR,FAMILY_MEMBER
VIC-01412,FIR-003452,NONE,SELF
VIC-03099,FIR-003453,NONE,SELF
VIC-02855,FIR-003454,MINOR,POLICE_SUO_MOTU
VIC-03225,FIR-003454,NONE,FAMILY_MEMBER
VIC-01433,FIR-003455,SEVERE,SELF
VIC-00713,FIR-003455,NONE,FAMILY_MEMBER
VIC-00910,FIR-003456,NONE,THIRD_PARTY
VIC-02551,FIR-003457,NONE,SELF
VIC-03399,FIR-003457,SEVERE,SELF
VIC-00790,FIR-003458,MODERATE,SELF
VIC-01393,FIR-003459,NONE,POLICE_SUO_MOTU
VIC-02744,FIR-003460,SEVERE,SELF
VIC-00110,FIR-003461,MINOR,SELF
VIC-03221,FIR-003462,MINOR,SELF
VIC-00614,FIR-003463,SEVERE,SELF
VIC-00709,FIR-003464,NONE,POLICE_SUO_MOTU
VIC-03164,FIR-003465,NONE,SELF
VIC-02543,FIR-003466,SEVERE,THIRD_PARTY
VIC-01437,FIR-003467,NONE,SELF
VIC-03345,FIR-003468,NONE,THIRD_PARTY
VIC-02206,FIR-003468,NONE,SELF
VIC-03846,FIR-003469,NONE,SELF
VIC-03766,FIR-003470,NONE,SELF
VIC-01734,FIR-003471,MINOR,SELF
VIC-01396,FIR-003472,MINOR,SELF
VIC-02356,FIR-003473,MODERATE,SELF
VIC-00501,FIR-003473,NONE,SELF
VIC-01612,FIR-003474,NONE,SELF
VIC-02213,FIR-003475,SEVERE,SELF
VIC-02528,FIR-003476,MINOR,SELF
VIC-02794,FIR-003477,SEVERE,SELF
VIC-03592,FIR-003478,NONE,FAMILY_MEMBER
VIC-00825,FIR-003479,MODERATE,THIRD_PARTY
VIC-03212,FIR-003479,MODERATE,THIRD_PARTY
VIC-01051,FIR-003480,SEVERE,SELF
VIC-02293,FIR-003480,MINOR,FAMILY_MEMBER
VIC-03543,FIR-003481,SEVERE,THIRD_PARTY
VIC-01829,FIR-003482,NONE,SELF
VIC-00224,FIR-003482,NONE,THIRD_PARTY
VIC-01757,FIR-003483,NONE,SELF
VIC-02372,FIR-003484,MINOR,FAMILY_MEMBER
VIC-00215,FIR-003485,NONE,SELF
VIC-00449,FIR-003486,MINOR,SELF
VIC-03795,FIR-003487,MODERATE,POLICE_SUO_MOTU
VIC-00060,FIR-003488,NONE,SELF
VIC-00946,FIR-003488,NONE,SELF
VIC-02325,FIR-003489,NONE,SELF
VIC-03101,FIR-003490,NONE,POLICE_SUO_MOTU
VIC-02738,FIR-003491,SEVERE,FAMILY_MEMBER
VIC-00854,FIR-003491,SEVERE,FAMILY_MEMBER
VIC-03650,FIR-003492,MINOR,SELF
VIC-00020,FIR-003493,NONE,FAMILY_MEMBER
VIC-02360,FIR-003494,NONE,FAMILY_MEMBER
VIC-01250,FIR-003495,NONE,FAMILY_MEMBER
VIC-02442,FIR-003496,MODERATE,SELF
VIC-01669,FIR-003497,MINOR,SELF
VIC-02965,FIR-003498,NONE,THIRD_PARTY
VIC-02609,FIR-003498,MINOR,FAMILY_MEMBER
VIC-01777,FIR-003499,MODERATE,SELF
VIC-03519,FIR-003500,MINOR,FAMILY_MEMBER
VIC-03017,FIR-003501,MINOR,SELF
VIC-03845,FIR-003502,NONE,THIRD_PARTY
VIC-01824,FIR-003503,NONE,SELF
VIC-02422,FIR-003503,NONE,THIRD_PARTY
VIC-03892,FIR-003504,NONE,SELF
VIC-02609,FIR-003505,MODERATE,THIRD_PARTY
VIC-01878,FIR-003506,MINOR,THIRD_PARTY
VIC-03161,FIR-003507,NONE,SELF
VIC-03414,FIR-003507,MINOR,SELF
VIC-02209,FIR-003508,MODERATE,SELF
VIC-01481,FIR-003509,MODERATE,FAMILY_MEMBER
VIC-02476,FIR-003510,MINOR,SELF
VIC-02811,FIR-003511,MINOR,SELF
VIC-00897,FIR-003512,MINOR,FAMILY_MEMBER
VIC-03348,FIR-003513,SEVERE,SELF
VIC-00098,FIR-003513,NONE,FAMILY_MEMBER
VIC-00568,FIR-003514,MINOR,SELF
VIC-01060,FIR-003515,SEVERE,SELF
VIC-00292,FIR-003516,NONE,THIRD_PARTY
VIC-01904,FIR-003517,MINOR,SELF
VIC-02245,FIR-003518,MINOR,SELF
VIC-02809,FIR-003519,MODERATE,SELF
VIC-03771,FIR-003520,MODERATE,FAMILY_MEMBER
VIC-03819,FIR-003521,NONE,SELF
VIC-01031,FIR-003522,MINOR,SELF
VIC-02049,FIR-003523,MINOR,THIRD_PARTY
VIC-01785,FIR-003524,NONE,THIRD_PARTY
VIC-00290,FIR-003524,MINOR,SELF
VIC-02028,FIR-003525,MINOR,FAMILY_MEMBER
VIC-01918,FIR-003526,NONE,FAMILY_MEMBER
VIC-01695,FIR-003527,MINOR,FAMILY_MEMBER
VIC-02381,FIR-003528,MODERATE,SELF
VIC-01769,FIR-003529,MODERATE,SELF
VIC-00573,FIR-003530,NONE,THIRD_PARTY
VIC-01007,FIR-003531,NONE,THIRD_PARTY
VIC-00365,FIR-003532,MINOR,SELF
VIC-00991,FIR-003533,MODERATE,THIRD_PARTY
VIC-03559,FIR-003534,MINOR,FAMILY_MEMBER
VIC-02179,FIR-003535,NONE,SELF
VIC-01186,FIR-003536,NONE,FAMILY_MEMBER
VIC-02420,FIR-003537,MINOR,SELF
VIC-00865,FIR-003538,NONE,THIRD_PARTY
VIC-00819,FIR-003539,MINOR,SELF
VIC-02690,FIR-003539,NONE,SELF
VIC-02530,FIR-003540,MINOR,THIRD_PARTY
VIC-03445,FIR-003541,MINOR,THIRD_PARTY
VIC-02201,FIR-003542,MINOR,SELF
VIC-00577,FIR-003543,NONE,FAMILY_MEMBER
VIC-02458,FIR-003544,MINOR,FAMILY_MEMBER
VIC-03368,FIR-003544,SEVERE,SELF
VIC-02469,FIR-003545,NONE,SELF
VIC-00803,FIR-003546,NONE,THIRD_PARTY
VIC-01768,FIR-003547,MINOR,SELF
VIC-02417,FIR-003547,MINOR,SELF
VIC-03631,FIR-003548,SEVERE,SELF
VIC-03812,FIR-003549,MODERATE,SELF
VIC-03109,FIR-003549,NONE,FAMILY_MEMBER
VIC-03036,FIR-003550,MINOR,SELF
VIC-00630,FIR-003551,NONE,SELF
VIC-02609,FIR-003552,NONE,SELF
VIC-01442,FIR-003552,MODERATE,SELF
VIC-02962,FIR-003553,NONE,FAMILY_MEMBER
VIC-00385,FIR-003553,NONE,SELF
VIC-02465,FIR-003554,NONE,FAMILY_MEMBER
VIC-00773,FIR-003555,MODERATE,SELF
VIC-00375,FIR-003556,SEVERE,SELF
VIC-01284,FIR-003557,SEVERE,FAMILY_MEMBER
VIC-02755,FIR-003558,NONE,SELF
VIC-01219,FIR-003559,NONE,THIRD_PARTY
VIC-00060,FIR-003560,MODERATE,FAMILY_MEMBER
VIC-03858,FIR-003561,NONE,SELF
VIC-02315,FIR-003562,MINOR,SELF
VIC-01239,FIR-003563,SEVERE,SELF
VIC-01918,FIR-003564,MINOR,FAMILY_MEMBER
VIC-02878,FIR-003565,MINOR,THIRD_PARTY
VIC-01945,FIR-003566,MINOR,SELF
VIC-01806,FIR-003567,NONE,SELF
VIC-00923,FIR-003568,NONE,SELF
VIC-03841,FIR-003569,NONE,THIRD_PARTY
VIC-00434,FIR-003569,NONE,FAMILY_MEMBER
VIC-02364,FIR-003570,MODERATE,SELF
VIC-00209,FIR-003571,MODERATE,POLICE_SUO_MOTU
VIC-00403,FIR-003572,NONE,SELF
VIC-02333,FIR-003573,NONE,SELF
VIC-03035,FIR-003573,MINOR,FAMILY_MEMBER
VIC-03653,FIR-003574,NONE,SELF
VIC-02888,FIR-003574,MODERATE,FAMILY_MEMBER
VIC-02473,FIR-003575,MODERATE,SELF
VIC-02821,FIR-003575,MINOR,SELF
VIC-03111,FIR-003576,NONE,SELF
VIC-03286,FIR-003577,NONE,FAMILY_MEMBER
VIC-03852,FIR-003577,MINOR,POLICE_SUO_MOTU
VIC-01604,FIR-003578,MODERATE,FAMILY_MEMBER
VIC-00016,FIR-003579,MODERATE,THIRD_PARTY
VIC-00884,FIR-003580,NONE,SELF
VIC-03188,FIR-003581,MINOR,FAMILY_MEMBER
VIC-00641,FIR-003582,MINOR,POLICE_SUO_MOTU
VIC-01899,FIR-003583,MINOR,SELF
VIC-02941,FIR-003584,MINOR,SELF
VIC-00193,FIR-003584,MODERATE,SELF
VIC-02234,FIR-003585,NONE,SELF
VIC-03752,FIR-003585,NONE,SELF
VIC-02794,FIR-003586,MINOR,THIRD_PARTY
VIC-00576,FIR-003587,NONE,FAMILY_MEMBER
VIC-03817,FIR-003588,MINOR,SELF
VIC-00494,FIR-003589,MINOR,FAMILY_MEMBER
VIC-00114,FIR-003590,NONE,SELF
VIC-00753,FIR-003591,MODERATE,THIRD_PARTY
VIC-03116,FIR-003592,MINOR,THIRD_PARTY
VIC-03159,FIR-003593,NONE,SELF
VIC-01238,FIR-003594,MINOR,SELF
VIC-02109,FIR-003595,NONE,FAMILY_MEMBER
VIC-02047,FIR-003595,NONE,FAMILY_MEMBER
VIC-01479,FIR-003596,SEVERE,SELF
VIC-00702,FIR-003597,MODERATE,SELF
VIC-00747,FIR-003597,MINOR,SELF
VIC-00573,FIR-003598,NONE,FAMILY_MEMBER
VIC-01336,FIR-003599,NONE,SELF
VIC-02597,FIR-003600,NONE,FAMILY_MEMBER
VIC-01986,FIR-003601,NONE,SELF
VIC-01760,FIR-003602,NONE,SELF
VIC-02233,FIR-003603,NONE,FAMILY_MEMBER
VIC-00585,FIR-003604,NONE,FAMILY_MEMBER
VIC-00609,FIR-003605,NONE,POLICE_SUO_MOTU
VIC-02488,FIR-003606,MINOR,SELF
VIC-03868,FIR-003607,SEVERE,FAMILY_MEMBER
VIC-00105,FIR-003608,MINOR,SELF
VIC-02424,FIR-003608,MODERATE,SELF
VIC-02206,FIR-003609,SEVERE,FAMILY_MEMBER
VIC-01651,FIR-003610,MINOR,FAMILY_MEMBER
VIC-02072,FIR-003611,NONE,SELF
VIC-02489,FIR-003612,NONE,FAMILY_MEMBER
VIC-00020,FIR-003613,MINOR,FAMILY_MEMBER
VIC-02071,FIR-003614,NONE,FAMILY_MEMBER
VIC-02169,FIR-003615,NONE,FAMILY_MEMBER
VIC-00677,FIR-003616,MINOR,FAMILY_MEMBER
VIC-03483,FIR-003617,NONE,THIRD_PARTY
VIC-03009,FIR-003618,MODERATE,SELF
VIC-01246,FIR-003618,MODERATE,THIRD_PARTY
VIC-02482,FIR-003619,MODERATE,SELF
VIC-02794,FIR-003619,NONE,SELF
VIC-00994,FIR-003620,MODERATE,POLICE_SUO_MOTU
VIC-01396,FIR-003620,NONE,POLICE_SUO_MOTU
VIC-00357,FIR-003621,MINOR,POLICE_SUO_MOTU
VIC-02057,FIR-003622,MODERATE,SELF
VIC-02130,FIR-003622,MINOR,POLICE_SUO_MOTU
VIC-00694,FIR-003623,NONE,SELF
VIC-01044,FIR-003623,MODERATE,FAMILY_MEMBER
VIC-03608,FIR-003624,MINOR,SELF
VIC-01328,FIR-003625,MINOR,SELF
VIC-01119,FIR-003625,NONE,FAMILY_MEMBER
VIC-00964,FIR-003626,MODERATE,SELF
VIC-02373,FIR-003627,MODERATE,SELF
VIC-00554,FIR-003628,MINOR,FAMILY_MEMBER
VIC-02468,FIR-003629,SEVERE,SELF
VIC-00010,FIR-003630,NONE,FAMILY_MEMBER
VIC-03811,FIR-003630,MODERATE,SELF
VIC-01504,FIR-003631,NONE,SELF
VIC-01491,FIR-003632,NONE,SELF
VIC-01618,FIR-003633,MINOR,FAMILY_MEMBER
VIC-00020,FIR-003634,MINOR,SELF
VIC-03597,FIR-003635,NONE,FAMILY_MEMBER
VIC-03416,FIR-003636,NONE,FAMILY_MEMBER
VIC-03886,FIR-003637,NONE,FAMILY_MEMBER
VIC-01634,FIR-003638,SEVERE,FAMILY_MEMBER
VIC-02828,FIR-003639,NONE,FAMILY_MEMBER
VIC-03897,FIR-003640,MINOR,THIRD_PARTY
VIC-03620,FIR-003640,NONE,FAMILY_MEMBER
VIC-02170,FIR-003641,NONE,POLICE_SUO_MOTU
VIC-02091,FIR-003641,SEVERE,SELF
VIC-01954,FIR-003642,NONE,FAMILY_MEMBER
VIC-00240,FIR-003643,MODERATE,FAMILY_MEMBER
VIC-00577,FIR-003644,MINOR,SELF
VIC-00191,FIR-003645,MINOR,FAMILY_MEMBER
VIC-03527,FIR-003646,MODERATE,THIRD_PARTY
VIC-02327,FIR-003647,MINOR,SELF
VIC-02729,FIR-003648,MINOR,SELF
VIC-00880,FIR-003649,NONE,FAMILY_MEMBER
VIC-00569,FIR-003649,MINOR,FAMILY_MEMBER
VIC-00657,FIR-003650,NONE,FAMILY_MEMBER
VIC-00903,FIR-003651,NONE,SELF
VIC-00679,FIR-003652,MINOR,THIRD_PARTY
VIC-02024,FIR-003653,MINOR,SELF
VIC-00446,FIR-003654,MODERATE,POLICE_SUO_MOTU
VIC-02166,FIR-003654,MINOR,SELF
VIC-00393,FIR-003655,NONE,SELF
VIC-01771,FIR-003656,MINOR,FAMILY_MEMBER
VIC-00168,FIR-003656,MINOR,SELF
VIC-03862,FIR-003657,NONE,FAMILY_MEMBER
VIC-00049,FIR-003658,NONE,SELF
VIC-00305,FIR-003659,NONE,SELF
VIC-00011,FIR-003660,MINOR,SELF
VIC-03806,FIR-003661,MINOR,SELF
VIC-01787,FIR-003662,MINOR,SELF
VIC-02291,FIR-003662,MINOR,SELF
VIC-01117,FIR-003663,MINOR,THIRD_PARTY
VIC-01319,FIR-003664,NONE,THIRD_PARTY
VIC-01810,FIR-003665,NONE,FAMILY_MEMBER
VIC-02970,FIR-003666,NONE,SELF
VIC-03111,FIR-003666,SEVERE,SELF
VIC-00646,FIR-003667,NONE,SELF
VIC-03481,FIR-003668,NONE,SELF
VIC-01491,FIR-003669,NONE,SELF
VIC-00264,FIR-003669,NONE,SELF
VIC-03896,FIR-003670,MINOR,SELF
VIC-01927,FIR-003671,NONE,SELF
VIC-01785,FIR-003672,SEVERE,FAMILY_MEMBER
VIC-02584,FIR-003672,MINOR,SELF
VIC-03398,FIR-003673,NONE,FAMILY_MEMBER
VIC-01262,FIR-003673,MINOR,SELF
VIC-02694,FIR-003674,MINOR,FAMILY_MEMBER
VIC-03085,FIR-003675,SEVERE,SELF
VIC-02862,FIR-003675,MINOR,FAMILY_MEMBER
VIC-03696,FIR-003676,NONE,THIRD_PARTY
VIC-03023,FIR-003677,NONE,SELF
VIC-01843,FIR-003678,MINOR,SELF
VIC-03882,FIR-003679,MINOR,FAMILY_MEMBER
VIC-00625,FIR-003679,MINOR,FAMILY_MEMBER
VIC-00943,FIR-003680,NONE,SELF
VIC-03404,FIR-003681,NONE,SELF
VIC-02409,FIR-003682,MINOR,SELF
VIC-01943,FIR-003683,MODERATE,SELF
VIC-01879,FIR-003684,SEVERE,FAMILY_MEMBER
VIC-02575,FIR-003685,MODERATE,FAMILY_MEMBER
VIC-02569,FIR-003685,NONE,FAMILY_MEMBER
VIC-02509,FIR-003686,NONE,SELF
VIC-02484,FIR-003687,MODERATE,SELF
VIC-01092,FIR-003688,NONE,SELF
VIC-02961,FIR-003689,MODERATE,FAMILY_MEMBER
VIC-02470,FIR-003690,NONE,FAMILY_MEMBER
VIC-00681,FIR-003691,MODERATE,SELF
VIC-03550,FIR-003692,NONE,SELF
VIC-03217,FIR-003693,MINOR,SELF
VIC-01007,FIR-003694,NONE,SELF
VIC-00377,FIR-003695,NONE,FAMILY_MEMBER
VIC-01407,FIR-003696,NONE,THIRD_PARTY
VIC-03559,FIR-003697,MINOR,SELF
VIC-01882,FIR-003698,NONE,SELF
VIC-03274,FIR-003698,MODERATE,FAMILY_MEMBER
VIC-00834,FIR-003699,NONE,SELF
VIC-00318,FIR-003699,NONE,SELF
VIC-02326,FIR-003700,NONE,FAMILY_MEMBER
VIC-03330,FIR-003700,NONE,FAMILY_MEMBER
VIC-02562,FIR-003701,MODERATE,SELF
VIC-00306,FIR-003702,NONE,SELF
VIC-03082,FIR-003703,MINOR,FAMILY_MEMBER
VIC-02706,FIR-003703,NONE,SELF
VIC-01812,FIR-003704,NONE,SELF
VIC-03717,FIR-003705,MINOR,SELF
VIC-02335,FIR-003706,MODERATE,SELF
VIC-01295,FIR-003707,MODERATE,SELF
VIC-02667,FIR-003707,NONE,SELF
VIC-02330,FIR-003708,NONE,FAMILY_MEMBER
VIC-01392,FIR-003708,SEVERE,THIRD_PARTY
VIC-03032,FIR-003709,NONE,SELF
VIC-01029,FIR-003710,MINOR,SELF
VIC-02192,FIR-003711,MINOR,THIRD_PARTY
VIC-00689,FIR-003711,NONE,FAMILY_MEMBER
VIC-03773,FIR-003712,NONE,SELF
VIC-03017,FIR-003712,MODERATE,SELF
VIC-03543,FIR-003713,MINOR,SELF
VIC-02487,FIR-003714,NONE,THIRD_PARTY
VIC-02126,FIR-003715,SEVERE,FAMILY_MEMBER
VIC-00152,FIR-003715,NONE,SELF
VIC-01794,FIR-003716,NONE,FAMILY_MEMBER
VIC-01305,FIR-003717,NONE,FAMILY_MEMBER
VIC-00007,FIR-003718,SEVERE,FAMILY_MEMBER
VIC-03680,FIR-003719,MODERATE,SELF
VIC-02095,FIR-003720,SEVERE,FAMILY_MEMBER
VIC-00708,FIR-003720,NONE,SELF
